email_id,sender_person_id,receiver_person_id,timestamp,subject,direction
EMAIL_00001,SYN_P_0176,SYN_P_0314,2026-09-07 03:00:00,Document,outbound
EMAIL_00002,SYN_P_0170,SYN_P_0555,2026-08-24 08:00:00,Meeting,inbound
EMAIL_00003,SYN_P_0183,SYN_P_0483,2024-01-31 06:00:00,Meeting,inbound
EMAIL_00004,SYN_P_0910,SYN_P_0463,2024-05-27 00:00:00,Meeting,inbound
EMAIL_00005,SYN_P_0713,SYN_P_0050,2024-03-17 07:00:00,Account,inbound
EMAIL_00006,SYN_P_0603,SYN_P_0085,2025-07-24 06:00:00,Document,outbound
EMAIL_00007,SYN_P_0222,SYN_P_0264,2024-07-27 12:00:00,Delivery,inbound
EMAIL_00008,SYN_P_0683,SYN_P_0198,2024-06-16 15:00:00,Request,inbound
EMAIL_00009,SYN_P_0350,SYN_P_0849,2024-10-19 23:00:00,Invoice,inbound
EMAIL_00010,SYN_P_0353,SYN_P_0907,2024-07-08 00:00:00,Invoice,inbound
EMAIL_00011,SYN_P_0751,SYN_P_0720,2024-06-13 07:00:00,Document,inbound
EMAIL_00012,SYN_P_1015,SYN_P_0430,2025-11-21 06:00:00,Account,outbound
EMAIL_00013,SYN_P_0870,SYN_P_0294,2026-08-21 21:00:00,Invoice,outbound
EMAIL_00014,SYN_P_0881,SYN_P_0193,2024-09-29 02:00:00,Request,inbound
EMAIL_00015,SYN_P_0976,SYN_P_0299,2025-03-18 07:00:00,Meeting,outbound
EMAIL_00016,SYN_P_0229,SYN_P_0910,2026-11-05 04:00:00,Document,outbound
EMAIL_00017,SYN_P_0587,SYN_P_0761,2024-03-18 17:00:00,Document,outbound
EMAIL_00018,SYN_P_1019,SYN_P_0599,2024-03-15 01:00:00,Meeting,inbound
EMAIL_00019,SYN_P_0980,SYN_P_0775,2024-10-25 17:00:00,Meeting,inbound
EMAIL_00020,SYN_P_0932,SYN_P_0720,2026-08-19 01:00:00,Request,inbound
EMAIL_00021,SYN_P_0426,SYN_P_0425,2024-10-29 12:00:00,Invoice,inbound
EMAIL_00022,SYN_P_0839,SYN_P_0751,2024-02-04 15:00:00,Meeting,outbound
EMAIL_00023,SYN_P_0037,SYN_P_0650,2024-07-30 01:00:00,Account,outbound
EMAIL_00024,SYN_P_0019,SYN_P_0090,2026-01-09 14:00:00,Account,inbound
EMAIL_00025,SYN_P_0828,SYN_P_0633,2024-11-18 23:00:00,Account,inbound
EMAIL_00026,SYN_P_0380,SYN_P_0642,2026-02-14 18:00:00,Delivery,outbound
EMAIL_00027,SYN_P_0219,SYN_P_0159,2024-01-21 18:00:00,Account,outbound
EMAIL_00028,SYN_P_0233,SYN_P_0086,2026-07-16 05:00:00,Delivery,outbound
EMAIL_00029,SYN_P_0097,SYN_P_0964,2025-11-26 15:00:00,Meeting,outbound
EMAIL_00030,SYN_P_0223,SYN_P_0832,2024-08-26 17:00:00,Request,inbound
EMAIL_00031,SYN_P_0934,SYN_P_0983,2025-01-10 21:00:00,Delivery,outbound
EMAIL_00032,SYN_P_0039,SYN_P_0948,2025-04-26 14:00:00,Document,inbound
EMAIL_00033,SYN_P_0636,SYN_P_1029,2025-04-11 13:00:00,Request,outbound
EMAIL_00034,SYN_P_0447,SYN_P_0246,2024-11-22 14:00:00,Request,inbound
EMAIL_00035,SYN_P_0037,SYN_P_0531,2026-05-17 21:00:00,Meeting,inbound
EMAIL_00036,SYN_P_0256,SYN_P_0669,2026-01-03 19:00:00,Account,outbound
EMAIL_00037,SYN_P_0909,SYN_P_0905,2024-06-27 20:00:00,Document,outbound
EMAIL_00038,SYN_P_0439,SYN_P_0667,2025-11-22 10:00:00,Request,outbound
EMAIL_00039,SYN_P_0593,SYN_P_0094,2026-04-25 09:00:00,Meeting,inbound
EMAIL_00040,SYN_P_0708,SYN_P_0161,2024-04-12 09:00:00,Document,outbound
EMAIL_00041,SYN_P_0052,SYN_P_0636,2025-05-07 03:00:00,Meeting,outbound
EMAIL_00042,SYN_P_0703,SYN_P_0951,2026-05-25 05:00:00,Invoice,outbound
EMAIL_00043,SYN_P_0478,SYN_P_0036,2024-03-13 07:00:00,Delivery,inbound
EMAIL_00044,SYN_P_0525,SYN_P_0689,2025-08-13 13:00:00,Account,inbound
EMAIL_00045,SYN_P_0724,SYN_P_0600,2025-06-24 01:00:00,Delivery,outbound
EMAIL_00046,SYN_P_0444,SYN_P_0047,2024-11-29 17:00:00,Account,outbound
EMAIL_00047,SYN_P_0897,SYN_P_0846,2025-06-01 14:00:00,Meeting,inbound
EMAIL_00048,SYN_P_0703,SYN_P_0628,2024-11-29 11:00:00,Meeting,outbound
EMAIL_00049,SYN_P_0852,SYN_P_0589,2025-09-06 02:00:00,Request,outbound
EMAIL_00050,SYN_P_0598,SYN_P_0023,2025-03-07 10:00:00,Request,inbound
EMAIL_00051,SYN_P_0948,SYN_P_0426,2025-09-14 19:00:00,Delivery,inbound
EMAIL_00052,SYN_P_0238,SYN_P_0359,2024-02-14 10:00:00,Document,outbound
EMAIL_00053,SYN_P_0183,SYN_P_0008,2026-03-07 07:00:00,Invoice,inbound
EMAIL_00054,SYN_P_0147,SYN_P_0831,2026-09-02 05:00:00,Document,inbound
EMAIL_00055,SYN_P_0660,SYN_P_0908,2024-12-26 06:00:00,Document,outbound
EMAIL_00056,SYN_P_0306,SYN_P_0269,2024-02-27 01:00:00,Invoice,inbound
EMAIL_00057,SYN_P_0529,SYN_P_0200,2025-06-05 09:00:00,Request,inbound
EMAIL_00058,SYN_P_0554,SYN_P_0766,2025-09-24 03:00:00,Delivery,inbound
EMAIL_00059,SYN_P_0864,SYN_P_0969,2024-08-08 12:00:00,Request,outbound
EMAIL_00060,SYN_P_0659,SYN_P_0743,2025-01-17 09:00:00,Request,inbound
EMAIL_00061,SYN_P_0275,SYN_P_0362,2025-02-04 17:00:00,Document,inbound
EMAIL_00062,SYN_P_0989,SYN_P_0464,2026-09-18 03:00:00,Account,inbound
EMAIL_00063,SYN_P_0835,SYN_P_0934,2026-03-26 08:00:00,Request,inbound
EMAIL_00064,SYN_P_1016,SYN_P_0680,2024-02-02 09:00:00,Request,outbound
EMAIL_00065,SYN_P_0548,SYN_P_0774,2024-09-12 11:00:00,Invoice,inbound
EMAIL_00066,SYN_P_0684,SYN_P_0966,2024-02-14 13:00:00,Invoice,outbound
EMAIL_00067,SYN_P_0199,SYN_P_0132,2026-01-18 15:00:00,Document,outbound
EMAIL_00068,SYN_P_0373,SYN_P_0972,2024-08-21 16:00:00,Meeting,outbound
EMAIL_00069,SYN_P_0144,SYN_P_0967,2025-04-01 09:00:00,Delivery,outbound
EMAIL_00070,SYN_P_0464,SYN_P_0579,2026-01-27 05:00:00,Meeting,inbound
EMAIL_00071,SYN_P_0823,SYN_P_0907,2026-06-20 14:00:00,Account,inbound
EMAIL_00072,SYN_P_0188,SYN_P_0978,2024-01-11 23:00:00,Account,outbound
EMAIL_00073,SYN_P_0876,SYN_P_0443,2026-03-20 22:00:00,Account,inbound
EMAIL_00074,SYN_P_0571,SYN_P_0018,2025-10-29 16:00:00,Request,outbound
EMAIL_00075,SYN_P_0496,SYN_P_0803,2025-06-28 08:00:00,Account,outbound
EMAIL_00076,SYN_P_0486,SYN_P_0637,2024-02-26 05:00:00,Request,inbound
EMAIL_00077,SYN_P_0091,SYN_P_0295,2025-07-21 21:00:00,Delivery,outbound
EMAIL_00078,SYN_P_0907,SYN_P_0384,2024-10-26 01:00:00,Request,inbound
EMAIL_00079,SYN_P_0876,SYN_P_0837,2024-04-07 14:00:00,Delivery,outbound
EMAIL_00080,SYN_P_0060,SYN_P_0847,2026-09-14 12:00:00,Delivery,outbound
EMAIL_00081,SYN_P_0400,SYN_P_0328,2024-06-09 21:00:00,Request,outbound
EMAIL_00082,SYN_P_0226,SYN_P_0238,2025-07-02 20:00:00,Account,outbound
EMAIL_00083,SYN_P_0889,SYN_P_0636,2026-07-14 01:00:00,Request,inbound
EMAIL_00084,SYN_P_0022,SYN_P_0496,2026-10-21 16:00:00,Request,outbound
EMAIL_00085,SYN_P_0310,SYN_P_0309,2024-09-21 20:00:00,Delivery,inbound
EMAIL_00086,SYN_P_0344,SYN_P_0923,2026-02-18 20:00:00,Invoice,outbound
EMAIL_00087,SYN_P_0518,SYN_P_0997,2024-02-26 07:00:00,Request,outbound
EMAIL_00088,SYN_P_0578,SYN_P_0375,2026-04-14 08:00:00,Request,inbound
EMAIL_00089,SYN_P_0095,SYN_P_0374,2024-02-16 22:00:00,Meeting,inbound
EMAIL_00090,SYN_P_0512,SYN_P_0595,2024-09-06 14:00:00,Meeting,outbound
EMAIL_00091,SYN_P_0090,SYN_P_0660,2026-10-17 04:00:00,Account,outbound
EMAIL_00092,SYN_P_0253,SYN_P_0254,2024-03-20 23:00:00,Meeting,outbound
EMAIL_00093,SYN_P_0135,SYN_P_0078,2024-11-16 18:00:00,Document,outbound
EMAIL_00094,SYN_P_1026,SYN_P_0794,2026-04-03 22:00:00,Invoice,outbound
EMAIL_00095,SYN_P_0865,SYN_P_0582,2026-03-09 13:00:00,Invoice,outbound
EMAIL_00096,SYN_P_0395,SYN_P_0780,2025-02-19 15:00:00,Invoice,outbound
EMAIL_00097,SYN_P_0332,SYN_P_0124,2025-11-22 11:00:00,Meeting,inbound
EMAIL_00098,SYN_P_0993,SYN_P_0180,2024-03-01 14:00:00,Invoice,outbound
EMAIL_00099,SYN_P_0860,SYN_P_0358,2026-09-16 13:00:00,Meeting,outbound
EMAIL_00100,SYN_P_0260,SYN_P_0815,2025-11-04 15:00:00,Document,inbound
EMAIL_00101,SYN_P_0487,SYN_P_0828,2024-07-07 08:00:00,Delivery,inbound
EMAIL_00102,SYN_P_1027,SYN_P_0548,2025-11-24 14:00:00,Delivery,inbound
EMAIL_00103,SYN_P_0253,SYN_P_0326,2026-02-02 12:00:00,Account,inbound
EMAIL_00104,SYN_P_0183,SYN_P_0965,2025-06-22 15:00:00,Invoice,inbound
EMAIL_00105,SYN_P_0884,SYN_P_0390,2025-03-08 21:00:00,Delivery,inbound
EMAIL_00106,SYN_P_0355,SYN_P_0052,2024-05-17 11:00:00,Invoice,inbound
EMAIL_00107,SYN_P_0420,SYN_P_0258,2024-05-04 03:00:00,Delivery,inbound
EMAIL_00108,SYN_P_0256,SYN_P_0178,2026-03-07 06:00:00,Invoice,outbound
EMAIL_00109,SYN_P_0239,SYN_P_0445,2025-02-06 01:00:00,Meeting,outbound
EMAIL_00110,SYN_P_0242,SYN_P_0670,2024-10-17 10:00:00,Invoice,inbound
EMAIL_00111,SYN_P_0208,SYN_P_0005,2025-12-24 21:00:00,Delivery,outbound
EMAIL_00112,SYN_P_0326,SYN_P_0501,2026-10-11 01:00:00,Document,outbound
EMAIL_00113,SYN_P_0321,SYN_P_0106,2024-04-17 18:00:00,Delivery,inbound
EMAIL_00114,SYN_P_0467,SYN_P_0720,2025-01-31 12:00:00,Delivery,inbound
EMAIL_00115,SYN_P_0291,SYN_P_0768,2026-04-21 05:00:00,Account,inbound
EMAIL_00116,SYN_P_0035,SYN_P_0248,2026-08-02 16:00:00,Delivery,outbound
EMAIL_00117,SYN_P_1007,SYN_P_0256,2025-02-08 08:00:00,Document,outbound
EMAIL_00118,SYN_P_0736,SYN_P_0816,2024-07-23 03:00:00,Request,outbound
EMAIL_00119,SYN_P_0709,SYN_P_0137,2025-05-10 03:00:00,Delivery,outbound
EMAIL_00120,SYN_P_0493,SYN_P_0701,2025-08-14 17:00:00,Meeting,outbound
EMAIL_00121,SYN_P_0247,SYN_P_0582,2026-05-10 17:00:00,Document,inbound
EMAIL_00122,SYN_P_0209,SYN_P_0827,2024-12-24 13:00:00,Request,inbound
EMAIL_00123,SYN_P_0852,SYN_P_0931,2024-12-29 06:00:00,Account,inbound
EMAIL_00124,SYN_P_0931,SYN_P_0104,2025-07-06 12:00:00,Meeting,inbound
EMAIL_00125,SYN_P_0148,SYN_P_0597,2025-05-09 07:00:00,Request,outbound
EMAIL_00126,SYN_P_0057,SYN_P_0155,2025-11-26 00:00:00,Delivery,outbound
EMAIL_00127,SYN_P_0527,SYN_P_0307,2024-03-30 17:00:00,Invoice,outbound
EMAIL_00128,SYN_P_1010,SYN_P_0071,2024-07-01 03:00:00,Request,outbound
EMAIL_00129,SYN_P_0853,SYN_P_0252,2026-09-21 10:00:00,Request,inbound
EMAIL_00130,SYN_P_0796,SYN_P_0407,2024-11-03 12:00:00,Document,inbound
EMAIL_00131,SYN_P_0546,SYN_P_0670,2026-05-12 12:00:00,Delivery,inbound
EMAIL_00132,SYN_P_0037,SYN_P_0276,2025-01-29 22:00:00,Meeting,outbound
EMAIL_00133,SYN_P_0631,SYN_P_0165,2026-01-19 09:00:00,Account,inbound
EMAIL_00134,SYN_P_0681,SYN_P_0177,2026-06-24 06:00:00,Account,outbound
EMAIL_00135,SYN_P_0767,SYN_P_0136,2024-02-09 20:00:00,Delivery,outbound
EMAIL_00136,SYN_P_0325,SYN_P_0303,2025-09-30 11:00:00,Account,inbound
EMAIL_00137,SYN_P_0195,SYN_P_0621,2025-01-20 19:00:00,Invoice,outbound
EMAIL_00138,SYN_P_0337,SYN_P_0239,2024-05-19 23:00:00,Document,outbound
EMAIL_00139,SYN_P_0222,SYN_P_0243,2024-06-13 04:00:00,Request,outbound
EMAIL_00140,SYN_P_0236,SYN_P_0742,2024-07-22 01:00:00,Invoice,outbound
EMAIL_00141,SYN_P_0029,SYN_P_0234,2026-10-02 06:00:00,Request,inbound
EMAIL_00142,SYN_P_0710,SYN_P_0868,2026-08-28 09:00:00,Request,inbound
EMAIL_00143,SYN_P_0538,SYN_P_0777,2026-09-27 13:00:00,Request,outbound
EMAIL_00144,SYN_P_0628,SYN_P_0566,2025-10-06 21:00:00,Request,inbound
EMAIL_00145,SYN_P_0249,SYN_P_0371,2025-10-16 23:00:00,Account,inbound
EMAIL_00146,SYN_P_0957,SYN_P_0372,2025-10-13 08:00:00,Invoice,outbound
EMAIL_00147,SYN_P_0872,SYN_P_0921,2025-12-04 03:00:00,Request,inbound
EMAIL_00148,SYN_P_0407,SYN_P_0909,2025-07-19 02:00:00,Request,outbound
EMAIL_00149,SYN_P_0819,SYN_P_0153,2025-06-15 02:00:00,Request,inbound
EMAIL_00150,SYN_P_0826,SYN_P_0319,2024-09-07 13:00:00,Invoice,inbound
EMAIL_00151,SYN_P_0838,SYN_P_0424,2026-09-10 02:00:00,Account,inbound
EMAIL_00152,SYN_P_0533,SYN_P_0654,2025-02-07 19:00:00,Document,outbound
EMAIL_00153,SYN_P_0056,SYN_P_0973,2024-08-30 11:00:00,Meeting,inbound
EMAIL_00154,SYN_P_0648,SYN_P_1028,2025-09-10 07:00:00,Request,inbound
EMAIL_00155,SYN_P_0819,SYN_P_0957,2025-12-29 12:00:00,Account,outbound
EMAIL_00156,SYN_P_0497,SYN_P_0536,2024-02-12 17:00:00,Request,outbound
EMAIL_00157,SYN_P_0299,SYN_P_0624,2024-05-12 07:00:00,Invoice,outbound
EMAIL_00158,SYN_P_0281,SYN_P_0172,2024-04-16 14:00:00,Meeting,inbound
EMAIL_00159,SYN_P_0077,SYN_P_0120,2025-04-05 16:00:00,Document,inbound
EMAIL_00160,SYN_P_1039,SYN_P_0481,2026-09-06 16:00:00,Document,inbound
EMAIL_00161,SYN_P_0078,SYN_P_0314,2025-08-25 10:00:00,Delivery,outbound
EMAIL_00162,SYN_P_0614,SYN_P_0026,2026-01-08 22:00:00,Account,outbound
EMAIL_00163,SYN_P_0120,SYN_P_0634,2025-10-31 17:00:00,Account,inbound
EMAIL_00164,SYN_P_0038,SYN_P_0367,2025-04-24 05:00:00,Invoice,inbound
EMAIL_00165,SYN_P_0832,SYN_P_0094,2026-03-30 17:00:00,Account,inbound
EMAIL_00166,SYN_P_0826,SYN_P_1023,2026-01-10 04:00:00,Document,outbound
EMAIL_00167,SYN_P_0817,SYN_P_1039,2024-03-24 04:00:00,Meeting,inbound
EMAIL_00168,SYN_P_0569,SYN_P_0208,2025-08-29 14:00:00,Delivery,inbound
EMAIL_00169,SYN_P_0747,SYN_P_0436,2026-02-10 13:00:00,Meeting,inbound
EMAIL_00170,SYN_P_0749,SYN_P_1025,2026-02-27 01:00:00,Invoice,inbound
EMAIL_00171,SYN_P_0471,SYN_P_0445,2025-09-29 01:00:00,Delivery,outbound
EMAIL_00172,SYN_P_0754,SYN_P_0914,2024-07-25 03:00:00,Request,outbound
EMAIL_00173,SYN_P_0360,SYN_P_0290,2025-07-12 22:00:00,Delivery,inbound
EMAIL_00174,SYN_P_0908,SYN_P_0631,2025-12-21 09:00:00,Account,inbound
EMAIL_00175,SYN_P_0391,SYN_P_0301,2026-10-20 08:00:00,Request,inbound
EMAIL_00176,SYN_P_0302,SYN_P_0567,2025-10-30 06:00:00,Delivery,outbound
EMAIL_00177,SYN_P_0320,SYN_P_0945,2026-02-26 04:00:00,Account,outbound
EMAIL_00178,SYN_P_0138,SYN_P_0004,2024-05-31 15:00:00,Meeting,outbound
EMAIL_00179,SYN_P_0589,SYN_P_0436,2025-05-16 04:00:00,Delivery,outbound
EMAIL_00180,SYN_P_0525,SYN_P_0718,2025-04-16 22:00:00,Request,outbound
EMAIL_00181,SYN_P_0828,SYN_P_0618,2025-07-23 02:00:00,Request,inbound
EMAIL_00182,SYN_P_0864,SYN_P_0509,2024-10-31 07:00:00,Request,inbound
EMAIL_00183,SYN_P_0227,SYN_P_0406,2024-05-19 23:00:00,Invoice,inbound
EMAIL_00184,SYN_P_0194,SYN_P_0511,2025-04-08 17:00:00,Request,outbound
EMAIL_00185,SYN_P_0883,SYN_P_0841,2025-04-18 16:00:00,Request,outbound
EMAIL_00186,SYN_P_1033,SYN_P_0604,2025-09-15 07:00:00,Invoice,inbound
EMAIL_00187,SYN_P_0150,SYN_P_0097,2025-12-06 05:00:00,Delivery,inbound
EMAIL_00188,SYN_P_0736,SYN_P_0531,2024-03-22 03:00:00,Document,inbound
EMAIL_00189,SYN_P_0558,SYN_P_0386,2025-02-03 01:00:00,Request,inbound
EMAIL_00190,SYN_P_0943,SYN_P_0143,2026-02-01 01:00:00,Meeting,inbound
EMAIL_00191,SYN_P_0511,SYN_P_0518,2024-03-30 07:00:00,Account,outbound
EMAIL_00192,SYN_P_0914,SYN_P_0777,2024-09-08 20:00:00,Meeting,inbound
EMAIL_00193,SYN_P_1020,SYN_P_0145,2024-05-27 22:00:00,Document,inbound
EMAIL_00194,SYN_P_0853,SYN_P_0178,2025-11-19 16:00:00,Document,outbound
EMAIL_00195,SYN_P_0189,SYN_P_0902,2026-05-21 22:00:00,Delivery,outbound
EMAIL_00196,SYN_P_0050,SYN_P_0629,2024-09-26 19:00:00,Meeting,outbound
EMAIL_00197,SYN_P_0837,SYN_P_0056,2025-11-19 14:00:00,Account,outbound
EMAIL_00198,SYN_P_0313,SYN_P_0854,2026-06-15 16:00:00,Account,inbound
EMAIL_00199,SYN_P_0017,SYN_P_0050,2024-06-14 14:00:00,Document,outbound
EMAIL_00200,SYN_P_0168,SYN_P_0796,2026-06-06 13:00:00,Meeting,inbound
EMAIL_00201,SYN_P_0070,SYN_P_0045,2025-05-14 03:00:00,Meeting,inbound
EMAIL_00202,SYN_P_0402,SYN_P_0405,2025-05-06 02:00:00,Invoice,outbound
EMAIL_00203,SYN_P_0425,SYN_P_1028,2024-08-20 14:00:00,Invoice,inbound
EMAIL_00204,SYN_P_0866,SYN_P_0348,2026-07-04 10:00:00,Delivery,outbound
EMAIL_00205,SYN_P_0124,SYN_P_0244,2024-11-09 19:00:00,Meeting,outbound
EMAIL_00206,SYN_P_0727,SYN_P_0663,2025-10-08 00:00:00,Document,outbound
EMAIL_00207,SYN_P_0265,SYN_P_0969,2026-03-31 14:00:00,Invoice,inbound
EMAIL_00208,SYN_P_0111,SYN_P_0928,2024-05-10 04:00:00,Delivery,inbound
EMAIL_00209,SYN_P_0277,SYN_P_0364,2024-10-11 21:00:00,Meeting,inbound
EMAIL_00210,SYN_P_0085,SYN_P_0426,2026-03-20 07:00:00,Invoice,inbound
EMAIL_00211,SYN_P_0124,SYN_P_0005,2026-07-21 15:00:00,Account,outbound
EMAIL_00212,SYN_P_0024,SYN_P_0242,2025-04-28 22:00:00,Request,inbound
EMAIL_00213,SYN_P_0657,SYN_P_0204,2026-03-03 13:00:00,Request,inbound
EMAIL_00214,SYN_P_0968,SYN_P_0120,2026-09-02 19:00:00,Meeting,inbound
EMAIL_00215,SYN_P_0328,SYN_P_0251,2026-06-04 12:00:00,Document,inbound
EMAIL_00216,SYN_P_0017,SYN_P_0286,2026-04-12 23:00:00,Delivery,inbound
EMAIL_00217,SYN_P_0862,SYN_P_0028,2025-06-16 14:00:00,Delivery,outbound
EMAIL_00218,SYN_P_0493,SYN_P_0449,2025-09-02 20:00:00,Document,inbound
EMAIL_00219,SYN_P_0686,SYN_P_0329,2024-03-27 15:00:00,Delivery,inbound
EMAIL_00220,SYN_P_0116,SYN_P_0349,2025-08-23 23:00:00,Account,outbound
EMAIL_00221,SYN_P_0385,SYN_P_0800,2026-04-15 01:00:00,Document,inbound
EMAIL_00222,SYN_P_0136,SYN_P_1036,2025-01-06 04:00:00,Request,inbound
EMAIL_00223,SYN_P_0149,SYN_P_0434,2025-01-06 01:00:00,Invoice,outbound
EMAIL_00224,SYN_P_0065,SYN_P_0893,2024-10-21 08:00:00,Meeting,inbound
EMAIL_00225,SYN_P_1031,SYN_P_0410,2026-05-21 04:00:00,Request,outbound
EMAIL_00226,SYN_P_0783,SYN_P_0478,2024-01-12 01:00:00,Delivery,inbound
EMAIL_00227,SYN_P_0770,SYN_P_0136,2025-05-21 02:00:00,Delivery,inbound
EMAIL_00228,SYN_P_0442,SYN_P_1020,2026-09-19 12:00:00,Invoice,outbound
EMAIL_00229,SYN_P_0942,SYN_P_1023,2024-02-24 21:00:00,Meeting,inbound
EMAIL_00230,SYN_P_0512,SYN_P_1025,2024-05-09 04:00:00,Delivery,outbound
EMAIL_00231,SYN_P_0937,SYN_P_0872,2024-05-22 17:00:00,Request,inbound
EMAIL_00232,SYN_P_0975,SYN_P_0600,2025-05-30 16:00:00,Invoice,outbound
EMAIL_00233,SYN_P_0897,SYN_P_0682,2024-01-10 17:00:00,Delivery,outbound
EMAIL_00234,SYN_P_0413,SYN_P_0864,2024-03-18 12:00:00,Request,outbound
EMAIL_00235,SYN_P_0794,SYN_P_0235,2024-08-21 12:00:00,Meeting,outbound
EMAIL_00236,SYN_P_0158,SYN_P_0999,2025-07-31 05:00:00,Delivery,outbound
EMAIL_00237,SYN_P_0254,SYN_P_0362,2025-12-22 23:00:00,Document,outbound
EMAIL_00238,SYN_P_0941,SYN_P_0936,2024-08-07 19:00:00,Invoice,outbound
EMAIL_00239,SYN_P_0174,SYN_P_0296,2024-06-23 00:00:00,Account,inbound
EMAIL_00240,SYN_P_0561,SYN_P_0310,2025-04-13 01:00:00,Invoice,outbound
EMAIL_00241,SYN_P_0633,SYN_P_0302,2025-08-05 02:00:00,Account,outbound
EMAIL_00242,SYN_P_0041,SYN_P_0519,2024-05-31 11:00:00,Meeting,outbound
EMAIL_00243,SYN_P_0363,SYN_P_0278,2026-08-06 06:00:00,Delivery,inbound
EMAIL_00244,SYN_P_0196,SYN_P_0961,2025-01-27 03:00:00,Document,inbound
EMAIL_00245,SYN_P_0879,SYN_P_0975,2024-05-04 23:00:00,Account,outbound
EMAIL_00246,SYN_P_0421,SYN_P_0679,2025-08-06 04:00:00,Request,inbound
EMAIL_00247,SYN_P_0831,SYN_P_0175,2026-09-15 16:00:00,Delivery,inbound
EMAIL_00248,SYN_P_0816,SYN_P_0265,2024-08-13 06:00:00,Request,inbound
EMAIL_00249,SYN_P_0249,SYN_P_0629,2024-05-09 07:00:00,Meeting,outbound
EMAIL_00250,SYN_P_0945,SYN_P_0745,2025-06-03 23:00:00,Delivery,inbound
EMAIL_00251,SYN_P_0207,SYN_P_0164,2026-04-27 08:00:00,Request,inbound
EMAIL_00252,SYN_P_0938,SYN_P_0097,2024-04-21 16:00:00,Meeting,outbound
EMAIL_00253,SYN_P_0716,SYN_P_0114,2025-06-30 22:00:00,Account,inbound
EMAIL_00254,SYN_P_0565,SYN_P_0381,2024-09-20 13:00:00,Delivery,outbound
EMAIL_00255,SYN_P_0413,SYN_P_0741,2025-07-07 07:00:00,Account,inbound
EMAIL_00256,SYN_P_0994,SYN_P_0147,2025-02-17 08:00:00,Meeting,inbound
EMAIL_00257,SYN_P_0998,SYN_P_0453,2024-03-05 09:00:00,Account,outbound
EMAIL_00258,SYN_P_0654,SYN_P_0973,2025-01-05 09:00:00,Meeting,inbound
EMAIL_00259,SYN_P_0797,SYN_P_0408,2024-12-21 00:00:00,Delivery,inbound
EMAIL_00260,SYN_P_0413,SYN_P_0793,2026-09-24 11:00:00,Invoice,outbound
EMAIL_00261,SYN_P_0645,SYN_P_0168,2024-09-21 20:00:00,Request,outbound
EMAIL_00262,SYN_P_0060,SYN_P_0210,2025-04-02 07:00:00,Document,inbound
EMAIL_00263,SYN_P_0229,SYN_P_0786,2024-11-18 12:00:00,Delivery,outbound
EMAIL_00264,SYN_P_0686,SYN_P_0705,2025-03-26 23:00:00,Invoice,outbound
EMAIL_00265,SYN_P_0410,SYN_P_0592,2024-08-14 02:00:00,Meeting,inbound
EMAIL_00266,SYN_P_0561,SYN_P_0335,2026-01-07 19:00:00,Request,outbound
EMAIL_00267,SYN_P_0242,SYN_P_0864,2025-03-30 11:00:00,Invoice,inbound
EMAIL_00268,SYN_P_0045,SYN_P_0702,2024-01-08 14:00:00,Account,inbound
EMAIL_00269,SYN_P_0181,SYN_P_0741,2024-01-06 09:00:00,Account,outbound
EMAIL_00270,SYN_P_0461,SYN_P_0693,2025-02-02 08:00:00,Meeting,inbound
EMAIL_00271,SYN_P_0671,SYN_P_1030,2024-07-10 17:00:00,Request,outbound
EMAIL_00272,SYN_P_0040,SYN_P_0591,2026-08-04 12:00:00,Meeting,outbound
EMAIL_00273,SYN_P_1020,SYN_P_0164,2024-01-17 11:00:00,Meeting,outbound
EMAIL_00274,SYN_P_0556,SYN_P_0315,2024-06-18 16:00:00,Invoice,inbound
EMAIL_00275,SYN_P_0711,SYN_P_0453,2026-05-01 17:00:00,Invoice,outbound
EMAIL_00276,SYN_P_0160,SYN_P_0665,2026-03-30 15:00:00,Delivery,inbound
EMAIL_00277,SYN_P_0110,SYN_P_0492,2026-01-05 19:00:00,Delivery,inbound
EMAIL_00278,SYN_P_0719,SYN_P_1004,2026-06-21 11:00:00,Invoice,inbound
EMAIL_00279,SYN_P_0641,SYN_P_0500,2026-10-18 10:00:00,Delivery,outbound
EMAIL_00280,SYN_P_0885,SYN_P_0947,2025-04-14 01:00:00,Invoice,outbound
EMAIL_00281,SYN_P_0586,SYN_P_0727,2025-07-11 16:00:00,Invoice,inbound
EMAIL_00282,SYN_P_0769,SYN_P_0570,2026-01-28 02:00:00,Account,outbound
EMAIL_00283,SYN_P_0551,SYN_P_0448,2024-07-04 00:00:00,Document,inbound
EMAIL_00284,SYN_P_0372,SYN_P_0507,2026-01-09 04:00:00,Request,outbound
EMAIL_00285,SYN_P_0734,SYN_P_0029,2026-10-12 07:00:00,Invoice,outbound
EMAIL_00286,SYN_P_0022,SYN_P_0619,2025-07-12 14:00:00,Meeting,inbound
EMAIL_00287,SYN_P_0957,SYN_P_0162,2026-07-27 01:00:00,Delivery,inbound
EMAIL_00288,SYN_P_1016,SYN_P_0814,2024-11-07 08:00:00,Meeting,outbound
EMAIL_00289,SYN_P_0874,SYN_P_0937,2025-10-15 22:00:00,Invoice,inbound
EMAIL_00290,SYN_P_0042,SYN_P_0561,2024-04-14 23:00:00,Account,outbound
EMAIL_00291,SYN_P_0812,SYN_P_0262,2024-08-15 06:00:00,Meeting,inbound
EMAIL_00292,SYN_P_0668,SYN_P_0386,2026-04-12 09:00:00,Request,outbound
EMAIL_00293,SYN_P_0134,SYN_P_0720,2024-01-11 20:00:00,Invoice,inbound
EMAIL_00294,SYN_P_0966,SYN_P_0785,2024-10-18 23:00:00,Invoice,outbound
EMAIL_00295,SYN_P_0054,SYN_P_0522,2024-09-06 08:00:00,Account,outbound
EMAIL_00296,SYN_P_0716,SYN_P_0934,2024-11-18 16:00:00,Account,inbound
EMAIL_00297,SYN_P_0804,SYN_P_0553,2025-07-13 12:00:00,Request,inbound
EMAIL_00298,SYN_P_0279,SYN_P_0734,2024-04-24 01:00:00,Document,outbound
EMAIL_00299,SYN_P_0130,SYN_P_0120,2024-07-17 21:00:00,Delivery,outbound
EMAIL_00300,SYN_P_0644,SYN_P_0158,2025-07-30 14:00:00,Meeting,inbound
EMAIL_00301,SYN_P_0493,SYN_P_0304,2025-09-22 01:00:00,Invoice,inbound
EMAIL_00302,SYN_P_0401,SYN_P_0258,2026-01-17 13:00:00,Invoice,outbound
EMAIL_00303,SYN_P_0554,SYN_P_0802,2025-07-15 21:00:00,Document,outbound
EMAIL_00304,SYN_P_0314,SYN_P_1038,2026-08-26 18:00:00,Document,inbound
EMAIL_00305,SYN_P_0048,SYN_P_0299,2024-11-10 00:00:00,Invoice,inbound
EMAIL_00306,SYN_P_0755,SYN_P_0198,2026-08-18 14:00:00,Account,inbound
EMAIL_00307,SYN_P_0732,SYN_P_0794,2025-05-25 13:00:00,Account,outbound
EMAIL_00308,SYN_P_0257,SYN_P_0489,2024-04-23 22:00:00,Account,outbound
EMAIL_00309,SYN_P_0454,SYN_P_0383,2026-04-29 13:00:00,Request,outbound
EMAIL_00310,SYN_P_0220,SYN_P_0358,2024-12-01 03:00:00,Delivery,inbound
EMAIL_00311,SYN_P_0279,SYN_P_0100,2026-01-10 20:00:00,Document,outbound
EMAIL_00312,SYN_P_0142,SYN_P_0946,2026-04-18 11:00:00,Account,inbound
EMAIL_00313,SYN_P_0047,SYN_P_1005,2025-03-11 12:00:00,Request,outbound
EMAIL_00314,SYN_P_1039,SYN_P_0754,2026-04-05 08:00:00,Document,inbound
EMAIL_00315,SYN_P_0483,SYN_P_0752,2026-02-02 02:00:00,Request,outbound
EMAIL_00316,SYN_P_0569,SYN_P_0604,2026-05-30 07:00:00,Invoice,inbound
EMAIL_00317,SYN_P_0981,SYN_P_0272,2026-03-16 15:00:00,Document,outbound
EMAIL_00318,SYN_P_0465,SYN_P_0552,2024-02-22 16:00:00,Delivery,outbound
EMAIL_00319,SYN_P_0722,SYN_P_0948,2024-09-04 21:00:00,Meeting,inbound
EMAIL_00320,SYN_P_0920,SYN_P_0589,2024-07-16 07:00:00,Meeting,inbound
EMAIL_00321,SYN_P_0911,SYN_P_0748,2026-08-01 23:00:00,Document,outbound
EMAIL_00322,SYN_P_0727,SYN_P_0656,2024-08-17 20:00:00,Invoice,inbound
EMAIL_00323,SYN_P_0197,SYN_P_0932,2026-03-03 01:00:00,Account,inbound
EMAIL_00324,SYN_P_0957,SYN_P_0858,2024-01-19 02:00:00,Invoice,outbound
EMAIL_00325,SYN_P_0019,SYN_P_1030,2025-05-14 18:00:00,Meeting,outbound
EMAIL_00326,SYN_P_0587,SYN_P_0789,2026-05-19 01:00:00,Delivery,inbound
EMAIL_00327,SYN_P_0012,SYN_P_0292,2026-09-28 13:00:00,Invoice,inbound
EMAIL_00328,SYN_P_0147,SYN_P_0565,2026-05-03 12:00:00,Meeting,inbound
EMAIL_00329,SYN_P_0048,SYN_P_0203,2024-09-05 04:00:00,Delivery,inbound
EMAIL_00330,SYN_P_0754,SYN_P_0301,2025-03-05 00:00:00,Request,inbound
EMAIL_00331,SYN_P_0437,SYN_P_0161,2025-11-05 13:00:00,Account,outbound
EMAIL_00332,SYN_P_0814,SYN_P_1010,2025-02-25 13:00:00,Invoice,inbound
EMAIL_00333,SYN_P_0477,SYN_P_0204,2025-04-01 11:00:00,Account,outbound
EMAIL_00334,SYN_P_0734,SYN_P_0281,2025-07-22 18:00:00,Invoice,inbound
EMAIL_00335,SYN_P_0640,SYN_P_0518,2026-04-11 08:00:00,Invoice,outbound
EMAIL_00336,SYN_P_0459,SYN_P_0231,2024-02-27 06:00:00,Account,inbound
EMAIL_00337,SYN_P_0533,SYN_P_0771,2025-09-01 21:00:00,Request,inbound
EMAIL_00338,SYN_P_0894,SYN_P_0167,2025-02-19 21:00:00,Account,inbound
EMAIL_00339,SYN_P_0183,SYN_P_0612,2025-08-13 21:00:00,Document,outbound
EMAIL_00340,SYN_P_0317,SYN_P_0510,2024-12-04 13:00:00,Invoice,inbound
EMAIL_00341,SYN_P_0343,SYN_P_0161,2025-10-21 03:00:00,Request,inbound
EMAIL_00342,SYN_P_0425,SYN_P_0315,2024-07-09 08:00:00,Invoice,inbound
EMAIL_00343,SYN_P_0989,SYN_P_0924,2026-09-26 13:00:00,Delivery,outbound
EMAIL_00344,SYN_P_0147,SYN_P_0275,2025-05-26 06:00:00,Account,outbound
EMAIL_00345,SYN_P_0321,SYN_P_0792,2025-04-28 17:00:00,Request,outbound
EMAIL_00346,SYN_P_0214,SYN_P_0929,2025-02-27 08:00:00,Document,inbound
EMAIL_00347,SYN_P_0425,SYN_P_0903,2025-12-17 18:00:00,Delivery,outbound
EMAIL_00348,SYN_P_0096,SYN_P_0810,2025-09-26 05:00:00,Request,outbound
EMAIL_00349,SYN_P_0519,SYN_P_0239,2026-04-10 01:00:00,Account,inbound
EMAIL_00350,SYN_P_0627,SYN_P_0314,2026-03-27 15:00:00,Meeting,outbound
EMAIL_00351,SYN_P_0157,SYN_P_0355,2024-08-20 05:00:00,Meeting,inbound
EMAIL_00352,SYN_P_0832,SYN_P_0439,2024-03-18 11:00:00,Request,inbound
EMAIL_00353,SYN_P_0733,SYN_P_0740,2026-03-26 20:00:00,Account,outbound
EMAIL_00354,SYN_P_0805,SYN_P_0429,2025-11-25 11:00:00,Document,outbound
EMAIL_00355,SYN_P_0825,SYN_P_0154,2025-08-31 17:00:00,Meeting,outbound
EMAIL_00356,SYN_P_0192,SYN_P_0240,2026-02-17 18:00:00,Request,outbound
EMAIL_00357,SYN_P_0461,SYN_P_0363,2025-02-18 03:00:00,Document,outbound
EMAIL_00358,SYN_P_0457,SYN_P_0891,2026-10-26 04:00:00,Request,outbound
EMAIL_00359,SYN_P_0141,SYN_P_0302,2025-11-24 12:00:00,Request,outbound
EMAIL_00360,SYN_P_0502,SYN_P_0289,2024-01-17 19:00:00,Delivery,inbound
EMAIL_00361,SYN_P_0066,SYN_P_0423,2025-02-12 15:00:00,Delivery,inbound
EMAIL_00362,SYN_P_0590,SYN_P_0525,2025-12-26 19:00:00,Account,inbound
EMAIL_00363,SYN_P_0462,SYN_P_0352,2026-02-21 08:00:00,Meeting,inbound
EMAIL_00364,SYN_P_1008,SYN_P_0247,2026-08-26 05:00:00,Meeting,inbound
EMAIL_00365,SYN_P_1037,SYN_P_0210,2026-09-19 07:00:00,Delivery,inbound
EMAIL_00366,SYN_P_0562,SYN_P_0359,2024-10-18 01:00:00,Delivery,outbound
EMAIL_00367,SYN_P_0303,SYN_P_0441,2025-12-28 07:00:00,Request,outbound
EMAIL_00368,SYN_P_0849,SYN_P_0992,2024-03-24 20:00:00,Invoice,outbound
EMAIL_00369,SYN_P_0850,SYN_P_0043,2024-12-10 12:00:00,Document,outbound
EMAIL_00370,SYN_P_0777,SYN_P_0116,2025-03-24 18:00:00,Invoice,inbound
EMAIL_00371,SYN_P_0962,SYN_P_0340,2025-03-26 00:00:00,Invoice,inbound
EMAIL_00372,SYN_P_1028,SYN_P_0561,2024-12-18 12:00:00,Account,outbound
EMAIL_00373,SYN_P_0155,SYN_P_0513,2025-07-28 22:00:00,Request,outbound
EMAIL_00374,SYN_P_0713,SYN_P_1023,2026-07-22 06:00:00,Invoice,inbound
EMAIL_00375,SYN_P_0658,SYN_P_0860,2024-11-28 11:00:00,Meeting,outbound
EMAIL_00376,SYN_P_0051,SYN_P_0444,2025-09-11 11:00:00,Delivery,inbound
EMAIL_00377,SYN_P_0294,SYN_P_0125,2026-07-27 04:00:00,Request,outbound
EMAIL_00378,SYN_P_0570,SYN_P_1008,2026-03-17 20:00:00,Invoice,outbound
EMAIL_00379,SYN_P_0708,SYN_P_0444,2026-02-08 08:00:00,Meeting,outbound
EMAIL_00380,SYN_P_0347,SYN_P_0334,2026-10-13 00:00:00,Document,inbound
EMAIL_00381,SYN_P_0167,SYN_P_0901,2024-08-18 10:00:00,Delivery,inbound
EMAIL_00382,SYN_P_0314,SYN_P_0278,2024-11-20 19:00:00,Meeting,outbound
EMAIL_00383,SYN_P_0756,SYN_P_0348,2025-09-03 07:00:00,Request,outbound
EMAIL_00384,SYN_P_0790,SYN_P_0073,2024-03-10 16:00:00,Delivery,outbound
EMAIL_00385,SYN_P_0391,SYN_P_0117,2026-10-07 20:00:00,Invoice,inbound
EMAIL_00386,SYN_P_0704,SYN_P_0818,2024-11-15 13:00:00,Document,outbound
EMAIL_00387,SYN_P_0371,SYN_P_0387,2025-12-22 12:00:00,Document,inbound
EMAIL_00388,SYN_P_0067,SYN_P_0275,2026-02-28 03:00:00,Invoice,outbound
EMAIL_00389,SYN_P_0002,SYN_P_0682,2026-03-07 09:00:00,Account,inbound
EMAIL_00390,SYN_P_0101,SYN_P_0888,2024-07-15 17:00:00,Delivery,outbound
EMAIL_00391,SYN_P_0184,SYN_P_1040,2025-08-28 20:00:00,Document,inbound
EMAIL_00392,SYN_P_0432,SYN_P_0542,2024-08-04 16:00:00,Meeting,outbound
EMAIL_00393,SYN_P_0444,SYN_P_0983,2025-11-05 12:00:00,Invoice,outbound
EMAIL_00394,SYN_P_0301,SYN_P_0734,2024-05-01 05:00:00,Account,outbound
EMAIL_00395,SYN_P_0971,SYN_P_0842,2025-08-25 21:00:00,Document,inbound
EMAIL_00396,SYN_P_0719,SYN_P_0753,2025-11-12 12:00:00,Account,outbound
EMAIL_00397,SYN_P_0639,SYN_P_0494,2024-08-18 14:00:00,Invoice,inbound
EMAIL_00398,SYN_P_0870,SYN_P_0392,2024-07-09 06:00:00,Document,outbound
EMAIL_00399,SYN_P_0912,SYN_P_0499,2026-07-05 23:00:00,Request,outbound
EMAIL_00400,SYN_P_0360,SYN_P_0832,2025-08-18 19:00:00,Meeting,inbound
EMAIL_00401,SYN_P_0082,SYN_P_0990,2024-08-17 11:00:00,Account,outbound
EMAIL_00402,SYN_P_0237,SYN_P_0121,2026-05-21 14:00:00,Account,outbound
EMAIL_00403,SYN_P_0664,SYN_P_0637,2024-12-07 21:00:00,Document,inbound
EMAIL_00404,SYN_P_0574,SYN_P_0545,2026-06-24 17:00:00,Delivery,outbound
EMAIL_00405,SYN_P_0396,SYN_P_0903,2026-05-06 15:00:00,Account,inbound
EMAIL_00406,SYN_P_0802,SYN_P_0465,2024-05-25 11:00:00,Request,inbound
EMAIL_00407,SYN_P_0243,SYN_P_0290,2025-04-22 01:00:00,Invoice,inbound
EMAIL_00408,SYN_P_0768,SYN_P_0872,2025-04-20 10:00:00,Meeting,inbound
EMAIL_00409,SYN_P_0515,SYN_P_0538,2024-03-01 14:00:00,Request,outbound
EMAIL_00410,SYN_P_0427,SYN_P_0023,2024-06-09 04:00:00,Meeting,outbound
EMAIL_00411,SYN_P_1003,SYN_P_0027,2025-11-15 16:00:00,Document,outbound
EMAIL_00412,SYN_P_0075,SYN_P_0094,2025-09-01 19:00:00,Invoice,inbound
EMAIL_00413,SYN_P_0304,SYN_P_0606,2025-02-21 17:00:00,Document,inbound
EMAIL_00414,SYN_P_0804,SYN_P_0201,2025-09-17 06:00:00,Account,outbound
EMAIL_00415,SYN_P_0525,SYN_P_0655,2025-12-28 16:00:00,Account,inbound
EMAIL_00416,SYN_P_0364,SYN_P_0528,2026-05-11 23:00:00,Delivery,inbound
EMAIL_00417,SYN_P_0111,SYN_P_0293,2025-07-03 12:00:00,Invoice,outbound
EMAIL_00418,SYN_P_0016,SYN_P_0553,2025-12-20 02:00:00,Meeting,outbound
EMAIL_00419,SYN_P_0395,SYN_P_0418,2024-12-08 00:00:00,Account,outbound
EMAIL_00420,SYN_P_0580,SYN_P_0980,2025-01-14 17:00:00,Request,outbound
EMAIL_00421,SYN_P_0622,SYN_P_0233,2025-11-25 22:00:00,Request,inbound
EMAIL_00422,SYN_P_0524,SYN_P_0920,2025-01-11 12:00:00,Account,inbound
EMAIL_00423,SYN_P_0354,SYN_P_0892,2026-08-11 09:00:00,Account,outbound
EMAIL_00424,SYN_P_0498,SYN_P_0368,2026-05-02 14:00:00,Invoice,inbound
EMAIL_00425,SYN_P_0244,SYN_P_0738,2025-10-13 00:00:00,Invoice,outbound
EMAIL_00426,SYN_P_0629,SYN_P_0346,2025-02-20 08:00:00,Invoice,outbound
EMAIL_00427,SYN_P_0093,SYN_P_0766,2026-01-19 21:00:00,Request,outbound
EMAIL_00428,SYN_P_0969,SYN_P_0290,2024-12-19 20:00:00,Request,outbound
EMAIL_00429,SYN_P_0833,SYN_P_0709,2025-06-19 01:00:00,Document,inbound
EMAIL_00430,SYN_P_0999,SYN_P_0835,2026-01-20 12:00:00,Delivery,outbound
EMAIL_00431,SYN_P_0449,SYN_P_0031,2024-04-09 12:00:00,Document,outbound
EMAIL_00432,SYN_P_0887,SYN_P_0833,2024-01-21 18:00:00,Document,outbound
EMAIL_00433,SYN_P_1035,SYN_P_0433,2024-12-23 23:00:00,Delivery,outbound
EMAIL_00434,SYN_P_0413,SYN_P_0332,2025-04-29 09:00:00,Invoice,inbound
EMAIL_00435,SYN_P_0746,SYN_P_0060,2024-07-02 17:00:00,Invoice,outbound
EMAIL_00436,SYN_P_0752,SYN_P_0578,2024-09-04 17:00:00,Delivery,outbound
EMAIL_00437,SYN_P_0233,SYN_P_0030,2025-09-17 05:00:00,Invoice,outbound
EMAIL_00438,SYN_P_0539,SYN_P_0227,2024-06-27 21:00:00,Document,inbound
EMAIL_00439,SYN_P_1037,SYN_P_0054,2026-10-15 19:00:00,Request,inbound
EMAIL_00440,SYN_P_0331,SYN_P_0206,2024-02-17 02:00:00,Request,outbound
EMAIL_00441,SYN_P_0800,SYN_P_0369,2024-01-03 19:00:00,Meeting,outbound
EMAIL_00442,SYN_P_0977,SYN_P_0433,2024-03-09 21:00:00,Account,outbound
EMAIL_00443,SYN_P_0517,SYN_P_0567,2024-11-28 20:00:00,Account,outbound
EMAIL_00444,SYN_P_0088,SYN_P_0390,2026-10-09 00:00:00,Request,inbound
EMAIL_00445,SYN_P_0239,SYN_P_0200,2026-06-18 15:00:00,Invoice,outbound
EMAIL_00446,SYN_P_0986,SYN_P_0865,2024-12-11 11:00:00,Invoice,inbound
EMAIL_00447,SYN_P_0265,SYN_P_0089,2026-06-08 11:00:00,Delivery,outbound
EMAIL_00448,SYN_P_0679,SYN_P_0754,2024-11-09 02:00:00,Meeting,outbound
EMAIL_00449,SYN_P_0651,SYN_P_0588,2024-04-27 23:00:00,Request,inbound
EMAIL_00450,SYN_P_0589,SYN_P_0837,2026-01-19 09:00:00,Request,outbound
EMAIL_00451,SYN_P_0404,SYN_P_0074,2024-05-20 06:00:00,Invoice,outbound
EMAIL_00452,SYN_P_0459,SYN_P_0109,2025-12-23 06:00:00,Account,outbound
EMAIL_00453,SYN_P_0484,SYN_P_0838,2024-10-05 00:00:00,Document,inbound
EMAIL_00454,SYN_P_0058,SYN_P_0445,2026-10-27 02:00:00,Document,inbound
EMAIL_00455,SYN_P_0185,SYN_P_0881,2024-07-29 12:00:00,Meeting,outbound
EMAIL_00456,SYN_P_0693,SYN_P_0504,2025-08-14 15:00:00,Account,outbound
EMAIL_00457,SYN_P_0425,SYN_P_1012,2024-12-29 19:00:00,Invoice,outbound
EMAIL_00458,SYN_P_0264,SYN_P_0093,2025-11-25 05:00:00,Delivery,outbound
EMAIL_00459,SYN_P_0762,SYN_P_0606,2025-03-06 07:00:00,Account,inbound
EMAIL_00460,SYN_P_0942,SYN_P_0193,2026-10-11 13:00:00,Account,outbound
EMAIL_00461,SYN_P_0951,SYN_P_0055,2024-08-30 22:00:00,Document,inbound
EMAIL_00462,SYN_P_0337,SYN_P_0517,2024-04-12 10:00:00,Request,inbound
EMAIL_00463,SYN_P_0754,SYN_P_0774,2024-07-15 17:00:00,Meeting,inbound
EMAIL_00464,SYN_P_0893,SYN_P_0971,2024-11-28 00:00:00,Delivery,outbound
EMAIL_00465,SYN_P_0165,SYN_P_0556,2024-07-31 10:00:00,Account,inbound
EMAIL_00466,SYN_P_1017,SYN_P_0583,2026-08-21 23:00:00,Request,inbound
EMAIL_00467,SYN_P_0211,SYN_P_0150,2026-06-23 20:00:00,Invoice,inbound
EMAIL_00468,SYN_P_0984,SYN_P_0904,2024-11-23 01:00:00,Invoice,inbound
EMAIL_00469,SYN_P_0337,SYN_P_0550,2024-10-31 02:00:00,Invoice,inbound
EMAIL_00470,SYN_P_0752,SYN_P_1031,2024-04-20 07:00:00,Request,inbound
EMAIL_00471,SYN_P_0395,SYN_P_1034,2024-06-26 02:00:00,Delivery,inbound
EMAIL_00472,SYN_P_0411,SYN_P_0810,2025-04-25 10:00:00,Request,inbound
EMAIL_00473,SYN_P_0755,SYN_P_0230,2024-01-07 20:00:00,Account,inbound
EMAIL_00474,SYN_P_0793,SYN_P_0273,2025-06-25 01:00:00,Request,outbound
EMAIL_00475,SYN_P_0268,SYN_P_0794,2026-02-02 23:00:00,Delivery,outbound
EMAIL_00476,SYN_P_0054,SYN_P_0294,2024-08-28 14:00:00,Document,outbound
EMAIL_00477,SYN_P_0469,SYN_P_0877,2024-03-16 23:00:00,Delivery,inbound
EMAIL_00478,SYN_P_0931,SYN_P_0332,2025-10-15 13:00:00,Invoice,outbound
EMAIL_00479,SYN_P_0475,SYN_P_1015,2026-05-12 20:00:00,Meeting,inbound
EMAIL_00480,SYN_P_0402,SYN_P_0537,2024-10-22 01:00:00,Document,outbound
EMAIL_00481,SYN_P_0294,SYN_P_0050,2024-12-19 21:00:00,Account,inbound
EMAIL_00482,SYN_P_0452,SYN_P_0563,2025-01-14 20:00:00,Delivery,inbound
EMAIL_00483,SYN_P_0306,SYN_P_0325,2025-06-13 19:00:00,Invoice,inbound
EMAIL_00484,SYN_P_0971,SYN_P_0828,2025-11-05 12:00:00,Request,outbound
EMAIL_00485,SYN_P_1006,SYN_P_0265,2025-04-14 20:00:00,Request,inbound
EMAIL_00486,SYN_P_0779,SYN_P_0008,2024-04-20 06:00:00,Account,inbound
EMAIL_00487,SYN_P_0718,SYN_P_0746,2025-08-16 19:00:00,Meeting,outbound
EMAIL_00488,SYN_P_0254,SYN_P_0913,2024-04-06 14:00:00,Delivery,inbound
EMAIL_00489,SYN_P_1018,SYN_P_0538,2026-06-08 09:00:00,Invoice,outbound
EMAIL_00490,SYN_P_0643,SYN_P_0061,2025-04-09 01:00:00,Request,outbound
EMAIL_00491,SYN_P_0247,SYN_P_0566,2025-07-06 22:00:00,Meeting,outbound
EMAIL_00492,SYN_P_0589,SYN_P_0202,2025-10-16 06:00:00,Request,inbound
EMAIL_00493,SYN_P_1021,SYN_P_0760,2025-12-16 18:00:00,Invoice,outbound
EMAIL_00494,SYN_P_0814,SYN_P_0455,2025-08-09 10:00:00,Request,outbound
EMAIL_00495,SYN_P_0940,SYN_P_0816,2025-07-12 16:00:00,Document,outbound
EMAIL_00496,SYN_P_0891,SYN_P_0227,2025-09-19 13:00:00,Document,outbound
EMAIL_00497,SYN_P_0302,SYN_P_0964,2024-05-18 06:00:00,Delivery,inbound
EMAIL_00498,SYN_P_0433,SYN_P_0171,2026-01-08 02:00:00,Document,inbound
EMAIL_00499,SYN_P_0476,SYN_P_0311,2025-03-19 07:00:00,Invoice,inbound
EMAIL_00500,SYN_P_0657,SYN_P_0584,2025-07-23 23:00:00,Invoice,inbound
EMAIL_00501,SYN_P_0097,SYN_P_0955,2025-08-11 22:00:00,Delivery,outbound
EMAIL_00502,SYN_P_0454,SYN_P_0968,2026-02-12 10:00:00,Invoice,inbound
EMAIL_00503,SYN_P_0621,SYN_P_1015,2024-02-20 18:00:00,Account,outbound
EMAIL_00504,SYN_P_0634,SYN_P_0692,2026-08-23 21:00:00,Delivery,outbound
EMAIL_00505,SYN_P_0252,SYN_P_0482,2025-03-21 09:00:00,Document,inbound
EMAIL_00506,SYN_P_0975,SYN_P_0728,2026-02-09 02:00:00,Document,outbound
EMAIL_00507,SYN_P_0763,SYN_P_0406,2025-11-14 03:00:00,Delivery,inbound
EMAIL_00508,SYN_P_0171,SYN_P_0357,2026-05-21 15:00:00,Document,inbound
EMAIL_00509,SYN_P_0672,SYN_P_0699,2026-06-20 20:00:00,Request,outbound
EMAIL_00510,SYN_P_0382,SYN_P_0151,2026-08-09 05:00:00,Delivery,inbound
EMAIL_00511,SYN_P_0407,SYN_P_0272,2026-01-02 02:00:00,Account,outbound
EMAIL_00512,SYN_P_0154,SYN_P_0867,2024-06-26 07:00:00,Delivery,outbound
EMAIL_00513,SYN_P_0212,SYN_P_0448,2025-04-20 13:00:00,Invoice,outbound
EMAIL_00514,SYN_P_0321,SYN_P_0410,2024-07-18 12:00:00,Meeting,inbound
EMAIL_00515,SYN_P_0162,SYN_P_0842,2026-05-18 06:00:00,Account,outbound
EMAIL_00516,SYN_P_0113,SYN_P_0957,2025-01-24 22:00:00,Account,inbound
EMAIL_00517,SYN_P_0518,SYN_P_0433,2026-04-17 20:00:00,Request,outbound
EMAIL_00518,SYN_P_0022,SYN_P_0876,2024-06-15 12:00:00,Invoice,outbound
EMAIL_00519,SYN_P_0551,SYN_P_0831,2025-03-15 20:00:00,Account,outbound
EMAIL_00520,SYN_P_0644,SYN_P_0935,2025-12-26 10:00:00,Account,inbound
EMAIL_00521,SYN_P_0681,SYN_P_0669,2024-01-10 09:00:00,Account,outbound
EMAIL_00522,SYN_P_0159,SYN_P_0032,2024-08-30 16:00:00,Delivery,inbound
EMAIL_00523,SYN_P_0081,SYN_P_0615,2026-10-31 05:00:00,Meeting,outbound
EMAIL_00524,SYN_P_0406,SYN_P_0596,2025-01-06 11:00:00,Request,inbound
EMAIL_00525,SYN_P_0322,SYN_P_1006,2025-04-24 18:00:00,Document,inbound
EMAIL_00526,SYN_P_0667,SYN_P_0881,2025-09-10 11:00:00,Document,outbound
EMAIL_00527,SYN_P_0991,SYN_P_0127,2026-03-11 23:00:00,Invoice,inbound
EMAIL_00528,SYN_P_0156,SYN_P_0988,2024-02-26 02:00:00,Request,inbound
EMAIL_00529,SYN_P_0892,SYN_P_0062,2026-04-10 13:00:00,Delivery,inbound
EMAIL_00530,SYN_P_0810,SYN_P_0995,2025-05-13 02:00:00,Request,outbound
EMAIL_00531,SYN_P_0639,SYN_P_0447,2026-07-22 18:00:00,Invoice,outbound
EMAIL_00532,SYN_P_0414,SYN_P_0411,2026-03-27 12:00:00,Delivery,outbound
EMAIL_00533,SYN_P_0954,SYN_P_0690,2025-02-08 00:00:00,Document,outbound
EMAIL_00534,SYN_P_0150,SYN_P_0391,2024-07-29 10:00:00,Delivery,outbound
EMAIL_00535,SYN_P_0042,SYN_P_0269,2026-11-02 05:00:00,Delivery,inbound
EMAIL_00536,SYN_P_0602,SYN_P_0021,2025-05-31 04:00:00,Meeting,inbound
EMAIL_00537,SYN_P_0106,SYN_P_0513,2024-03-28 03:00:00,Request,outbound
EMAIL_00538,SYN_P_0288,SYN_P_0742,2024-05-05 23:00:00,Invoice,outbound
EMAIL_00539,SYN_P_0289,SYN_P_0606,2025-01-15 05:00:00,Invoice,outbound
EMAIL_00540,SYN_P_0806,SYN_P_0166,2025-07-29 02:00:00,Account,outbound
EMAIL_00541,SYN_P_0884,SYN_P_0977,2025-10-03 23:00:00,Meeting,outbound
EMAIL_00542,SYN_P_1015,SYN_P_0509,2026-05-12 21:00:00,Meeting,inbound
EMAIL_00543,SYN_P_0447,SYN_P_0728,2025-07-12 01:00:00,Invoice,outbound
EMAIL_00544,SYN_P_0796,SYN_P_0250,2025-09-06 02:00:00,Meeting,outbound
EMAIL_00545,SYN_P_0958,SYN_P_0186,2026-02-09 20:00:00,Invoice,outbound
EMAIL_00546,SYN_P_1037,SYN_P_0955,2026-01-21 18:00:00,Meeting,outbound
EMAIL_00547,SYN_P_0351,SYN_P_0894,2025-11-28 00:00:00,Account,inbound
EMAIL_00548,SYN_P_0437,SYN_P_0923,2025-09-27 11:00:00,Meeting,outbound
EMAIL_00549,SYN_P_0816,SYN_P_0066,2026-10-02 23:00:00,Meeting,inbound
EMAIL_00550,SYN_P_0244,SYN_P_0990,2026-02-07 12:00:00,Meeting,inbound
EMAIL_00551,SYN_P_0018,SYN_P_0632,2025-09-01 07:00:00,Account,outbound
EMAIL_00552,SYN_P_0265,SYN_P_0993,2026-08-24 05:00:00,Delivery,outbound
EMAIL_00553,SYN_P_0318,SYN_P_0022,2026-03-21 06:00:00,Delivery,outbound
EMAIL_00554,SYN_P_0954,SYN_P_0628,2026-03-20 10:00:00,Request,outbound
EMAIL_00555,SYN_P_0677,SYN_P_1039,2024-02-28 00:00:00,Request,inbound
EMAIL_00556,SYN_P_0122,SYN_P_0945,2026-03-23 16:00:00,Invoice,outbound
EMAIL_00557,SYN_P_0732,SYN_P_0446,2024-12-12 18:00:00,Delivery,outbound
EMAIL_00558,SYN_P_0534,SYN_P_0641,2025-01-13 05:00:00,Account,inbound
EMAIL_00559,SYN_P_0998,SYN_P_0689,2024-07-23 12:00:00,Invoice,outbound
EMAIL_00560,SYN_P_0372,SYN_P_0212,2026-03-16 05:00:00,Invoice,inbound
EMAIL_00561,SYN_P_0440,SYN_P_0040,2024-08-27 04:00:00,Invoice,inbound
EMAIL_00562,SYN_P_0988,SYN_P_0234,2026-04-23 00:00:00,Invoice,outbound
EMAIL_00563,SYN_P_0835,SYN_P_0102,2026-03-16 23:00:00,Invoice,outbound
EMAIL_00564,SYN_P_0795,SYN_P_0897,2025-04-08 07:00:00,Meeting,inbound
EMAIL_00565,SYN_P_0446,SYN_P_0270,2024-08-19 13:00:00,Account,outbound
EMAIL_00566,SYN_P_0888,SYN_P_0706,2025-11-22 10:00:00,Meeting,inbound
EMAIL_00567,SYN_P_0167,SYN_P_0429,2026-09-02 19:00:00,Meeting,inbound
EMAIL_00568,SYN_P_0987,SYN_P_0883,2026-03-10 22:00:00,Delivery,outbound
EMAIL_00569,SYN_P_0617,SYN_P_0252,2026-02-22 02:00:00,Request,inbound
EMAIL_00570,SYN_P_0605,SYN_P_0251,2026-04-17 01:00:00,Invoice,inbound
EMAIL_00571,SYN_P_1009,SYN_P_1020,2025-12-02 10:00:00,Invoice,inbound
EMAIL_00572,SYN_P_0811,SYN_P_0763,2026-10-24 02:00:00,Request,inbound
EMAIL_00573,SYN_P_0429,SYN_P_0934,2025-05-05 10:00:00,Invoice,inbound
EMAIL_00574,SYN_P_0041,SYN_P_0009,2025-10-20 02:00:00,Document,outbound
EMAIL_00575,SYN_P_0233,SYN_P_1020,2025-03-30 02:00:00,Request,outbound
EMAIL_00576,SYN_P_0390,SYN_P_0028,2024-12-07 14:00:00,Account,inbound
EMAIL_00577,SYN_P_1035,SYN_P_0881,2024-10-23 23:00:00,Request,outbound
EMAIL_00578,SYN_P_0186,SYN_P_0371,2025-02-21 05:00:00,Request,inbound
EMAIL_00579,SYN_P_0056,SYN_P_0966,2026-10-04 04:00:00,Meeting,outbound
EMAIL_00580,SYN_P_0824,SYN_P_0129,2026-07-03 17:00:00,Delivery,inbound
EMAIL_00581,SYN_P_1038,SYN_P_0593,2024-09-15 10:00:00,Invoice,outbound
EMAIL_00582,SYN_P_0813,SYN_P_0598,2025-10-18 17:00:00,Meeting,inbound
EMAIL_00583,SYN_P_0012,SYN_P_0213,2024-06-20 15:00:00,Account,outbound
EMAIL_00584,SYN_P_0008,SYN_P_0943,2026-02-10 11:00:00,Invoice,outbound
EMAIL_00585,SYN_P_0904,SYN_P_0907,2025-02-11 14:00:00,Request,inbound
EMAIL_00586,SYN_P_0218,SYN_P_0065,2024-04-14 15:00:00,Account,inbound
EMAIL_00587,SYN_P_0220,SYN_P_0890,2025-09-15 11:00:00,Account,outbound
EMAIL_00588,SYN_P_0602,SYN_P_0264,2025-06-02 12:00:00,Request,outbound
EMAIL_00589,SYN_P_0500,SYN_P_0748,2026-02-21 05:00:00,Invoice,outbound
EMAIL_00590,SYN_P_0109,SYN_P_0188,2025-01-17 16:00:00,Invoice,inbound
EMAIL_00591,SYN_P_0347,SYN_P_0016,2024-11-04 13:00:00,Request,outbound
EMAIL_00592,SYN_P_0328,SYN_P_0841,2025-03-26 08:00:00,Account,outbound
EMAIL_00593,SYN_P_0824,SYN_P_0297,2024-04-16 02:00:00,Meeting,outbound
EMAIL_00594,SYN_P_0536,SYN_P_0586,2024-03-18 14:00:00,Delivery,inbound
EMAIL_00595,SYN_P_0595,SYN_P_0803,2026-03-23 14:00:00,Account,outbound
EMAIL_00596,SYN_P_0016,SYN_P_0659,2026-03-16 08:00:00,Request,outbound
EMAIL_00597,SYN_P_0355,SYN_P_0499,2025-11-01 14:00:00,Account,inbound
EMAIL_00598,SYN_P_0973,SYN_P_0278,2025-11-11 14:00:00,Document,outbound
EMAIL_00599,SYN_P_0667,SYN_P_0930,2025-12-09 11:00:00,Document,inbound
EMAIL_00600,SYN_P_0709,SYN_P_0701,2026-08-02 11:00:00,Meeting,outbound
EMAIL_00601,SYN_P_0669,SYN_P_0552,2026-01-30 00:00:00,Meeting,inbound
EMAIL_00602,SYN_P_0633,SYN_P_0820,2026-04-07 20:00:00,Document,outbound
EMAIL_00603,SYN_P_0871,SYN_P_0617,2025-11-09 18:00:00,Account,inbound
EMAIL_00604,SYN_P_0124,SYN_P_0764,2026-04-22 05:00:00,Invoice,inbound
EMAIL_00605,SYN_P_0541,SYN_P_0027,2026-08-16 01:00:00,Request,outbound
EMAIL_00606,SYN_P_0387,SYN_P_0799,2026-03-09 15:00:00,Meeting,outbound
EMAIL_00607,SYN_P_0681,SYN_P_0282,2025-07-12 09:00:00,Invoice,inbound
EMAIL_00608,SYN_P_0612,SYN_P_0631,2026-07-05 03:00:00,Invoice,inbound
EMAIL_00609,SYN_P_0286,SYN_P_0380,2024-01-15 23:00:00,Meeting,inbound
EMAIL_00610,SYN_P_0769,SYN_P_0582,2024-11-09 15:00:00,Request,inbound
EMAIL_00611,SYN_P_0516,SYN_P_1020,2025-09-02 07:00:00,Document,outbound
EMAIL_00612,SYN_P_0789,SYN_P_0067,2024-12-24 13:00:00,Request,outbound
EMAIL_00613,SYN_P_0753,SYN_P_0960,2024-11-17 02:00:00,Delivery,inbound
EMAIL_00614,SYN_P_0543,SYN_P_0706,2024-12-27 14:00:00,Request,outbound
EMAIL_00615,SYN_P_0259,SYN_P_0639,2025-07-07 01:00:00,Invoice,inbound
EMAIL_00616,SYN_P_0941,SYN_P_0093,2026-03-09 22:00:00,Request,outbound
EMAIL_00617,SYN_P_0976,SYN_P_0270,2026-02-14 00:00:00,Invoice,outbound
EMAIL_00618,SYN_P_0062,SYN_P_0433,2024-06-12 08:00:00,Request,outbound
EMAIL_00619,SYN_P_0385,SYN_P_0739,2025-05-12 18:00:00,Request,outbound
EMAIL_00620,SYN_P_0042,SYN_P_0459,2026-02-15 03:00:00,Invoice,outbound
EMAIL_00621,SYN_P_0474,SYN_P_0350,2026-05-23 11:00:00,Delivery,inbound
EMAIL_00622,SYN_P_0339,SYN_P_1034,2025-08-07 13:00:00,Document,inbound
EMAIL_00623,SYN_P_0543,SYN_P_0524,2026-04-12 04:00:00,Delivery,inbound
EMAIL_00624,SYN_P_0830,SYN_P_0881,2026-06-14 22:00:00,Invoice,inbound
EMAIL_00625,SYN_P_0374,SYN_P_0680,2025-12-25 07:00:00,Delivery,inbound
EMAIL_00626,SYN_P_0495,SYN_P_0621,2025-09-19 17:00:00,Invoice,inbound
EMAIL_00627,SYN_P_0716,SYN_P_0190,2024-07-12 16:00:00,Delivery,outbound
EMAIL_00628,SYN_P_0905,SYN_P_0633,2024-08-29 22:00:00,Delivery,inbound
EMAIL_00629,SYN_P_0083,SYN_P_0286,2024-03-04 13:00:00,Meeting,outbound
EMAIL_00630,SYN_P_0177,SYN_P_0718,2024-08-19 12:00:00,Meeting,inbound
EMAIL_00631,SYN_P_0002,SYN_P_0301,2025-02-14 08:00:00,Account,outbound
EMAIL_00632,SYN_P_0744,SYN_P_0343,2025-11-06 23:00:00,Account,outbound
EMAIL_00633,SYN_P_0791,SYN_P_0778,2025-12-17 15:00:00,Account,outbound
EMAIL_00634,SYN_P_0023,SYN_P_0585,2025-04-30 04:00:00,Invoice,outbound
EMAIL_00635,SYN_P_0515,SYN_P_0968,2024-09-03 09:00:00,Invoice,inbound
EMAIL_00636,SYN_P_0862,SYN_P_0747,2024-09-29 17:00:00,Account,outbound
EMAIL_00637,SYN_P_0382,SYN_P_0340,2025-12-21 15:00:00,Request,inbound
EMAIL_00638,SYN_P_0393,SYN_P_0372,2025-06-07 21:00:00,Request,inbound
EMAIL_00639,SYN_P_0091,SYN_P_0453,2025-07-08 08:00:00,Account,inbound
EMAIL_00640,SYN_P_1027,SYN_P_0132,2024-10-17 10:00:00,Delivery,outbound
EMAIL_00641,SYN_P_0720,SYN_P_0061,2025-10-20 21:00:00,Account,inbound
EMAIL_00642,SYN_P_0730,SYN_P_0650,2026-02-10 10:00:00,Invoice,outbound
EMAIL_00643,SYN_P_0725,SYN_P_0439,2026-03-01 03:00:00,Document,inbound
EMAIL_00644,SYN_P_0984,SYN_P_0018,2025-02-07 19:00:00,Account,outbound
EMAIL_00645,SYN_P_0454,SYN_P_0578,2024-01-03 16:00:00,Delivery,outbound
EMAIL_00646,SYN_P_0546,SYN_P_0142,2026-03-04 14:00:00,Invoice,inbound
EMAIL_00647,SYN_P_0684,SYN_P_0358,2026-05-03 02:00:00,Account,outbound
EMAIL_00648,SYN_P_0346,SYN_P_0067,2025-07-09 09:00:00,Request,outbound
EMAIL_00649,SYN_P_0831,SYN_P_0437,2025-06-17 11:00:00,Account,outbound
EMAIL_00650,SYN_P_0249,SYN_P_0473,2026-08-22 01:00:00,Invoice,outbound
EMAIL_00651,SYN_P_0083,SYN_P_0935,2024-04-15 22:00:00,Document,inbound
EMAIL_00652,SYN_P_0731,SYN_P_0333,2024-04-06 01:00:00,Delivery,inbound
EMAIL_00653,SYN_P_0052,SYN_P_0720,2025-06-05 00:00:00,Request,inbound
EMAIL_00654,SYN_P_0472,SYN_P_0680,2026-06-27 14:00:00,Meeting,inbound
EMAIL_00655,SYN_P_0128,SYN_P_0085,2024-04-04 21:00:00,Delivery,inbound
EMAIL_00656,SYN_P_0740,SYN_P_0608,2025-11-18 22:00:00,Delivery,outbound
EMAIL_00657,SYN_P_0223,SYN_P_0585,2026-11-06 12:00:00,Account,inbound
EMAIL_00658,SYN_P_0895,SYN_P_0471,2026-08-27 22:00:00,Meeting,inbound
EMAIL_00659,SYN_P_0465,SYN_P_0443,2024-09-06 13:00:00,Meeting,inbound
EMAIL_00660,SYN_P_0830,SYN_P_0193,2026-09-26 18:00:00,Invoice,inbound
EMAIL_00661,SYN_P_0215,SYN_P_0076,2025-11-09 03:00:00,Meeting,inbound
EMAIL_00662,SYN_P_0518,SYN_P_0767,2025-05-31 04:00:00,Meeting,outbound
EMAIL_00663,SYN_P_0198,SYN_P_0281,2024-07-06 23:00:00,Invoice,outbound
EMAIL_00664,SYN_P_0805,SYN_P_0607,2024-10-07 18:00:00,Account,inbound
EMAIL_00665,SYN_P_0287,SYN_P_0897,2024-03-11 17:00:00,Delivery,inbound
EMAIL_00666,SYN_P_0553,SYN_P_1002,2025-12-06 05:00:00,Meeting,inbound
EMAIL_00667,SYN_P_0913,SYN_P_0474,2025-03-16 00:00:00,Request,inbound
EMAIL_00668,SYN_P_0729,SYN_P_0370,2024-10-13 07:00:00,Document,inbound
EMAIL_00669,SYN_P_0392,SYN_P_0069,2025-07-21 23:00:00,Meeting,inbound
EMAIL_00670,SYN_P_0932,SYN_P_0929,2026-05-11 17:00:00,Request,outbound
EMAIL_00671,SYN_P_0401,SYN_P_0202,2024-07-28 09:00:00,Request,inbound
EMAIL_00672,SYN_P_0794,SYN_P_0285,2024-11-22 21:00:00,Invoice,outbound
EMAIL_00673,SYN_P_0770,SYN_P_0764,2025-08-11 07:00:00,Request,inbound
EMAIL_00674,SYN_P_0114,SYN_P_0262,2024-06-25 21:00:00,Account,inbound
EMAIL_00675,SYN_P_0825,SYN_P_0141,2025-09-06 03:00:00,Request,outbound
EMAIL_00676,SYN_P_0789,SYN_P_0538,2025-07-04 00:00:00,Request,inbound
EMAIL_00677,SYN_P_0993,SYN_P_0194,2024-04-29 22:00:00,Meeting,inbound
EMAIL_00678,SYN_P_0821,SYN_P_0920,2024-11-18 15:00:00,Document,inbound
EMAIL_00679,SYN_P_0265,SYN_P_0940,2025-10-23 10:00:00,Delivery,outbound
EMAIL_00680,SYN_P_0716,SYN_P_0930,2025-08-16 01:00:00,Delivery,outbound
EMAIL_00681,SYN_P_0841,SYN_P_0312,2024-04-18 18:00:00,Request,outbound
EMAIL_00682,SYN_P_0699,SYN_P_0296,2026-10-07 05:00:00,Delivery,outbound
EMAIL_00683,SYN_P_0778,SYN_P_0216,2025-06-11 04:00:00,Invoice,outbound
EMAIL_00684,SYN_P_0812,SYN_P_0852,2025-12-12 12:00:00,Invoice,outbound
EMAIL_00685,SYN_P_0458,SYN_P_0356,2024-12-17 02:00:00,Delivery,inbound
EMAIL_00686,SYN_P_0832,SYN_P_0611,2026-03-07 21:00:00,Meeting,outbound
EMAIL_00687,SYN_P_0354,SYN_P_0088,2025-06-09 18:00:00,Account,outbound
EMAIL_00688,SYN_P_0753,SYN_P_1021,2024-09-25 18:00:00,Delivery,inbound
EMAIL_00689,SYN_P_0072,SYN_P_0652,2024-10-29 23:00:00,Request,inbound
EMAIL_00690,SYN_P_0678,SYN_P_0734,2025-04-05 05:00:00,Invoice,outbound
EMAIL_00691,SYN_P_0806,SYN_P_0196,2024-04-09 07:00:00,Account,outbound
EMAIL_00692,SYN_P_0587,SYN_P_0552,2026-02-28 11:00:00,Delivery,outbound
EMAIL_00693,SYN_P_0503,SYN_P_0004,2024-08-29 13:00:00,Delivery,outbound
EMAIL_00694,SYN_P_0945,SYN_P_0279,2025-08-02 08:00:00,Invoice,outbound
EMAIL_00695,SYN_P_0286,SYN_P_0333,2025-10-21 22:00:00,Delivery,outbound
EMAIL_00696,SYN_P_0338,SYN_P_0848,2026-08-22 01:00:00,Meeting,inbound
EMAIL_00697,SYN_P_0131,SYN_P_0384,2024-02-12 23:00:00,Delivery,inbound
EMAIL_00698,SYN_P_0097,SYN_P_0911,2025-06-27 03:00:00,Delivery,inbound
EMAIL_00699,SYN_P_0796,SYN_P_0924,2024-06-30 12:00:00,Document,outbound
EMAIL_00700,SYN_P_0626,SYN_P_0709,2025-02-11 12:00:00,Request,inbound
EMAIL_00701,SYN_P_0813,SYN_P_0872,2024-09-18 23:00:00,Invoice,inbound
EMAIL_00702,SYN_P_1026,SYN_P_0460,2024-02-23 07:00:00,Document,outbound
EMAIL_00703,SYN_P_0403,SYN_P_0301,2024-04-16 17:00:00,Delivery,outbound
EMAIL_00704,SYN_P_0388,SYN_P_0485,2024-12-27 03:00:00,Delivery,outbound
EMAIL_00705,SYN_P_0993,SYN_P_0749,2024-01-19 12:00:00,Meeting,outbound
EMAIL_00706,SYN_P_0002,SYN_P_0481,2024-07-20 19:00:00,Delivery,inbound
EMAIL_00707,SYN_P_0198,SYN_P_0486,2024-11-09 14:00:00,Meeting,outbound
EMAIL_00708,SYN_P_0537,SYN_P_0671,2025-10-04 23:00:00,Account,outbound
EMAIL_00709,SYN_P_0434,SYN_P_0994,2026-03-19 00:00:00,Meeting,inbound
EMAIL_00710,SYN_P_0008,SYN_P_0815,2024-09-27 03:00:00,Request,outbound
EMAIL_00711,SYN_P_0718,SYN_P_0273,2025-01-19 03:00:00,Document,inbound
EMAIL_00712,SYN_P_0930,SYN_P_0363,2024-04-30 12:00:00,Invoice,outbound
EMAIL_00713,SYN_P_0416,SYN_P_0358,2024-01-03 03:00:00,Request,outbound
EMAIL_00714,SYN_P_0664,SYN_P_0518,2024-07-28 03:00:00,Account,inbound
EMAIL_00715,SYN_P_0041,SYN_P_0032,2024-04-10 14:00:00,Request,inbound
EMAIL_00716,SYN_P_0622,SYN_P_0876,2026-01-07 19:00:00,Account,outbound
EMAIL_00717,SYN_P_0906,SYN_P_0684,2025-08-09 00:00:00,Invoice,inbound
EMAIL_00718,SYN_P_0249,SYN_P_0633,2026-08-13 08:00:00,Meeting,inbound
EMAIL_00719,SYN_P_0714,SYN_P_0518,2026-11-04 05:00:00,Account,inbound
EMAIL_00720,SYN_P_0011,SYN_P_0253,2026-08-25 23:00:00,Delivery,outbound
EMAIL_00721,SYN_P_0763,SYN_P_0276,2025-04-06 20:00:00,Delivery,outbound
EMAIL_00722,SYN_P_0317,SYN_P_0807,2024-11-14 13:00:00,Delivery,outbound
EMAIL_00723,SYN_P_0356,SYN_P_0883,2024-10-08 09:00:00,Account,outbound
EMAIL_00724,SYN_P_0490,SYN_P_0779,2026-01-17 08:00:00,Invoice,inbound
EMAIL_00725,SYN_P_0977,SYN_P_0787,2024-11-18 03:00:00,Invoice,outbound
EMAIL_00726,SYN_P_0363,SYN_P_1012,2024-06-09 08:00:00,Request,inbound
EMAIL_00727,SYN_P_0436,SYN_P_0498,2024-07-23 22:00:00,Account,inbound
EMAIL_00728,SYN_P_0017,SYN_P_0907,2026-06-06 20:00:00,Invoice,inbound
EMAIL_00729,SYN_P_0034,SYN_P_0594,2025-01-25 03:00:00,Meeting,inbound
EMAIL_00730,SYN_P_0825,SYN_P_0011,2024-10-18 18:00:00,Delivery,inbound
EMAIL_00731,SYN_P_0207,SYN_P_0149,2025-11-13 11:00:00,Meeting,inbound
EMAIL_00732,SYN_P_0420,SYN_P_0718,2025-04-04 02:00:00,Document,inbound
EMAIL_00733,SYN_P_0416,SYN_P_0196,2025-04-28 08:00:00,Delivery,outbound
EMAIL_00734,SYN_P_0055,SYN_P_0614,2024-04-15 23:00:00,Request,inbound
EMAIL_00735,SYN_P_0186,SYN_P_0057,2025-10-19 22:00:00,Document,inbound
EMAIL_00736,SYN_P_0947,SYN_P_0368,2025-11-25 11:00:00,Invoice,inbound
EMAIL_00737,SYN_P_0101,SYN_P_0576,2026-01-28 08:00:00,Meeting,inbound
EMAIL_00738,SYN_P_0143,SYN_P_0144,2026-07-16 02:00:00,Meeting,outbound
EMAIL_00739,SYN_P_0770,SYN_P_0485,2024-06-17 21:00:00,Delivery,inbound
EMAIL_00740,SYN_P_0139,SYN_P_0634,2024-11-10 11:00:00,Request,inbound
EMAIL_00741,SYN_P_0294,SYN_P_0683,2026-10-02 10:00:00,Account,inbound
EMAIL_00742,SYN_P_0717,SYN_P_0177,2024-10-23 18:00:00,Request,outbound
EMAIL_00743,SYN_P_0589,SYN_P_0587,2025-02-14 21:00:00,Meeting,outbound
EMAIL_00744,SYN_P_0514,SYN_P_0665,2024-12-23 09:00:00,Account,outbound
EMAIL_00745,SYN_P_0851,SYN_P_0835,2025-05-21 21:00:00,Account,inbound
EMAIL_00746,SYN_P_0583,SYN_P_0024,2024-05-04 12:00:00,Account,outbound
EMAIL_00747,SYN_P_0090,SYN_P_0634,2025-01-24 00:00:00,Invoice,outbound
EMAIL_00748,SYN_P_0099,SYN_P_0307,2024-01-30 22:00:00,Delivery,inbound
EMAIL_00749,SYN_P_0583,SYN_P_0282,2024-05-30 02:00:00,Delivery,outbound
EMAIL_00750,SYN_P_0022,SYN_P_0850,2025-10-04 10:00:00,Document,inbound
EMAIL_00751,SYN_P_0464,SYN_P_0393,2024-07-03 08:00:00,Invoice,outbound
EMAIL_00752,SYN_P_0251,SYN_P_0020,2024-01-22 20:00:00,Document,inbound
EMAIL_00753,SYN_P_0671,SYN_P_0317,2024-09-19 23:00:00,Meeting,outbound
EMAIL_00754,SYN_P_0197,SYN_P_0470,2024-08-10 00:00:00,Meeting,outbound
EMAIL_00755,SYN_P_0583,SYN_P_0341,2025-02-21 20:00:00,Delivery,outbound
EMAIL_00756,SYN_P_0571,SYN_P_0211,2025-09-10 07:00:00,Invoice,inbound
EMAIL_00757,SYN_P_0381,SYN_P_0416,2024-11-24 19:00:00,Document,outbound
EMAIL_00758,SYN_P_0270,SYN_P_0760,2024-10-01 11:00:00,Delivery,outbound
EMAIL_00759,SYN_P_0806,SYN_P_0200,2026-03-14 19:00:00,Meeting,outbound
EMAIL_00760,SYN_P_0395,SYN_P_0859,2025-05-07 09:00:00,Request,inbound
EMAIL_00761,SYN_P_0235,SYN_P_0116,2025-09-18 14:00:00,Delivery,outbound
EMAIL_00762,SYN_P_0171,SYN_P_0135,2026-05-26 21:00:00,Account,outbound
EMAIL_00763,SYN_P_0828,SYN_P_0233,2024-05-31 09:00:00,Account,outbound
EMAIL_00764,SYN_P_0451,SYN_P_0287,2024-08-12 04:00:00,Document,outbound
EMAIL_00765,SYN_P_0414,SYN_P_0164,2025-08-04 18:00:00,Request,inbound
EMAIL_00766,SYN_P_0246,SYN_P_0248,2025-07-02 00:00:00,Meeting,outbound
EMAIL_00767,SYN_P_0953,SYN_P_0204,2025-05-15 20:00:00,Delivery,outbound
EMAIL_00768,SYN_P_0978,SYN_P_0835,2026-05-04 06:00:00,Delivery,outbound
EMAIL_00769,SYN_P_0803,SYN_P_0083,2024-10-15 09:00:00,Delivery,outbound
EMAIL_00770,SYN_P_0117,SYN_P_0822,2026-02-27 08:00:00,Account,inbound
EMAIL_00771,SYN_P_0610,SYN_P_0892,2024-07-04 18:00:00,Delivery,inbound
EMAIL_00772,SYN_P_0669,SYN_P_0392,2024-07-01 13:00:00,Document,outbound
EMAIL_00773,SYN_P_0448,SYN_P_0575,2024-10-21 07:00:00,Document,inbound
EMAIL_00774,SYN_P_0549,SYN_P_0040,2026-02-10 12:00:00,Account,inbound
EMAIL_00775,SYN_P_0482,SYN_P_0583,2025-02-18 12:00:00,Invoice,inbound
EMAIL_00776,SYN_P_1037,SYN_P_0030,2024-03-06 09:00:00,Account,outbound
EMAIL_00777,SYN_P_0377,SYN_P_0144,2024-01-31 04:00:00,Account,outbound
EMAIL_00778,SYN_P_0518,SYN_P_0157,2026-10-17 18:00:00,Request,outbound
EMAIL_00779,SYN_P_0424,SYN_P_0849,2026-06-17 06:00:00,Invoice,inbound
EMAIL_00780,SYN_P_0318,SYN_P_0117,2024-04-05 00:00:00,Document,outbound
EMAIL_00781,SYN_P_0047,SYN_P_0852,2026-04-11 21:00:00,Delivery,inbound
EMAIL_00782,SYN_P_1013,SYN_P_0482,2026-03-25 13:00:00,Delivery,outbound
EMAIL_00783,SYN_P_0779,SYN_P_0180,2025-08-15 11:00:00,Delivery,outbound
EMAIL_00784,SYN_P_1027,SYN_P_0938,2025-01-08 11:00:00,Meeting,outbound
EMAIL_00785,SYN_P_0641,SYN_P_0966,2025-09-12 14:00:00,Document,outbound
EMAIL_00786,SYN_P_0416,SYN_P_0735,2024-07-09 23:00:00,Invoice,outbound
EMAIL_00787,SYN_P_0361,SYN_P_0143,2024-02-21 14:00:00,Account,inbound
EMAIL_00788,SYN_P_0617,SYN_P_0974,2025-03-31 18:00:00,Request,outbound
EMAIL_00789,SYN_P_0927,SYN_P_0965,2026-06-05 21:00:00,Account,inbound
EMAIL_00790,SYN_P_0936,SYN_P_0391,2024-03-19 18:00:00,Delivery,inbound
EMAIL_00791,SYN_P_0289,SYN_P_0155,2026-07-31 00:00:00,Invoice,inbound
EMAIL_00792,SYN_P_0988,SYN_P_0982,2024-05-23 08:00:00,Account,inbound
EMAIL_00793,SYN_P_0343,SYN_P_0838,2026-09-14 03:00:00,Meeting,outbound
EMAIL_00794,SYN_P_0282,SYN_P_0615,2026-01-10 06:00:00,Meeting,inbound
EMAIL_00795,SYN_P_0268,SYN_P_0246,2024-02-17 12:00:00,Delivery,inbound
EMAIL_00796,SYN_P_0397,SYN_P_0101,2025-11-14 14:00:00,Meeting,inbound
EMAIL_00797,SYN_P_0074,SYN_P_0203,2025-04-14 14:00:00,Delivery,inbound
EMAIL_00798,SYN_P_0070,SYN_P_0182,2025-05-10 22:00:00,Document,inbound
EMAIL_00799,SYN_P_0434,SYN_P_0642,2024-10-10 16:00:00,Invoice,outbound
EMAIL_00800,SYN_P_0621,SYN_P_0773,2026-06-16 01:00:00,Delivery,inbound
EMAIL_00801,SYN_P_0776,SYN_P_0831,2026-07-23 02:00:00,Meeting,inbound
EMAIL_00802,SYN_P_0252,SYN_P_0908,2024-09-09 06:00:00,Invoice,outbound
EMAIL_00803,SYN_P_0686,SYN_P_0906,2026-08-15 01:00:00,Request,outbound
EMAIL_00804,SYN_P_0012,SYN_P_0029,2026-01-27 00:00:00,Account,inbound
EMAIL_00805,SYN_P_0336,SYN_P_0809,2024-12-09 12:00:00,Invoice,inbound
EMAIL_00806,SYN_P_0247,SYN_P_0943,2026-08-26 12:00:00,Delivery,outbound
EMAIL_00807,SYN_P_0894,SYN_P_0358,2025-09-09 18:00:00,Invoice,outbound
EMAIL_00808,SYN_P_0147,SYN_P_0488,2025-10-07 13:00:00,Invoice,inbound
EMAIL_00809,SYN_P_0765,SYN_P_0181,2026-04-16 20:00:00,Meeting,outbound
EMAIL_00810,SYN_P_0379,SYN_P_0940,2026-03-02 16:00:00,Request,inbound
EMAIL_00811,SYN_P_0584,SYN_P_0152,2025-07-07 16:00:00,Account,outbound
EMAIL_00812,SYN_P_0348,SYN_P_0139,2026-08-23 15:00:00,Delivery,inbound
EMAIL_00813,SYN_P_0222,SYN_P_0090,2026-05-04 12:00:00,Request,inbound
EMAIL_00814,SYN_P_0207,SYN_P_0171,2026-04-23 16:00:00,Account,inbound
EMAIL_00815,SYN_P_0841,SYN_P_0575,2026-04-15 12:00:00,Account,inbound
EMAIL_00816,SYN_P_0245,SYN_P_0170,2026-02-23 07:00:00,Account,outbound
EMAIL_00817,SYN_P_0604,SYN_P_0080,2026-08-31 00:00:00,Invoice,inbound
EMAIL_00818,SYN_P_0655,SYN_P_0782,2025-11-22 21:00:00,Invoice,inbound
EMAIL_00819,SYN_P_0905,SYN_P_0611,2026-10-25 07:00:00,Meeting,inbound
EMAIL_00820,SYN_P_0931,SYN_P_0229,2025-03-29 01:00:00,Meeting,outbound
EMAIL_00821,SYN_P_0305,SYN_P_0873,2025-01-22 21:00:00,Document,outbound
EMAIL_00822,SYN_P_0885,SYN_P_0314,2024-09-06 13:00:00,Account,inbound
EMAIL_00823,SYN_P_0611,SYN_P_0009,2024-02-14 09:00:00,Request,outbound
EMAIL_00824,SYN_P_0536,SYN_P_0211,2025-10-15 13:00:00,Account,outbound
EMAIL_00825,SYN_P_0714,SYN_P_0888,2026-08-28 23:00:00,Meeting,outbound
EMAIL_00826,SYN_P_0007,SYN_P_0188,2026-03-12 13:00:00,Invoice,outbound
EMAIL_00827,SYN_P_0094,SYN_P_0567,2025-03-25 04:00:00,Request,inbound
EMAIL_00828,SYN_P_1003,SYN_P_0796,2025-05-09 06:00:00,Request,outbound
EMAIL_00829,SYN_P_0813,SYN_P_0829,2025-11-09 20:00:00,Invoice,inbound
EMAIL_00830,SYN_P_0803,SYN_P_0388,2026-04-07 19:00:00,Account,inbound
EMAIL_00831,SYN_P_0629,SYN_P_0679,2025-10-23 08:00:00,Delivery,inbound
EMAIL_00832,SYN_P_0252,SYN_P_0272,2026-08-13 02:00:00,Delivery,outbound
EMAIL_00833,SYN_P_0942,SYN_P_0450,2024-01-14 02:00:00,Account,outbound
EMAIL_00834,SYN_P_1011,SYN_P_0734,2024-11-03 04:00:00,Delivery,inbound
EMAIL_00835,SYN_P_0502,SYN_P_0420,2024-01-16 17:00:00,Request,outbound
EMAIL_00836,SYN_P_0029,SYN_P_0382,2026-10-27 20:00:00,Account,inbound
EMAIL_00837,SYN_P_0072,SYN_P_0191,2026-01-17 21:00:00,Invoice,outbound
EMAIL_00838,SYN_P_0663,SYN_P_0647,2026-02-02 11:00:00,Document,inbound
EMAIL_00839,SYN_P_0856,SYN_P_0450,2026-06-09 22:00:00,Delivery,inbound
EMAIL_00840,SYN_P_0386,SYN_P_0928,2026-05-23 05:00:00,Meeting,outbound
EMAIL_00841,SYN_P_0584,SYN_P_0931,2025-09-06 13:00:00,Invoice,outbound
EMAIL_00842,SYN_P_1040,SYN_P_0276,2025-12-05 14:00:00,Document,inbound
EMAIL_00843,SYN_P_0440,SYN_P_0025,2024-01-31 16:00:00,Invoice,outbound
EMAIL_00844,SYN_P_0840,SYN_P_0879,2024-12-12 09:00:00,Account,inbound
EMAIL_00845,SYN_P_0883,SYN_P_0347,2024-04-14 17:00:00,Meeting,outbound
EMAIL_00846,SYN_P_1001,SYN_P_0951,2025-08-01 04:00:00,Delivery,outbound
EMAIL_00847,SYN_P_0081,SYN_P_0235,2025-10-23 14:00:00,Account,outbound
EMAIL_00848,SYN_P_0117,SYN_P_0479,2024-12-29 19:00:00,Delivery,inbound
EMAIL_00849,SYN_P_0563,SYN_P_0889,2025-03-09 21:00:00,Meeting,outbound
EMAIL_00850,SYN_P_0325,SYN_P_0073,2026-01-05 23:00:00,Invoice,outbound
EMAIL_00851,SYN_P_0713,SYN_P_0890,2024-06-12 04:00:00,Meeting,outbound
EMAIL_00852,SYN_P_0406,SYN_P_0487,2026-10-16 16:00:00,Account,inbound
EMAIL_00853,SYN_P_0987,SYN_P_0892,2024-04-16 07:00:00,Invoice,inbound
EMAIL_00854,SYN_P_0063,SYN_P_0704,2026-01-06 15:00:00,Account,outbound
EMAIL_00855,SYN_P_0704,SYN_P_0250,2026-10-26 02:00:00,Meeting,outbound
EMAIL_00856,SYN_P_0406,SYN_P_0617,2024-04-16 11:00:00,Request,inbound
EMAIL_00857,SYN_P_0892,SYN_P_0914,2025-01-06 12:00:00,Meeting,inbound
EMAIL_00858,SYN_P_0667,SYN_P_0123,2025-03-05 16:00:00,Account,inbound
EMAIL_00859,SYN_P_0130,SYN_P_0887,2026-06-15 22:00:00,Delivery,outbound
EMAIL_00860,SYN_P_0740,SYN_P_0899,2024-03-31 02:00:00,Document,inbound
EMAIL_00861,SYN_P_0457,SYN_P_0973,2024-12-21 17:00:00,Request,outbound
EMAIL_00862,SYN_P_0362,SYN_P_0319,2026-05-12 03:00:00,Delivery,inbound
EMAIL_00863,SYN_P_0699,SYN_P_0465,2025-11-27 22:00:00,Document,outbound
EMAIL_00864,SYN_P_0012,SYN_P_0780,2026-04-23 11:00:00,Delivery,inbound
EMAIL_00865,SYN_P_0778,SYN_P_0832,2025-10-25 13:00:00,Document,outbound
EMAIL_00866,SYN_P_0616,SYN_P_0027,2025-04-10 04:00:00,Document,inbound
EMAIL_00867,SYN_P_0177,SYN_P_0865,2025-07-07 21:00:00,Request,outbound
EMAIL_00868,SYN_P_0879,SYN_P_0705,2025-11-28 22:00:00,Request,inbound
EMAIL_00869,SYN_P_0187,SYN_P_1006,2026-10-09 06:00:00,Meeting,inbound
EMAIL_00870,SYN_P_0274,SYN_P_0068,2024-09-08 23:00:00,Meeting,inbound
EMAIL_00871,SYN_P_0878,SYN_P_0209,2026-03-17 05:00:00,Invoice,outbound
EMAIL_00872,SYN_P_0296,SYN_P_1034,2026-05-31 14:00:00,Account,inbound
EMAIL_00873,SYN_P_0353,SYN_P_0866,2024-12-20 15:00:00,Meeting,outbound
EMAIL_00874,SYN_P_0347,SYN_P_0430,2025-10-24 10:00:00,Meeting,outbound
EMAIL_00875,SYN_P_0966,SYN_P_0178,2024-08-23 22:00:00,Account,outbound
EMAIL_00876,SYN_P_0411,SYN_P_0797,2024-12-19 18:00:00,Account,outbound
EMAIL_00877,SYN_P_0308,SYN_P_0478,2025-03-28 10:00:00,Meeting,outbound
EMAIL_00878,SYN_P_0326,SYN_P_0265,2025-12-16 04:00:00,Document,outbound
EMAIL_00879,SYN_P_0590,SYN_P_0658,2026-08-25 00:00:00,Meeting,inbound
EMAIL_00880,SYN_P_0828,SYN_P_0115,2024-11-20 22:00:00,Meeting,outbound
EMAIL_00881,SYN_P_0525,SYN_P_1036,2026-03-25 01:00:00,Invoice,outbound
EMAIL_00882,SYN_P_0571,SYN_P_0311,2026-10-09 06:00:00,Document,outbound
EMAIL_00883,SYN_P_0654,SYN_P_0379,2025-11-15 18:00:00,Request,inbound
EMAIL_00884,SYN_P_0790,SYN_P_0650,2026-09-30 14:00:00,Delivery,outbound
EMAIL_00885,SYN_P_0418,SYN_P_0304,2025-01-03 12:00:00,Meeting,outbound
EMAIL_00886,SYN_P_0800,SYN_P_0690,2025-11-03 04:00:00,Invoice,inbound
EMAIL_00887,SYN_P_0982,SYN_P_0436,2024-02-21 11:00:00,Document,outbound
EMAIL_00888,SYN_P_0349,SYN_P_0996,2024-11-08 11:00:00,Meeting,outbound
EMAIL_00889,SYN_P_0945,SYN_P_0577,2026-10-09 04:00:00,Document,outbound
EMAIL_00890,SYN_P_0371,SYN_P_0811,2024-01-26 11:00:00,Delivery,inbound
EMAIL_00891,SYN_P_0214,SYN_P_0456,2024-05-10 12:00:00,Meeting,outbound
EMAIL_00892,SYN_P_0436,SYN_P_0840,2025-03-26 13:00:00,Delivery,inbound
EMAIL_00893,SYN_P_0846,SYN_P_0910,2026-03-27 00:00:00,Invoice,outbound
EMAIL_00894,SYN_P_0786,SYN_P_0363,2024-02-11 19:00:00,Meeting,inbound
EMAIL_00895,SYN_P_0587,SYN_P_0819,2024-02-14 18:00:00,Invoice,inbound
EMAIL_00896,SYN_P_0978,SYN_P_0941,2024-11-20 15:00:00,Document,inbound
EMAIL_00897,SYN_P_0833,SYN_P_0553,2024-12-18 05:00:00,Request,inbound
EMAIL_00898,SYN_P_0919,SYN_P_0759,2025-11-16 06:00:00,Document,inbound
EMAIL_00899,SYN_P_0116,SYN_P_0482,2026-02-20 21:00:00,Document,inbound
EMAIL_00900,SYN_P_0096,SYN_P_0893,2026-09-04 20:00:00,Delivery,inbound
EMAIL_00901,SYN_P_0533,SYN_P_0829,2025-06-26 11:00:00,Invoice,inbound
EMAIL_00902,SYN_P_0522,SYN_P_0518,2025-10-14 11:00:00,Delivery,inbound
EMAIL_00903,SYN_P_0247,SYN_P_0768,2025-07-11 22:00:00,Account,outbound
EMAIL_00904,SYN_P_0120,SYN_P_1011,2026-08-13 08:00:00,Document,inbound
EMAIL_00905,SYN_P_0647,SYN_P_0399,2025-09-20 15:00:00,Document,outbound
EMAIL_00906,SYN_P_0399,SYN_P_0727,2026-07-20 07:00:00,Invoice,inbound
EMAIL_00907,SYN_P_0935,SYN_P_0770,2026-06-17 13:00:00,Delivery,outbound
EMAIL_00908,SYN_P_0052,SYN_P_0987,2024-10-10 23:00:00,Account,inbound
EMAIL_00909,SYN_P_0477,SYN_P_0781,2026-03-16 05:00:00,Invoice,outbound
EMAIL_00910,SYN_P_0073,SYN_P_0702,2025-09-12 13:00:00,Request,inbound
EMAIL_00911,SYN_P_0604,SYN_P_0471,2024-12-20 19:00:00,Document,inbound
EMAIL_00912,SYN_P_0146,SYN_P_0238,2026-10-21 06:00:00,Delivery,outbound
EMAIL_00913,SYN_P_0481,SYN_P_0968,2025-08-20 04:00:00,Account,inbound
EMAIL_00914,SYN_P_0178,SYN_P_0878,2025-08-31 06:00:00,Meeting,outbound
EMAIL_00915,SYN_P_0569,SYN_P_0392,2026-04-19 23:00:00,Account,inbound
EMAIL_00916,SYN_P_0332,SYN_P_0487,2026-03-28 04:00:00,Account,outbound
EMAIL_00917,SYN_P_0166,SYN_P_0151,2024-06-06 04:00:00,Delivery,outbound
EMAIL_00918,SYN_P_0275,SYN_P_0497,2025-12-12 22:00:00,Invoice,inbound
EMAIL_00919,SYN_P_0593,SYN_P_0780,2025-09-07 10:00:00,Delivery,outbound
EMAIL_00920,SYN_P_0418,SYN_P_0516,2024-02-15 11:00:00,Delivery,inbound
EMAIL_00921,SYN_P_0116,SYN_P_0195,2024-06-14 08:00:00,Meeting,inbound
EMAIL_00922,SYN_P_0094,SYN_P_1002,2026-11-06 01:00:00,Request,inbound
EMAIL_00923,SYN_P_0186,SYN_P_0551,2025-08-31 07:00:00,Account,outbound
EMAIL_00924,SYN_P_0587,SYN_P_0374,2026-06-25 02:00:00,Request,inbound
EMAIL_00925,SYN_P_0772,SYN_P_0140,2025-10-23 13:00:00,Request,outbound
EMAIL_00926,SYN_P_0640,SYN_P_0218,2024-11-20 12:00:00,Meeting,inbound
EMAIL_00927,SYN_P_0104,SYN_P_0230,2024-12-23 01:00:00,Meeting,inbound
EMAIL_00928,SYN_P_0678,SYN_P_0685,2024-03-20 20:00:00,Request,inbound
EMAIL_00929,SYN_P_0551,SYN_P_0622,2025-04-07 14:00:00,Delivery,inbound
EMAIL_00930,SYN_P_0304,SYN_P_0657,2026-03-01 12:00:00,Request,inbound
EMAIL_00931,SYN_P_0593,SYN_P_0272,2025-01-14 22:00:00,Delivery,outbound
EMAIL_00932,SYN_P_0269,SYN_P_0265,2026-03-06 09:00:00,Meeting,inbound
EMAIL_00933,SYN_P_0540,SYN_P_0819,2025-07-14 06:00:00,Delivery,inbound
EMAIL_00934,SYN_P_0648,SYN_P_0079,2024-09-26 09:00:00,Document,outbound
EMAIL_00935,SYN_P_0751,SYN_P_0636,2024-06-02 16:00:00,Delivery,outbound
EMAIL_00936,SYN_P_0712,SYN_P_0962,2025-04-21 10:00:00,Request,inbound
EMAIL_00937,SYN_P_0643,SYN_P_0801,2025-04-19 10:00:00,Invoice,outbound
EMAIL_00938,SYN_P_0256,SYN_P_0353,2025-12-23 23:00:00,Invoice,outbound
EMAIL_00939,SYN_P_0718,SYN_P_0229,2024-05-11 00:00:00,Delivery,outbound
EMAIL_00940,SYN_P_0746,SYN_P_0386,2025-06-22 03:00:00,Invoice,outbound
EMAIL_00941,SYN_P_0607,SYN_P_0852,2025-10-08 00:00:00,Delivery,inbound
EMAIL_00942,SYN_P_0565,SYN_P_0250,2026-02-28 21:00:00,Meeting,inbound
EMAIL_00943,SYN_P_0782,SYN_P_0725,2026-04-15 07:00:00,Delivery,outbound
EMAIL_00944,SYN_P_0667,SYN_P_0158,2025-11-19 15:00:00,Invoice,outbound
EMAIL_00945,SYN_P_0293,SYN_P_0352,2024-07-09 21:00:00,Document,outbound
EMAIL_00946,SYN_P_0701,SYN_P_1015,2025-05-21 14:00:00,Invoice,outbound
EMAIL_00947,SYN_P_0332,SYN_P_0923,2026-10-22 06:00:00,Invoice,inbound
EMAIL_00948,SYN_P_0673,SYN_P_0852,2026-05-29 06:00:00,Invoice,outbound
EMAIL_00949,SYN_P_0400,SYN_P_0928,2025-09-03 18:00:00,Meeting,outbound
EMAIL_00950,SYN_P_1030,SYN_P_0839,2025-02-21 14:00:00,Account,inbound
EMAIL_00951,SYN_P_0356,SYN_P_0909,2026-10-25 12:00:00,Invoice,outbound
EMAIL_00952,SYN_P_1033,SYN_P_0529,2024-01-28 09:00:00,Delivery,inbound
EMAIL_00953,SYN_P_0703,SYN_P_0541,2024-07-29 12:00:00,Meeting,outbound
EMAIL_00954,SYN_P_0964,SYN_P_0321,2026-04-02 00:00:00,Account,outbound
EMAIL_00955,SYN_P_0377,SYN_P_0967,2025-12-27 20:00:00,Account,inbound
EMAIL_00956,SYN_P_0232,SYN_P_0469,2026-06-20 01:00:00,Meeting,outbound
EMAIL_00957,SYN_P_0811,SYN_P_0147,2026-10-19 10:00:00,Delivery,inbound
EMAIL_00958,SYN_P_0410,SYN_P_0900,2024-12-22 09:00:00,Account,outbound
EMAIL_00959,SYN_P_0656,SYN_P_0679,2025-11-15 21:00:00,Request,outbound
EMAIL_00960,SYN_P_0723,SYN_P_0563,2024-03-10 22:00:00,Meeting,inbound
EMAIL_00961,SYN_P_0577,SYN_P_0294,2025-09-19 16:00:00,Document,outbound
EMAIL_00962,SYN_P_1036,SYN_P_0868,2024-12-26 00:00:00,Invoice,inbound
EMAIL_00963,SYN_P_0751,SYN_P_0510,2026-10-27 14:00:00,Account,outbound
EMAIL_00964,SYN_P_0463,SYN_P_0896,2025-12-21 13:00:00,Account,outbound
EMAIL_00965,SYN_P_0324,SYN_P_0071,2026-07-29 06:00:00,Delivery,outbound
EMAIL_00966,SYN_P_0257,SYN_P_0719,2024-04-05 17:00:00,Meeting,inbound
EMAIL_00967,SYN_P_0706,SYN_P_0953,2026-08-07 16:00:00,Request,inbound
EMAIL_00968,SYN_P_0571,SYN_P_0957,2024-05-24 17:00:00,Request,outbound
EMAIL_00969,SYN_P_0533,SYN_P_0226,2024-05-10 01:00:00,Invoice,outbound
EMAIL_00970,SYN_P_0545,SYN_P_0654,2024-01-20 13:00:00,Account,outbound
EMAIL_00971,SYN_P_0822,SYN_P_0155,2025-03-28 11:00:00,Invoice,inbound
EMAIL_00972,SYN_P_0378,SYN_P_0213,2026-04-06 16:00:00,Account,outbound
EMAIL_00973,SYN_P_0849,SYN_P_0224,2025-01-03 01:00:00,Delivery,inbound
EMAIL_00974,SYN_P_0278,SYN_P_0299,2024-01-18 13:00:00,Meeting,inbound
EMAIL_00975,SYN_P_0943,SYN_P_0750,2024-12-10 03:00:00,Delivery,outbound
EMAIL_00976,SYN_P_0065,SYN_P_0492,2025-04-10 08:00:00,Request,inbound
EMAIL_00977,SYN_P_0316,SYN_P_0269,2025-09-07 14:00:00,Delivery,outbound
EMAIL_00978,SYN_P_0829,SYN_P_0516,2025-10-21 16:00:00,Invoice,outbound
EMAIL_00979,SYN_P_0166,SYN_P_0280,2026-09-02 13:00:00,Request,outbound
EMAIL_00980,SYN_P_0682,SYN_P_1023,2024-05-06 12:00:00,Account,outbound
EMAIL_00981,SYN_P_0153,SYN_P_0087,2024-10-30 20:00:00,Invoice,outbound
EMAIL_00982,SYN_P_0084,SYN_P_0435,2024-09-22 01:00:00,Document,inbound
EMAIL_00983,SYN_P_0003,SYN_P_0449,2025-03-25 02:00:00,Invoice,inbound
EMAIL_00984,SYN_P_0749,SYN_P_0994,2026-04-21 02:00:00,Delivery,outbound
EMAIL_00985,SYN_P_0827,SYN_P_0540,2026-10-04 14:00:00,Meeting,outbound
EMAIL_00986,SYN_P_0427,SYN_P_0998,2026-04-22 00:00:00,Invoice,outbound
EMAIL_00987,SYN_P_0647,SYN_P_0797,2026-03-02 09:00:00,Request,inbound
EMAIL_00988,SYN_P_0173,SYN_P_0737,2024-02-17 02:00:00,Request,inbound
EMAIL_00989,SYN_P_0069,SYN_P_0914,2025-07-09 04:00:00,Account,inbound
EMAIL_00990,SYN_P_0222,SYN_P_0980,2025-12-26 07:00:00,Meeting,inbound
EMAIL_00991,SYN_P_0628,SYN_P_0811,2026-07-03 21:00:00,Delivery,outbound
EMAIL_00992,SYN_P_1029,SYN_P_0005,2024-10-22 01:00:00,Account,inbound
EMAIL_00993,SYN_P_0294,SYN_P_0393,2024-03-24 17:00:00,Invoice,inbound
EMAIL_00994,SYN_P_0222,SYN_P_0691,2024-12-09 00:00:00,Account,outbound
EMAIL_00995,SYN_P_0841,SYN_P_0013,2024-05-11 07:00:00,Delivery,inbound
EMAIL_00996,SYN_P_0322,SYN_P_0921,2024-08-02 01:00:00,Meeting,outbound
EMAIL_00997,SYN_P_0034,SYN_P_0881,2026-07-24 15:00:00,Request,inbound
EMAIL_00998,SYN_P_1025,SYN_P_0993,2025-11-15 12:00:00,Delivery,outbound
EMAIL_00999,SYN_P_0118,SYN_P_0823,2024-12-07 16:00:00,Account,inbound
EMAIL_01000,SYN_P_0731,SYN_P_0371,2026-01-19 16:00:00,Invoice,inbound
EMAIL_01001,SYN_P_0652,SYN_P_0582,2024-09-03 04:00:00,Invoice,outbound
EMAIL_01002,SYN_P_0639,SYN_P_0354,2026-03-04 12:00:00,Account,inbound
EMAIL_01003,SYN_P_0946,SYN_P_0447,2026-01-06 19:00:00,Document,outbound
EMAIL_01004,SYN_P_0553,SYN_P_0255,2024-11-09 23:00:00,Request,outbound
EMAIL_01005,SYN_P_0452,SYN_P_0232,2025-01-26 10:00:00,Invoice,inbound
EMAIL_01006,SYN_P_0568,SYN_P_0724,2025-08-12 04:00:00,Request,outbound
EMAIL_01007,SYN_P_0328,SYN_P_0669,2026-04-25 10:00:00,Document,inbound
EMAIL_01008,SYN_P_0099,SYN_P_0251,2026-11-03 21:00:00,Request,outbound
EMAIL_01009,SYN_P_0765,SYN_P_0433,2025-11-29 20:00:00,Document,outbound
EMAIL_01010,SYN_P_0993,SYN_P_0277,2024-10-12 17:00:00,Account,outbound
EMAIL_01011,SYN_P_0247,SYN_P_0673,2025-09-12 14:00:00,Document,inbound
EMAIL_01012,SYN_P_0999,SYN_P_0660,2024-05-08 02:00:00,Meeting,inbound
EMAIL_01013,SYN_P_0179,SYN_P_0991,2026-07-11 00:00:00,Request,inbound
EMAIL_01014,SYN_P_0447,SYN_P_0444,2026-06-17 10:00:00,Request,outbound
EMAIL_01015,SYN_P_0208,SYN_P_0079,2025-02-14 22:00:00,Document,outbound
EMAIL_01016,SYN_P_0342,SYN_P_0350,2025-01-18 17:00:00,Document,inbound
EMAIL_01017,SYN_P_0026,SYN_P_0802,2024-12-13 17:00:00,Delivery,outbound
EMAIL_01018,SYN_P_0491,SYN_P_0633,2024-06-16 11:00:00,Account,inbound
EMAIL_01019,SYN_P_0065,SYN_P_0347,2025-11-16 12:00:00,Invoice,outbound
EMAIL_01020,SYN_P_0803,SYN_P_0999,2025-04-01 10:00:00,Document,outbound
EMAIL_01021,SYN_P_0264,SYN_P_0301,2024-01-21 20:00:00,Request,outbound
EMAIL_01022,SYN_P_0527,SYN_P_0805,2024-03-12 02:00:00,Account,inbound
EMAIL_01023,SYN_P_0372,SYN_P_0875,2024-10-07 05:00:00,Meeting,inbound
EMAIL_01024,SYN_P_0515,SYN_P_0281,2026-10-04 18:00:00,Delivery,inbound
EMAIL_01025,SYN_P_0248,SYN_P_0345,2026-01-05 08:00:00,Delivery,outbound
EMAIL_01026,SYN_P_0502,SYN_P_0421,2024-06-08 21:00:00,Invoice,outbound
EMAIL_01027,SYN_P_0355,SYN_P_0102,2024-02-25 04:00:00,Request,outbound
EMAIL_01028,SYN_P_0086,SYN_P_0757,2026-01-17 06:00:00,Invoice,outbound
EMAIL_01029,SYN_P_0910,SYN_P_0769,2026-03-23 03:00:00,Meeting,outbound
EMAIL_01030,SYN_P_0509,SYN_P_0782,2024-03-20 10:00:00,Document,outbound
EMAIL_01031,SYN_P_0209,SYN_P_0867,2024-06-04 03:00:00,Account,outbound
EMAIL_01032,SYN_P_0663,SYN_P_0959,2025-06-12 00:00:00,Meeting,inbound
EMAIL_01033,SYN_P_1016,SYN_P_0311,2026-08-19 07:00:00,Document,inbound
EMAIL_01034,SYN_P_0675,SYN_P_0167,2026-04-07 14:00:00,Invoice,outbound
EMAIL_01035,SYN_P_0674,SYN_P_0601,2025-12-06 21:00:00,Delivery,outbound
EMAIL_01036,SYN_P_0064,SYN_P_0426,2024-04-11 11:00:00,Invoice,outbound
EMAIL_01037,SYN_P_0900,SYN_P_0915,2024-11-30 15:00:00,Invoice,inbound
EMAIL_01038,SYN_P_0587,SYN_P_0033,2026-03-07 08:00:00,Account,inbound
EMAIL_01039,SYN_P_0753,SYN_P_0770,2024-10-18 06:00:00,Delivery,outbound
EMAIL_01040,SYN_P_0035,SYN_P_0039,2024-09-28 07:00:00,Delivery,outbound
EMAIL_01041,SYN_P_0545,SYN_P_1034,2025-02-15 04:00:00,Delivery,inbound
EMAIL_01042,SYN_P_0901,SYN_P_0463,2024-04-19 20:00:00,Request,inbound
EMAIL_01043,SYN_P_0943,SYN_P_0661,2024-10-12 18:00:00,Meeting,inbound
EMAIL_01044,SYN_P_0886,SYN_P_0378,2024-11-08 23:00:00,Account,outbound
EMAIL_01045,SYN_P_0153,SYN_P_0983,2025-05-24 01:00:00,Document,inbound
EMAIL_01046,SYN_P_0805,SYN_P_0449,2026-06-02 23:00:00,Request,inbound
EMAIL_01047,SYN_P_0432,SYN_P_0310,2026-09-28 06:00:00,Invoice,outbound
EMAIL_01048,SYN_P_0643,SYN_P_0192,2024-10-20 00:00:00,Invoice,outbound
EMAIL_01049,SYN_P_0981,SYN_P_0624,2026-09-28 15:00:00,Account,inbound
EMAIL_01050,SYN_P_0620,SYN_P_0669,2026-04-17 16:00:00,Document,inbound
EMAIL_01051,SYN_P_0858,SYN_P_0311,2025-12-01 12:00:00,Account,inbound
EMAIL_01052,SYN_P_0132,SYN_P_0538,2024-11-13 11:00:00,Delivery,outbound
EMAIL_01053,SYN_P_0886,SYN_P_0856,2024-03-26 13:00:00,Request,outbound
EMAIL_01054,SYN_P_0232,SYN_P_0022,2024-08-27 04:00:00,Request,inbound
EMAIL_01055,SYN_P_1008,SYN_P_0279,2024-07-20 08:00:00,Request,outbound
EMAIL_01056,SYN_P_0669,SYN_P_0679,2024-10-03 02:00:00,Meeting,inbound
EMAIL_01057,SYN_P_0029,SYN_P_0686,2024-10-26 02:00:00,Account,inbound
EMAIL_01058,SYN_P_1023,SYN_P_0089,2025-01-19 11:00:00,Meeting,outbound
EMAIL_01059,SYN_P_0277,SYN_P_0430,2026-02-02 05:00:00,Delivery,inbound
EMAIL_01060,SYN_P_0654,SYN_P_0136,2025-02-20 20:00:00,Request,outbound
EMAIL_01061,SYN_P_0224,SYN_P_0592,2025-09-12 05:00:00,Document,outbound
EMAIL_01062,SYN_P_0269,SYN_P_0247,2025-07-31 22:00:00,Invoice,outbound
EMAIL_01063,SYN_P_0094,SYN_P_0108,2024-03-17 10:00:00,Document,outbound
EMAIL_01064,SYN_P_0954,SYN_P_1021,2024-12-03 19:00:00,Document,outbound
EMAIL_01065,SYN_P_0910,SYN_P_0137,2024-04-18 10:00:00,Delivery,outbound
EMAIL_01066,SYN_P_0375,SYN_P_0738,2026-06-11 00:00:00,Meeting,outbound
EMAIL_01067,SYN_P_1009,SYN_P_0575,2025-08-04 23:00:00,Document,inbound
EMAIL_01068,SYN_P_0887,SYN_P_0260,2024-12-02 04:00:00,Account,inbound
EMAIL_01069,SYN_P_0737,SYN_P_0281,2024-08-12 03:00:00,Invoice,inbound
EMAIL_01070,SYN_P_0387,SYN_P_0627,2024-11-22 07:00:00,Account,inbound
EMAIL_01071,SYN_P_0457,SYN_P_0038,2026-06-16 14:00:00,Meeting,inbound
EMAIL_01072,SYN_P_0497,SYN_P_0081,2026-02-24 03:00:00,Document,outbound
EMAIL_01073,SYN_P_0033,SYN_P_0756,2026-10-31 18:00:00,Document,outbound
EMAIL_01074,SYN_P_0904,SYN_P_0449,2024-12-28 14:00:00,Account,outbound
EMAIL_01075,SYN_P_1026,SYN_P_0057,2024-08-27 19:00:00,Meeting,inbound
EMAIL_01076,SYN_P_0597,SYN_P_0465,2025-10-26 07:00:00,Invoice,inbound
EMAIL_01077,SYN_P_1017,SYN_P_0568,2024-12-31 09:00:00,Meeting,outbound
EMAIL_01078,SYN_P_0564,SYN_P_0555,2025-01-30 03:00:00,Delivery,outbound
EMAIL_01079,SYN_P_0406,SYN_P_0933,2024-04-26 06:00:00,Invoice,outbound
EMAIL_01080,SYN_P_1019,SYN_P_0696,2026-05-07 12:00:00,Account,outbound
EMAIL_01081,SYN_P_0340,SYN_P_0315,2024-03-31 16:00:00,Account,outbound
EMAIL_01082,SYN_P_0741,SYN_P_0386,2024-12-24 23:00:00,Document,inbound
EMAIL_01083,SYN_P_0164,SYN_P_0140,2025-06-09 13:00:00,Account,inbound
EMAIL_01084,SYN_P_0931,SYN_P_0355,2025-10-24 01:00:00,Invoice,outbound
EMAIL_01085,SYN_P_0064,SYN_P_0778,2025-02-17 12:00:00,Meeting,inbound
EMAIL_01086,SYN_P_0685,SYN_P_0213,2024-06-28 21:00:00,Document,outbound
EMAIL_01087,SYN_P_0841,SYN_P_0886,2026-08-05 19:00:00,Meeting,outbound
EMAIL_01088,SYN_P_0996,SYN_P_0555,2024-03-17 01:00:00,Delivery,outbound
EMAIL_01089,SYN_P_0823,SYN_P_0627,2025-03-18 03:00:00,Account,inbound
EMAIL_01090,SYN_P_0932,SYN_P_0150,2025-05-02 14:00:00,Document,inbound
EMAIL_01091,SYN_P_0955,SYN_P_0037,2026-11-07 03:00:00,Document,outbound
EMAIL_01092,SYN_P_0769,SYN_P_0417,2025-04-15 02:00:00,Invoice,inbound
EMAIL_01093,SYN_P_0527,SYN_P_0205,2024-09-01 19:00:00,Account,outbound
EMAIL_01094,SYN_P_0137,SYN_P_0383,2024-07-12 02:00:00,Meeting,inbound
EMAIL_01095,SYN_P_0251,SYN_P_0347,2026-08-30 02:00:00,Request,outbound
EMAIL_01096,SYN_P_0728,SYN_P_0418,2024-04-22 15:00:00,Request,inbound
EMAIL_01097,SYN_P_0699,SYN_P_1022,2025-08-20 15:00:00,Delivery,outbound
EMAIL_01098,SYN_P_0680,SYN_P_0597,2025-09-01 07:00:00,Meeting,outbound
EMAIL_01099,SYN_P_0528,SYN_P_0556,2024-10-14 21:00:00,Delivery,outbound
EMAIL_01100,SYN_P_1018,SYN_P_0296,2024-11-08 08:00:00,Invoice,inbound
EMAIL_01101,SYN_P_0710,SYN_P_0024,2024-12-12 01:00:00,Invoice,outbound
EMAIL_01102,SYN_P_0297,SYN_P_0102,2026-04-23 12:00:00,Delivery,inbound
EMAIL_01103,SYN_P_0456,SYN_P_0527,2024-07-20 07:00:00,Invoice,inbound
EMAIL_01104,SYN_P_0135,SYN_P_1008,2025-09-08 09:00:00,Request,inbound
EMAIL_01105,SYN_P_0365,SYN_P_0787,2024-10-02 01:00:00,Account,outbound
EMAIL_01106,SYN_P_0125,SYN_P_0294,2024-10-30 22:00:00,Delivery,inbound
EMAIL_01107,SYN_P_0393,SYN_P_0389,2025-11-03 20:00:00,Meeting,outbound
EMAIL_01108,SYN_P_0168,SYN_P_0650,2025-11-13 11:00:00,Invoice,outbound
EMAIL_01109,SYN_P_1039,SYN_P_0526,2024-04-24 00:00:00,Delivery,outbound
EMAIL_01110,SYN_P_0205,SYN_P_0277,2025-07-13 06:00:00,Invoice,outbound
EMAIL_01111,SYN_P_0511,SYN_P_0419,2025-10-29 14:00:00,Meeting,outbound
EMAIL_01112,SYN_P_0004,SYN_P_0215,2025-08-19 11:00:00,Invoice,outbound
EMAIL_01113,SYN_P_0525,SYN_P_0045,2025-02-09 18:00:00,Meeting,outbound
EMAIL_01114,SYN_P_0534,SYN_P_0521,2025-04-22 17:00:00,Document,inbound
EMAIL_01115,SYN_P_0772,SYN_P_0276,2024-10-05 14:00:00,Document,outbound
EMAIL_01116,SYN_P_0419,SYN_P_0325,2025-06-13 18:00:00,Document,outbound
EMAIL_01117,SYN_P_0132,SYN_P_0908,2024-11-22 12:00:00,Invoice,outbound
EMAIL_01118,SYN_P_0097,SYN_P_0582,2025-05-20 05:00:00,Invoice,outbound
EMAIL_01119,SYN_P_0767,SYN_P_0545,2026-02-05 08:00:00,Meeting,inbound
EMAIL_01120,SYN_P_0597,SYN_P_0896,2026-05-09 19:00:00,Invoice,inbound
EMAIL_01121,SYN_P_0656,SYN_P_0476,2025-08-27 16:00:00,Delivery,outbound
EMAIL_01122,SYN_P_0122,SYN_P_0473,2024-01-12 04:00:00,Invoice,outbound
EMAIL_01123,SYN_P_0448,SYN_P_0651,2026-10-06 09:00:00,Request,outbound
EMAIL_01124,SYN_P_0290,SYN_P_0960,2026-05-14 05:00:00,Invoice,inbound
EMAIL_01125,SYN_P_0705,SYN_P_1000,2026-08-22 09:00:00,Account,inbound
EMAIL_01126,SYN_P_0413,SYN_P_0677,2025-01-22 15:00:00,Document,outbound
EMAIL_01127,SYN_P_0461,SYN_P_0826,2024-09-10 23:00:00,Delivery,outbound
EMAIL_01128,SYN_P_0867,SYN_P_0325,2024-11-09 04:00:00,Invoice,outbound
EMAIL_01129,SYN_P_0937,SYN_P_0179,2026-08-19 23:00:00,Delivery,outbound
EMAIL_01130,SYN_P_0220,SYN_P_0068,2024-02-21 16:00:00,Request,outbound
EMAIL_01131,SYN_P_0310,SYN_P_0566,2025-04-25 10:00:00,Invoice,outbound
EMAIL_01132,SYN_P_0695,SYN_P_0191,2024-09-07 13:00:00,Request,inbound
EMAIL_01133,SYN_P_0443,SYN_P_0560,2025-02-04 23:00:00,Delivery,outbound
EMAIL_01134,SYN_P_0557,SYN_P_0507,2024-05-22 17:00:00,Request,inbound
EMAIL_01135,SYN_P_0874,SYN_P_0179,2025-06-09 22:00:00,Document,inbound
EMAIL_01136,SYN_P_0201,SYN_P_0362,2025-02-24 11:00:00,Delivery,inbound
EMAIL_01137,SYN_P_0478,SYN_P_0458,2026-02-02 03:00:00,Meeting,inbound
EMAIL_01138,SYN_P_0578,SYN_P_0746,2026-01-17 04:00:00,Meeting,inbound
EMAIL_01139,SYN_P_0379,SYN_P_0950,2024-04-11 17:00:00,Delivery,outbound
EMAIL_01140,SYN_P_0833,SYN_P_0235,2026-11-02 10:00:00,Invoice,inbound
EMAIL_01141,SYN_P_0050,SYN_P_0382,2024-05-31 08:00:00,Account,inbound
EMAIL_01142,SYN_P_0122,SYN_P_0464,2024-03-13 11:00:00,Delivery,inbound
EMAIL_01143,SYN_P_0515,SYN_P_0719,2026-06-10 11:00:00,Request,inbound
EMAIL_01144,SYN_P_0033,SYN_P_0818,2025-01-27 15:00:00,Delivery,outbound
EMAIL_01145,SYN_P_0287,SYN_P_0668,2026-01-25 00:00:00,Invoice,inbound
EMAIL_01146,SYN_P_0578,SYN_P_0695,2024-12-19 21:00:00,Meeting,outbound
EMAIL_01147,SYN_P_0102,SYN_P_0507,2025-01-23 23:00:00,Invoice,inbound
EMAIL_01148,SYN_P_0002,SYN_P_0253,2024-03-29 16:00:00,Document,outbound
EMAIL_01149,SYN_P_0635,SYN_P_0999,2025-06-20 18:00:00,Meeting,outbound
EMAIL_01150,SYN_P_0527,SYN_P_0715,2026-09-02 04:00:00,Account,inbound
EMAIL_01151,SYN_P_0201,SYN_P_0051,2025-03-11 11:00:00,Delivery,outbound
EMAIL_01152,SYN_P_0577,SYN_P_0900,2025-11-15 06:00:00,Request,inbound
EMAIL_01153,SYN_P_0395,SYN_P_0368,2025-11-14 23:00:00,Meeting,outbound
EMAIL_01154,SYN_P_1030,SYN_P_0674,2026-06-13 00:00:00,Meeting,inbound
EMAIL_01155,SYN_P_0015,SYN_P_0446,2025-11-08 01:00:00,Delivery,outbound
EMAIL_01156,SYN_P_0929,SYN_P_0986,2026-05-26 14:00:00,Meeting,inbound
EMAIL_01157,SYN_P_0026,SYN_P_1028,2026-06-20 23:00:00,Invoice,outbound
EMAIL_01158,SYN_P_0218,SYN_P_0237,2025-08-22 21:00:00,Account,outbound
EMAIL_01159,SYN_P_0789,SYN_P_0493,2026-09-12 09:00:00,Account,outbound
EMAIL_01160,SYN_P_0020,SYN_P_0082,2024-05-09 02:00:00,Document,outbound
EMAIL_01161,SYN_P_0189,SYN_P_0632,2024-01-25 17:00:00,Request,outbound
EMAIL_01162,SYN_P_0847,SYN_P_1027,2025-03-22 01:00:00,Invoice,outbound
EMAIL_01163,SYN_P_0576,SYN_P_0334,2025-11-06 12:00:00,Meeting,inbound
EMAIL_01164,SYN_P_0270,SYN_P_0633,2024-12-21 21:00:00,Account,inbound
EMAIL_01165,SYN_P_0424,SYN_P_0558,2025-01-21 01:00:00,Request,inbound
EMAIL_01166,SYN_P_0070,SYN_P_0586,2026-01-16 11:00:00,Invoice,outbound
EMAIL_01167,SYN_P_0103,SYN_P_0712,2025-08-01 18:00:00,Delivery,inbound
EMAIL_01168,SYN_P_0775,SYN_P_0476,2025-07-21 13:00:00,Delivery,outbound
EMAIL_01169,SYN_P_0837,SYN_P_0840,2026-05-18 19:00:00,Delivery,inbound
EMAIL_01170,SYN_P_0746,SYN_P_0565,2026-09-08 23:00:00,Meeting,inbound
EMAIL_01171,SYN_P_0996,SYN_P_0226,2024-03-08 19:00:00,Account,inbound
EMAIL_01172,SYN_P_0018,SYN_P_0253,2025-10-14 00:00:00,Account,outbound
EMAIL_01173,SYN_P_0163,SYN_P_0203,2026-09-20 18:00:00,Meeting,outbound
EMAIL_01174,SYN_P_0547,SYN_P_0618,2026-07-08 03:00:00,Account,inbound
EMAIL_01175,SYN_P_0683,SYN_P_0137,2024-09-02 02:00:00,Meeting,inbound
EMAIL_01176,SYN_P_0169,SYN_P_0931,2024-09-12 12:00:00,Account,inbound
EMAIL_01177,SYN_P_0952,SYN_P_0819,2025-10-06 05:00:00,Request,inbound
EMAIL_01178,SYN_P_0226,SYN_P_0314,2024-12-06 20:00:00,Invoice,inbound
EMAIL_01179,SYN_P_0769,SYN_P_0217,2024-04-02 16:00:00,Request,outbound
EMAIL_01180,SYN_P_0449,SYN_P_0573,2025-12-30 17:00:00,Delivery,inbound
EMAIL_01181,SYN_P_0455,SYN_P_0921,2024-03-18 01:00:00,Document,outbound
EMAIL_01182,SYN_P_0557,SYN_P_0537,2026-08-18 13:00:00,Account,inbound
EMAIL_01183,SYN_P_0196,SYN_P_0031,2025-12-23 03:00:00,Invoice,inbound
EMAIL_01184,SYN_P_0785,SYN_P_0638,2024-11-18 23:00:00,Request,outbound
EMAIL_01185,SYN_P_0200,SYN_P_0215,2026-03-12 16:00:00,Meeting,outbound
EMAIL_01186,SYN_P_0424,SYN_P_0455,2024-03-23 08:00:00,Request,outbound
EMAIL_01187,SYN_P_0107,SYN_P_0792,2025-10-29 09:00:00,Account,inbound
EMAIL_01188,SYN_P_0772,SYN_P_1026,2026-09-01 19:00:00,Invoice,outbound
EMAIL_01189,SYN_P_0002,SYN_P_0974,2026-05-24 10:00:00,Delivery,inbound
EMAIL_01190,SYN_P_0256,SYN_P_0188,2024-10-26 12:00:00,Request,outbound
EMAIL_01191,SYN_P_0627,SYN_P_0121,2025-07-13 10:00:00,Meeting,inbound
EMAIL_01192,SYN_P_1000,SYN_P_0620,2026-03-15 09:00:00,Invoice,inbound
EMAIL_01193,SYN_P_0571,SYN_P_0743,2025-03-15 10:00:00,Delivery,inbound
EMAIL_01194,SYN_P_0164,SYN_P_0693,2026-03-28 08:00:00,Delivery,inbound
EMAIL_01195,SYN_P_0813,SYN_P_0843,2024-08-09 23:00:00,Delivery,inbound
EMAIL_01196,SYN_P_0862,SYN_P_0775,2024-09-21 03:00:00,Document,outbound
EMAIL_01197,SYN_P_0516,SYN_P_0886,2026-07-24 15:00:00,Account,outbound
EMAIL_01198,SYN_P_0120,SYN_P_0467,2024-07-23 20:00:00,Invoice,inbound
EMAIL_01199,SYN_P_0440,SYN_P_0099,2025-06-07 20:00:00,Delivery,outbound
EMAIL_01200,SYN_P_1027,SYN_P_0702,2025-11-21 06:00:00,Document,inbound
EMAIL_01201,SYN_P_0530,SYN_P_0187,2026-10-23 20:00:00,Delivery,outbound
EMAIL_01202,SYN_P_0061,SYN_P_0442,2024-02-11 16:00:00,Meeting,inbound
EMAIL_01203,SYN_P_0940,SYN_P_0862,2025-02-06 16:00:00,Account,outbound
EMAIL_01204,SYN_P_0174,SYN_P_0472,2024-08-11 06:00:00,Request,outbound
EMAIL_01205,SYN_P_0418,SYN_P_0449,2025-08-05 08:00:00,Invoice,inbound
EMAIL_01206,SYN_P_0906,SYN_P_0121,2024-01-28 10:00:00,Account,outbound
EMAIL_01207,SYN_P_0162,SYN_P_0982,2025-08-28 04:00:00,Document,inbound
EMAIL_01208,SYN_P_0055,SYN_P_0328,2026-09-09 02:00:00,Invoice,outbound
EMAIL_01209,SYN_P_0557,SYN_P_0361,2026-06-25 13:00:00,Request,outbound
EMAIL_01210,SYN_P_0438,SYN_P_0025,2025-07-10 00:00:00,Request,inbound
EMAIL_01211,SYN_P_0187,SYN_P_0412,2024-05-03 08:00:00,Request,outbound
EMAIL_01212,SYN_P_0181,SYN_P_1007,2025-06-28 20:00:00,Request,outbound
EMAIL_01213,SYN_P_0219,SYN_P_0235,2024-02-15 19:00:00,Meeting,outbound
EMAIL_01214,SYN_P_0030,SYN_P_0039,2024-08-18 11:00:00,Account,inbound
EMAIL_01215,SYN_P_0412,SYN_P_0645,2026-08-06 06:00:00,Account,outbound
EMAIL_01216,SYN_P_0227,SYN_P_0917,2025-08-15 11:00:00,Document,outbound
EMAIL_01217,SYN_P_0166,SYN_P_0972,2025-07-16 11:00:00,Invoice,outbound
EMAIL_01218,SYN_P_0805,SYN_P_0126,2026-10-05 03:00:00,Account,outbound
EMAIL_01219,SYN_P_0239,SYN_P_1023,2025-02-18 07:00:00,Meeting,outbound
EMAIL_01220,SYN_P_0796,SYN_P_0266,2026-03-08 23:00:00,Request,outbound
EMAIL_01221,SYN_P_0521,SYN_P_0661,2024-05-06 16:00:00,Invoice,inbound
EMAIL_01222,SYN_P_0775,SYN_P_0263,2025-04-17 21:00:00,Delivery,inbound
EMAIL_01223,SYN_P_0061,SYN_P_0989,2026-01-30 00:00:00,Invoice,outbound
EMAIL_01224,SYN_P_0650,SYN_P_1029,2025-11-27 10:00:00,Delivery,outbound
EMAIL_01225,SYN_P_0215,SYN_P_0518,2024-03-13 07:00:00,Request,outbound
EMAIL_01226,SYN_P_0140,SYN_P_0281,2026-07-06 03:00:00,Delivery,outbound
EMAIL_01227,SYN_P_0463,SYN_P_0954,2025-03-29 13:00:00,Delivery,inbound
EMAIL_01228,SYN_P_0114,SYN_P_0759,2026-01-17 18:00:00,Invoice,outbound
EMAIL_01229,SYN_P_0220,SYN_P_0681,2025-05-19 14:00:00,Document,inbound
EMAIL_01230,SYN_P_0703,SYN_P_0178,2024-12-08 14:00:00,Request,outbound
EMAIL_01231,SYN_P_0405,SYN_P_0523,2025-10-31 09:00:00,Request,inbound
EMAIL_01232,SYN_P_0974,SYN_P_0936,2025-05-28 18:00:00,Delivery,inbound
EMAIL_01233,SYN_P_0453,SYN_P_1014,2025-10-16 16:00:00,Meeting,outbound
EMAIL_01234,SYN_P_1011,SYN_P_0579,2025-03-11 14:00:00,Invoice,inbound
EMAIL_01235,SYN_P_0928,SYN_P_0802,2024-11-24 04:00:00,Invoice,inbound
EMAIL_01236,SYN_P_0487,SYN_P_0132,2025-04-04 17:00:00,Meeting,outbound
EMAIL_01237,SYN_P_0175,SYN_P_0520,2024-05-22 11:00:00,Meeting,outbound
EMAIL_01238,SYN_P_0481,SYN_P_0225,2025-10-05 00:00:00,Document,outbound
EMAIL_01239,SYN_P_0445,SYN_P_0816,2026-05-05 03:00:00,Delivery,outbound
EMAIL_01240,SYN_P_0672,SYN_P_0659,2024-04-19 04:00:00,Delivery,outbound
EMAIL_01241,SYN_P_0115,SYN_P_0871,2024-09-19 06:00:00,Meeting,inbound
EMAIL_01242,SYN_P_1017,SYN_P_0490,2024-05-19 20:00:00,Request,outbound
EMAIL_01243,SYN_P_0404,SYN_P_0413,2026-09-22 07:00:00,Meeting,outbound
EMAIL_01244,SYN_P_0458,SYN_P_1033,2026-07-20 11:00:00,Delivery,outbound
EMAIL_01245,SYN_P_0445,SYN_P_0435,2025-08-02 20:00:00,Delivery,outbound
EMAIL_01246,SYN_P_0727,SYN_P_0134,2024-05-02 17:00:00,Account,outbound
EMAIL_01247,SYN_P_0941,SYN_P_0672,2025-10-29 20:00:00,Account,inbound
EMAIL_01248,SYN_P_0952,SYN_P_0613,2025-02-25 00:00:00,Account,outbound
EMAIL_01249,SYN_P_0014,SYN_P_0788,2024-01-06 00:00:00,Document,outbound
EMAIL_01250,SYN_P_0165,SYN_P_0008,2024-03-18 23:00:00,Request,inbound
EMAIL_01251,SYN_P_0760,SYN_P_0011,2026-02-23 00:00:00,Invoice,outbound
EMAIL_01252,SYN_P_0668,SYN_P_0413,2024-07-25 10:00:00,Document,outbound
EMAIL_01253,SYN_P_0982,SYN_P_0789,2026-06-03 04:00:00,Document,outbound
EMAIL_01254,SYN_P_0428,SYN_P_0628,2026-01-18 11:00:00,Delivery,inbound
EMAIL_01255,SYN_P_1037,SYN_P_0098,2024-01-17 02:00:00,Delivery,inbound
EMAIL_01256,SYN_P_0359,SYN_P_0527,2025-05-19 18:00:00,Account,outbound
EMAIL_01257,SYN_P_0359,SYN_P_0816,2025-11-04 12:00:00,Account,outbound
EMAIL_01258,SYN_P_0015,SYN_P_0912,2026-09-25 19:00:00,Meeting,outbound
EMAIL_01259,SYN_P_0102,SYN_P_0111,2024-03-28 09:00:00,Delivery,inbound
EMAIL_01260,SYN_P_0887,SYN_P_0775,2026-08-28 08:00:00,Request,outbound
EMAIL_01261,SYN_P_0997,SYN_P_0929,2026-01-12 00:00:00,Delivery,outbound
EMAIL_01262,SYN_P_0740,SYN_P_0647,2024-10-10 13:00:00,Request,inbound
EMAIL_01263,SYN_P_0180,SYN_P_0172,2025-07-04 02:00:00,Request,inbound
EMAIL_01264,SYN_P_0903,SYN_P_0088,2025-02-27 04:00:00,Invoice,inbound
EMAIL_01265,SYN_P_0974,SYN_P_0372,2025-01-25 06:00:00,Document,inbound
EMAIL_01266,SYN_P_1023,SYN_P_0617,2026-10-14 04:00:00,Invoice,inbound
EMAIL_01267,SYN_P_0546,SYN_P_0682,2024-09-28 10:00:00,Account,inbound
EMAIL_01268,SYN_P_1000,SYN_P_0412,2026-04-02 17:00:00,Delivery,outbound
EMAIL_01269,SYN_P_0775,SYN_P_0777,2024-04-02 02:00:00,Invoice,inbound
EMAIL_01270,SYN_P_0452,SYN_P_0490,2024-01-08 06:00:00,Delivery,outbound
EMAIL_01271,SYN_P_0181,SYN_P_0408,2025-09-07 12:00:00,Invoice,inbound
EMAIL_01272,SYN_P_0722,SYN_P_0317,2026-07-15 14:00:00,Account,outbound
EMAIL_01273,SYN_P_0154,SYN_P_0618,2025-09-06 08:00:00,Request,outbound
EMAIL_01274,SYN_P_0594,SYN_P_0625,2024-08-02 20:00:00,Document,outbound
EMAIL_01275,SYN_P_0804,SYN_P_0846,2025-05-05 21:00:00,Document,inbound
EMAIL_01276,SYN_P_0332,SYN_P_0453,2024-07-05 13:00:00,Meeting,inbound
EMAIL_01277,SYN_P_0135,SYN_P_0919,2026-10-20 16:00:00,Request,inbound
EMAIL_01278,SYN_P_0182,SYN_P_0514,2024-04-16 17:00:00,Request,inbound
EMAIL_01279,SYN_P_0582,SYN_P_0889,2025-08-12 23:00:00,Delivery,inbound
EMAIL_01280,SYN_P_0680,SYN_P_0404,2026-05-24 02:00:00,Account,outbound
EMAIL_01281,SYN_P_0995,SYN_P_0756,2024-08-17 02:00:00,Meeting,outbound
EMAIL_01282,SYN_P_0720,SYN_P_0081,2026-02-23 03:00:00,Meeting,outbound
EMAIL_01283,SYN_P_0041,SYN_P_0778,2025-03-30 18:00:00,Account,inbound
EMAIL_01284,SYN_P_0056,SYN_P_0333,2025-11-09 13:00:00,Meeting,inbound
EMAIL_01285,SYN_P_0817,SYN_P_0162,2024-12-21 09:00:00,Request,outbound
EMAIL_01286,SYN_P_0333,SYN_P_0183,2025-10-21 08:00:00,Request,outbound
EMAIL_01287,SYN_P_1036,SYN_P_0496,2026-06-25 18:00:00,Document,outbound
EMAIL_01288,SYN_P_0860,SYN_P_0996,2026-08-18 12:00:00,Document,inbound
EMAIL_01289,SYN_P_0908,SYN_P_0366,2025-11-06 11:00:00,Invoice,inbound
EMAIL_01290,SYN_P_0342,SYN_P_0160,2026-03-09 09:00:00,Request,inbound
EMAIL_01291,SYN_P_0192,SYN_P_0798,2024-03-29 18:00:00,Invoice,outbound
EMAIL_01292,SYN_P_0094,SYN_P_0134,2024-12-31 19:00:00,Document,inbound
EMAIL_01293,SYN_P_0026,SYN_P_0746,2024-04-27 19:00:00,Document,inbound
EMAIL_01294,SYN_P_0351,SYN_P_0266,2026-07-30 20:00:00,Request,outbound
EMAIL_01295,SYN_P_0161,SYN_P_0554,2024-04-24 21:00:00,Delivery,inbound
EMAIL_01296,SYN_P_1040,SYN_P_0618,2026-06-21 12:00:00,Invoice,inbound
EMAIL_01297,SYN_P_0406,SYN_P_0222,2026-07-11 08:00:00,Account,inbound
EMAIL_01298,SYN_P_0991,SYN_P_0022,2026-07-01 02:00:00,Delivery,outbound
EMAIL_01299,SYN_P_0711,SYN_P_0847,2025-02-25 19:00:00,Invoice,inbound
EMAIL_01300,SYN_P_0706,SYN_P_0048,2025-01-26 11:00:00,Account,inbound
EMAIL_01301,SYN_P_0561,SYN_P_0943,2025-03-13 23:00:00,Invoice,inbound
EMAIL_01302,SYN_P_0268,SYN_P_0022,2024-07-10 02:00:00,Invoice,outbound
EMAIL_01303,SYN_P_0118,SYN_P_0983,2026-08-19 16:00:00,Delivery,inbound
EMAIL_01304,SYN_P_0206,SYN_P_0834,2024-08-22 07:00:00,Account,inbound
EMAIL_01305,SYN_P_0937,SYN_P_0987,2024-04-07 09:00:00,Meeting,outbound
EMAIL_01306,SYN_P_0093,SYN_P_0961,2026-06-04 18:00:00,Invoice,outbound
EMAIL_01307,SYN_P_0380,SYN_P_0712,2025-04-04 23:00:00,Document,outbound
EMAIL_01308,SYN_P_0510,SYN_P_0345,2024-11-07 00:00:00,Request,inbound
EMAIL_01309,SYN_P_0255,SYN_P_0820,2024-03-16 14:00:00,Invoice,outbound
EMAIL_01310,SYN_P_0505,SYN_P_0488,2024-07-04 10:00:00,Document,inbound
EMAIL_01311,SYN_P_0187,SYN_P_0912,2025-06-09 17:00:00,Account,inbound
EMAIL_01312,SYN_P_0572,SYN_P_0178,2025-08-08 03:00:00,Meeting,inbound
EMAIL_01313,SYN_P_0285,SYN_P_0420,2024-02-13 05:00:00,Document,inbound
EMAIL_01314,SYN_P_0250,SYN_P_0237,2026-02-28 23:00:00,Document,inbound
EMAIL_01315,SYN_P_0733,SYN_P_0533,2026-08-28 09:00:00,Delivery,outbound
EMAIL_01316,SYN_P_0985,SYN_P_0472,2026-10-18 13:00:00,Account,outbound
EMAIL_01317,SYN_P_0372,SYN_P_0862,2024-05-18 16:00:00,Meeting,inbound
EMAIL_01318,SYN_P_0396,SYN_P_0394,2024-09-26 15:00:00,Delivery,outbound
EMAIL_01319,SYN_P_0534,SYN_P_0453,2025-06-12 06:00:00,Account,inbound
EMAIL_01320,SYN_P_0950,SYN_P_0877,2024-10-15 12:00:00,Document,inbound
EMAIL_01321,SYN_P_0968,SYN_P_0271,2025-08-19 00:00:00,Meeting,inbound
EMAIL_01322,SYN_P_0097,SYN_P_0768,2025-08-01 09:00:00,Invoice,inbound
EMAIL_01323,SYN_P_0241,SYN_P_0307,2024-10-29 09:00:00,Delivery,outbound
EMAIL_01324,SYN_P_0136,SYN_P_0181,2026-03-04 01:00:00,Document,inbound
EMAIL_01325,SYN_P_0337,SYN_P_0342,2025-12-25 04:00:00,Document,inbound
EMAIL_01326,SYN_P_0314,SYN_P_0683,2024-03-08 02:00:00,Request,inbound
EMAIL_01327,SYN_P_0857,SYN_P_0478,2026-04-03 23:00:00,Account,outbound
EMAIL_01328,SYN_P_0235,SYN_P_0068,2024-11-23 03:00:00,Meeting,outbound
EMAIL_01329,SYN_P_0026,SYN_P_1022,2026-04-07 11:00:00,Request,inbound
EMAIL_01330,SYN_P_0256,SYN_P_0957,2024-04-18 16:00:00,Invoice,outbound
EMAIL_01331,SYN_P_0595,SYN_P_0683,2024-04-06 01:00:00,Request,outbound
EMAIL_01332,SYN_P_0979,SYN_P_0473,2026-03-24 12:00:00,Meeting,outbound
EMAIL_01333,SYN_P_0853,SYN_P_0940,2026-08-14 18:00:00,Document,inbound
EMAIL_01334,SYN_P_0853,SYN_P_0350,2025-09-22 07:00:00,Document,inbound
EMAIL_01335,SYN_P_0947,SYN_P_0074,2026-02-20 15:00:00,Invoice,outbound
EMAIL_01336,SYN_P_0598,SYN_P_0071,2025-06-10 20:00:00,Account,inbound
EMAIL_01337,SYN_P_0688,SYN_P_0423,2024-11-20 07:00:00,Account,outbound
EMAIL_01338,SYN_P_0498,SYN_P_0047,2024-05-05 11:00:00,Request,inbound
EMAIL_01339,SYN_P_0739,SYN_P_0900,2024-09-02 23:00:00,Delivery,inbound
EMAIL_01340,SYN_P_0952,SYN_P_0573,2026-06-21 08:00:00,Account,inbound
EMAIL_01341,SYN_P_0071,SYN_P_0204,2025-08-15 08:00:00,Meeting,inbound
EMAIL_01342,SYN_P_0138,SYN_P_0567,2025-11-30 17:00:00,Invoice,inbound
EMAIL_01343,SYN_P_0277,SYN_P_0247,2024-12-06 12:00:00,Request,outbound
EMAIL_01344,SYN_P_0359,SYN_P_0363,2025-04-02 22:00:00,Document,outbound
EMAIL_01345,SYN_P_0993,SYN_P_0731,2026-10-27 15:00:00,Invoice,inbound
EMAIL_01346,SYN_P_0367,SYN_P_0275,2024-04-21 21:00:00,Delivery,outbound
EMAIL_01347,SYN_P_0692,SYN_P_1018,2024-12-11 19:00:00,Delivery,inbound
EMAIL_01348,SYN_P_0673,SYN_P_0034,2026-07-22 01:00:00,Invoice,inbound
EMAIL_01349,SYN_P_0202,SYN_P_0132,2026-01-17 13:00:00,Request,outbound
EMAIL_01350,SYN_P_0283,SYN_P_0643,2025-01-12 03:00:00,Invoice,inbound
EMAIL_01351,SYN_P_0940,SYN_P_0991,2026-06-30 16:00:00,Request,outbound
EMAIL_01352,SYN_P_0666,SYN_P_0664,2025-03-02 06:00:00,Request,inbound
EMAIL_01353,SYN_P_0066,SYN_P_0225,2025-03-09 07:00:00,Delivery,outbound
EMAIL_01354,SYN_P_1015,SYN_P_0070,2025-04-30 10:00:00,Request,inbound
EMAIL_01355,SYN_P_0538,SYN_P_0498,2024-11-08 12:00:00,Meeting,inbound
EMAIL_01356,SYN_P_0851,SYN_P_0652,2026-07-16 19:00:00,Delivery,inbound
EMAIL_01357,SYN_P_0572,SYN_P_0995,2025-04-17 17:00:00,Delivery,inbound
EMAIL_01358,SYN_P_0529,SYN_P_0199,2024-11-26 16:00:00,Document,outbound
EMAIL_01359,SYN_P_0775,SYN_P_0033,2025-02-06 20:00:00,Request,inbound
EMAIL_01360,SYN_P_0468,SYN_P_0644,2024-07-29 00:00:00,Request,outbound
EMAIL_01361,SYN_P_0510,SYN_P_0120,2026-06-04 15:00:00,Delivery,inbound
EMAIL_01362,SYN_P_0135,SYN_P_0204,2025-04-26 03:00:00,Meeting,inbound
EMAIL_01363,SYN_P_0295,SYN_P_0997,2025-09-08 19:00:00,Meeting,outbound
EMAIL_01364,SYN_P_0008,SYN_P_0297,2026-08-20 07:00:00,Account,inbound
EMAIL_01365,SYN_P_0055,SYN_P_0956,2025-07-18 02:00:00,Delivery,inbound
EMAIL_01366,SYN_P_0074,SYN_P_0474,2026-05-01 21:00:00,Request,inbound
EMAIL_01367,SYN_P_1039,SYN_P_0901,2024-08-15 15:00:00,Document,outbound
EMAIL_01368,SYN_P_0124,SYN_P_0032,2024-01-09 10:00:00,Meeting,outbound
EMAIL_01369,SYN_P_0587,SYN_P_0181,2025-01-25 11:00:00,Meeting,outbound
EMAIL_01370,SYN_P_0411,SYN_P_0709,2024-10-19 23:00:00,Delivery,inbound
EMAIL_01371,SYN_P_0907,SYN_P_0743,2025-04-28 12:00:00,Invoice,inbound
EMAIL_01372,SYN_P_0288,SYN_P_0034,2024-11-06 10:00:00,Meeting,outbound
EMAIL_01373,SYN_P_0466,SYN_P_0991,2026-03-27 08:00:00,Invoice,inbound
EMAIL_01374,SYN_P_0777,SYN_P_0026,2026-03-10 03:00:00,Document,outbound
EMAIL_01375,SYN_P_0850,SYN_P_0905,2025-03-04 23:00:00,Document,inbound
EMAIL_01376,SYN_P_0656,SYN_P_1010,2025-08-12 02:00:00,Request,inbound
EMAIL_01377,SYN_P_0167,SYN_P_0643,2026-01-17 16:00:00,Account,inbound
EMAIL_01378,SYN_P_0862,SYN_P_0726,2024-05-27 06:00:00,Invoice,outbound
EMAIL_01379,SYN_P_0997,SYN_P_0157,2024-05-27 16:00:00,Request,outbound
EMAIL_01380,SYN_P_0353,SYN_P_1039,2025-11-11 14:00:00,Invoice,inbound
EMAIL_01381,SYN_P_0576,SYN_P_0738,2025-04-13 15:00:00,Delivery,inbound
EMAIL_01382,SYN_P_0199,SYN_P_0276,2026-08-08 14:00:00,Delivery,inbound
EMAIL_01383,SYN_P_0501,SYN_P_0288,2024-08-08 18:00:00,Meeting,outbound
EMAIL_01384,SYN_P_0997,SYN_P_0925,2026-07-03 05:00:00,Delivery,inbound
EMAIL_01385,SYN_P_0824,SYN_P_0258,2026-03-06 02:00:00,Account,outbound
EMAIL_01386,SYN_P_0603,SYN_P_0921,2024-08-24 20:00:00,Invoice,inbound
EMAIL_01387,SYN_P_0060,SYN_P_0553,2024-07-20 11:00:00,Invoice,inbound
EMAIL_01388,SYN_P_0707,SYN_P_0147,2024-03-06 04:00:00,Invoice,inbound
EMAIL_01389,SYN_P_0426,SYN_P_0666,2024-08-29 04:00:00,Invoice,outbound
EMAIL_01390,SYN_P_0073,SYN_P_0798,2024-09-21 15:00:00,Meeting,outbound
EMAIL_01391,SYN_P_0961,SYN_P_0017,2024-03-19 05:00:00,Invoice,inbound
EMAIL_01392,SYN_P_0111,SYN_P_0172,2026-10-21 02:00:00,Meeting,outbound
EMAIL_01393,SYN_P_0768,SYN_P_0127,2025-01-17 19:00:00,Delivery,outbound
EMAIL_01394,SYN_P_0036,SYN_P_0709,2026-07-28 19:00:00,Document,inbound
EMAIL_01395,SYN_P_0201,SYN_P_0948,2026-05-10 13:00:00,Document,inbound
EMAIL_01396,SYN_P_0187,SYN_P_0726,2024-06-15 00:00:00,Request,inbound
EMAIL_01397,SYN_P_0603,SYN_P_1024,2025-02-24 02:00:00,Account,inbound
EMAIL_01398,SYN_P_0998,SYN_P_0509,2024-12-04 01:00:00,Account,inbound
EMAIL_01399,SYN_P_0059,SYN_P_0981,2026-07-04 06:00:00,Document,outbound
EMAIL_01400,SYN_P_0118,SYN_P_0637,2024-07-06 20:00:00,Request,outbound
EMAIL_01401,SYN_P_0266,SYN_P_0351,2024-08-23 00:00:00,Document,inbound
EMAIL_01402,SYN_P_0577,SYN_P_0942,2026-06-12 12:00:00,Document,inbound
EMAIL_01403,SYN_P_0309,SYN_P_0106,2026-10-14 16:00:00,Meeting,outbound
EMAIL_01404,SYN_P_0633,SYN_P_1027,2026-10-03 15:00:00,Meeting,outbound
EMAIL_01405,SYN_P_0199,SYN_P_0330,2025-10-24 03:00:00,Account,inbound
EMAIL_01406,SYN_P_0358,SYN_P_0339,2025-01-18 19:00:00,Document,inbound
EMAIL_01407,SYN_P_0047,SYN_P_0231,2026-06-17 06:00:00,Request,outbound
EMAIL_01408,SYN_P_0046,SYN_P_0522,2024-12-24 19:00:00,Document,inbound
EMAIL_01409,SYN_P_0019,SYN_P_0620,2025-05-22 21:00:00,Meeting,outbound
EMAIL_01410,SYN_P_0668,SYN_P_0478,2025-07-28 00:00:00,Invoice,inbound
EMAIL_01411,SYN_P_1014,SYN_P_0841,2026-01-14 11:00:00,Delivery,outbound
EMAIL_01412,SYN_P_0440,SYN_P_0400,2024-01-29 22:00:00,Invoice,inbound
EMAIL_01413,SYN_P_0606,SYN_P_0492,2024-10-27 19:00:00,Delivery,inbound
EMAIL_01414,SYN_P_0009,SYN_P_0645,2024-07-02 13:00:00,Delivery,outbound
EMAIL_01415,SYN_P_0516,SYN_P_0680,2026-07-06 07:00:00,Meeting,outbound
EMAIL_01416,SYN_P_0964,SYN_P_0797,2024-10-29 06:00:00,Meeting,outbound
EMAIL_01417,SYN_P_0133,SYN_P_0686,2024-04-05 19:00:00,Document,outbound
EMAIL_01418,SYN_P_0485,SYN_P_0448,2026-02-15 04:00:00,Request,outbound
EMAIL_01419,SYN_P_0533,SYN_P_0409,2026-07-22 16:00:00,Account,inbound
EMAIL_01420,SYN_P_0651,SYN_P_0508,2025-10-20 10:00:00,Delivery,outbound
EMAIL_01421,SYN_P_0607,SYN_P_0606,2025-11-21 13:00:00,Meeting,inbound
EMAIL_01422,SYN_P_0703,SYN_P_0843,2024-05-10 19:00:00,Request,inbound
EMAIL_01423,SYN_P_0001,SYN_P_0501,2025-12-06 15:00:00,Account,outbound
EMAIL_01424,SYN_P_0122,SYN_P_0946,2024-07-25 00:00:00,Invoice,outbound
EMAIL_01425,SYN_P_0332,SYN_P_0871,2026-04-19 06:00:00,Request,inbound
EMAIL_01426,SYN_P_0753,SYN_P_0016,2025-06-04 05:00:00,Account,inbound
EMAIL_01427,SYN_P_0654,SYN_P_0064,2025-03-26 13:00:00,Account,inbound
EMAIL_01428,SYN_P_0671,SYN_P_0499,2024-12-31 15:00:00,Delivery,outbound
EMAIL_01429,SYN_P_0612,SYN_P_0798,2025-10-05 06:00:00,Delivery,outbound
EMAIL_01430,SYN_P_0320,SYN_P_0383,2024-07-27 16:00:00,Delivery,inbound
EMAIL_01431,SYN_P_0334,SYN_P_0690,2025-06-17 20:00:00,Invoice,inbound
EMAIL_01432,SYN_P_0966,SYN_P_0807,2026-10-31 08:00:00,Document,inbound
EMAIL_01433,SYN_P_0291,SYN_P_0524,2026-02-21 07:00:00,Request,outbound
EMAIL_01434,SYN_P_0858,SYN_P_1007,2025-10-22 17:00:00,Delivery,outbound
EMAIL_01435,SYN_P_0401,SYN_P_0404,2024-01-20 17:00:00,Document,outbound
EMAIL_01436,SYN_P_0438,SYN_P_0624,2025-01-12 16:00:00,Account,inbound
EMAIL_01437,SYN_P_1009,SYN_P_0234,2026-05-10 07:00:00,Invoice,inbound
EMAIL_01438,SYN_P_0316,SYN_P_0571,2026-07-08 21:00:00,Account,inbound
EMAIL_01439,SYN_P_0960,SYN_P_0521,2024-02-21 11:00:00,Invoice,outbound
EMAIL_01440,SYN_P_0753,SYN_P_0837,2024-05-17 22:00:00,Account,outbound
EMAIL_01441,SYN_P_0589,SYN_P_0775,2025-02-05 15:00:00,Request,inbound
EMAIL_01442,SYN_P_0022,SYN_P_0900,2026-05-07 09:00:00,Invoice,inbound
EMAIL_01443,SYN_P_0836,SYN_P_0090,2025-12-24 08:00:00,Delivery,outbound
EMAIL_01444,SYN_P_0318,SYN_P_0464,2024-06-21 16:00:00,Request,inbound
EMAIL_01445,SYN_P_0375,SYN_P_0453,2024-12-25 14:00:00,Document,outbound
EMAIL_01446,SYN_P_0230,SYN_P_0026,2024-12-23 00:00:00,Account,outbound
EMAIL_01447,SYN_P_0421,SYN_P_0752,2026-09-26 05:00:00,Invoice,inbound
EMAIL_01448,SYN_P_0720,SYN_P_0084,2026-04-04 06:00:00,Delivery,outbound
EMAIL_01449,SYN_P_0136,SYN_P_0064,2025-06-10 19:00:00,Document,outbound
EMAIL_01450,SYN_P_0564,SYN_P_0825,2026-02-09 16:00:00,Meeting,inbound
EMAIL_01451,SYN_P_0992,SYN_P_0371,2024-11-22 02:00:00,Delivery,inbound
EMAIL_01452,SYN_P_0821,SYN_P_0592,2025-06-29 14:00:00,Request,outbound
EMAIL_01453,SYN_P_0010,SYN_P_0539,2025-11-13 01:00:00,Request,inbound
EMAIL_01454,SYN_P_0234,SYN_P_0203,2024-10-25 08:00:00,Account,inbound
EMAIL_01455,SYN_P_0826,SYN_P_0282,2025-07-12 16:00:00,Document,outbound
EMAIL_01456,SYN_P_0409,SYN_P_0385,2024-10-20 19:00:00,Invoice,inbound
EMAIL_01457,SYN_P_0389,SYN_P_0825,2024-06-15 17:00:00,Meeting,outbound
EMAIL_01458,SYN_P_0995,SYN_P_0913,2025-11-24 16:00:00,Account,inbound
EMAIL_01459,SYN_P_0860,SYN_P_0175,2026-05-12 17:00:00,Request,inbound
EMAIL_01460,SYN_P_0287,SYN_P_0344,2026-05-21 07:00:00,Delivery,inbound
EMAIL_01461,SYN_P_0694,SYN_P_0597,2024-09-07 12:00:00,Document,outbound
EMAIL_01462,SYN_P_0360,SYN_P_0414,2025-08-07 09:00:00,Delivery,inbound
EMAIL_01463,SYN_P_1008,SYN_P_0666,2025-01-23 06:00:00,Meeting,outbound
EMAIL_01464,SYN_P_0034,SYN_P_0647,2026-07-20 22:00:00,Meeting,inbound
EMAIL_01465,SYN_P_0734,SYN_P_0526,2025-05-14 09:00:00,Invoice,outbound
EMAIL_01466,SYN_P_0962,SYN_P_0922,2024-06-27 04:00:00,Delivery,outbound
EMAIL_01467,SYN_P_0089,SYN_P_0423,2025-10-20 05:00:00,Delivery,inbound
EMAIL_01468,SYN_P_0644,SYN_P_0709,2024-10-17 21:00:00,Document,inbound
EMAIL_01469,SYN_P_0174,SYN_P_0300,2024-05-01 06:00:00,Meeting,outbound
EMAIL_01470,SYN_P_0164,SYN_P_0533,2024-03-03 00:00:00,Meeting,inbound
EMAIL_01471,SYN_P_0354,SYN_P_0357,2026-03-15 04:00:00,Invoice,inbound
EMAIL_01472,SYN_P_0804,SYN_P_0956,2024-04-13 23:00:00,Delivery,inbound
EMAIL_01473,SYN_P_0698,SYN_P_0797,2025-04-15 17:00:00,Document,outbound
EMAIL_01474,SYN_P_0575,SYN_P_0805,2026-03-25 22:00:00,Meeting,outbound
EMAIL_01475,SYN_P_0384,SYN_P_0251,2024-11-15 07:00:00,Account,outbound
EMAIL_01476,SYN_P_0466,SYN_P_0798,2025-03-05 19:00:00,Meeting,outbound
EMAIL_01477,SYN_P_0517,SYN_P_0993,2025-05-23 01:00:00,Delivery,outbound
EMAIL_01478,SYN_P_0182,SYN_P_0971,2024-09-02 01:00:00,Account,outbound
EMAIL_01479,SYN_P_0926,SYN_P_0035,2026-08-07 15:00:00,Meeting,inbound
EMAIL_01480,SYN_P_0503,SYN_P_0187,2026-10-18 20:00:00,Document,outbound
EMAIL_01481,SYN_P_0497,SYN_P_0901,2025-02-23 01:00:00,Request,inbound
EMAIL_01482,SYN_P_0823,SYN_P_0819,2026-07-17 02:00:00,Meeting,inbound
EMAIL_01483,SYN_P_0465,SYN_P_0290,2026-10-10 15:00:00,Document,inbound
EMAIL_01484,SYN_P_0625,SYN_P_0763,2026-03-02 17:00:00,Account,inbound
EMAIL_01485,SYN_P_0914,SYN_P_0874,2024-05-31 23:00:00,Document,inbound
EMAIL_01486,SYN_P_0190,SYN_P_0758,2024-03-13 20:00:00,Meeting,outbound
EMAIL_01487,SYN_P_0766,SYN_P_0347,2026-09-17 15:00:00,Invoice,inbound
EMAIL_01488,SYN_P_0292,SYN_P_0519,2026-10-24 10:00:00,Delivery,inbound
EMAIL_01489,SYN_P_0948,SYN_P_0233,2026-10-23 03:00:00,Invoice,inbound
EMAIL_01490,SYN_P_0207,SYN_P_0733,2024-03-18 16:00:00,Request,outbound
EMAIL_01491,SYN_P_0217,SYN_P_0948,2025-12-03 16:00:00,Request,outbound
EMAIL_01492,SYN_P_0906,SYN_P_0087,2026-05-27 07:00:00,Request,outbound
EMAIL_01493,SYN_P_0787,SYN_P_0109,2024-12-10 23:00:00,Document,inbound
EMAIL_01494,SYN_P_0640,SYN_P_0997,2024-12-08 06:00:00,Account,outbound
EMAIL_01495,SYN_P_0039,SYN_P_0311,2025-12-25 21:00:00,Document,outbound
EMAIL_01496,SYN_P_0167,SYN_P_0059,2024-07-07 20:00:00,Account,outbound
EMAIL_01497,SYN_P_0773,SYN_P_0845,2026-04-18 04:00:00,Request,outbound
EMAIL_01498,SYN_P_0707,SYN_P_0053,2026-10-16 13:00:00,Meeting,outbound
EMAIL_01499,SYN_P_0029,SYN_P_0019,2024-09-07 03:00:00,Request,inbound
EMAIL_01500,SYN_P_0604,SYN_P_0487,2024-04-11 14:00:00,Document,outbound
EMAIL_01501,SYN_P_0268,SYN_P_0087,2025-02-09 10:00:00,Account,outbound
EMAIL_01502,SYN_P_0410,SYN_P_0361,2025-01-17 15:00:00,Meeting,outbound
EMAIL_01503,SYN_P_0814,SYN_P_0490,2025-07-09 06:00:00,Delivery,inbound
EMAIL_01504,SYN_P_0894,SYN_P_0292,2025-09-08 15:00:00,Invoice,inbound
EMAIL_01505,SYN_P_0103,SYN_P_0532,2026-10-09 11:00:00,Meeting,inbound
EMAIL_01506,SYN_P_0789,SYN_P_0136,2024-08-14 15:00:00,Invoice,inbound
EMAIL_01507,SYN_P_1016,SYN_P_0188,2025-09-17 19:00:00,Account,inbound
EMAIL_01508,SYN_P_0058,SYN_P_0416,2024-10-28 08:00:00,Request,inbound
EMAIL_01509,SYN_P_0523,SYN_P_0693,2025-02-13 12:00:00,Invoice,outbound
EMAIL_01510,SYN_P_0430,SYN_P_0981,2024-08-01 16:00:00,Document,outbound
EMAIL_01511,SYN_P_0932,SYN_P_0318,2026-08-02 20:00:00,Request,outbound
EMAIL_01512,SYN_P_0151,SYN_P_0030,2024-05-14 01:00:00,Request,inbound
EMAIL_01513,SYN_P_0318,SYN_P_0959,2025-12-30 02:00:00,Meeting,inbound
EMAIL_01514,SYN_P_0463,SYN_P_0234,2026-09-20 00:00:00,Delivery,outbound
EMAIL_01515,SYN_P_0282,SYN_P_0329,2024-01-06 19:00:00,Delivery,inbound
EMAIL_01516,SYN_P_0988,SYN_P_0809,2024-10-04 21:00:00,Request,outbound
EMAIL_01517,SYN_P_0252,SYN_P_0464,2025-07-06 07:00:00,Request,inbound
EMAIL_01518,SYN_P_0857,SYN_P_0768,2026-06-29 19:00:00,Document,inbound
EMAIL_01519,SYN_P_0235,SYN_P_0122,2025-06-24 21:00:00,Request,outbound
EMAIL_01520,SYN_P_0350,SYN_P_0938,2025-06-07 02:00:00,Delivery,outbound
EMAIL_01521,SYN_P_0184,SYN_P_0221,2026-02-16 21:00:00,Invoice,inbound
EMAIL_01522,SYN_P_0237,SYN_P_0457,2025-08-24 11:00:00,Document,outbound
EMAIL_01523,SYN_P_0813,SYN_P_0031,2026-02-20 12:00:00,Account,outbound
EMAIL_01524,SYN_P_0082,SYN_P_0758,2024-06-10 12:00:00,Invoice,inbound
EMAIL_01525,SYN_P_0781,SYN_P_0018,2025-09-30 21:00:00,Request,outbound
EMAIL_01526,SYN_P_0853,SYN_P_0138,2025-12-29 04:00:00,Delivery,inbound
EMAIL_01527,SYN_P_0920,SYN_P_1026,2026-11-05 02:00:00,Meeting,outbound
EMAIL_01528,SYN_P_0525,SYN_P_0219,2024-07-20 09:00:00,Account,inbound
EMAIL_01529,SYN_P_0309,SYN_P_0730,2026-08-24 07:00:00,Account,outbound
EMAIL_01530,SYN_P_0560,SYN_P_0472,2024-01-27 22:00:00,Delivery,outbound
EMAIL_01531,SYN_P_0550,SYN_P_0549,2025-04-16 12:00:00,Document,inbound
EMAIL_01532,SYN_P_0823,SYN_P_1001,2024-12-03 14:00:00,Request,inbound
EMAIL_01533,SYN_P_0176,SYN_P_0987,2025-11-04 07:00:00,Invoice,outbound
EMAIL_01534,SYN_P_0141,SYN_P_0269,2025-10-16 21:00:00,Meeting,inbound
EMAIL_01535,SYN_P_0191,SYN_P_0105,2025-07-22 16:00:00,Account,inbound
EMAIL_01536,SYN_P_0201,SYN_P_0964,2026-01-24 16:00:00,Account,outbound
EMAIL_01537,SYN_P_0302,SYN_P_0726,2025-12-13 18:00:00,Invoice,outbound
EMAIL_01538,SYN_P_0071,SYN_P_0109,2025-09-14 23:00:00,Request,outbound
EMAIL_01539,SYN_P_0610,SYN_P_0762,2025-06-12 19:00:00,Account,inbound
EMAIL_01540,SYN_P_0777,SYN_P_0563,2026-10-24 23:00:00,Delivery,outbound
EMAIL_01541,SYN_P_0207,SYN_P_0214,2025-05-14 09:00:00,Request,inbound
EMAIL_01542,SYN_P_0919,SYN_P_0887,2025-09-02 11:00:00,Meeting,outbound
EMAIL_01543,SYN_P_0093,SYN_P_0216,2024-05-19 22:00:00,Request,inbound
EMAIL_01544,SYN_P_0301,SYN_P_0036,2026-07-20 10:00:00,Account,inbound
EMAIL_01545,SYN_P_0027,SYN_P_0965,2024-05-09 14:00:00,Meeting,inbound
EMAIL_01546,SYN_P_0812,SYN_P_0531,2024-02-24 04:00:00,Delivery,inbound
EMAIL_01547,SYN_P_0400,SYN_P_0254,2025-04-25 05:00:00,Invoice,inbound
EMAIL_01548,SYN_P_0604,SYN_P_0845,2025-02-07 06:00:00,Document,outbound
EMAIL_01549,SYN_P_0994,SYN_P_1010,2024-10-10 08:00:00,Invoice,inbound
EMAIL_01550,SYN_P_0501,SYN_P_0095,2025-07-12 01:00:00,Meeting,inbound
EMAIL_01551,SYN_P_0623,SYN_P_0499,2024-07-21 16:00:00,Request,outbound
EMAIL_01552,SYN_P_0295,SYN_P_0034,2024-04-05 14:00:00,Document,inbound
EMAIL_01553,SYN_P_0721,SYN_P_0423,2025-08-02 17:00:00,Delivery,inbound
EMAIL_01554,SYN_P_0144,SYN_P_0265,2026-10-08 06:00:00,Delivery,inbound
EMAIL_01555,SYN_P_0419,SYN_P_0811,2026-08-07 16:00:00,Delivery,inbound
EMAIL_01556,SYN_P_0574,SYN_P_0248,2024-07-02 19:00:00,Delivery,inbound
EMAIL_01557,SYN_P_0724,SYN_P_0500,2024-02-16 00:00:00,Meeting,outbound
EMAIL_01558,SYN_P_0275,SYN_P_0801,2025-02-18 17:00:00,Delivery,inbound
EMAIL_01559,SYN_P_0794,SYN_P_0020,2024-04-20 22:00:00,Invoice,outbound
EMAIL_01560,SYN_P_0622,SYN_P_0866,2024-12-15 19:00:00,Account,outbound
EMAIL_01561,SYN_P_0050,SYN_P_0345,2024-01-15 03:00:00,Account,inbound
EMAIL_01562,SYN_P_0697,SYN_P_0205,2024-12-21 10:00:00,Request,inbound
EMAIL_01563,SYN_P_0447,SYN_P_0363,2024-09-06 08:00:00,Request,outbound
EMAIL_01564,SYN_P_0816,SYN_P_0658,2024-07-25 08:00:00,Invoice,outbound
EMAIL_01565,SYN_P_0077,SYN_P_0530,2026-10-15 20:00:00,Request,outbound
EMAIL_01566,SYN_P_0933,SYN_P_0886,2026-09-24 07:00:00,Account,inbound
EMAIL_01567,SYN_P_0048,SYN_P_0520,2024-07-30 03:00:00,Account,inbound
EMAIL_01568,SYN_P_0977,SYN_P_0105,2025-05-26 18:00:00,Account,outbound
EMAIL_01569,SYN_P_0800,SYN_P_0809,2025-01-18 17:00:00,Document,outbound
EMAIL_01570,SYN_P_0083,SYN_P_0322,2026-06-04 11:00:00,Invoice,inbound
EMAIL_01571,SYN_P_0577,SYN_P_0360,2024-10-15 17:00:00,Account,inbound
EMAIL_01572,SYN_P_0760,SYN_P_0746,2025-06-13 01:00:00,Meeting,inbound
EMAIL_01573,SYN_P_0529,SYN_P_0280,2024-08-07 14:00:00,Account,inbound
EMAIL_01574,SYN_P_0050,SYN_P_0836,2024-10-30 23:00:00,Invoice,inbound
EMAIL_01575,SYN_P_0519,SYN_P_0192,2025-07-04 19:00:00,Account,outbound
EMAIL_01576,SYN_P_0598,SYN_P_0629,2025-04-10 08:00:00,Meeting,inbound
EMAIL_01577,SYN_P_0279,SYN_P_0676,2025-07-10 06:00:00,Document,outbound
EMAIL_01578,SYN_P_0067,SYN_P_0479,2025-05-29 05:00:00,Request,outbound
EMAIL_01579,SYN_P_0831,SYN_P_0263,2025-11-30 06:00:00,Request,inbound
EMAIL_01580,SYN_P_0705,SYN_P_0073,2026-06-23 07:00:00,Request,inbound
EMAIL_01581,SYN_P_0730,SYN_P_0082,2025-07-17 01:00:00,Meeting,inbound
EMAIL_01582,SYN_P_0287,SYN_P_0429,2026-05-09 06:00:00,Meeting,inbound
EMAIL_01583,SYN_P_0764,SYN_P_0021,2024-07-03 00:00:00,Request,outbound
EMAIL_01584,SYN_P_0003,SYN_P_0806,2026-04-03 19:00:00,Account,inbound
EMAIL_01585,SYN_P_0500,SYN_P_0838,2025-02-02 01:00:00,Request,inbound
EMAIL_01586,SYN_P_0947,SYN_P_1008,2024-10-07 05:00:00,Invoice,inbound
EMAIL_01587,SYN_P_0863,SYN_P_0411,2024-07-26 16:00:00,Delivery,outbound
EMAIL_01588,SYN_P_0298,SYN_P_0150,2026-01-24 19:00:00,Invoice,outbound
EMAIL_01589,SYN_P_0243,SYN_P_0663,2024-05-01 06:00:00,Delivery,outbound
EMAIL_01590,SYN_P_0563,SYN_P_1019,2025-02-22 01:00:00,Document,outbound
EMAIL_01591,SYN_P_0246,SYN_P_0081,2026-08-15 12:00:00,Invoice,inbound
EMAIL_01592,SYN_P_0509,SYN_P_0470,2026-03-24 04:00:00,Document,outbound
EMAIL_01593,SYN_P_0100,SYN_P_0177,2024-08-20 17:00:00,Document,inbound
EMAIL_01594,SYN_P_0982,SYN_P_0847,2026-11-07 10:00:00,Invoice,outbound
EMAIL_01595,SYN_P_0432,SYN_P_0537,2026-10-26 12:00:00,Meeting,outbound
EMAIL_01596,SYN_P_0706,SYN_P_0934,2025-04-08 04:00:00,Request,inbound
EMAIL_01597,SYN_P_0711,SYN_P_0139,2024-04-25 09:00:00,Meeting,inbound
EMAIL_01598,SYN_P_0429,SYN_P_0774,2024-03-12 22:00:00,Document,inbound
EMAIL_01599,SYN_P_0020,SYN_P_0997,2025-10-04 21:00:00,Document,outbound
EMAIL_01600,SYN_P_0424,SYN_P_0142,2024-11-07 09:00:00,Invoice,inbound
EMAIL_01601,SYN_P_0412,SYN_P_0969,2025-08-14 09:00:00,Meeting,outbound
EMAIL_01602,SYN_P_0681,SYN_P_0883,2026-10-08 02:00:00,Meeting,outbound
EMAIL_01603,SYN_P_0927,SYN_P_0289,2026-06-11 04:00:00,Document,inbound
EMAIL_01604,SYN_P_0358,SYN_P_0811,2025-08-06 12:00:00,Account,inbound
EMAIL_01605,SYN_P_0013,SYN_P_0418,2024-04-23 10:00:00,Delivery,outbound
EMAIL_01606,SYN_P_0024,SYN_P_0454,2024-02-12 19:00:00,Invoice,inbound
EMAIL_01607,SYN_P_0845,SYN_P_0906,2024-07-29 22:00:00,Invoice,outbound
EMAIL_01608,SYN_P_0034,SYN_P_0952,2024-09-22 05:00:00,Meeting,inbound
EMAIL_01609,SYN_P_0356,SYN_P_0486,2026-09-15 08:00:00,Delivery,outbound
EMAIL_01610,SYN_P_0052,SYN_P_0422,2024-01-14 11:00:00,Request,inbound
EMAIL_01611,SYN_P_0167,SYN_P_0273,2025-01-19 15:00:00,Account,inbound
EMAIL_01612,SYN_P_0179,SYN_P_0377,2025-10-22 01:00:00,Delivery,inbound
EMAIL_01613,SYN_P_0482,SYN_P_0817,2025-05-25 18:00:00,Document,inbound
EMAIL_01614,SYN_P_0363,SYN_P_0829,2026-03-15 23:00:00,Request,inbound
EMAIL_01615,SYN_P_0691,SYN_P_0002,2026-02-05 14:00:00,Meeting,inbound
EMAIL_01616,SYN_P_0510,SYN_P_0907,2025-08-02 05:00:00,Request,inbound
EMAIL_01617,SYN_P_0875,SYN_P_0041,2026-02-18 11:00:00,Meeting,inbound
EMAIL_01618,SYN_P_1022,SYN_P_0541,2024-02-25 19:00:00,Invoice,outbound
EMAIL_01619,SYN_P_0114,SYN_P_0565,2024-09-04 23:00:00,Meeting,outbound
EMAIL_01620,SYN_P_0291,SYN_P_0245,2025-04-05 18:00:00,Request,inbound
EMAIL_01621,SYN_P_0494,SYN_P_0844,2025-03-30 02:00:00,Delivery,inbound
EMAIL_01622,SYN_P_0431,SYN_P_0679,2026-02-20 02:00:00,Meeting,inbound
EMAIL_01623,SYN_P_0736,SYN_P_0483,2026-04-29 19:00:00,Account,inbound
EMAIL_01624,SYN_P_0606,SYN_P_0290,2024-07-10 21:00:00,Document,outbound
EMAIL_01625,SYN_P_0564,SYN_P_0212,2026-07-06 08:00:00,Account,inbound
EMAIL_01626,SYN_P_0393,SYN_P_0940,2024-06-09 13:00:00,Invoice,inbound
EMAIL_01627,SYN_P_0145,SYN_P_0215,2026-09-16 01:00:00,Document,inbound
EMAIL_01628,SYN_P_0408,SYN_P_0418,2026-08-26 00:00:00,Request,outbound
EMAIL_01629,SYN_P_0131,SYN_P_0524,2026-07-01 21:00:00,Meeting,inbound
EMAIL_01630,SYN_P_0438,SYN_P_0442,2026-05-05 23:00:00,Request,inbound
EMAIL_01631,SYN_P_0403,SYN_P_0607,2024-07-25 01:00:00,Account,outbound
EMAIL_01632,SYN_P_0070,SYN_P_0190,2025-05-05 22:00:00,Account,inbound
EMAIL_01633,SYN_P_0555,SYN_P_0062,2026-11-03 16:00:00,Request,outbound
EMAIL_01634,SYN_P_0665,SYN_P_0838,2026-03-25 06:00:00,Invoice,outbound
EMAIL_01635,SYN_P_0942,SYN_P_0137,2024-10-16 12:00:00,Document,outbound
EMAIL_01636,SYN_P_0966,SYN_P_0772,2025-11-18 07:00:00,Meeting,inbound
EMAIL_01637,SYN_P_0203,SYN_P_0278,2026-08-03 06:00:00,Meeting,inbound
EMAIL_01638,SYN_P_0225,SYN_P_0163,2024-06-04 17:00:00,Meeting,inbound
EMAIL_01639,SYN_P_0983,SYN_P_0428,2026-02-04 21:00:00,Invoice,inbound
EMAIL_01640,SYN_P_0151,SYN_P_0096,2024-05-09 07:00:00,Document,inbound
EMAIL_01641,SYN_P_0712,SYN_P_0276,2025-04-02 13:00:00,Account,inbound
EMAIL_01642,SYN_P_0967,SYN_P_0892,2025-10-14 12:00:00,Delivery,inbound
EMAIL_01643,SYN_P_0546,SYN_P_0518,2024-07-23 23:00:00,Invoice,outbound
EMAIL_01644,SYN_P_0141,SYN_P_0935,2024-03-10 20:00:00,Delivery,inbound
EMAIL_01645,SYN_P_0453,SYN_P_0792,2025-08-14 00:00:00,Delivery,inbound
EMAIL_01646,SYN_P_0998,SYN_P_0918,2025-06-08 10:00:00,Document,outbound
EMAIL_01647,SYN_P_0479,SYN_P_0120,2025-05-21 19:00:00,Invoice,outbound
EMAIL_01648,SYN_P_0122,SYN_P_0681,2024-06-01 00:00:00,Invoice,outbound
EMAIL_01649,SYN_P_0087,SYN_P_0158,2024-01-18 01:00:00,Document,outbound
EMAIL_01650,SYN_P_0653,SYN_P_0422,2024-08-29 16:00:00,Delivery,outbound
EMAIL_01651,SYN_P_0482,SYN_P_0849,2024-09-22 11:00:00,Document,outbound
EMAIL_01652,SYN_P_0207,SYN_P_0962,2026-10-26 02:00:00,Account,inbound
EMAIL_01653,SYN_P_0452,SYN_P_0495,2024-05-05 02:00:00,Invoice,inbound
EMAIL_01654,SYN_P_0252,SYN_P_0595,2025-06-22 18:00:00,Request,outbound
EMAIL_01655,SYN_P_1032,SYN_P_0189,2026-02-24 08:00:00,Invoice,outbound
EMAIL_01656,SYN_P_0735,SYN_P_0592,2025-01-24 21:00:00,Document,outbound
EMAIL_01657,SYN_P_0104,SYN_P_0788,2024-09-01 22:00:00,Document,outbound
EMAIL_01658,SYN_P_0945,SYN_P_0503,2026-06-17 01:00:00,Request,outbound
EMAIL_01659,SYN_P_0354,SYN_P_0480,2024-02-21 17:00:00,Account,inbound
EMAIL_01660,SYN_P_0136,SYN_P_0980,2025-09-17 09:00:00,Request,outbound
EMAIL_01661,SYN_P_0603,SYN_P_0198,2024-04-27 08:00:00,Account,outbound
EMAIL_01662,SYN_P_0452,SYN_P_0618,2026-01-07 10:00:00,Account,outbound
EMAIL_01663,SYN_P_0994,SYN_P_0529,2025-11-02 09:00:00,Request,outbound
EMAIL_01664,SYN_P_0543,SYN_P_0652,2024-09-08 13:00:00,Delivery,outbound
EMAIL_01665,SYN_P_0127,SYN_P_0509,2024-05-15 02:00:00,Request,outbound
EMAIL_01666,SYN_P_0524,SYN_P_0151,2024-12-03 14:00:00,Delivery,outbound
EMAIL_01667,SYN_P_0088,SYN_P_0240,2025-09-17 22:00:00,Account,inbound
EMAIL_01668,SYN_P_1020,SYN_P_0229,2026-05-15 23:00:00,Account,inbound
EMAIL_01669,SYN_P_0532,SYN_P_0107,2025-04-07 04:00:00,Request,outbound
EMAIL_01670,SYN_P_0600,SYN_P_1005,2024-10-04 22:00:00,Delivery,inbound
EMAIL_01671,SYN_P_0753,SYN_P_0329,2024-06-27 18:00:00,Document,outbound
EMAIL_01672,SYN_P_0377,SYN_P_0898,2025-02-24 06:00:00,Meeting,inbound
EMAIL_01673,SYN_P_0408,SYN_P_0345,2025-01-23 04:00:00,Meeting,outbound
EMAIL_01674,SYN_P_0500,SYN_P_0264,2024-03-07 18:00:00,Account,outbound
EMAIL_01675,SYN_P_0821,SYN_P_0875,2024-01-07 18:00:00,Invoice,inbound
EMAIL_01676,SYN_P_0091,SYN_P_0043,2024-09-16 17:00:00,Document,outbound
EMAIL_01677,SYN_P_0217,SYN_P_0829,2026-06-01 14:00:00,Meeting,outbound
EMAIL_01678,SYN_P_0331,SYN_P_0605,2024-04-13 17:00:00,Request,inbound
EMAIL_01679,SYN_P_0514,SYN_P_0264,2026-11-01 03:00:00,Request,outbound
EMAIL_01680,SYN_P_0184,SYN_P_0919,2024-07-07 13:00:00,Account,outbound
EMAIL_01681,SYN_P_0971,SYN_P_0804,2026-07-25 21:00:00,Account,outbound
EMAIL_01682,SYN_P_0809,SYN_P_0555,2026-02-16 20:00:00,Delivery,outbound
EMAIL_01683,SYN_P_0387,SYN_P_0825,2026-03-03 20:00:00,Delivery,inbound
EMAIL_01684,SYN_P_0454,SYN_P_0460,2025-10-09 09:00:00,Document,outbound
EMAIL_01685,SYN_P_0567,SYN_P_0616,2024-05-29 09:00:00,Invoice,inbound
EMAIL_01686,SYN_P_0866,SYN_P_0752,2026-04-23 01:00:00,Meeting,outbound
EMAIL_01687,SYN_P_0006,SYN_P_0758,2024-08-28 19:00:00,Document,outbound
EMAIL_01688,SYN_P_0490,SYN_P_0595,2026-05-26 21:00:00,Delivery,outbound
EMAIL_01689,SYN_P_0816,SYN_P_0464,2026-09-01 08:00:00,Meeting,inbound
EMAIL_01690,SYN_P_0228,SYN_P_0550,2024-04-29 23:00:00,Account,inbound
EMAIL_01691,SYN_P_0878,SYN_P_0582,2025-05-02 23:00:00,Invoice,inbound
EMAIL_01692,SYN_P_0866,SYN_P_0548,2024-03-06 10:00:00,Request,inbound
EMAIL_01693,SYN_P_1007,SYN_P_0904,2025-09-22 09:00:00,Account,inbound
EMAIL_01694,SYN_P_1001,SYN_P_0254,2026-07-18 18:00:00,Document,inbound
EMAIL_01695,SYN_P_0353,SYN_P_0262,2025-10-08 21:00:00,Document,outbound
EMAIL_01696,SYN_P_0570,SYN_P_0531,2026-03-16 20:00:00,Invoice,outbound
EMAIL_01697,SYN_P_0324,SYN_P_0778,2024-08-16 15:00:00,Meeting,outbound
EMAIL_01698,SYN_P_1034,SYN_P_0224,2024-12-04 00:00:00,Account,inbound
EMAIL_01699,SYN_P_0614,SYN_P_0855,2026-08-16 00:00:00,Account,inbound
EMAIL_01700,SYN_P_0988,SYN_P_0429,2026-04-09 15:00:00,Document,inbound
EMAIL_01701,SYN_P_0585,SYN_P_0113,2026-02-13 11:00:00,Document,outbound
EMAIL_01702,SYN_P_1006,SYN_P_0121,2025-04-10 07:00:00,Invoice,inbound
EMAIL_01703,SYN_P_0203,SYN_P_0920,2024-04-14 17:00:00,Account,outbound
EMAIL_01704,SYN_P_0489,SYN_P_0282,2025-03-01 07:00:00,Request,outbound
EMAIL_01705,SYN_P_0798,SYN_P_0097,2025-10-22 20:00:00,Invoice,outbound
EMAIL_01706,SYN_P_0262,SYN_P_0548,2026-07-07 10:00:00,Meeting,inbound
EMAIL_01707,SYN_P_0666,SYN_P_1025,2026-03-06 18:00:00,Delivery,inbound
EMAIL_01708,SYN_P_0662,SYN_P_0047,2026-08-29 17:00:00,Account,outbound
EMAIL_01709,SYN_P_0217,SYN_P_0720,2026-01-23 03:00:00,Account,outbound
EMAIL_01710,SYN_P_0717,SYN_P_0471,2024-08-16 07:00:00,Document,outbound
EMAIL_01711,SYN_P_0443,SYN_P_0171,2026-03-03 00:00:00,Invoice,inbound
EMAIL_01712,SYN_P_0594,SYN_P_0545,2025-08-16 14:00:00,Account,inbound
EMAIL_01713,SYN_P_0807,SYN_P_0360,2026-04-01 14:00:00,Meeting,inbound
EMAIL_01714,SYN_P_0082,SYN_P_0796,2025-03-05 20:00:00,Document,inbound
EMAIL_01715,SYN_P_0344,SYN_P_0233,2024-07-24 05:00:00,Invoice,outbound
EMAIL_01716,SYN_P_0645,SYN_P_0495,2024-10-20 14:00:00,Meeting,outbound
EMAIL_01717,SYN_P_0409,SYN_P_0351,2024-12-26 21:00:00,Document,inbound
EMAIL_01718,SYN_P_0326,SYN_P_0702,2025-02-23 09:00:00,Document,inbound
EMAIL_01719,SYN_P_0801,SYN_P_0305,2026-11-05 09:00:00,Request,inbound
EMAIL_01720,SYN_P_0446,SYN_P_0227,2025-05-28 11:00:00,Account,outbound
EMAIL_01721,SYN_P_0356,SYN_P_0530,2025-04-22 15:00:00,Request,inbound
EMAIL_01722,SYN_P_0011,SYN_P_0553,2025-12-06 09:00:00,Request,inbound
EMAIL_01723,SYN_P_1004,SYN_P_0934,2025-12-29 16:00:00,Delivery,outbound
EMAIL_01724,SYN_P_1027,SYN_P_0603,2024-11-12 08:00:00,Delivery,outbound
EMAIL_01725,SYN_P_0175,SYN_P_0091,2026-04-01 09:00:00,Document,outbound
EMAIL_01726,SYN_P_0672,SYN_P_0742,2025-07-08 07:00:00,Account,outbound
EMAIL_01727,SYN_P_0319,SYN_P_0988,2026-08-13 15:00:00,Invoice,outbound
EMAIL_01728,SYN_P_0860,SYN_P_0873,2024-01-06 19:00:00,Document,outbound
EMAIL_01729,SYN_P_0709,SYN_P_0558,2024-01-01 15:00:00,Account,inbound
EMAIL_01730,SYN_P_0918,SYN_P_0873,2026-10-02 21:00:00,Meeting,inbound
EMAIL_01731,SYN_P_0857,SYN_P_0194,2024-06-03 21:00:00,Meeting,inbound
EMAIL_01732,SYN_P_0351,SYN_P_0286,2024-08-28 10:00:00,Meeting,outbound
EMAIL_01733,SYN_P_1022,SYN_P_0599,2024-07-18 09:00:00,Request,outbound
EMAIL_01734,SYN_P_0667,SYN_P_0994,2025-10-14 08:00:00,Request,outbound
EMAIL_01735,SYN_P_0978,SYN_P_0853,2026-05-11 14:00:00,Account,inbound
EMAIL_01736,SYN_P_0095,SYN_P_0917,2025-01-22 11:00:00,Invoice,inbound
EMAIL_01737,SYN_P_0152,SYN_P_1013,2024-12-08 01:00:00,Invoice,inbound
EMAIL_01738,SYN_P_0465,SYN_P_0667,2026-09-30 23:00:00,Document,inbound
EMAIL_01739,SYN_P_0276,SYN_P_0630,2025-03-03 03:00:00,Meeting,inbound
EMAIL_01740,SYN_P_0218,SYN_P_0566,2024-05-16 10:00:00,Document,outbound
EMAIL_01741,SYN_P_0952,SYN_P_0898,2026-07-17 02:00:00,Document,outbound
EMAIL_01742,SYN_P_0641,SYN_P_0137,2026-09-06 06:00:00,Meeting,inbound
EMAIL_01743,SYN_P_0251,SYN_P_0664,2025-06-06 18:00:00,Document,outbound
EMAIL_01744,SYN_P_0027,SYN_P_0191,2026-01-01 06:00:00,Account,outbound
EMAIL_01745,SYN_P_0196,SYN_P_0609,2026-05-18 20:00:00,Delivery,outbound
EMAIL_01746,SYN_P_0790,SYN_P_0965,2024-06-25 02:00:00,Account,outbound
EMAIL_01747,SYN_P_0851,SYN_P_0727,2026-04-24 09:00:00,Account,outbound
EMAIL_01748,SYN_P_0871,SYN_P_0415,2025-03-04 06:00:00,Invoice,outbound
EMAIL_01749,SYN_P_0462,SYN_P_0302,2024-10-18 06:00:00,Invoice,inbound
EMAIL_01750,SYN_P_0324,SYN_P_0314,2024-09-25 06:00:00,Delivery,inbound
EMAIL_01751,SYN_P_0081,SYN_P_0140,2025-01-02 02:00:00,Request,inbound
EMAIL_01752,SYN_P_0078,SYN_P_0204,2026-07-26 23:00:00,Delivery,inbound
EMAIL_01753,SYN_P_0956,SYN_P_0731,2024-10-24 13:00:00,Request,outbound
EMAIL_01754,SYN_P_0649,SYN_P_0939,2026-04-26 15:00:00,Delivery,outbound
EMAIL_01755,SYN_P_0158,SYN_P_0479,2024-11-06 02:00:00,Meeting,outbound
EMAIL_01756,SYN_P_0550,SYN_P_0581,2024-05-29 21:00:00,Invoice,outbound
EMAIL_01757,SYN_P_0875,SYN_P_0154,2026-01-03 02:00:00,Delivery,outbound
EMAIL_01758,SYN_P_0036,SYN_P_0250,2026-01-02 16:00:00,Delivery,inbound
EMAIL_01759,SYN_P_0702,SYN_P_0525,2025-05-02 16:00:00,Meeting,inbound
EMAIL_01760,SYN_P_0328,SYN_P_0871,2024-07-30 15:00:00,Document,inbound
EMAIL_01761,SYN_P_1015,SYN_P_0002,2026-10-12 03:00:00,Meeting,inbound
EMAIL_01762,SYN_P_0782,SYN_P_0315,2026-06-14 23:00:00,Request,outbound
EMAIL_01763,SYN_P_0560,SYN_P_0602,2025-05-30 05:00:00,Account,outbound
EMAIL_01764,SYN_P_0153,SYN_P_0273,2026-05-08 16:00:00,Invoice,outbound
EMAIL_01765,SYN_P_0434,SYN_P_0819,2026-02-21 00:00:00,Document,outbound
EMAIL_01766,SYN_P_0249,SYN_P_0560,2026-07-18 20:00:00,Meeting,inbound
EMAIL_01767,SYN_P_0961,SYN_P_0396,2026-07-07 19:00:00,Delivery,outbound
EMAIL_01768,SYN_P_0013,SYN_P_0697,2024-12-02 20:00:00,Delivery,outbound
EMAIL_01769,SYN_P_0187,SYN_P_0418,2024-09-03 02:00:00,Document,inbound
EMAIL_01770,SYN_P_0273,SYN_P_0884,2026-07-17 02:00:00,Account,outbound
EMAIL_01771,SYN_P_0587,SYN_P_0864,2026-01-20 12:00:00,Invoice,inbound
EMAIL_01772,SYN_P_0698,SYN_P_0497,2024-05-23 17:00:00,Invoice,outbound
EMAIL_01773,SYN_P_0315,SYN_P_0374,2026-04-16 10:00:00,Document,outbound
EMAIL_01774,SYN_P_0831,SYN_P_0051,2025-06-23 09:00:00,Delivery,outbound
EMAIL_01775,SYN_P_0169,SYN_P_0512,2024-10-30 16:00:00,Request,outbound
EMAIL_01776,SYN_P_0381,SYN_P_0560,2025-01-09 23:00:00,Request,outbound
EMAIL_01777,SYN_P_0575,SYN_P_0633,2026-10-19 12:00:00,Meeting,inbound
EMAIL_01778,SYN_P_0179,SYN_P_0533,2025-06-05 09:00:00,Meeting,inbound
EMAIL_01779,SYN_P_0507,SYN_P_0976,2026-05-20 12:00:00,Delivery,inbound
EMAIL_01780,SYN_P_0334,SYN_P_0834,2026-06-06 18:00:00,Invoice,outbound
EMAIL_01781,SYN_P_0227,SYN_P_0499,2025-07-16 06:00:00,Meeting,outbound
EMAIL_01782,SYN_P_0173,SYN_P_1007,2026-01-07 00:00:00,Account,inbound
EMAIL_01783,SYN_P_0446,SYN_P_0618,2025-01-08 14:00:00,Account,inbound
EMAIL_01784,SYN_P_0310,SYN_P_0956,2026-07-13 10:00:00,Document,inbound
EMAIL_01785,SYN_P_0301,SYN_P_0289,2026-01-24 23:00:00,Account,outbound
EMAIL_01786,SYN_P_0784,SYN_P_0402,2026-08-28 06:00:00,Account,outbound
EMAIL_01787,SYN_P_0464,SYN_P_0027,2026-10-04 07:00:00,Invoice,outbound
EMAIL_01788,SYN_P_0927,SYN_P_0893,2026-01-14 18:00:00,Request,inbound
EMAIL_01789,SYN_P_0258,SYN_P_0312,2024-08-17 07:00:00,Delivery,outbound
EMAIL_01790,SYN_P_0581,SYN_P_0289,2024-10-01 14:00:00,Account,inbound
EMAIL_01791,SYN_P_0607,SYN_P_0857,2024-02-07 16:00:00,Document,outbound
EMAIL_01792,SYN_P_0164,SYN_P_0512,2026-05-05 07:00:00,Meeting,outbound
EMAIL_01793,SYN_P_0667,SYN_P_0042,2024-08-26 00:00:00,Invoice,outbound
EMAIL_01794,SYN_P_0712,SYN_P_0202,2024-07-05 06:00:00,Delivery,inbound
EMAIL_01795,SYN_P_0107,SYN_P_0358,2025-09-15 08:00:00,Document,outbound
EMAIL_01796,SYN_P_0836,SYN_P_0928,2025-07-24 15:00:00,Account,outbound
EMAIL_01797,SYN_P_0842,SYN_P_0619,2024-08-29 23:00:00,Invoice,inbound
EMAIL_01798,SYN_P_0125,SYN_P_0284,2026-05-26 09:00:00,Request,outbound
EMAIL_01799,SYN_P_0987,SYN_P_0188,2024-01-27 00:00:00,Delivery,outbound
EMAIL_01800,SYN_P_0011,SYN_P_0421,2026-09-28 12:00:00,Invoice,inbound
EMAIL_01801,SYN_P_0687,SYN_P_0509,2026-04-26 17:00:00,Meeting,outbound
EMAIL_01802,SYN_P_0163,SYN_P_0355,2024-04-27 12:00:00,Account,outbound
EMAIL_01803,SYN_P_0442,SYN_P_0733,2024-09-25 17:00:00,Meeting,outbound
EMAIL_01804,SYN_P_1039,SYN_P_0545,2025-05-13 08:00:00,Account,inbound
EMAIL_01805,SYN_P_1011,SYN_P_0111,2025-06-14 22:00:00,Account,outbound
EMAIL_01806,SYN_P_0712,SYN_P_0003,2024-01-19 21:00:00,Account,inbound
EMAIL_01807,SYN_P_0358,SYN_P_0919,2024-10-27 07:00:00,Account,inbound
EMAIL_01808,SYN_P_0278,SYN_P_0001,2026-10-03 12:00:00,Request,outbound
EMAIL_01809,SYN_P_0852,SYN_P_0529,2024-04-15 05:00:00,Meeting,inbound
EMAIL_01810,SYN_P_1003,SYN_P_0983,2025-03-27 04:00:00,Delivery,outbound
EMAIL_01811,SYN_P_0729,SYN_P_0395,2024-04-22 19:00:00,Request,inbound
EMAIL_01812,SYN_P_0077,SYN_P_0780,2025-09-22 18:00:00,Request,inbound
EMAIL_01813,SYN_P_0747,SYN_P_0452,2025-07-03 23:00:00,Request,outbound
EMAIL_01814,SYN_P_0575,SYN_P_0484,2025-01-28 08:00:00,Meeting,outbound
EMAIL_01815,SYN_P_0021,SYN_P_0365,2024-04-07 08:00:00,Document,outbound
EMAIL_01816,SYN_P_0047,SYN_P_0303,2025-03-13 21:00:00,Account,inbound
EMAIL_01817,SYN_P_0790,SYN_P_0492,2024-05-08 09:00:00,Account,inbound
EMAIL_01818,SYN_P_0528,SYN_P_0493,2026-01-28 21:00:00,Document,inbound
EMAIL_01819,SYN_P_0094,SYN_P_0986,2024-10-08 07:00:00,Invoice,outbound
EMAIL_01820,SYN_P_0236,SYN_P_0892,2024-11-12 07:00:00,Request,inbound
EMAIL_01821,SYN_P_0237,SYN_P_0221,2025-11-16 05:00:00,Request,inbound
EMAIL_01822,SYN_P_0178,SYN_P_0623,2026-01-12 14:00:00,Meeting,outbound
EMAIL_01823,SYN_P_0345,SYN_P_1021,2026-03-15 05:00:00,Meeting,outbound
EMAIL_01824,SYN_P_1008,SYN_P_0389,2024-02-29 11:00:00,Invoice,inbound
EMAIL_01825,SYN_P_0822,SYN_P_0729,2024-09-20 09:00:00,Meeting,inbound
EMAIL_01826,SYN_P_0797,SYN_P_0973,2024-07-18 20:00:00,Meeting,inbound
EMAIL_01827,SYN_P_0443,SYN_P_0424,2026-04-29 14:00:00,Request,outbound
EMAIL_01828,SYN_P_0529,SYN_P_0111,2026-02-17 16:00:00,Invoice,outbound
EMAIL_01829,SYN_P_0203,SYN_P_0828,2024-01-22 05:00:00,Request,outbound
EMAIL_01830,SYN_P_0603,SYN_P_0710,2024-10-10 22:00:00,Invoice,inbound
EMAIL_01831,SYN_P_0717,SYN_P_0540,2024-09-19 08:00:00,Invoice,inbound
EMAIL_01832,SYN_P_0653,SYN_P_0479,2026-08-16 20:00:00,Invoice,inbound
EMAIL_01833,SYN_P_1015,SYN_P_1010,2025-06-06 14:00:00,Request,inbound
EMAIL_01834,SYN_P_0068,SYN_P_0100,2026-07-28 17:00:00,Invoice,inbound
EMAIL_01835,SYN_P_0414,SYN_P_0731,2026-10-15 23:00:00,Request,outbound
EMAIL_01836,SYN_P_0052,SYN_P_0967,2025-02-18 05:00:00,Invoice,outbound
EMAIL_01837,SYN_P_0321,SYN_P_0467,2025-08-02 19:00:00,Account,inbound
EMAIL_01838,SYN_P_0617,SYN_P_0317,2025-09-12 05:00:00,Delivery,outbound
EMAIL_01839,SYN_P_0095,SYN_P_0848,2024-11-27 14:00:00,Account,inbound
EMAIL_01840,SYN_P_0163,SYN_P_1018,2024-04-14 12:00:00,Request,inbound
EMAIL_01841,SYN_P_0538,SYN_P_0785,2025-04-18 05:00:00,Meeting,outbound
EMAIL_01842,SYN_P_0609,SYN_P_0434,2025-08-02 12:00:00,Document,inbound
EMAIL_01843,SYN_P_0279,SYN_P_0117,2025-06-24 21:00:00,Invoice,inbound
EMAIL_01844,SYN_P_0662,SYN_P_0825,2026-06-02 13:00:00,Request,inbound
EMAIL_01845,SYN_P_0860,SYN_P_0409,2025-07-01 18:00:00,Account,outbound
EMAIL_01846,SYN_P_0932,SYN_P_0307,2025-02-28 02:00:00,Invoice,outbound
EMAIL_01847,SYN_P_0387,SYN_P_0617,2026-06-23 17:00:00,Delivery,inbound
EMAIL_01848,SYN_P_0412,SYN_P_0962,2025-07-17 19:00:00,Invoice,inbound
EMAIL_01849,SYN_P_0966,SYN_P_0675,2025-03-13 06:00:00,Account,outbound
EMAIL_01850,SYN_P_0353,SYN_P_0364,2024-10-12 07:00:00,Account,inbound
EMAIL_01851,SYN_P_0351,SYN_P_0911,2025-10-10 11:00:00,Request,inbound
EMAIL_01852,SYN_P_0646,SYN_P_0962,2024-01-10 02:00:00,Account,inbound
EMAIL_01853,SYN_P_0637,SYN_P_0150,2026-10-12 15:00:00,Document,outbound
EMAIL_01854,SYN_P_0338,SYN_P_0111,2026-06-16 08:00:00,Meeting,outbound
EMAIL_01855,SYN_P_1002,SYN_P_0658,2026-05-24 04:00:00,Delivery,inbound
EMAIL_01856,SYN_P_0804,SYN_P_0938,2025-06-11 05:00:00,Invoice,outbound
EMAIL_01857,SYN_P_0915,SYN_P_0349,2026-05-05 21:00:00,Document,outbound
EMAIL_01858,SYN_P_0315,SYN_P_0147,2026-02-15 21:00:00,Request,outbound
EMAIL_01859,SYN_P_0894,SYN_P_0264,2024-04-27 16:00:00,Account,inbound
EMAIL_01860,SYN_P_1023,SYN_P_0851,2025-11-18 16:00:00,Document,outbound
EMAIL_01861,SYN_P_0452,SYN_P_0917,2025-05-04 18:00:00,Account,inbound
EMAIL_01862,SYN_P_0162,SYN_P_0223,2025-12-18 09:00:00,Meeting,outbound
EMAIL_01863,SYN_P_0015,SYN_P_0687,2026-04-21 02:00:00,Account,outbound
EMAIL_01864,SYN_P_0647,SYN_P_0455,2025-11-24 23:00:00,Document,outbound
EMAIL_01865,SYN_P_0761,SYN_P_0647,2024-11-02 21:00:00,Delivery,inbound
EMAIL_01866,SYN_P_0166,SYN_P_0883,2026-03-17 08:00:00,Delivery,outbound
EMAIL_01867,SYN_P_0109,SYN_P_0694,2024-12-08 22:00:00,Invoice,outbound
EMAIL_01868,SYN_P_0691,SYN_P_0287,2024-01-24 22:00:00,Delivery,inbound
EMAIL_01869,SYN_P_0946,SYN_P_0570,2025-09-14 19:00:00,Document,inbound
EMAIL_01870,SYN_P_1035,SYN_P_0174,2025-06-11 03:00:00,Meeting,inbound
EMAIL_01871,SYN_P_0196,SYN_P_0897,2024-07-25 11:00:00,Request,inbound
EMAIL_01872,SYN_P_1018,SYN_P_0150,2025-08-24 17:00:00,Request,inbound
EMAIL_01873,SYN_P_0717,SYN_P_0558,2026-04-01 18:00:00,Meeting,inbound
EMAIL_01874,SYN_P_0588,SYN_P_0633,2025-09-15 01:00:00,Account,outbound
EMAIL_01875,SYN_P_0528,SYN_P_0488,2024-10-04 22:00:00,Delivery,inbound
EMAIL_01876,SYN_P_0526,SYN_P_0592,2025-01-01 01:00:00,Meeting,outbound
EMAIL_01877,SYN_P_0052,SYN_P_0273,2026-01-17 10:00:00,Account,inbound
EMAIL_01878,SYN_P_0320,SYN_P_0849,2026-07-02 10:00:00,Account,outbound
EMAIL_01879,SYN_P_0887,SYN_P_0314,2026-04-13 04:00:00,Delivery,outbound
EMAIL_01880,SYN_P_1012,SYN_P_0152,2024-12-06 12:00:00,Delivery,outbound
EMAIL_01881,SYN_P_0450,SYN_P_0388,2025-04-21 10:00:00,Request,inbound
EMAIL_01882,SYN_P_0292,SYN_P_0522,2024-09-04 13:00:00,Account,inbound
EMAIL_01883,SYN_P_0760,SYN_P_0951,2024-05-28 03:00:00,Request,inbound
EMAIL_01884,SYN_P_0772,SYN_P_0305,2024-02-21 03:00:00,Meeting,outbound
EMAIL_01885,SYN_P_0681,SYN_P_0496,2024-12-15 14:00:00,Account,inbound
EMAIL_01886,SYN_P_0602,SYN_P_0764,2024-04-29 12:00:00,Document,outbound
EMAIL_01887,SYN_P_0462,SYN_P_0095,2026-07-14 18:00:00,Document,outbound
EMAIL_01888,SYN_P_0944,SYN_P_0355,2026-01-23 01:00:00,Account,outbound
EMAIL_01889,SYN_P_0280,SYN_P_0945,2025-11-06 23:00:00,Meeting,outbound
EMAIL_01890,SYN_P_0658,SYN_P_0615,2025-08-07 12:00:00,Document,outbound
EMAIL_01891,SYN_P_0255,SYN_P_0868,2024-05-03 22:00:00,Request,outbound
EMAIL_01892,SYN_P_0730,SYN_P_0249,2024-06-19 04:00:00,Meeting,outbound
EMAIL_01893,SYN_P_0995,SYN_P_0997,2024-12-30 13:00:00,Meeting,outbound
EMAIL_01894,SYN_P_0185,SYN_P_0094,2024-12-07 14:00:00,Meeting,outbound
EMAIL_01895,SYN_P_0129,SYN_P_0295,2024-03-22 23:00:00,Document,outbound
EMAIL_01896,SYN_P_0035,SYN_P_0458,2025-10-09 08:00:00,Document,inbound
EMAIL_01897,SYN_P_0946,SYN_P_0060,2024-08-25 16:00:00,Document,inbound
EMAIL_01898,SYN_P_0408,SYN_P_0709,2026-05-29 02:00:00,Meeting,inbound
EMAIL_01899,SYN_P_0152,SYN_P_0943,2025-09-28 05:00:00,Delivery,outbound
EMAIL_01900,SYN_P_0210,SYN_P_0423,2026-03-01 01:00:00,Account,outbound
EMAIL_01901,SYN_P_1011,SYN_P_0962,2024-06-23 12:00:00,Delivery,inbound
EMAIL_01902,SYN_P_0672,SYN_P_0099,2026-07-04 09:00:00,Account,outbound
EMAIL_01903,SYN_P_0868,SYN_P_0448,2025-07-26 10:00:00,Invoice,inbound
EMAIL_01904,SYN_P_0003,SYN_P_0941,2024-08-20 00:00:00,Delivery,outbound
EMAIL_01905,SYN_P_0518,SYN_P_0049,2026-05-07 09:00:00,Request,outbound
EMAIL_01906,SYN_P_0532,SYN_P_0183,2025-07-16 15:00:00,Request,inbound
EMAIL_01907,SYN_P_0199,SYN_P_0704,2024-11-11 12:00:00,Delivery,outbound
EMAIL_01908,SYN_P_0456,SYN_P_0638,2025-02-05 12:00:00,Account,inbound
EMAIL_01909,SYN_P_0229,SYN_P_0502,2026-09-11 07:00:00,Request,inbound
EMAIL_01910,SYN_P_0184,SYN_P_0977,2026-06-06 21:00:00,Account,inbound
EMAIL_01911,SYN_P_0201,SYN_P_0179,2026-01-31 17:00:00,Delivery,outbound
EMAIL_01912,SYN_P_0937,SYN_P_0965,2024-11-26 16:00:00,Request,outbound
EMAIL_01913,SYN_P_0581,SYN_P_0911,2025-09-04 16:00:00,Delivery,outbound
EMAIL_01914,SYN_P_0328,SYN_P_0058,2026-04-20 15:00:00,Invoice,outbound
EMAIL_01915,SYN_P_0906,SYN_P_0227,2026-04-16 12:00:00,Account,outbound
EMAIL_01916,SYN_P_0604,SYN_P_0984,2024-06-18 06:00:00,Document,inbound
EMAIL_01917,SYN_P_0066,SYN_P_0989,2025-08-27 14:00:00,Meeting,inbound
EMAIL_01918,SYN_P_0107,SYN_P_0280,2026-07-22 01:00:00,Delivery,outbound
EMAIL_01919,SYN_P_0863,SYN_P_0325,2025-11-03 13:00:00,Document,outbound
EMAIL_01920,SYN_P_0956,SYN_P_0105,2025-06-08 23:00:00,Request,inbound
EMAIL_01921,SYN_P_0586,SYN_P_0043,2025-03-31 23:00:00,Document,inbound
EMAIL_01922,SYN_P_0631,SYN_P_0529,2025-05-02 06:00:00,Delivery,outbound
EMAIL_01923,SYN_P_0927,SYN_P_0394,2024-05-02 23:00:00,Meeting,outbound
EMAIL_01924,SYN_P_0270,SYN_P_0288,2025-12-08 08:00:00,Request,inbound
EMAIL_01925,SYN_P_0165,SYN_P_0323,2026-04-21 23:00:00,Request,inbound
EMAIL_01926,SYN_P_0844,SYN_P_0765,2026-09-28 18:00:00,Document,outbound
EMAIL_01927,SYN_P_0677,SYN_P_0640,2025-11-13 03:00:00,Delivery,inbound
EMAIL_01928,SYN_P_0940,SYN_P_0064,2026-06-22 05:00:00,Request,outbound
EMAIL_01929,SYN_P_0187,SYN_P_1005,2025-10-07 23:00:00,Account,outbound
EMAIL_01930,SYN_P_0367,SYN_P_0992,2026-05-24 08:00:00,Invoice,inbound
EMAIL_01931,SYN_P_1040,SYN_P_0141,2026-06-24 08:00:00,Invoice,outbound
EMAIL_01932,SYN_P_0380,SYN_P_0978,2025-10-24 13:00:00,Invoice,outbound
EMAIL_01933,SYN_P_0980,SYN_P_0121,2026-03-13 04:00:00,Delivery,inbound
EMAIL_01934,SYN_P_0209,SYN_P_0589,2025-06-03 15:00:00,Meeting,outbound
EMAIL_01935,SYN_P_0147,SYN_P_0162,2026-01-23 00:00:00,Account,inbound
EMAIL_01936,SYN_P_0215,SYN_P_0267,2024-01-07 01:00:00,Request,inbound
EMAIL_01937,SYN_P_0040,SYN_P_0132,2024-03-01 04:00:00,Meeting,inbound
EMAIL_01938,SYN_P_0605,SYN_P_0422,2026-04-10 06:00:00,Invoice,inbound
EMAIL_01939,SYN_P_0886,SYN_P_0715,2024-03-08 19:00:00,Request,inbound
EMAIL_01940,SYN_P_0117,SYN_P_0933,2026-03-07 17:00:00,Document,inbound
EMAIL_01941,SYN_P_1020,SYN_P_0632,2026-07-02 07:00:00,Request,inbound
EMAIL_01942,SYN_P_0609,SYN_P_0699,2024-01-12 11:00:00,Invoice,inbound
EMAIL_01943,SYN_P_0095,SYN_P_0905,2026-06-02 03:00:00,Document,inbound
EMAIL_01944,SYN_P_0429,SYN_P_0600,2026-06-27 15:00:00,Request,inbound
EMAIL_01945,SYN_P_0787,SYN_P_0310,2025-09-01 07:00:00,Account,inbound
EMAIL_01946,SYN_P_0743,SYN_P_0536,2025-04-15 18:00:00,Document,outbound
EMAIL_01947,SYN_P_0451,SYN_P_0068,2025-09-14 16:00:00,Request,outbound
EMAIL_01948,SYN_P_0776,SYN_P_0717,2024-05-14 15:00:00,Meeting,inbound
EMAIL_01949,SYN_P_0529,SYN_P_0687,2026-10-09 13:00:00,Delivery,inbound
EMAIL_01950,SYN_P_0884,SYN_P_0302,2026-08-03 09:00:00,Document,inbound
EMAIL_01951,SYN_P_0727,SYN_P_0882,2026-06-19 14:00:00,Meeting,inbound
EMAIL_01952,SYN_P_0890,SYN_P_0657,2025-05-01 11:00:00,Request,outbound
EMAIL_01953,SYN_P_0580,SYN_P_0441,2024-01-29 18:00:00,Delivery,outbound
EMAIL_01954,SYN_P_0032,SYN_P_0808,2026-05-26 13:00:00,Account,outbound
EMAIL_01955,SYN_P_0489,SYN_P_0918,2024-11-03 20:00:00,Meeting,inbound
EMAIL_01956,SYN_P_0293,SYN_P_0173,2024-05-28 23:00:00,Invoice,inbound
EMAIL_01957,SYN_P_0759,SYN_P_0849,2026-04-02 02:00:00,Invoice,inbound
EMAIL_01958,SYN_P_0418,SYN_P_0618,2024-12-22 22:00:00,Delivery,inbound
EMAIL_01959,SYN_P_0934,SYN_P_0035,2026-08-03 08:00:00,Meeting,outbound
EMAIL_01960,SYN_P_1015,SYN_P_0396,2024-01-19 09:00:00,Delivery,outbound
EMAIL_01961,SYN_P_0328,SYN_P_0277,2025-03-16 23:00:00,Meeting,outbound
EMAIL_01962,SYN_P_0621,SYN_P_0144,2024-11-21 02:00:00,Delivery,outbound
EMAIL_01963,SYN_P_0648,SYN_P_0842,2026-06-16 18:00:00,Document,outbound
EMAIL_01964,SYN_P_0837,SYN_P_0395,2024-07-19 11:00:00,Request,outbound
EMAIL_01965,SYN_P_0104,SYN_P_0941,2024-01-17 04:00:00,Account,inbound
EMAIL_01966,SYN_P_0379,SYN_P_0099,2026-06-30 20:00:00,Invoice,outbound
EMAIL_01967,SYN_P_0939,SYN_P_0205,2025-06-07 22:00:00,Document,outbound
EMAIL_01968,SYN_P_0164,SYN_P_0057,2026-09-29 23:00:00,Request,inbound
EMAIL_01969,SYN_P_0447,SYN_P_0961,2024-01-17 17:00:00,Document,outbound
EMAIL_01970,SYN_P_0641,SYN_P_0326,2024-06-03 12:00:00,Meeting,outbound
EMAIL_01971,SYN_P_0194,SYN_P_0722,2026-04-08 06:00:00,Meeting,outbound
EMAIL_01972,SYN_P_0568,SYN_P_0800,2025-03-21 05:00:00,Delivery,outbound
EMAIL_01973,SYN_P_0853,SYN_P_0848,2024-08-04 13:00:00,Request,inbound
EMAIL_01974,SYN_P_0927,SYN_P_0037,2024-10-29 04:00:00,Invoice,outbound
EMAIL_01975,SYN_P_0301,SYN_P_0288,2026-05-16 17:00:00,Meeting,outbound
EMAIL_01976,SYN_P_0558,SYN_P_0039,2026-03-12 11:00:00,Request,inbound
EMAIL_01977,SYN_P_0235,SYN_P_0520,2024-11-21 16:00:00,Invoice,inbound
EMAIL_01978,SYN_P_0538,SYN_P_0140,2024-11-28 04:00:00,Document,inbound
EMAIL_01979,SYN_P_0570,SYN_P_0028,2025-02-16 06:00:00,Request,inbound
EMAIL_01980,SYN_P_0404,SYN_P_0526,2024-06-04 06:00:00,Document,inbound
EMAIL_01981,SYN_P_0861,SYN_P_0835,2025-11-12 12:00:00,Account,outbound
EMAIL_01982,SYN_P_0598,SYN_P_0555,2025-05-18 05:00:00,Meeting,outbound
EMAIL_01983,SYN_P_0645,SYN_P_0906,2024-12-19 12:00:00,Invoice,outbound
EMAIL_01984,SYN_P_0640,SYN_P_0918,2025-06-29 11:00:00,Request,inbound
EMAIL_01985,SYN_P_0140,SYN_P_0419,2026-04-12 11:00:00,Document,outbound
EMAIL_01986,SYN_P_0758,SYN_P_0067,2026-09-03 08:00:00,Document,inbound
EMAIL_01987,SYN_P_0786,SYN_P_0287,2026-05-02 11:00:00,Document,inbound
EMAIL_01988,SYN_P_0770,SYN_P_0511,2025-08-14 18:00:00,Account,inbound
EMAIL_01989,SYN_P_0307,SYN_P_0943,2024-08-16 08:00:00,Meeting,outbound
EMAIL_01990,SYN_P_0844,SYN_P_0541,2026-04-20 20:00:00,Request,inbound
EMAIL_01991,SYN_P_0437,SYN_P_0014,2026-05-29 02:00:00,Document,inbound
EMAIL_01992,SYN_P_0036,SYN_P_0770,2025-08-25 22:00:00,Meeting,outbound
EMAIL_01993,SYN_P_0100,SYN_P_0146,2024-04-23 03:00:00,Request,outbound
EMAIL_01994,SYN_P_0403,SYN_P_0404,2025-09-17 11:00:00,Delivery,outbound
EMAIL_01995,SYN_P_0328,SYN_P_0524,2025-11-30 11:00:00,Meeting,outbound
EMAIL_01996,SYN_P_0378,SYN_P_0204,2024-01-10 16:00:00,Request,inbound
EMAIL_01997,SYN_P_0901,SYN_P_0004,2025-01-22 22:00:00,Delivery,inbound
EMAIL_01998,SYN_P_0768,SYN_P_0871,2026-06-28 06:00:00,Account,outbound
EMAIL_01999,SYN_P_0507,SYN_P_0415,2025-12-28 00:00:00,Account,inbound
EMAIL_02000,SYN_P_0885,SYN_P_0245,2026-06-06 11:00:00,Request,outbound
EMAIL_02001,SYN_P_0063,SYN_P_0439,2024-05-05 08:00:00,Delivery,inbound
EMAIL_02002,SYN_P_0271,SYN_P_0697,2025-07-16 08:00:00,Invoice,inbound
EMAIL_02003,SYN_P_0305,SYN_P_0453,2026-01-25 05:00:00,Meeting,outbound
EMAIL_02004,SYN_P_0149,SYN_P_0645,2026-03-25 03:00:00,Document,outbound
EMAIL_02005,SYN_P_0571,SYN_P_0970,2024-02-20 07:00:00,Invoice,inbound
EMAIL_02006,SYN_P_0101,SYN_P_0926,2024-09-12 04:00:00,Request,inbound
EMAIL_02007,SYN_P_0616,SYN_P_0918,2025-12-14 03:00:00,Request,inbound
EMAIL_02008,SYN_P_0147,SYN_P_0051,2026-04-02 15:00:00,Account,inbound
EMAIL_02009,SYN_P_0286,SYN_P_0970,2024-04-22 09:00:00,Meeting,outbound
EMAIL_02010,SYN_P_0812,SYN_P_0806,2025-07-28 12:00:00,Account,outbound
EMAIL_02011,SYN_P_0355,SYN_P_0860,2025-10-04 22:00:00,Delivery,outbound
EMAIL_02012,SYN_P_0322,SYN_P_0967,2026-05-06 02:00:00,Invoice,inbound
EMAIL_02013,SYN_P_0102,SYN_P_0946,2025-09-06 15:00:00,Account,inbound
EMAIL_02014,SYN_P_0696,SYN_P_0640,2025-11-20 06:00:00,Account,inbound
EMAIL_02015,SYN_P_0304,SYN_P_0136,2025-12-04 10:00:00,Invoice,inbound
EMAIL_02016,SYN_P_0363,SYN_P_0784,2026-04-01 23:00:00,Meeting,inbound
EMAIL_02017,SYN_P_0448,SYN_P_0466,2025-03-04 00:00:00,Request,inbound
EMAIL_02018,SYN_P_0176,SYN_P_0103,2026-03-17 14:00:00,Document,outbound
EMAIL_02019,SYN_P_0424,SYN_P_0973,2025-11-01 23:00:00,Account,inbound
EMAIL_02020,SYN_P_0662,SYN_P_0909,2026-02-27 22:00:00,Request,outbound
EMAIL_02021,SYN_P_0800,SYN_P_0460,2024-11-18 12:00:00,Invoice,outbound
EMAIL_02022,SYN_P_0455,SYN_P_0736,2024-11-05 19:00:00,Meeting,inbound
EMAIL_02023,SYN_P_0212,SYN_P_0126,2026-02-14 16:00:00,Invoice,inbound
EMAIL_02024,SYN_P_0722,SYN_P_0441,2024-10-10 04:00:00,Account,outbound
EMAIL_02025,SYN_P_1034,SYN_P_0473,2024-01-11 04:00:00,Document,outbound
EMAIL_02026,SYN_P_1010,SYN_P_0857,2025-01-06 00:00:00,Document,outbound
EMAIL_02027,SYN_P_0381,SYN_P_1018,2025-10-02 12:00:00,Request,outbound
EMAIL_02028,SYN_P_0653,SYN_P_0934,2026-08-21 05:00:00,Delivery,outbound
EMAIL_02029,SYN_P_0128,SYN_P_0683,2026-05-13 11:00:00,Meeting,outbound
EMAIL_02030,SYN_P_0381,SYN_P_1010,2026-04-14 08:00:00,Invoice,outbound
EMAIL_02031,SYN_P_0404,SYN_P_0261,2026-02-23 02:00:00,Account,outbound
EMAIL_02032,SYN_P_0291,SYN_P_0662,2024-04-23 14:00:00,Invoice,outbound
EMAIL_02033,SYN_P_0150,SYN_P_0835,2025-09-16 21:00:00,Invoice,inbound
EMAIL_02034,SYN_P_0250,SYN_P_0108,2025-10-12 04:00:00,Document,inbound
EMAIL_02035,SYN_P_0940,SYN_P_0213,2026-03-05 15:00:00,Document,inbound
EMAIL_02036,SYN_P_0875,SYN_P_0865,2024-04-13 03:00:00,Delivery,inbound
EMAIL_02037,SYN_P_0741,SYN_P_0726,2024-02-21 00:00:00,Delivery,inbound
EMAIL_02038,SYN_P_0642,SYN_P_0056,2024-05-03 01:00:00,Account,inbound
EMAIL_02039,SYN_P_0649,SYN_P_1011,2025-11-26 17:00:00,Document,inbound
EMAIL_02040,SYN_P_0793,SYN_P_0920,2026-03-10 21:00:00,Document,outbound
EMAIL_02041,SYN_P_0787,SYN_P_1007,2024-08-16 22:00:00,Request,inbound
EMAIL_02042,SYN_P_1032,SYN_P_0939,2025-01-02 04:00:00,Account,inbound
EMAIL_02043,SYN_P_0507,SYN_P_0043,2025-11-09 09:00:00,Invoice,inbound
EMAIL_02044,SYN_P_0014,SYN_P_0683,2025-08-14 18:00:00,Account,inbound
EMAIL_02045,SYN_P_0542,SYN_P_0987,2025-09-20 19:00:00,Invoice,inbound
EMAIL_02046,SYN_P_0188,SYN_P_0643,2024-04-05 21:00:00,Meeting,outbound
EMAIL_02047,SYN_P_0746,SYN_P_0560,2025-06-20 15:00:00,Account,inbound
EMAIL_02048,SYN_P_0831,SYN_P_0349,2025-05-02 14:00:00,Delivery,outbound
EMAIL_02049,SYN_P_0978,SYN_P_0668,2024-09-12 06:00:00,Document,inbound
EMAIL_02050,SYN_P_0990,SYN_P_0567,2025-10-04 19:00:00,Meeting,outbound
EMAIL_02051,SYN_P_0773,SYN_P_0540,2024-10-03 18:00:00,Delivery,outbound
EMAIL_02052,SYN_P_0620,SYN_P_1008,2024-04-25 17:00:00,Document,outbound
EMAIL_02053,SYN_P_0988,SYN_P_0187,2026-05-26 05:00:00,Delivery,outbound
EMAIL_02054,SYN_P_0197,SYN_P_0376,2025-02-23 21:00:00,Account,outbound
EMAIL_02055,SYN_P_0719,SYN_P_0472,2024-05-10 09:00:00,Delivery,inbound
EMAIL_02056,SYN_P_0127,SYN_P_0579,2024-09-05 06:00:00,Document,inbound
EMAIL_02057,SYN_P_0388,SYN_P_0169,2025-10-14 20:00:00,Request,outbound
EMAIL_02058,SYN_P_0006,SYN_P_0222,2024-10-25 17:00:00,Meeting,outbound
EMAIL_02059,SYN_P_0741,SYN_P_0157,2024-02-03 03:00:00,Account,inbound
EMAIL_02060,SYN_P_0634,SYN_P_0589,2026-08-14 18:00:00,Request,outbound
EMAIL_02061,SYN_P_0243,SYN_P_0909,2026-04-16 17:00:00,Invoice,inbound
EMAIL_02062,SYN_P_0266,SYN_P_0070,2024-08-30 19:00:00,Request,outbound
EMAIL_02063,SYN_P_0994,SYN_P_0724,2026-03-02 04:00:00,Account,outbound
EMAIL_02064,SYN_P_0257,SYN_P_0587,2025-05-08 04:00:00,Invoice,outbound
EMAIL_02065,SYN_P_1034,SYN_P_0729,2024-09-10 11:00:00,Invoice,inbound
EMAIL_02066,SYN_P_0134,SYN_P_0271,2025-07-25 07:00:00,Document,inbound
EMAIL_02067,SYN_P_0479,SYN_P_0411,2025-05-15 18:00:00,Account,outbound
EMAIL_02068,SYN_P_0666,SYN_P_0208,2026-02-03 06:00:00,Request,outbound
EMAIL_02069,SYN_P_0658,SYN_P_0951,2026-02-19 10:00:00,Meeting,outbound
EMAIL_02070,SYN_P_0241,SYN_P_0489,2025-10-11 23:00:00,Document,outbound
EMAIL_02071,SYN_P_0048,SYN_P_0938,2024-03-02 06:00:00,Delivery,outbound
EMAIL_02072,SYN_P_0077,SYN_P_0058,2025-08-04 15:00:00,Document,inbound
EMAIL_02073,SYN_P_0158,SYN_P_0755,2026-07-31 20:00:00,Request,outbound
EMAIL_02074,SYN_P_0463,SYN_P_0439,2024-08-07 15:00:00,Invoice,outbound
EMAIL_02075,SYN_P_0410,SYN_P_0967,2025-12-22 15:00:00,Account,outbound
EMAIL_02076,SYN_P_0010,SYN_P_0230,2025-02-02 01:00:00,Meeting,outbound
EMAIL_02077,SYN_P_0194,SYN_P_0988,2025-10-14 15:00:00,Document,outbound
EMAIL_02078,SYN_P_0551,SYN_P_1035,2026-06-09 00:00:00,Delivery,inbound
EMAIL_02079,SYN_P_0558,SYN_P_0037,2026-04-05 14:00:00,Request,outbound
EMAIL_02080,SYN_P_1004,SYN_P_0212,2025-04-12 02:00:00,Meeting,inbound
EMAIL_02081,SYN_P_0138,SYN_P_0023,2025-05-25 06:00:00,Invoice,inbound
EMAIL_02082,SYN_P_0908,SYN_P_0555,2025-02-04 04:00:00,Document,outbound
EMAIL_02083,SYN_P_0014,SYN_P_0935,2026-08-05 16:00:00,Delivery,outbound
EMAIL_02084,SYN_P_0270,SYN_P_0030,2025-07-12 16:00:00,Request,inbound
EMAIL_02085,SYN_P_0102,SYN_P_0926,2025-05-23 20:00:00,Meeting,inbound
EMAIL_02086,SYN_P_0945,SYN_P_0793,2024-07-04 04:00:00,Invoice,outbound
EMAIL_02087,SYN_P_0068,SYN_P_0128,2024-11-30 10:00:00,Account,inbound
EMAIL_02088,SYN_P_0111,SYN_P_0379,2025-10-09 10:00:00,Delivery,inbound
EMAIL_02089,SYN_P_0572,SYN_P_0594,2026-02-22 01:00:00,Invoice,inbound
EMAIL_02090,SYN_P_0870,SYN_P_0300,2025-09-24 09:00:00,Delivery,inbound
EMAIL_02091,SYN_P_0197,SYN_P_0434,2025-12-13 10:00:00,Delivery,inbound
EMAIL_02092,SYN_P_0771,SYN_P_0481,2025-10-06 15:00:00,Account,inbound
EMAIL_02093,SYN_P_0794,SYN_P_0445,2026-05-01 07:00:00,Invoice,outbound
EMAIL_02094,SYN_P_0357,SYN_P_0244,2024-12-16 00:00:00,Document,inbound
EMAIL_02095,SYN_P_0936,SYN_P_0942,2025-05-18 17:00:00,Meeting,outbound
EMAIL_02096,SYN_P_0577,SYN_P_0954,2026-06-15 21:00:00,Delivery,inbound
EMAIL_02097,SYN_P_0106,SYN_P_0480,2024-09-08 05:00:00,Delivery,outbound
EMAIL_02098,SYN_P_0877,SYN_P_0578,2026-09-05 22:00:00,Document,inbound
EMAIL_02099,SYN_P_1017,SYN_P_0869,2026-07-12 14:00:00,Request,inbound
EMAIL_02100,SYN_P_0571,SYN_P_0981,2025-07-12 03:00:00,Request,outbound
EMAIL_02101,SYN_P_0812,SYN_P_0279,2025-07-26 15:00:00,Delivery,outbound
EMAIL_02102,SYN_P_0631,SYN_P_0131,2024-08-31 09:00:00,Delivery,inbound
EMAIL_02103,SYN_P_0914,SYN_P_0773,2026-07-07 04:00:00,Delivery,outbound
EMAIL_02104,SYN_P_0710,SYN_P_0423,2025-12-17 03:00:00,Request,outbound
EMAIL_02105,SYN_P_0309,SYN_P_0763,2026-08-23 13:00:00,Document,inbound
EMAIL_02106,SYN_P_0124,SYN_P_0575,2024-10-05 14:00:00,Account,inbound
EMAIL_02107,SYN_P_0379,SYN_P_0012,2025-08-21 23:00:00,Account,outbound
EMAIL_02108,SYN_P_0544,SYN_P_0936,2025-12-12 17:00:00,Document,outbound
EMAIL_02109,SYN_P_0827,SYN_P_0296,2025-06-14 12:00:00,Account,inbound
EMAIL_02110,SYN_P_0742,SYN_P_0748,2026-07-26 05:00:00,Meeting,inbound
EMAIL_02111,SYN_P_0510,SYN_P_0241,2025-11-20 02:00:00,Meeting,inbound
EMAIL_02112,SYN_P_0276,SYN_P_0705,2026-11-02 15:00:00,Request,outbound
EMAIL_02113,SYN_P_0746,SYN_P_0676,2024-07-18 01:00:00,Account,outbound
EMAIL_02114,SYN_P_0182,SYN_P_0516,2024-10-03 08:00:00,Document,outbound
EMAIL_02115,SYN_P_0963,SYN_P_0344,2025-03-10 03:00:00,Delivery,outbound
EMAIL_02116,SYN_P_0071,SYN_P_0827,2024-02-01 03:00:00,Account,inbound
EMAIL_02117,SYN_P_0278,SYN_P_0669,2025-12-29 16:00:00,Meeting,inbound
EMAIL_02118,SYN_P_0467,SYN_P_0522,2024-02-11 09:00:00,Invoice,inbound
EMAIL_02119,SYN_P_0718,SYN_P_0145,2025-05-19 17:00:00,Invoice,outbound
EMAIL_02120,SYN_P_0448,SYN_P_0218,2026-01-10 13:00:00,Meeting,outbound
EMAIL_02121,SYN_P_0159,SYN_P_0394,2025-12-29 01:00:00,Document,outbound
EMAIL_02122,SYN_P_0676,SYN_P_0569,2025-06-10 19:00:00,Delivery,inbound
EMAIL_02123,SYN_P_0296,SYN_P_0369,2025-08-09 11:00:00,Request,inbound
EMAIL_02124,SYN_P_0951,SYN_P_0663,2025-08-20 07:00:00,Document,inbound
EMAIL_02125,SYN_P_0983,SYN_P_0673,2026-02-13 18:00:00,Account,inbound
EMAIL_02126,SYN_P_0647,SYN_P_0087,2024-04-11 12:00:00,Request,inbound
EMAIL_02127,SYN_P_0509,SYN_P_0983,2024-10-04 21:00:00,Account,inbound
EMAIL_02128,SYN_P_0439,SYN_P_0939,2026-04-12 02:00:00,Account,inbound
EMAIL_02129,SYN_P_0937,SYN_P_0417,2026-09-06 17:00:00,Delivery,outbound
EMAIL_02130,SYN_P_0951,SYN_P_0597,2024-03-20 22:00:00,Request,inbound
EMAIL_02131,SYN_P_0060,SYN_P_0040,2026-01-08 10:00:00,Meeting,inbound
EMAIL_02132,SYN_P_0347,SYN_P_1005,2025-05-17 05:00:00,Delivery,outbound
EMAIL_02133,SYN_P_0595,SYN_P_0749,2024-12-05 17:00:00,Request,inbound
EMAIL_02134,SYN_P_0324,SYN_P_0915,2025-10-29 13:00:00,Request,inbound
EMAIL_02135,SYN_P_0510,SYN_P_0495,2026-07-26 23:00:00,Account,outbound
EMAIL_02136,SYN_P_0803,SYN_P_0187,2026-02-24 14:00:00,Delivery,inbound
EMAIL_02137,SYN_P_0966,SYN_P_0197,2025-02-07 04:00:00,Account,outbound
EMAIL_02138,SYN_P_0922,SYN_P_0087,2025-09-14 02:00:00,Document,outbound
EMAIL_02139,SYN_P_0141,SYN_P_0756,2024-02-03 23:00:00,Account,outbound
EMAIL_02140,SYN_P_1038,SYN_P_0275,2024-01-21 04:00:00,Request,outbound
EMAIL_02141,SYN_P_0258,SYN_P_0517,2024-07-26 22:00:00,Account,inbound
EMAIL_02142,SYN_P_0949,SYN_P_0170,2024-05-29 05:00:00,Account,outbound
EMAIL_02143,SYN_P_1020,SYN_P_0146,2026-08-15 04:00:00,Document,outbound
EMAIL_02144,SYN_P_0449,SYN_P_0485,2026-02-28 17:00:00,Invoice,outbound
EMAIL_02145,SYN_P_0122,SYN_P_0559,2025-06-29 00:00:00,Invoice,outbound
EMAIL_02146,SYN_P_0675,SYN_P_0123,2025-04-17 01:00:00,Meeting,inbound
EMAIL_02147,SYN_P_0806,SYN_P_0639,2024-09-04 19:00:00,Account,inbound
EMAIL_02148,SYN_P_0561,SYN_P_0331,2024-04-11 19:00:00,Delivery,outbound
EMAIL_02149,SYN_P_0314,SYN_P_0680,2025-09-11 08:00:00,Meeting,outbound
EMAIL_02150,SYN_P_0817,SYN_P_0104,2024-04-17 16:00:00,Request,outbound
EMAIL_02151,SYN_P_0345,SYN_P_0195,2024-05-24 14:00:00,Request,outbound
EMAIL_02152,SYN_P_0450,SYN_P_0658,2025-01-27 08:00:00,Document,outbound
EMAIL_02153,SYN_P_0429,SYN_P_0840,2026-09-11 13:00:00,Meeting,outbound
EMAIL_02154,SYN_P_0203,SYN_P_0821,2024-12-08 23:00:00,Meeting,inbound
EMAIL_02155,SYN_P_0450,SYN_P_0626,2024-08-16 03:00:00,Account,inbound
EMAIL_02156,SYN_P_0662,SYN_P_0782,2024-10-03 22:00:00,Document,inbound
EMAIL_02157,SYN_P_0694,SYN_P_0598,2024-02-29 13:00:00,Account,outbound
EMAIL_02158,SYN_P_0576,SYN_P_0857,2024-12-06 13:00:00,Delivery,inbound
EMAIL_02159,SYN_P_0630,SYN_P_0641,2025-07-17 21:00:00,Delivery,outbound
EMAIL_02160,SYN_P_0613,SYN_P_0881,2025-11-28 20:00:00,Meeting,inbound
EMAIL_02161,SYN_P_0675,SYN_P_0706,2026-08-04 15:00:00,Meeting,outbound
EMAIL_02162,SYN_P_0555,SYN_P_0611,2026-09-13 19:00:00,Document,outbound
EMAIL_02163,SYN_P_0372,SYN_P_0701,2025-11-08 09:00:00,Account,outbound
EMAIL_02164,SYN_P_0204,SYN_P_0433,2025-08-24 09:00:00,Document,outbound
EMAIL_02165,SYN_P_0830,SYN_P_0543,2026-06-05 11:00:00,Invoice,outbound
EMAIL_02166,SYN_P_0684,SYN_P_0912,2025-10-09 23:00:00,Invoice,inbound
EMAIL_02167,SYN_P_0690,SYN_P_0010,2025-12-26 17:00:00,Delivery,inbound
EMAIL_02168,SYN_P_0635,SYN_P_0185,2026-02-05 01:00:00,Invoice,inbound
EMAIL_02169,SYN_P_0659,SYN_P_0262,2025-11-12 21:00:00,Meeting,outbound
EMAIL_02170,SYN_P_0378,SYN_P_0602,2024-09-22 05:00:00,Request,outbound
EMAIL_02171,SYN_P_0573,SYN_P_0731,2024-12-17 20:00:00,Meeting,outbound
EMAIL_02172,SYN_P_0170,SYN_P_0876,2025-01-17 12:00:00,Delivery,inbound
EMAIL_02173,SYN_P_0200,SYN_P_0853,2024-08-26 19:00:00,Account,outbound
EMAIL_02174,SYN_P_0452,SYN_P_0134,2026-07-21 16:00:00,Meeting,inbound
EMAIL_02175,SYN_P_0701,SYN_P_0938,2025-12-08 07:00:00,Delivery,outbound
EMAIL_02176,SYN_P_0694,SYN_P_0409,2026-05-27 02:00:00,Invoice,outbound
EMAIL_02177,SYN_P_0626,SYN_P_0008,2024-05-09 14:00:00,Invoice,outbound
EMAIL_02178,SYN_P_1011,SYN_P_0251,2025-01-21 00:00:00,Request,inbound
EMAIL_02179,SYN_P_0298,SYN_P_0307,2025-08-24 01:00:00,Document,inbound
EMAIL_02180,SYN_P_0153,SYN_P_0480,2025-08-24 05:00:00,Account,inbound
EMAIL_02181,SYN_P_1034,SYN_P_0830,2025-02-25 06:00:00,Meeting,outbound
EMAIL_02182,SYN_P_0497,SYN_P_0231,2024-07-08 11:00:00,Request,outbound
EMAIL_02183,SYN_P_0844,SYN_P_0914,2025-04-15 11:00:00,Account,inbound
EMAIL_02184,SYN_P_0412,SYN_P_0221,2025-06-13 14:00:00,Meeting,inbound
EMAIL_02185,SYN_P_0219,SYN_P_0534,2024-03-12 05:00:00,Invoice,outbound
EMAIL_02186,SYN_P_0897,SYN_P_1035,2025-01-16 19:00:00,Invoice,outbound
EMAIL_02187,SYN_P_0633,SYN_P_0821,2025-09-24 10:00:00,Document,inbound
EMAIL_02188,SYN_P_0751,SYN_P_0856,2026-10-21 17:00:00,Meeting,outbound
EMAIL_02189,SYN_P_0437,SYN_P_0712,2024-03-29 20:00:00,Request,outbound
EMAIL_02190,SYN_P_0472,SYN_P_0276,2024-11-13 08:00:00,Account,inbound
EMAIL_02191,SYN_P_0351,SYN_P_0102,2026-05-11 23:00:00,Account,outbound
EMAIL_02192,SYN_P_0581,SYN_P_0090,2026-05-07 08:00:00,Account,inbound
EMAIL_02193,SYN_P_0936,SYN_P_0828,2024-12-26 12:00:00,Account,inbound
EMAIL_02194,SYN_P_0466,SYN_P_0242,2024-06-09 22:00:00,Account,outbound
EMAIL_02195,SYN_P_0352,SYN_P_0696,2024-04-26 14:00:00,Document,outbound
EMAIL_02196,SYN_P_0221,SYN_P_0919,2026-10-18 05:00:00,Account,outbound
EMAIL_02197,SYN_P_0800,SYN_P_0278,2026-09-16 10:00:00,Delivery,outbound
EMAIL_02198,SYN_P_0187,SYN_P_0388,2025-11-26 12:00:00,Document,inbound
EMAIL_02199,SYN_P_0352,SYN_P_0196,2025-06-05 07:00:00,Account,inbound
EMAIL_02200,SYN_P_0244,SYN_P_0664,2026-08-17 07:00:00,Invoice,outbound
EMAIL_02201,SYN_P_0320,SYN_P_0184,2024-03-30 18:00:00,Invoice,outbound
EMAIL_02202,SYN_P_0410,SYN_P_0428,2026-04-16 11:00:00,Delivery,inbound
EMAIL_02203,SYN_P_0384,SYN_P_0411,2026-07-15 10:00:00,Request,inbound
EMAIL_02204,SYN_P_0965,SYN_P_0218,2024-12-15 22:00:00,Meeting,inbound
EMAIL_02205,SYN_P_0628,SYN_P_1017,2024-03-11 17:00:00,Document,inbound
EMAIL_02206,SYN_P_0950,SYN_P_0787,2024-03-21 22:00:00,Request,inbound
EMAIL_02207,SYN_P_0055,SYN_P_0211,2026-05-14 17:00:00,Invoice,outbound
EMAIL_02208,SYN_P_0915,SYN_P_0494,2025-09-29 08:00:00,Document,inbound
EMAIL_02209,SYN_P_0553,SYN_P_0144,2024-08-02 04:00:00,Delivery,inbound
EMAIL_02210,SYN_P_0831,SYN_P_0351,2025-12-21 03:00:00,Account,outbound
EMAIL_02211,SYN_P_0945,SYN_P_0766,2025-06-26 01:00:00,Meeting,outbound
EMAIL_02212,SYN_P_0497,SYN_P_0022,2025-04-13 18:00:00,Request,outbound
EMAIL_02213,SYN_P_0274,SYN_P_0147,2026-06-21 04:00:00,Invoice,inbound
EMAIL_02214,SYN_P_0267,SYN_P_0374,2025-01-12 12:00:00,Meeting,outbound
EMAIL_02215,SYN_P_0175,SYN_P_0556,2025-02-03 13:00:00,Invoice,outbound
EMAIL_02216,SYN_P_0593,SYN_P_0948,2024-08-15 23:00:00,Invoice,inbound
EMAIL_02217,SYN_P_0298,SYN_P_0033,2025-01-20 18:00:00,Document,outbound
EMAIL_02218,SYN_P_0725,SYN_P_0179,2026-09-12 08:00:00,Account,inbound
EMAIL_02219,SYN_P_0548,SYN_P_0551,2026-08-10 01:00:00,Account,outbound
EMAIL_02220,SYN_P_0866,SYN_P_0361,2024-12-28 00:00:00,Document,inbound
EMAIL_02221,SYN_P_0675,SYN_P_0324,2025-07-09 06:00:00,Account,inbound
EMAIL_02222,SYN_P_0696,SYN_P_0462,2026-08-02 03:00:00,Request,outbound
EMAIL_02223,SYN_P_0475,SYN_P_0625,2024-09-04 23:00:00,Meeting,inbound
EMAIL_02224,SYN_P_0481,SYN_P_0361,2024-03-25 06:00:00,Delivery,outbound
EMAIL_02225,SYN_P_0998,SYN_P_0184,2024-01-16 10:00:00,Delivery,outbound
EMAIL_02226,SYN_P_0617,SYN_P_0006,2025-01-02 01:00:00,Meeting,inbound
EMAIL_02227,SYN_P_0985,SYN_P_0349,2026-01-24 14:00:00,Request,inbound
EMAIL_02228,SYN_P_0629,SYN_P_0720,2025-10-31 21:00:00,Request,inbound
EMAIL_02229,SYN_P_0548,SYN_P_0354,2026-05-06 05:00:00,Request,outbound
EMAIL_02230,SYN_P_0227,SYN_P_0528,2026-01-17 22:00:00,Invoice,outbound
EMAIL_02231,SYN_P_0974,SYN_P_0309,2026-04-24 22:00:00,Meeting,outbound
EMAIL_02232,SYN_P_0096,SYN_P_0081,2026-06-04 10:00:00,Account,outbound
EMAIL_02233,SYN_P_0214,SYN_P_0419,2025-08-21 17:00:00,Request,inbound
EMAIL_02234,SYN_P_0065,SYN_P_0393,2024-06-14 18:00:00,Meeting,outbound
EMAIL_02235,SYN_P_0819,SYN_P_1021,2024-11-03 16:00:00,Delivery,outbound
EMAIL_02236,SYN_P_0716,SYN_P_0176,2026-01-30 00:00:00,Invoice,inbound
EMAIL_02237,SYN_P_0557,SYN_P_1022,2024-12-28 12:00:00,Invoice,inbound
EMAIL_02238,SYN_P_0648,SYN_P_0336,2024-02-16 14:00:00,Request,outbound
EMAIL_02239,SYN_P_0691,SYN_P_0169,2026-06-23 22:00:00,Request,outbound
EMAIL_02240,SYN_P_0269,SYN_P_0382,2025-06-26 01:00:00,Document,outbound
EMAIL_02241,SYN_P_0538,SYN_P_0565,2024-01-02 11:00:00,Delivery,inbound
EMAIL_02242,SYN_P_0048,SYN_P_0811,2025-12-10 09:00:00,Account,inbound
EMAIL_02243,SYN_P_0366,SYN_P_0477,2025-02-26 02:00:00,Document,outbound
EMAIL_02244,SYN_P_0493,SYN_P_0401,2026-10-17 04:00:00,Delivery,inbound
EMAIL_02245,SYN_P_0807,SYN_P_0855,2025-01-26 01:00:00,Delivery,outbound
EMAIL_02246,SYN_P_0251,SYN_P_0582,2024-04-12 08:00:00,Request,outbound
EMAIL_02247,SYN_P_0665,SYN_P_0887,2025-06-12 19:00:00,Account,inbound
EMAIL_02248,SYN_P_0824,SYN_P_0859,2025-01-18 00:00:00,Invoice,outbound
EMAIL_02249,SYN_P_0840,SYN_P_0965,2025-10-30 18:00:00,Meeting,inbound
EMAIL_02250,SYN_P_0321,SYN_P_0449,2026-05-24 17:00:00,Meeting,inbound
EMAIL_02251,SYN_P_0268,SYN_P_0557,2024-02-24 10:00:00,Document,inbound
EMAIL_02252,SYN_P_0672,SYN_P_0717,2026-04-19 08:00:00,Account,inbound
EMAIL_02253,SYN_P_0271,SYN_P_0917,2025-07-07 04:00:00,Request,outbound
EMAIL_02254,SYN_P_0361,SYN_P_0262,2026-03-17 23:00:00,Request,inbound
EMAIL_02255,SYN_P_0539,SYN_P_0363,2026-01-30 12:00:00,Invoice,outbound
EMAIL_02256,SYN_P_0952,SYN_P_1024,2025-12-11 23:00:00,Document,inbound
EMAIL_02257,SYN_P_0548,SYN_P_0708,2026-07-24 20:00:00,Delivery,outbound
EMAIL_02258,SYN_P_0321,SYN_P_0335,2024-09-30 20:00:00,Invoice,inbound
EMAIL_02259,SYN_P_0500,SYN_P_0860,2024-02-16 14:00:00,Delivery,outbound
EMAIL_02260,SYN_P_0596,SYN_P_0622,2026-03-01 14:00:00,Document,outbound
EMAIL_02261,SYN_P_0089,SYN_P_0071,2025-02-15 13:00:00,Meeting,inbound
EMAIL_02262,SYN_P_0987,SYN_P_0471,2026-02-10 19:00:00,Meeting,inbound
EMAIL_02263,SYN_P_0458,SYN_P_0878,2026-05-29 09:00:00,Document,outbound
EMAIL_02264,SYN_P_0353,SYN_P_0324,2025-12-06 15:00:00,Account,outbound
EMAIL_02265,SYN_P_0661,SYN_P_0682,2024-10-31 05:00:00,Delivery,inbound
EMAIL_02266,SYN_P_0568,SYN_P_0181,2024-09-23 04:00:00,Delivery,outbound
EMAIL_02267,SYN_P_0892,SYN_P_0859,2025-01-10 06:00:00,Document,outbound
EMAIL_02268,SYN_P_0581,SYN_P_0779,2025-09-24 22:00:00,Delivery,outbound
EMAIL_02269,SYN_P_0200,SYN_P_0155,2026-07-15 21:00:00,Delivery,inbound
EMAIL_02270,SYN_P_0821,SYN_P_0230,2025-03-22 18:00:00,Document,outbound
EMAIL_02271,SYN_P_0630,SYN_P_0515,2026-06-13 02:00:00,Document,outbound
EMAIL_02272,SYN_P_0622,SYN_P_0494,2026-04-01 18:00:00,Request,inbound
EMAIL_02273,SYN_P_0260,SYN_P_0441,2025-03-10 11:00:00,Account,inbound
EMAIL_02274,SYN_P_0888,SYN_P_0561,2024-02-28 04:00:00,Meeting,inbound
EMAIL_02275,SYN_P_0166,SYN_P_0554,2024-04-22 19:00:00,Document,inbound
EMAIL_02276,SYN_P_0043,SYN_P_1024,2024-09-14 14:00:00,Delivery,inbound
EMAIL_02277,SYN_P_0295,SYN_P_0457,2024-09-27 04:00:00,Document,inbound
EMAIL_02278,SYN_P_0089,SYN_P_0612,2024-03-21 10:00:00,Account,outbound
EMAIL_02279,SYN_P_0033,SYN_P_0324,2026-04-04 01:00:00,Document,outbound
EMAIL_02280,SYN_P_0140,SYN_P_1007,2025-08-20 18:00:00,Account,inbound
EMAIL_02281,SYN_P_0666,SYN_P_0895,2025-01-12 21:00:00,Document,inbound
EMAIL_02282,SYN_P_0991,SYN_P_0388,2026-03-18 16:00:00,Account,outbound
EMAIL_02283,SYN_P_0800,SYN_P_0478,2025-05-21 23:00:00,Account,inbound
EMAIL_02284,SYN_P_0095,SYN_P_0842,2026-06-07 19:00:00,Delivery,outbound
EMAIL_02285,SYN_P_0536,SYN_P_0225,2025-04-22 14:00:00,Meeting,inbound
EMAIL_02286,SYN_P_0722,SYN_P_0052,2025-02-07 06:00:00,Request,outbound
EMAIL_02287,SYN_P_0973,SYN_P_0221,2025-05-14 15:00:00,Delivery,outbound
EMAIL_02288,SYN_P_0669,SYN_P_0132,2025-11-21 20:00:00,Document,inbound
EMAIL_02289,SYN_P_0234,SYN_P_0597,2026-03-30 12:00:00,Account,inbound
EMAIL_02290,SYN_P_0984,SYN_P_0285,2026-03-20 01:00:00,Request,inbound
EMAIL_02291,SYN_P_0160,SYN_P_0491,2024-05-01 21:00:00,Meeting,inbound
EMAIL_02292,SYN_P_0170,SYN_P_0106,2026-02-14 10:00:00,Invoice,outbound
EMAIL_02293,SYN_P_0971,SYN_P_0664,2025-05-30 01:00:00,Document,outbound
EMAIL_02294,SYN_P_0547,SYN_P_0353,2025-09-29 19:00:00,Delivery,outbound
EMAIL_02295,SYN_P_0335,SYN_P_0597,2026-03-21 08:00:00,Request,inbound
EMAIL_02296,SYN_P_0069,SYN_P_0309,2024-01-04 20:00:00,Request,inbound
EMAIL_02297,SYN_P_0269,SYN_P_0906,2026-03-31 02:00:00,Meeting,inbound
EMAIL_02298,SYN_P_0849,SYN_P_0644,2026-07-06 16:00:00,Document,inbound
EMAIL_02299,SYN_P_0640,SYN_P_0168,2024-07-30 20:00:00,Meeting,outbound
EMAIL_02300,SYN_P_0831,SYN_P_0720,2024-09-25 16:00:00,Meeting,inbound
EMAIL_02301,SYN_P_0414,SYN_P_0100,2026-04-30 05:00:00,Delivery,inbound
EMAIL_02302,SYN_P_1028,SYN_P_0676,2024-12-15 16:00:00,Invoice,outbound
EMAIL_02303,SYN_P_0965,SYN_P_0073,2024-10-12 16:00:00,Invoice,inbound
EMAIL_02304,SYN_P_0450,SYN_P_0408,2024-11-11 21:00:00,Request,outbound
EMAIL_02305,SYN_P_0257,SYN_P_0190,2024-01-19 02:00:00,Delivery,inbound
EMAIL_02306,SYN_P_0024,SYN_P_0481,2024-06-22 06:00:00,Document,inbound
EMAIL_02307,SYN_P_0008,SYN_P_0109,2025-03-26 04:00:00,Account,outbound
EMAIL_02308,SYN_P_0710,SYN_P_0833,2024-04-28 08:00:00,Meeting,outbound
EMAIL_02309,SYN_P_0962,SYN_P_0438,2024-09-18 13:00:00,Meeting,outbound
EMAIL_02310,SYN_P_0934,SYN_P_0556,2024-02-08 06:00:00,Account,inbound
EMAIL_02311,SYN_P_0908,SYN_P_0701,2025-07-24 05:00:00,Invoice,inbound
EMAIL_02312,SYN_P_1014,SYN_P_0444,2024-07-05 06:00:00,Meeting,inbound
EMAIL_02313,SYN_P_0200,SYN_P_0667,2025-02-27 12:00:00,Request,inbound
EMAIL_02314,SYN_P_0235,SYN_P_0130,2024-09-19 09:00:00,Document,outbound
EMAIL_02315,SYN_P_0287,SYN_P_0473,2024-11-30 21:00:00,Meeting,inbound
EMAIL_02316,SYN_P_0313,SYN_P_1021,2026-01-31 17:00:00,Document,outbound
EMAIL_02317,SYN_P_0202,SYN_P_0254,2025-04-13 00:00:00,Delivery,outbound
EMAIL_02318,SYN_P_0304,SYN_P_0708,2024-03-12 15:00:00,Request,outbound
EMAIL_02319,SYN_P_1003,SYN_P_0252,2025-05-08 21:00:00,Account,inbound
EMAIL_02320,SYN_P_0669,SYN_P_0195,2025-09-01 19:00:00,Meeting,inbound
EMAIL_02321,SYN_P_0356,SYN_P_0951,2024-07-05 07:00:00,Delivery,inbound
EMAIL_02322,SYN_P_0447,SYN_P_0214,2024-02-12 10:00:00,Invoice,inbound
EMAIL_02323,SYN_P_0667,SYN_P_0077,2024-10-14 07:00:00,Document,inbound
EMAIL_02324,SYN_P_0046,SYN_P_0325,2025-11-15 22:00:00,Invoice,inbound
EMAIL_02325,SYN_P_0845,SYN_P_0904,2024-10-02 06:00:00,Account,outbound
EMAIL_02326,SYN_P_0880,SYN_P_0204,2025-10-14 16:00:00,Invoice,outbound
EMAIL_02327,SYN_P_0156,SYN_P_0687,2026-10-23 06:00:00,Invoice,inbound
EMAIL_02328,SYN_P_0806,SYN_P_0629,2024-01-30 20:00:00,Account,inbound
EMAIL_02329,SYN_P_0177,SYN_P_0407,2024-10-08 13:00:00,Account,inbound
EMAIL_02330,SYN_P_0942,SYN_P_0375,2026-07-06 06:00:00,Account,inbound
EMAIL_02331,SYN_P_0441,SYN_P_0729,2024-04-15 18:00:00,Invoice,outbound
EMAIL_02332,SYN_P_0256,SYN_P_0050,2026-08-15 07:00:00,Account,outbound
EMAIL_02333,SYN_P_0563,SYN_P_0635,2024-01-01 02:00:00,Delivery,outbound
EMAIL_02334,SYN_P_0933,SYN_P_0464,2026-01-05 23:00:00,Invoice,inbound
EMAIL_02335,SYN_P_0500,SYN_P_0953,2024-09-07 07:00:00,Account,outbound
EMAIL_02336,SYN_P_0586,SYN_P_0575,2025-11-05 06:00:00,Meeting,outbound
EMAIL_02337,SYN_P_0057,SYN_P_0164,2025-01-03 21:00:00,Request,outbound
EMAIL_02338,SYN_P_0026,SYN_P_0052,2026-01-28 10:00:00,Request,outbound
EMAIL_02339,SYN_P_0786,SYN_P_0845,2024-01-01 22:00:00,Account,inbound
EMAIL_02340,SYN_P_1009,SYN_P_0031,2025-12-18 11:00:00,Request,inbound
EMAIL_02341,SYN_P_0224,SYN_P_0396,2026-05-30 23:00:00,Account,outbound
EMAIL_02342,SYN_P_0108,SYN_P_0729,2026-04-28 07:00:00,Document,outbound
EMAIL_02343,SYN_P_0294,SYN_P_0047,2024-07-22 08:00:00,Delivery,outbound
EMAIL_02344,SYN_P_0200,SYN_P_0699,2024-06-15 15:00:00,Delivery,outbound
EMAIL_02345,SYN_P_0570,SYN_P_0847,2025-10-03 21:00:00,Request,inbound
EMAIL_02346,SYN_P_0654,SYN_P_0127,2025-07-13 22:00:00,Meeting,inbound
EMAIL_02347,SYN_P_0711,SYN_P_0326,2025-04-01 04:00:00,Meeting,inbound
EMAIL_02348,SYN_P_0794,SYN_P_1015,2024-08-02 14:00:00,Invoice,outbound
EMAIL_02349,SYN_P_0806,SYN_P_0768,2025-01-14 23:00:00,Meeting,inbound
EMAIL_02350,SYN_P_0357,SYN_P_0580,2025-10-08 04:00:00,Meeting,inbound
EMAIL_02351,SYN_P_0683,SYN_P_0058,2024-12-23 17:00:00,Invoice,outbound
EMAIL_02352,SYN_P_0481,SYN_P_0362,2026-03-13 08:00:00,Meeting,inbound
EMAIL_02353,SYN_P_0285,SYN_P_0463,2024-10-20 12:00:00,Delivery,inbound
EMAIL_02354,SYN_P_0190,SYN_P_0917,2025-08-11 05:00:00,Request,inbound
EMAIL_02355,SYN_P_0479,SYN_P_0755,2026-07-31 19:00:00,Invoice,outbound
EMAIL_02356,SYN_P_0645,SYN_P_0169,2025-03-15 22:00:00,Delivery,outbound
EMAIL_02357,SYN_P_0682,SYN_P_0624,2026-06-05 23:00:00,Delivery,inbound
EMAIL_02358,SYN_P_0899,SYN_P_0169,2024-03-18 19:00:00,Delivery,inbound
EMAIL_02359,SYN_P_0929,SYN_P_0686,2026-02-10 07:00:00,Document,outbound
EMAIL_02360,SYN_P_0373,SYN_P_0718,2026-10-21 07:00:00,Document,inbound
EMAIL_02361,SYN_P_0741,SYN_P_0402,2024-06-22 00:00:00,Request,outbound
EMAIL_02362,SYN_P_0781,SYN_P_0788,2026-04-02 02:00:00,Document,outbound
EMAIL_02363,SYN_P_0254,SYN_P_0331,2025-03-24 22:00:00,Request,outbound
EMAIL_02364,SYN_P_0895,SYN_P_0021,2025-03-19 19:00:00,Delivery,inbound
EMAIL_02365,SYN_P_0759,SYN_P_0950,2025-01-04 13:00:00,Account,inbound
EMAIL_02366,SYN_P_0694,SYN_P_0788,2025-09-11 06:00:00,Request,inbound
EMAIL_02367,SYN_P_0951,SYN_P_0732,2026-02-18 23:00:00,Meeting,inbound
EMAIL_02368,SYN_P_0365,SYN_P_0092,2026-04-18 20:00:00,Account,outbound
EMAIL_02369,SYN_P_0538,SYN_P_0119,2025-02-17 20:00:00,Document,outbound
EMAIL_02370,SYN_P_0591,SYN_P_0426,2025-03-12 06:00:00,Invoice,outbound
EMAIL_02371,SYN_P_0347,SYN_P_0024,2026-02-27 21:00:00,Account,inbound
EMAIL_02372,SYN_P_0191,SYN_P_0858,2024-11-17 22:00:00,Account,inbound
EMAIL_02373,SYN_P_0417,SYN_P_0898,2025-08-24 02:00:00,Request,outbound
EMAIL_02374,SYN_P_0717,SYN_P_0593,2026-01-13 05:00:00,Request,outbound
EMAIL_02375,SYN_P_0036,SYN_P_1002,2024-01-26 19:00:00,Request,outbound
EMAIL_02376,SYN_P_0002,SYN_P_0623,2026-03-25 12:00:00,Invoice,outbound
EMAIL_02377,SYN_P_0546,SYN_P_0231,2024-07-29 19:00:00,Document,outbound
EMAIL_02378,SYN_P_0555,SYN_P_0675,2025-10-01 12:00:00,Request,outbound
EMAIL_02379,SYN_P_0252,SYN_P_0808,2026-03-19 01:00:00,Account,outbound
EMAIL_02380,SYN_P_0346,SYN_P_0506,2024-01-07 23:00:00,Account,inbound
EMAIL_02381,SYN_P_0314,SYN_P_0893,2025-04-10 03:00:00,Request,outbound
EMAIL_02382,SYN_P_0273,SYN_P_0092,2025-08-04 23:00:00,Document,inbound
EMAIL_02383,SYN_P_0329,SYN_P_0045,2025-02-28 08:00:00,Meeting,outbound
EMAIL_02384,SYN_P_0889,SYN_P_0309,2024-07-10 11:00:00,Invoice,inbound
EMAIL_02385,SYN_P_0589,SYN_P_0077,2025-08-14 11:00:00,Request,outbound
EMAIL_02386,SYN_P_0709,SYN_P_0257,2024-01-13 03:00:00,Invoice,inbound
EMAIL_02387,SYN_P_0778,SYN_P_0989,2026-11-04 10:00:00,Meeting,outbound
EMAIL_02388,SYN_P_0463,SYN_P_0344,2024-05-10 01:00:00,Delivery,outbound
EMAIL_02389,SYN_P_0739,SYN_P_0684,2025-04-13 21:00:00,Invoice,outbound
EMAIL_02390,SYN_P_0261,SYN_P_0129,2026-07-24 16:00:00,Document,inbound
EMAIL_02391,SYN_P_1024,SYN_P_0366,2025-07-07 09:00:00,Meeting,outbound
EMAIL_02392,SYN_P_0658,SYN_P_0118,2024-09-13 02:00:00,Meeting,inbound
EMAIL_02393,SYN_P_0052,SYN_P_0994,2024-09-01 09:00:00,Account,outbound
EMAIL_02394,SYN_P_0071,SYN_P_0525,2025-07-26 14:00:00,Document,inbound
EMAIL_02395,SYN_P_0416,SYN_P_0300,2025-12-26 05:00:00,Document,outbound
EMAIL_02396,SYN_P_0342,SYN_P_0674,2025-07-19 10:00:00,Meeting,inbound
EMAIL_02397,SYN_P_0260,SYN_P_0467,2026-09-08 06:00:00,Account,inbound
EMAIL_02398,SYN_P_0321,SYN_P_0771,2025-03-16 20:00:00,Delivery,outbound
EMAIL_02399,SYN_P_1020,SYN_P_0592,2026-08-16 22:00:00,Meeting,inbound
EMAIL_02400,SYN_P_0534,SYN_P_0238,2025-07-03 03:00:00,Delivery,inbound
EMAIL_02401,SYN_P_0506,SYN_P_0628,2025-01-06 13:00:00,Document,inbound
EMAIL_02402,SYN_P_0508,SYN_P_0370,2025-07-06 11:00:00,Document,outbound
EMAIL_02403,SYN_P_0531,SYN_P_0131,2025-02-20 21:00:00,Delivery,outbound
EMAIL_02404,SYN_P_0122,SYN_P_0158,2025-02-23 06:00:00,Meeting,inbound
EMAIL_02405,SYN_P_0856,SYN_P_0455,2025-06-29 18:00:00,Delivery,inbound
EMAIL_02406,SYN_P_0863,SYN_P_0631,2024-11-24 00:00:00,Request,outbound
EMAIL_02407,SYN_P_0678,SYN_P_1008,2025-03-02 13:00:00,Document,inbound
EMAIL_02408,SYN_P_0708,SYN_P_0366,2024-09-18 05:00:00,Document,outbound
EMAIL_02409,SYN_P_0466,SYN_P_0893,2026-08-07 01:00:00,Delivery,outbound
EMAIL_02410,SYN_P_0078,SYN_P_0427,2025-09-15 20:00:00,Invoice,outbound
EMAIL_02411,SYN_P_0010,SYN_P_0707,2024-01-14 06:00:00,Invoice,outbound
EMAIL_02412,SYN_P_0804,SYN_P_0149,2024-05-14 01:00:00,Meeting,inbound
EMAIL_02413,SYN_P_0194,SYN_P_0772,2026-02-19 09:00:00,Account,outbound
EMAIL_02414,SYN_P_0887,SYN_P_0848,2025-01-19 11:00:00,Account,outbound
EMAIL_02415,SYN_P_0095,SYN_P_0158,2025-09-18 00:00:00,Meeting,outbound
EMAIL_02416,SYN_P_0344,SYN_P_0423,2024-05-06 05:00:00,Delivery,inbound
EMAIL_02417,SYN_P_0968,SYN_P_0621,2024-06-21 12:00:00,Meeting,outbound
EMAIL_02418,SYN_P_0235,SYN_P_0271,2025-12-15 04:00:00,Meeting,outbound
EMAIL_02419,SYN_P_1031,SYN_P_0541,2025-02-08 12:00:00,Delivery,inbound
EMAIL_02420,SYN_P_0577,SYN_P_0294,2025-05-16 03:00:00,Request,outbound
EMAIL_02421,SYN_P_0257,SYN_P_0776,2025-02-25 14:00:00,Request,inbound
EMAIL_02422,SYN_P_0153,SYN_P_0006,2026-07-07 00:00:00,Account,outbound
EMAIL_02423,SYN_P_0611,SYN_P_0364,2024-06-07 05:00:00,Account,outbound
EMAIL_02424,SYN_P_0215,SYN_P_0743,2024-07-23 17:00:00,Invoice,inbound
EMAIL_02425,SYN_P_0152,SYN_P_0140,2025-12-01 20:00:00,Delivery,inbound
EMAIL_02426,SYN_P_0872,SYN_P_0292,2024-05-27 04:00:00,Request,outbound
EMAIL_02427,SYN_P_0426,SYN_P_0733,2024-09-30 01:00:00,Invoice,inbound
EMAIL_02428,SYN_P_0359,SYN_P_0754,2025-10-17 04:00:00,Delivery,outbound
EMAIL_02429,SYN_P_0432,SYN_P_0894,2025-04-12 20:00:00,Document,inbound
EMAIL_02430,SYN_P_0846,SYN_P_0312,2024-06-01 06:00:00,Request,outbound
EMAIL_02431,SYN_P_0180,SYN_P_0255,2024-12-13 00:00:00,Meeting,inbound
EMAIL_02432,SYN_P_0601,SYN_P_0964,2026-04-18 17:00:00,Request,inbound
EMAIL_02433,SYN_P_0476,SYN_P_0998,2025-06-24 21:00:00,Document,outbound
EMAIL_02434,SYN_P_0364,SYN_P_0586,2026-02-15 22:00:00,Meeting,outbound
EMAIL_02435,SYN_P_0303,SYN_P_0121,2026-01-13 15:00:00,Delivery,inbound
EMAIL_02436,SYN_P_0517,SYN_P_0572,2024-10-09 01:00:00,Invoice,inbound
EMAIL_02437,SYN_P_0181,SYN_P_0737,2026-09-26 13:00:00,Account,outbound
EMAIL_02438,SYN_P_0904,SYN_P_0362,2025-03-30 01:00:00,Account,inbound
EMAIL_02439,SYN_P_0736,SYN_P_0060,2024-12-26 09:00:00,Delivery,outbound
EMAIL_02440,SYN_P_0084,SYN_P_0548,2025-04-13 20:00:00,Meeting,inbound
EMAIL_02441,SYN_P_0299,SYN_P_0939,2025-12-19 02:00:00,Delivery,outbound
EMAIL_02442,SYN_P_0343,SYN_P_0760,2026-06-07 20:00:00,Delivery,inbound
EMAIL_02443,SYN_P_0685,SYN_P_0466,2026-08-18 20:00:00,Delivery,inbound
EMAIL_02444,SYN_P_0365,SYN_P_0286,2025-10-21 01:00:00,Account,inbound
EMAIL_02445,SYN_P_0591,SYN_P_0282,2024-02-17 20:00:00,Meeting,inbound
EMAIL_02446,SYN_P_0537,SYN_P_0719,2025-05-01 18:00:00,Account,outbound
EMAIL_02447,SYN_P_0508,SYN_P_0324,2025-03-23 01:00:00,Delivery,outbound
EMAIL_02448,SYN_P_0955,SYN_P_0696,2024-10-09 22:00:00,Meeting,inbound
EMAIL_02449,SYN_P_0340,SYN_P_0605,2026-09-21 23:00:00,Document,inbound
EMAIL_02450,SYN_P_0291,SYN_P_0005,2026-05-19 16:00:00,Request,inbound
EMAIL_02451,SYN_P_0334,SYN_P_0667,2025-09-28 21:00:00,Account,outbound
EMAIL_02452,SYN_P_0682,SYN_P_0334,2024-12-11 04:00:00,Invoice,outbound
EMAIL_02453,SYN_P_0180,SYN_P_0752,2026-03-10 19:00:00,Request,inbound
EMAIL_02454,SYN_P_0771,SYN_P_0854,2025-08-22 10:00:00,Delivery,inbound
EMAIL_02455,SYN_P_0138,SYN_P_0860,2025-06-27 06:00:00,Meeting,inbound
EMAIL_02456,SYN_P_0460,SYN_P_0274,2025-11-28 17:00:00,Request,inbound
EMAIL_02457,SYN_P_0316,SYN_P_0724,2025-11-14 03:00:00,Delivery,outbound
EMAIL_02458,SYN_P_0011,SYN_P_0363,2024-09-15 17:00:00,Delivery,outbound
EMAIL_02459,SYN_P_0635,SYN_P_0636,2024-07-06 02:00:00,Meeting,outbound
EMAIL_02460,SYN_P_0935,SYN_P_0257,2025-01-29 22:00:00,Delivery,outbound
EMAIL_02461,SYN_P_0140,SYN_P_0549,2026-09-17 12:00:00,Account,outbound
EMAIL_02462,SYN_P_0292,SYN_P_0280,2024-08-29 01:00:00,Document,inbound
EMAIL_02463,SYN_P_0455,SYN_P_0031,2025-02-28 23:00:00,Delivery,outbound
EMAIL_02464,SYN_P_0195,SYN_P_0754,2024-03-23 11:00:00,Document,inbound
EMAIL_02465,SYN_P_0975,SYN_P_0195,2024-11-30 23:00:00,Delivery,inbound
EMAIL_02466,SYN_P_0147,SYN_P_0688,2025-10-21 10:00:00,Meeting,inbound
EMAIL_02467,SYN_P_0897,SYN_P_0356,2024-10-26 11:00:00,Request,inbound
EMAIL_02468,SYN_P_0945,SYN_P_0574,2024-08-18 07:00:00,Invoice,outbound
EMAIL_02469,SYN_P_0834,SYN_P_0496,2024-06-08 14:00:00,Delivery,outbound
EMAIL_02470,SYN_P_0079,SYN_P_0075,2025-07-15 09:00:00,Delivery,outbound
EMAIL_02471,SYN_P_0183,SYN_P_0810,2025-09-22 20:00:00,Document,inbound
EMAIL_02472,SYN_P_0329,SYN_P_1013,2025-10-15 05:00:00,Account,inbound
EMAIL_02473,SYN_P_0726,SYN_P_0195,2024-01-22 06:00:00,Invoice,inbound
EMAIL_02474,SYN_P_0600,SYN_P_0918,2024-05-13 05:00:00,Account,inbound
EMAIL_02475,SYN_P_0906,SYN_P_0028,2024-09-18 10:00:00,Delivery,outbound
EMAIL_02476,SYN_P_0585,SYN_P_0259,2026-09-06 14:00:00,Delivery,inbound
EMAIL_02477,SYN_P_0445,SYN_P_0730,2025-07-20 12:00:00,Invoice,inbound
EMAIL_02478,SYN_P_0975,SYN_P_1000,2025-03-25 11:00:00,Delivery,inbound
EMAIL_02479,SYN_P_0679,SYN_P_0417,2024-10-29 14:00:00,Document,outbound
EMAIL_02480,SYN_P_0198,SYN_P_0548,2024-10-28 22:00:00,Meeting,outbound
EMAIL_02481,SYN_P_0952,SYN_P_0689,2024-09-30 22:00:00,Delivery,inbound
EMAIL_02482,SYN_P_0019,SYN_P_0339,2024-08-05 12:00:00,Account,inbound
EMAIL_02483,SYN_P_1031,SYN_P_0378,2025-01-19 15:00:00,Document,inbound
EMAIL_02484,SYN_P_0389,SYN_P_0615,2025-09-04 05:00:00,Invoice,inbound
EMAIL_02485,SYN_P_0900,SYN_P_0513,2025-10-10 12:00:00,Invoice,inbound
EMAIL_02486,SYN_P_0702,SYN_P_0885,2026-06-05 11:00:00,Request,inbound
EMAIL_02487,SYN_P_0112,SYN_P_0197,2025-11-06 17:00:00,Account,inbound
EMAIL_02488,SYN_P_0004,SYN_P_0997,2025-11-09 13:00:00,Delivery,outbound
EMAIL_02489,SYN_P_0254,SYN_P_0678,2025-08-13 01:00:00,Account,outbound
EMAIL_02490,SYN_P_0761,SYN_P_0308,2026-10-29 10:00:00,Account,outbound
EMAIL_02491,SYN_P_0343,SYN_P_0419,2024-02-05 10:00:00,Document,outbound
EMAIL_02492,SYN_P_0964,SYN_P_0617,2026-09-20 19:00:00,Account,outbound
EMAIL_02493,SYN_P_0352,SYN_P_0778,2024-12-24 02:00:00,Invoice,inbound
EMAIL_02494,SYN_P_0222,SYN_P_0625,2024-06-25 03:00:00,Delivery,outbound
EMAIL_02495,SYN_P_0239,SYN_P_0534,2025-07-06 17:00:00,Account,inbound
EMAIL_02496,SYN_P_0202,SYN_P_0298,2026-09-09 04:00:00,Meeting,outbound
EMAIL_02497,SYN_P_0357,SYN_P_0870,2024-04-06 04:00:00,Delivery,inbound
EMAIL_02498,SYN_P_0866,SYN_P_0829,2024-02-06 12:00:00,Delivery,inbound
EMAIL_02499,SYN_P_0259,SYN_P_0313,2025-04-14 04:00:00,Delivery,outbound
EMAIL_02500,SYN_P_0952,SYN_P_0059,2026-03-14 06:00:00,Document,inbound
EMAIL_02501,SYN_P_0032,SYN_P_0530,2024-09-28 17:00:00,Document,outbound
EMAIL_02502,SYN_P_0504,SYN_P_0984,2025-03-08 13:00:00,Meeting,outbound
EMAIL_02503,SYN_P_0147,SYN_P_0698,2024-09-24 21:00:00,Invoice,outbound
EMAIL_02504,SYN_P_0207,SYN_P_0079,2025-07-26 23:00:00,Request,inbound
EMAIL_02505,SYN_P_0383,SYN_P_0880,2025-04-07 17:00:00,Request,outbound
EMAIL_02506,SYN_P_0925,SYN_P_0243,2026-05-27 12:00:00,Request,inbound
EMAIL_02507,SYN_P_0927,SYN_P_0087,2025-05-14 13:00:00,Document,outbound
EMAIL_02508,SYN_P_0093,SYN_P_0533,2024-11-12 10:00:00,Invoice,outbound
EMAIL_02509,SYN_P_0546,SYN_P_0213,2026-10-24 11:00:00,Invoice,inbound
EMAIL_02510,SYN_P_0895,SYN_P_0697,2025-12-21 02:00:00,Invoice,inbound
EMAIL_02511,SYN_P_0664,SYN_P_0305,2025-07-19 17:00:00,Account,inbound
EMAIL_02512,SYN_P_1008,SYN_P_0782,2024-03-08 06:00:00,Meeting,inbound
EMAIL_02513,SYN_P_0244,SYN_P_0772,2025-08-14 02:00:00,Document,inbound
EMAIL_02514,SYN_P_0267,SYN_P_0071,2024-04-15 03:00:00,Account,outbound
EMAIL_02515,SYN_P_0983,SYN_P_0834,2026-08-06 09:00:00,Invoice,outbound
EMAIL_02516,SYN_P_0906,SYN_P_0260,2025-01-13 19:00:00,Invoice,outbound
EMAIL_02517,SYN_P_0343,SYN_P_0709,2025-07-17 09:00:00,Meeting,outbound
EMAIL_02518,SYN_P_0898,SYN_P_0206,2024-11-12 09:00:00,Delivery,inbound
EMAIL_02519,SYN_P_0361,SYN_P_0682,2025-12-10 07:00:00,Invoice,outbound
EMAIL_02520,SYN_P_0636,SYN_P_0159,2025-07-24 06:00:00,Document,inbound
EMAIL_02521,SYN_P_0926,SYN_P_0986,2024-08-22 20:00:00,Invoice,inbound
EMAIL_02522,SYN_P_0400,SYN_P_0051,2024-06-29 10:00:00,Invoice,inbound
EMAIL_02523,SYN_P_0792,SYN_P_0192,2025-03-04 14:00:00,Account,outbound
EMAIL_02524,SYN_P_0174,SYN_P_0975,2025-06-01 18:00:00,Delivery,inbound
EMAIL_02525,SYN_P_0881,SYN_P_0427,2024-01-19 06:00:00,Delivery,inbound
EMAIL_02526,SYN_P_1025,SYN_P_0389,2026-01-31 22:00:00,Delivery,inbound
EMAIL_02527,SYN_P_0049,SYN_P_0141,2024-05-24 08:00:00,Document,inbound
EMAIL_02528,SYN_P_0530,SYN_P_0046,2026-05-20 21:00:00,Document,outbound
EMAIL_02529,SYN_P_0682,SYN_P_0688,2025-09-04 05:00:00,Request,outbound
EMAIL_02530,SYN_P_0124,SYN_P_0388,2024-09-21 21:00:00,Delivery,outbound
EMAIL_02531,SYN_P_0061,SYN_P_0614,2025-08-13 19:00:00,Delivery,inbound
EMAIL_02532,SYN_P_0547,SYN_P_0046,2026-04-05 19:00:00,Delivery,outbound
EMAIL_02533,SYN_P_0645,SYN_P_0352,2024-09-11 02:00:00,Document,outbound
EMAIL_02534,SYN_P_0600,SYN_P_0810,2026-08-20 01:00:00,Meeting,inbound
EMAIL_02535,SYN_P_0281,SYN_P_0672,2024-08-28 02:00:00,Account,inbound
EMAIL_02536,SYN_P_0706,SYN_P_0422,2026-10-25 01:00:00,Delivery,outbound
EMAIL_02537,SYN_P_1028,SYN_P_0807,2024-02-15 16:00:00,Invoice,outbound
EMAIL_02538,SYN_P_0998,SYN_P_0609,2024-08-14 11:00:00,Request,inbound
EMAIL_02539,SYN_P_0107,SYN_P_0187,2024-05-04 16:00:00,Request,inbound
EMAIL_02540,SYN_P_0223,SYN_P_0055,2025-08-25 10:00:00,Invoice,inbound
EMAIL_02541,SYN_P_0197,SYN_P_0567,2024-03-04 11:00:00,Request,inbound
EMAIL_02542,SYN_P_0508,SYN_P_0798,2025-01-30 09:00:00,Delivery,inbound
EMAIL_02543,SYN_P_0021,SYN_P_0922,2026-08-28 08:00:00,Meeting,outbound
EMAIL_02544,SYN_P_0253,SYN_P_1034,2025-09-03 22:00:00,Delivery,outbound
EMAIL_02545,SYN_P_0937,SYN_P_0439,2024-06-18 13:00:00,Meeting,inbound
EMAIL_02546,SYN_P_0609,SYN_P_0473,2026-02-21 23:00:00,Document,outbound
EMAIL_02547,SYN_P_0087,SYN_P_0099,2026-09-24 16:00:00,Delivery,outbound
EMAIL_02548,SYN_P_0545,SYN_P_0067,2026-05-01 11:00:00,Account,outbound
EMAIL_02549,SYN_P_0200,SYN_P_0105,2024-04-01 22:00:00,Invoice,inbound
EMAIL_02550,SYN_P_0640,SYN_P_0338,2024-12-18 13:00:00,Account,outbound
EMAIL_02551,SYN_P_0156,SYN_P_0410,2024-03-24 19:00:00,Meeting,outbound
EMAIL_02552,SYN_P_0435,SYN_P_0655,2026-10-12 02:00:00,Document,outbound
EMAIL_02553,SYN_P_0620,SYN_P_0183,2024-08-23 04:00:00,Invoice,inbound
EMAIL_02554,SYN_P_0518,SYN_P_0233,2024-05-11 17:00:00,Meeting,outbound
EMAIL_02555,SYN_P_0546,SYN_P_0330,2026-07-20 09:00:00,Document,inbound
EMAIL_02556,SYN_P_0515,SYN_P_0274,2024-03-14 12:00:00,Invoice,inbound
EMAIL_02557,SYN_P_0257,SYN_P_0784,2026-04-04 16:00:00,Meeting,outbound
EMAIL_02558,SYN_P_0825,SYN_P_0281,2025-10-03 20:00:00,Delivery,outbound
EMAIL_02559,SYN_P_0532,SYN_P_0235,2024-10-12 10:00:00,Document,inbound
EMAIL_02560,SYN_P_0024,SYN_P_0603,2025-11-28 02:00:00,Delivery,inbound
EMAIL_02561,SYN_P_0749,SYN_P_0716,2026-09-15 01:00:00,Invoice,outbound
EMAIL_02562,SYN_P_0759,SYN_P_0958,2024-04-03 23:00:00,Account,inbound
EMAIL_02563,SYN_P_0053,SYN_P_0195,2025-01-14 07:00:00,Account,outbound
EMAIL_02564,SYN_P_0136,SYN_P_0616,2025-02-02 03:00:00,Delivery,inbound
EMAIL_02565,SYN_P_0839,SYN_P_0134,2025-04-03 11:00:00,Document,outbound
EMAIL_02566,SYN_P_0587,SYN_P_0005,2025-02-16 09:00:00,Request,outbound
EMAIL_02567,SYN_P_0817,SYN_P_0956,2026-07-22 03:00:00,Request,inbound
EMAIL_02568,SYN_P_0083,SYN_P_0125,2025-06-02 04:00:00,Meeting,inbound
EMAIL_02569,SYN_P_0562,SYN_P_0705,2024-07-03 19:00:00,Delivery,outbound
EMAIL_02570,SYN_P_0134,SYN_P_0347,2024-03-30 23:00:00,Request,outbound
EMAIL_02571,SYN_P_0160,SYN_P_0808,2024-12-16 08:00:00,Meeting,outbound
EMAIL_02572,SYN_P_0962,SYN_P_0174,2024-08-26 17:00:00,Request,outbound
EMAIL_02573,SYN_P_0773,SYN_P_0125,2025-02-22 12:00:00,Delivery,inbound
EMAIL_02574,SYN_P_0768,SYN_P_0347,2024-01-18 03:00:00,Request,outbound
EMAIL_02575,SYN_P_0552,SYN_P_0780,2026-08-03 22:00:00,Document,inbound
EMAIL_02576,SYN_P_0608,SYN_P_0630,2026-02-11 11:00:00,Request,inbound
EMAIL_02577,SYN_P_0521,SYN_P_0254,2024-01-07 22:00:00,Account,inbound
EMAIL_02578,SYN_P_0835,SYN_P_0095,2025-12-14 11:00:00,Request,inbound
EMAIL_02579,SYN_P_0119,SYN_P_0791,2026-09-30 15:00:00,Account,inbound
EMAIL_02580,SYN_P_0869,SYN_P_0465,2024-08-13 12:00:00,Invoice,inbound
EMAIL_02581,SYN_P_0794,SYN_P_0645,2026-03-17 07:00:00,Delivery,inbound
EMAIL_02582,SYN_P_0024,SYN_P_0772,2025-05-15 04:00:00,Document,outbound
EMAIL_02583,SYN_P_0985,SYN_P_0688,2024-11-03 01:00:00,Request,outbound
EMAIL_02584,SYN_P_0775,SYN_P_0494,2025-03-07 03:00:00,Delivery,outbound
EMAIL_02585,SYN_P_0786,SYN_P_0799,2026-10-27 07:00:00,Document,inbound
EMAIL_02586,SYN_P_0411,SYN_P_0771,2026-08-28 09:00:00,Invoice,outbound
EMAIL_02587,SYN_P_0050,SYN_P_0190,2025-10-01 21:00:00,Invoice,outbound
EMAIL_02588,SYN_P_0687,SYN_P_0019,2025-05-30 23:00:00,Account,outbound
EMAIL_02589,SYN_P_0996,SYN_P_0268,2025-11-16 10:00:00,Account,inbound
EMAIL_02590,SYN_P_1022,SYN_P_0720,2025-01-27 08:00:00,Document,outbound
EMAIL_02591,SYN_P_0048,SYN_P_0637,2024-12-14 09:00:00,Meeting,inbound
EMAIL_02592,SYN_P_0577,SYN_P_0162,2026-07-03 06:00:00,Delivery,outbound
EMAIL_02593,SYN_P_0552,SYN_P_0260,2025-03-25 18:00:00,Account,outbound
EMAIL_02594,SYN_P_0215,SYN_P_0100,2026-03-24 17:00:00,Meeting,inbound
EMAIL_02595,SYN_P_0625,SYN_P_0304,2026-09-11 16:00:00,Account,outbound
EMAIL_02596,SYN_P_0995,SYN_P_0518,2026-07-08 08:00:00,Delivery,outbound
EMAIL_02597,SYN_P_1030,SYN_P_0355,2025-11-01 23:00:00,Account,outbound
EMAIL_02598,SYN_P_0497,SYN_P_0176,2026-09-11 13:00:00,Account,inbound
EMAIL_02599,SYN_P_0072,SYN_P_0014,2026-01-01 04:00:00,Document,outbound
EMAIL_02600,SYN_P_0027,SYN_P_0817,2024-02-16 12:00:00,Invoice,inbound
EMAIL_02601,SYN_P_0074,SYN_P_0100,2026-05-04 16:00:00,Meeting,inbound
EMAIL_02602,SYN_P_0513,SYN_P_0420,2024-12-01 09:00:00,Invoice,outbound
EMAIL_02603,SYN_P_0380,SYN_P_0381,2025-04-08 04:00:00,Delivery,inbound
EMAIL_02604,SYN_P_0038,SYN_P_0787,2025-04-30 11:00:00,Invoice,inbound
EMAIL_02605,SYN_P_0014,SYN_P_0629,2026-06-04 16:00:00,Request,inbound
EMAIL_02606,SYN_P_0637,SYN_P_1007,2026-04-05 04:00:00,Meeting,inbound
EMAIL_02607,SYN_P_0640,SYN_P_0583,2026-05-24 19:00:00,Request,outbound
EMAIL_02608,SYN_P_0467,SYN_P_0103,2024-09-22 08:00:00,Meeting,inbound
EMAIL_02609,SYN_P_0191,SYN_P_0356,2025-04-22 21:00:00,Invoice,outbound
EMAIL_02610,SYN_P_0994,SYN_P_0655,2025-06-28 22:00:00,Delivery,outbound
EMAIL_02611,SYN_P_0211,SYN_P_0833,2024-06-27 07:00:00,Request,inbound
EMAIL_02612,SYN_P_0362,SYN_P_0427,2025-12-21 08:00:00,Document,outbound
EMAIL_02613,SYN_P_0577,SYN_P_0455,2024-02-07 13:00:00,Document,outbound
EMAIL_02614,SYN_P_0849,SYN_P_0458,2026-04-17 18:00:00,Meeting,inbound
EMAIL_02615,SYN_P_0795,SYN_P_0615,2026-02-18 18:00:00,Meeting,outbound
EMAIL_02616,SYN_P_0449,SYN_P_0637,2026-03-29 18:00:00,Meeting,inbound
EMAIL_02617,SYN_P_1038,SYN_P_0940,2026-08-23 21:00:00,Document,outbound
EMAIL_02618,SYN_P_0241,SYN_P_0527,2024-01-03 03:00:00,Account,outbound
EMAIL_02619,SYN_P_0925,SYN_P_0007,2026-03-01 20:00:00,Document,inbound
EMAIL_02620,SYN_P_0152,SYN_P_0493,2026-08-06 12:00:00,Invoice,inbound
EMAIL_02621,SYN_P_0552,SYN_P_0995,2026-08-07 01:00:00,Request,outbound
EMAIL_02622,SYN_P_0632,SYN_P_0796,2026-02-18 19:00:00,Request,inbound
EMAIL_02623,SYN_P_0071,SYN_P_0047,2025-10-10 01:00:00,Invoice,inbound
EMAIL_02624,SYN_P_0848,SYN_P_0203,2025-08-30 09:00:00,Meeting,outbound
EMAIL_02625,SYN_P_0773,SYN_P_0905,2026-03-05 16:00:00,Account,inbound
EMAIL_02626,SYN_P_0531,SYN_P_0231,2026-07-25 12:00:00,Meeting,inbound
EMAIL_02627,SYN_P_0106,SYN_P_0612,2024-12-12 00:00:00,Meeting,outbound
EMAIL_02628,SYN_P_0705,SYN_P_0862,2026-02-20 00:00:00,Document,inbound
EMAIL_02629,SYN_P_0601,SYN_P_0965,2024-01-23 05:00:00,Meeting,inbound
EMAIL_02630,SYN_P_0728,SYN_P_0007,2024-03-10 10:00:00,Invoice,inbound
EMAIL_02631,SYN_P_0633,SYN_P_0953,2025-08-08 03:00:00,Meeting,outbound
EMAIL_02632,SYN_P_0507,SYN_P_0231,2026-02-27 07:00:00,Meeting,inbound
EMAIL_02633,SYN_P_0788,SYN_P_0733,2024-01-23 12:00:00,Request,inbound
EMAIL_02634,SYN_P_0120,SYN_P_0178,2026-04-26 18:00:00,Request,inbound
EMAIL_02635,SYN_P_0614,SYN_P_0621,2026-04-13 07:00:00,Invoice,outbound
EMAIL_02636,SYN_P_0711,SYN_P_0800,2024-07-21 02:00:00,Meeting,inbound
EMAIL_02637,SYN_P_0595,SYN_P_0051,2025-08-19 12:00:00,Account,outbound
EMAIL_02638,SYN_P_0800,SYN_P_0436,2026-10-20 05:00:00,Account,outbound
EMAIL_02639,SYN_P_0657,SYN_P_0383,2025-08-26 14:00:00,Meeting,inbound
EMAIL_02640,SYN_P_0412,SYN_P_0453,2025-01-11 06:00:00,Account,outbound
EMAIL_02641,SYN_P_0758,SYN_P_0761,2025-06-19 22:00:00,Document,outbound
EMAIL_02642,SYN_P_0501,SYN_P_0017,2024-06-22 05:00:00,Invoice,outbound
EMAIL_02643,SYN_P_0713,SYN_P_0818,2025-12-18 19:00:00,Invoice,outbound
EMAIL_02644,SYN_P_0755,SYN_P_0421,2025-01-04 01:00:00,Account,outbound
EMAIL_02645,SYN_P_0922,SYN_P_0546,2025-02-20 18:00:00,Delivery,inbound
EMAIL_02646,SYN_P_0157,SYN_P_0347,2026-07-23 03:00:00,Request,inbound
EMAIL_02647,SYN_P_0065,SYN_P_0585,2024-03-07 06:00:00,Account,outbound
EMAIL_02648,SYN_P_0124,SYN_P_0579,2025-09-28 18:00:00,Invoice,inbound
EMAIL_02649,SYN_P_0801,SYN_P_0254,2025-05-04 21:00:00,Account,outbound
EMAIL_02650,SYN_P_0530,SYN_P_0521,2024-07-28 20:00:00,Document,inbound
EMAIL_02651,SYN_P_0559,SYN_P_0051,2025-08-14 18:00:00,Invoice,inbound
EMAIL_02652,SYN_P_0490,SYN_P_0975,2025-12-30 08:00:00,Meeting,outbound
EMAIL_02653,SYN_P_0218,SYN_P_0917,2026-05-05 19:00:00,Invoice,inbound
EMAIL_02654,SYN_P_0331,SYN_P_0240,2026-03-19 13:00:00,Meeting,outbound
EMAIL_02655,SYN_P_0738,SYN_P_0019,2025-07-06 20:00:00,Account,inbound
EMAIL_02656,SYN_P_0289,SYN_P_0704,2026-05-22 12:00:00,Document,inbound
EMAIL_02657,SYN_P_0888,SYN_P_0900,2024-10-08 20:00:00,Delivery,outbound
EMAIL_02658,SYN_P_0101,SYN_P_0039,2025-01-13 22:00:00,Account,inbound
EMAIL_02659,SYN_P_0595,SYN_P_0129,2025-06-22 16:00:00,Document,inbound
EMAIL_02660,SYN_P_0987,SYN_P_0845,2025-09-11 08:00:00,Request,outbound
EMAIL_02661,SYN_P_0971,SYN_P_0882,2025-09-15 02:00:00,Delivery,inbound
EMAIL_02662,SYN_P_0870,SYN_P_0899,2026-07-11 05:00:00,Request,inbound
EMAIL_02663,SYN_P_0885,SYN_P_1036,2024-05-22 18:00:00,Document,inbound
EMAIL_02664,SYN_P_0392,SYN_P_0807,2026-10-13 00:00:00,Account,outbound
EMAIL_02665,SYN_P_0884,SYN_P_0503,2024-09-21 18:00:00,Meeting,outbound
EMAIL_02666,SYN_P_0587,SYN_P_0159,2026-01-07 15:00:00,Request,outbound
EMAIL_02667,SYN_P_0049,SYN_P_0151,2025-02-07 04:00:00,Document,inbound
EMAIL_02668,SYN_P_0792,SYN_P_0765,2026-03-08 04:00:00,Request,inbound
EMAIL_02669,SYN_P_0234,SYN_P_0192,2025-11-25 01:00:00,Delivery,outbound
EMAIL_02670,SYN_P_0002,SYN_P_0047,2024-06-20 23:00:00,Account,inbound
EMAIL_02671,SYN_P_0631,SYN_P_0203,2026-11-02 14:00:00,Document,inbound
EMAIL_02672,SYN_P_0446,SYN_P_0070,2025-12-30 18:00:00,Delivery,inbound
EMAIL_02673,SYN_P_0526,SYN_P_0872,2026-06-03 17:00:00,Delivery,outbound
EMAIL_02674,SYN_P_0790,SYN_P_0742,2024-05-23 04:00:00,Delivery,inbound
EMAIL_02675,SYN_P_0249,SYN_P_0641,2025-04-01 09:00:00,Invoice,inbound
EMAIL_02676,SYN_P_0203,SYN_P_0950,2024-06-30 18:00:00,Invoice,outbound
EMAIL_02677,SYN_P_0415,SYN_P_0664,2024-11-18 13:00:00,Invoice,outbound
EMAIL_02678,SYN_P_0916,SYN_P_0195,2024-12-04 12:00:00,Invoice,outbound
EMAIL_02679,SYN_P_0023,SYN_P_0576,2025-08-05 01:00:00,Request,outbound
EMAIL_02680,SYN_P_0830,SYN_P_0874,2024-08-05 10:00:00,Invoice,outbound
EMAIL_02681,SYN_P_0272,SYN_P_0022,2024-07-04 19:00:00,Request,outbound
EMAIL_02682,SYN_P_0732,SYN_P_0055,2024-06-04 02:00:00,Delivery,outbound
EMAIL_02683,SYN_P_0641,SYN_P_0692,2026-04-04 05:00:00,Request,inbound
EMAIL_02684,SYN_P_0923,SYN_P_0423,2025-10-08 10:00:00,Delivery,outbound
EMAIL_02685,SYN_P_0010,SYN_P_0816,2025-09-11 16:00:00,Document,outbound
EMAIL_02686,SYN_P_0731,SYN_P_0171,2024-07-13 11:00:00,Document,inbound
EMAIL_02687,SYN_P_0852,SYN_P_0177,2024-08-29 06:00:00,Request,inbound
EMAIL_02688,SYN_P_0476,SYN_P_0662,2024-03-30 22:00:00,Account,outbound
EMAIL_02689,SYN_P_0600,SYN_P_0108,2025-04-30 20:00:00,Delivery,inbound
EMAIL_02690,SYN_P_0588,SYN_P_0349,2026-02-11 17:00:00,Account,outbound
EMAIL_02691,SYN_P_0495,SYN_P_0655,2025-04-22 18:00:00,Delivery,inbound
EMAIL_02692,SYN_P_0684,SYN_P_0509,2025-05-24 10:00:00,Delivery,outbound
EMAIL_02693,SYN_P_0827,SYN_P_0930,2025-11-09 13:00:00,Meeting,outbound
EMAIL_02694,SYN_P_0340,SYN_P_0796,2025-02-08 17:00:00,Invoice,outbound
EMAIL_02695,SYN_P_0386,SYN_P_0550,2026-06-06 01:00:00,Account,outbound
EMAIL_02696,SYN_P_0055,SYN_P_0257,2025-03-19 11:00:00,Meeting,inbound
EMAIL_02697,SYN_P_0883,SYN_P_0758,2026-06-10 22:00:00,Request,inbound
EMAIL_02698,SYN_P_0101,SYN_P_0661,2024-09-16 02:00:00,Request,inbound
EMAIL_02699,SYN_P_0904,SYN_P_0348,2024-07-03 17:00:00,Delivery,outbound
EMAIL_02700,SYN_P_0617,SYN_P_0060,2025-10-11 05:00:00,Invoice,outbound
EMAIL_02701,SYN_P_0256,SYN_P_0775,2024-12-13 12:00:00,Request,inbound
EMAIL_02702,SYN_P_0794,SYN_P_0200,2025-04-19 01:00:00,Invoice,inbound
EMAIL_02703,SYN_P_0314,SYN_P_0763,2025-11-18 13:00:00,Request,inbound
EMAIL_02704,SYN_P_0981,SYN_P_0607,2026-07-14 10:00:00,Document,outbound
EMAIL_02705,SYN_P_0584,SYN_P_0441,2026-03-15 11:00:00,Document,inbound
EMAIL_02706,SYN_P_0566,SYN_P_0946,2024-03-16 23:00:00,Meeting,outbound
EMAIL_02707,SYN_P_0183,SYN_P_0208,2024-11-09 14:00:00,Invoice,outbound
EMAIL_02708,SYN_P_0562,SYN_P_0722,2024-04-06 00:00:00,Delivery,outbound
EMAIL_02709,SYN_P_0013,SYN_P_0140,2024-08-14 15:00:00,Document,inbound
EMAIL_02710,SYN_P_0339,SYN_P_0983,2025-06-16 14:00:00,Document,outbound
EMAIL_02711,SYN_P_0523,SYN_P_0753,2024-11-08 06:00:00,Delivery,outbound
EMAIL_02712,SYN_P_0738,SYN_P_0687,2026-07-19 13:00:00,Invoice,inbound
EMAIL_02713,SYN_P_0301,SYN_P_0572,2026-08-09 12:00:00,Account,outbound
EMAIL_02714,SYN_P_1000,SYN_P_0329,2025-07-07 04:00:00,Document,inbound
EMAIL_02715,SYN_P_0078,SYN_P_0358,2025-06-14 21:00:00,Request,inbound
EMAIL_02716,SYN_P_0810,SYN_P_0459,2025-08-05 05:00:00,Document,inbound
EMAIL_02717,SYN_P_0948,SYN_P_0320,2024-09-30 04:00:00,Account,inbound
EMAIL_02718,SYN_P_0938,SYN_P_0563,2026-07-09 03:00:00,Meeting,outbound
EMAIL_02719,SYN_P_0965,SYN_P_0291,2025-06-25 20:00:00,Account,outbound
EMAIL_02720,SYN_P_0232,SYN_P_0745,2026-04-28 10:00:00,Document,outbound
EMAIL_02721,SYN_P_0341,SYN_P_0013,2026-09-13 17:00:00,Invoice,outbound
EMAIL_02722,SYN_P_0846,SYN_P_0685,2025-02-09 00:00:00,Request,outbound
EMAIL_02723,SYN_P_0737,SYN_P_0138,2026-07-18 08:00:00,Delivery,inbound
EMAIL_02724,SYN_P_0501,SYN_P_0092,2025-12-19 06:00:00,Request,inbound
EMAIL_02725,SYN_P_0897,SYN_P_0950,2024-03-30 17:00:00,Meeting,inbound
EMAIL_02726,SYN_P_0069,SYN_P_0674,2025-03-23 08:00:00,Meeting,outbound
EMAIL_02727,SYN_P_0988,SYN_P_0066,2024-10-03 12:00:00,Invoice,outbound
EMAIL_02728,SYN_P_0716,SYN_P_0573,2026-01-17 08:00:00,Meeting,outbound
EMAIL_02729,SYN_P_0496,SYN_P_0106,2026-08-01 05:00:00,Delivery,outbound
EMAIL_02730,SYN_P_0385,SYN_P_0320,2025-06-08 10:00:00,Meeting,inbound
EMAIL_02731,SYN_P_0816,SYN_P_0598,2025-02-18 09:00:00,Meeting,outbound
EMAIL_02732,SYN_P_0825,SYN_P_1003,2024-06-01 14:00:00,Invoice,outbound
EMAIL_02733,SYN_P_0712,SYN_P_0161,2025-02-07 19:00:00,Invoice,inbound
EMAIL_02734,SYN_P_0185,SYN_P_0318,2025-01-08 11:00:00,Meeting,outbound
EMAIL_02735,SYN_P_0271,SYN_P_0924,2025-03-21 08:00:00,Document,inbound
EMAIL_02736,SYN_P_0932,SYN_P_0753,2025-06-28 18:00:00,Document,inbound
EMAIL_02737,SYN_P_0494,SYN_P_0904,2026-07-30 21:00:00,Account,outbound
EMAIL_02738,SYN_P_0817,SYN_P_0810,2025-08-10 13:00:00,Invoice,outbound
EMAIL_02739,SYN_P_0910,SYN_P_0898,2026-09-11 21:00:00,Document,inbound
EMAIL_02740,SYN_P_0402,SYN_P_0447,2026-01-04 16:00:00,Delivery,inbound
EMAIL_02741,SYN_P_0732,SYN_P_0667,2025-03-22 03:00:00,Document,inbound
EMAIL_02742,SYN_P_0871,SYN_P_0701,2026-05-22 10:00:00,Invoice,inbound
EMAIL_02743,SYN_P_0595,SYN_P_0894,2026-11-02 13:00:00,Request,outbound
EMAIL_02744,SYN_P_0183,SYN_P_0022,2024-12-26 09:00:00,Account,inbound
EMAIL_02745,SYN_P_0627,SYN_P_0754,2025-09-30 09:00:00,Account,outbound
EMAIL_02746,SYN_P_0255,SYN_P_0452,2024-10-14 08:00:00,Request,outbound
EMAIL_02747,SYN_P_0133,SYN_P_0487,2025-01-26 00:00:00,Request,inbound
EMAIL_02748,SYN_P_0778,SYN_P_0796,2024-11-12 10:00:00,Document,outbound
EMAIL_02749,SYN_P_0654,SYN_P_0010,2024-10-05 13:00:00,Account,inbound
EMAIL_02750,SYN_P_0659,SYN_P_0993,2024-11-15 13:00:00,Request,inbound
EMAIL_02751,SYN_P_0758,SYN_P_0600,2024-10-15 02:00:00,Invoice,outbound
EMAIL_02752,SYN_P_0746,SYN_P_0868,2025-08-20 01:00:00,Account,outbound
EMAIL_02753,SYN_P_0624,SYN_P_0302,2024-07-11 07:00:00,Account,inbound
EMAIL_02754,SYN_P_0139,SYN_P_1002,2025-06-29 12:00:00,Document,outbound
EMAIL_02755,SYN_P_0057,SYN_P_0137,2026-02-07 21:00:00,Document,outbound
EMAIL_02756,SYN_P_0047,SYN_P_0651,2025-11-09 18:00:00,Request,inbound
EMAIL_02757,SYN_P_0628,SYN_P_0293,2024-08-21 01:00:00,Meeting,inbound
EMAIL_02758,SYN_P_0360,SYN_P_0730,2024-01-30 19:00:00,Invoice,outbound
EMAIL_02759,SYN_P_0625,SYN_P_0979,2025-07-09 13:00:00,Document,outbound
EMAIL_02760,SYN_P_0325,SYN_P_0283,2026-01-10 02:00:00,Account,inbound
EMAIL_02761,SYN_P_0259,SYN_P_0082,2025-02-24 21:00:00,Invoice,outbound
EMAIL_02762,SYN_P_1022,SYN_P_0909,2026-03-02 18:00:00,Delivery,outbound
EMAIL_02763,SYN_P_0512,SYN_P_0018,2025-03-18 02:00:00,Document,outbound
EMAIL_02764,SYN_P_0049,SYN_P_0652,2024-02-21 22:00:00,Request,inbound
EMAIL_02765,SYN_P_0989,SYN_P_0901,2024-07-29 19:00:00,Delivery,inbound
EMAIL_02766,SYN_P_0113,SYN_P_0294,2026-09-13 08:00:00,Request,outbound
EMAIL_02767,SYN_P_0494,SYN_P_0350,2024-11-30 05:00:00,Meeting,outbound
EMAIL_02768,SYN_P_0586,SYN_P_0232,2025-01-21 08:00:00,Delivery,outbound
EMAIL_02769,SYN_P_0045,SYN_P_0282,2025-09-04 13:00:00,Delivery,inbound
EMAIL_02770,SYN_P_0755,SYN_P_0260,2025-02-25 19:00:00,Meeting,inbound
EMAIL_02771,SYN_P_0195,SYN_P_0773,2026-04-16 20:00:00,Account,inbound
EMAIL_02772,SYN_P_0260,SYN_P_0053,2025-07-10 03:00:00,Request,inbound
EMAIL_02773,SYN_P_1030,SYN_P_0474,2024-04-25 16:00:00,Meeting,outbound
EMAIL_02774,SYN_P_0906,SYN_P_0850,2024-07-04 09:00:00,Document,inbound
EMAIL_02775,SYN_P_0266,SYN_P_0324,2024-03-26 09:00:00,Meeting,outbound
EMAIL_02776,SYN_P_0149,SYN_P_0968,2024-08-30 06:00:00,Meeting,inbound
EMAIL_02777,SYN_P_0483,SYN_P_0563,2024-11-07 15:00:00,Delivery,outbound
EMAIL_02778,SYN_P_0212,SYN_P_0339,2024-03-24 08:00:00,Account,outbound
EMAIL_02779,SYN_P_0653,SYN_P_0720,2024-08-27 12:00:00,Request,outbound
EMAIL_02780,SYN_P_0214,SYN_P_0377,2024-06-22 23:00:00,Account,outbound
EMAIL_02781,SYN_P_0127,SYN_P_0048,2025-03-07 22:00:00,Document,inbound
EMAIL_02782,SYN_P_0547,SYN_P_0581,2026-06-30 03:00:00,Request,outbound
EMAIL_02783,SYN_P_0545,SYN_P_0226,2024-09-13 06:00:00,Document,inbound
EMAIL_02784,SYN_P_0463,SYN_P_0938,2025-02-24 15:00:00,Meeting,inbound
EMAIL_02785,SYN_P_0225,SYN_P_0674,2024-10-29 02:00:00,Document,outbound
EMAIL_02786,SYN_P_0655,SYN_P_0504,2024-03-24 02:00:00,Meeting,outbound
EMAIL_02787,SYN_P_0535,SYN_P_0870,2025-08-17 16:00:00,Invoice,inbound
EMAIL_02788,SYN_P_0757,SYN_P_0820,2025-06-14 17:00:00,Document,outbound
EMAIL_02789,SYN_P_0685,SYN_P_0720,2025-08-12 20:00:00,Invoice,outbound
EMAIL_02790,SYN_P_0278,SYN_P_0212,2025-03-17 10:00:00,Request,outbound
EMAIL_02791,SYN_P_0126,SYN_P_0546,2025-03-06 20:00:00,Request,outbound
EMAIL_02792,SYN_P_0977,SYN_P_1033,2026-04-19 11:00:00,Meeting,outbound
EMAIL_02793,SYN_P_0250,SYN_P_0823,2024-01-13 15:00:00,Meeting,inbound
EMAIL_02794,SYN_P_0542,SYN_P_0995,2025-01-09 23:00:00,Invoice,outbound
EMAIL_02795,SYN_P_0133,SYN_P_0836,2026-08-25 09:00:00,Account,inbound
EMAIL_02796,SYN_P_0727,SYN_P_0345,2026-10-13 02:00:00,Delivery,outbound
EMAIL_02797,SYN_P_0379,SYN_P_0770,2025-03-15 13:00:00,Delivery,outbound
EMAIL_02798,SYN_P_0593,SYN_P_0855,2025-08-21 17:00:00,Delivery,outbound
EMAIL_02799,SYN_P_0168,SYN_P_0437,2025-01-10 00:00:00,Meeting,inbound
EMAIL_02800,SYN_P_0354,SYN_P_0366,2024-05-26 02:00:00,Meeting,outbound
EMAIL_02801,SYN_P_0860,SYN_P_0135,2024-05-14 17:00:00,Meeting,outbound
EMAIL_02802,SYN_P_1037,SYN_P_0554,2026-07-11 20:00:00,Account,inbound
EMAIL_02803,SYN_P_0059,SYN_P_0163,2024-10-29 19:00:00,Document,inbound
EMAIL_02804,SYN_P_0520,SYN_P_0922,2026-03-03 22:00:00,Meeting,outbound
EMAIL_02805,SYN_P_0543,SYN_P_0425,2025-03-23 08:00:00,Meeting,outbound
EMAIL_02806,SYN_P_0565,SYN_P_0816,2024-09-09 12:00:00,Document,inbound
EMAIL_02807,SYN_P_0998,SYN_P_0392,2026-09-12 20:00:00,Delivery,inbound
EMAIL_02808,SYN_P_0598,SYN_P_0339,2025-12-10 04:00:00,Delivery,outbound
EMAIL_02809,SYN_P_0852,SYN_P_0423,2025-08-08 08:00:00,Invoice,inbound
EMAIL_02810,SYN_P_0489,SYN_P_0341,2024-03-13 15:00:00,Delivery,outbound
EMAIL_02811,SYN_P_0373,SYN_P_0302,2025-08-18 02:00:00,Delivery,inbound
EMAIL_02812,SYN_P_0997,SYN_P_0827,2024-01-13 11:00:00,Account,inbound
EMAIL_02813,SYN_P_0532,SYN_P_0906,2024-09-27 08:00:00,Meeting,inbound
EMAIL_02814,SYN_P_0340,SYN_P_0198,2026-09-07 11:00:00,Meeting,inbound
EMAIL_02815,SYN_P_0160,SYN_P_0548,2024-07-28 03:00:00,Request,inbound
EMAIL_02816,SYN_P_0061,SYN_P_0323,2026-08-01 22:00:00,Account,inbound
EMAIL_02817,SYN_P_0702,SYN_P_0738,2025-11-01 06:00:00,Invoice,outbound
EMAIL_02818,SYN_P_0989,SYN_P_0594,2026-08-15 22:00:00,Invoice,inbound
EMAIL_02819,SYN_P_0136,SYN_P_0594,2026-05-23 07:00:00,Invoice,inbound
EMAIL_02820,SYN_P_0741,SYN_P_0084,2024-12-05 02:00:00,Request,inbound
EMAIL_02821,SYN_P_0325,SYN_P_0605,2025-09-14 04:00:00,Delivery,inbound
EMAIL_02822,SYN_P_0353,SYN_P_0058,2025-06-09 12:00:00,Invoice,outbound
EMAIL_02823,SYN_P_0762,SYN_P_0455,2024-07-22 10:00:00,Delivery,outbound
EMAIL_02824,SYN_P_0925,SYN_P_0639,2024-10-08 02:00:00,Account,outbound
EMAIL_02825,SYN_P_0667,SYN_P_1037,2025-01-30 02:00:00,Delivery,inbound
EMAIL_02826,SYN_P_0631,SYN_P_0871,2024-10-18 15:00:00,Account,outbound
EMAIL_02827,SYN_P_0995,SYN_P_0301,2025-06-08 20:00:00,Document,inbound
EMAIL_02828,SYN_P_1015,SYN_P_0067,2025-07-11 18:00:00,Account,outbound
EMAIL_02829,SYN_P_1007,SYN_P_0008,2024-11-08 21:00:00,Document,outbound
EMAIL_02830,SYN_P_0107,SYN_P_0878,2026-08-31 02:00:00,Account,outbound
EMAIL_02831,SYN_P_0935,SYN_P_0533,2026-05-06 04:00:00,Account,inbound
EMAIL_02832,SYN_P_0719,SYN_P_0979,2025-02-04 12:00:00,Invoice,outbound
EMAIL_02833,SYN_P_0048,SYN_P_0327,2024-02-10 19:00:00,Request,inbound
EMAIL_02834,SYN_P_0174,SYN_P_0418,2025-12-19 06:00:00,Meeting,outbound
EMAIL_02835,SYN_P_0503,SYN_P_0665,2025-08-24 22:00:00,Document,outbound
EMAIL_02836,SYN_P_0766,SYN_P_0070,2024-10-06 22:00:00,Invoice,outbound
EMAIL_02837,SYN_P_0476,SYN_P_0927,2024-08-08 17:00:00,Delivery,inbound
EMAIL_02838,SYN_P_0605,SYN_P_0063,2026-02-24 07:00:00,Invoice,outbound
EMAIL_02839,SYN_P_0802,SYN_P_0460,2026-01-17 07:00:00,Document,outbound
EMAIL_02840,SYN_P_0015,SYN_P_0249,2026-07-08 09:00:00,Document,outbound
EMAIL_02841,SYN_P_0486,SYN_P_0988,2024-03-16 11:00:00,Request,outbound
EMAIL_02842,SYN_P_1005,SYN_P_0146,2026-02-22 18:00:00,Document,outbound
EMAIL_02843,SYN_P_0115,SYN_P_0234,2025-02-06 09:00:00,Meeting,inbound
EMAIL_02844,SYN_P_0509,SYN_P_0190,2025-07-28 17:00:00,Meeting,inbound
EMAIL_02845,SYN_P_0101,SYN_P_0239,2026-04-27 02:00:00,Account,inbound
EMAIL_02846,SYN_P_0664,SYN_P_0246,2025-11-20 15:00:00,Delivery,inbound
EMAIL_02847,SYN_P_0573,SYN_P_0628,2025-12-18 04:00:00,Meeting,outbound
EMAIL_02848,SYN_P_0516,SYN_P_0987,2025-01-02 23:00:00,Document,inbound
EMAIL_02849,SYN_P_0165,SYN_P_0268,2024-10-02 16:00:00,Request,outbound
EMAIL_02850,SYN_P_0564,SYN_P_0373,2026-10-01 02:00:00,Account,outbound
EMAIL_02851,SYN_P_0103,SYN_P_0641,2024-01-16 10:00:00,Document,outbound
EMAIL_02852,SYN_P_0568,SYN_P_0287,2024-07-03 22:00:00,Meeting,inbound
EMAIL_02853,SYN_P_0212,SYN_P_0772,2024-10-23 22:00:00,Account,inbound
EMAIL_02854,SYN_P_0505,SYN_P_0666,2024-06-05 22:00:00,Delivery,outbound
EMAIL_02855,SYN_P_0863,SYN_P_0355,2024-09-06 14:00:00,Invoice,outbound
EMAIL_02856,SYN_P_0652,SYN_P_0335,2026-05-27 08:00:00,Invoice,outbound
EMAIL_02857,SYN_P_0944,SYN_P_0607,2025-12-04 00:00:00,Invoice,outbound
EMAIL_02858,SYN_P_0572,SYN_P_0604,2024-10-26 09:00:00,Document,outbound
EMAIL_02859,SYN_P_0607,SYN_P_0975,2025-12-03 05:00:00,Delivery,inbound
EMAIL_02860,SYN_P_0155,SYN_P_1038,2024-12-24 11:00:00,Delivery,outbound
EMAIL_02861,SYN_P_0679,SYN_P_0552,2026-10-05 08:00:00,Meeting,inbound
EMAIL_02862,SYN_P_0642,SYN_P_0234,2026-08-05 10:00:00,Delivery,outbound
EMAIL_02863,SYN_P_0222,SYN_P_0982,2026-10-17 04:00:00,Invoice,inbound
EMAIL_02864,SYN_P_0466,SYN_P_1030,2025-06-27 08:00:00,Delivery,inbound
EMAIL_02865,SYN_P_0816,SYN_P_0485,2025-08-05 15:00:00,Document,inbound
EMAIL_02866,SYN_P_0356,SYN_P_0424,2026-01-17 22:00:00,Delivery,outbound
EMAIL_02867,SYN_P_0614,SYN_P_0088,2024-07-25 06:00:00,Invoice,inbound
EMAIL_02868,SYN_P_0493,SYN_P_0987,2025-08-02 16:00:00,Meeting,inbound
EMAIL_02869,SYN_P_0019,SYN_P_0265,2024-12-06 10:00:00,Account,outbound
EMAIL_02870,SYN_P_1016,SYN_P_0338,2024-04-28 21:00:00,Account,inbound
EMAIL_02871,SYN_P_0714,SYN_P_0426,2024-10-11 05:00:00,Invoice,inbound
EMAIL_02872,SYN_P_0731,SYN_P_0497,2024-09-07 01:00:00,Document,outbound
EMAIL_02873,SYN_P_0733,SYN_P_0084,2026-01-05 10:00:00,Invoice,inbound
EMAIL_02874,SYN_P_0425,SYN_P_0359,2024-03-12 16:00:00,Meeting,inbound
EMAIL_02875,SYN_P_0961,SYN_P_1029,2025-02-27 08:00:00,Meeting,inbound
EMAIL_02876,SYN_P_0043,SYN_P_0075,2025-06-20 22:00:00,Meeting,outbound
EMAIL_02877,SYN_P_0192,SYN_P_0466,2024-09-24 21:00:00,Document,inbound
EMAIL_02878,SYN_P_0910,SYN_P_0914,2025-03-22 12:00:00,Invoice,outbound
EMAIL_02879,SYN_P_0813,SYN_P_0591,2026-02-24 22:00:00,Meeting,inbound
EMAIL_02880,SYN_P_0491,SYN_P_0362,2025-06-24 00:00:00,Request,inbound
EMAIL_02881,SYN_P_0348,SYN_P_0415,2025-02-18 00:00:00,Meeting,outbound
EMAIL_02882,SYN_P_0029,SYN_P_0942,2026-11-06 15:00:00,Meeting,outbound
EMAIL_02883,SYN_P_0272,SYN_P_0094,2025-10-01 22:00:00,Meeting,inbound
EMAIL_02884,SYN_P_0179,SYN_P_0886,2026-01-08 12:00:00,Meeting,inbound
EMAIL_02885,SYN_P_0101,SYN_P_0309,2026-04-28 21:00:00,Request,inbound
EMAIL_02886,SYN_P_0135,SYN_P_0879,2025-11-10 11:00:00,Invoice,inbound
EMAIL_02887,SYN_P_0525,SYN_P_0638,2026-06-08 03:00:00,Document,inbound
EMAIL_02888,SYN_P_0738,SYN_P_0045,2026-07-25 21:00:00,Delivery,inbound
EMAIL_02889,SYN_P_0249,SYN_P_0969,2024-01-21 19:00:00,Delivery,inbound
EMAIL_02890,SYN_P_0523,SYN_P_0003,2025-07-04 03:00:00,Request,outbound
EMAIL_02891,SYN_P_1033,SYN_P_0770,2025-09-16 19:00:00,Invoice,outbound
EMAIL_02892,SYN_P_0784,SYN_P_0299,2025-07-26 20:00:00,Document,outbound
EMAIL_02893,SYN_P_0747,SYN_P_0792,2024-03-13 18:00:00,Invoice,outbound
EMAIL_02894,SYN_P_0031,SYN_P_0889,2025-02-14 07:00:00,Account,inbound
EMAIL_02895,SYN_P_0971,SYN_P_0600,2024-07-22 07:00:00,Meeting,inbound
EMAIL_02896,SYN_P_0346,SYN_P_0550,2024-09-01 18:00:00,Delivery,outbound
EMAIL_02897,SYN_P_0522,SYN_P_0803,2025-07-30 18:00:00,Document,inbound
EMAIL_02898,SYN_P_0171,SYN_P_0217,2026-01-27 13:00:00,Account,inbound
EMAIL_02899,SYN_P_0112,SYN_P_0237,2026-05-10 12:00:00,Account,inbound
EMAIL_02900,SYN_P_0941,SYN_P_0726,2024-05-08 04:00:00,Meeting,outbound
EMAIL_02901,SYN_P_0363,SYN_P_0534,2025-03-21 06:00:00,Meeting,inbound
EMAIL_02902,SYN_P_0413,SYN_P_0444,2026-08-15 23:00:00,Meeting,outbound
EMAIL_02903,SYN_P_0337,SYN_P_0237,2026-05-22 14:00:00,Request,outbound
EMAIL_02904,SYN_P_0507,SYN_P_0696,2024-07-04 08:00:00,Delivery,inbound
EMAIL_02905,SYN_P_0145,SYN_P_0139,2025-08-02 17:00:00,Document,outbound
EMAIL_02906,SYN_P_0915,SYN_P_0842,2024-12-13 23:00:00,Account,outbound
EMAIL_02907,SYN_P_0918,SYN_P_0388,2024-11-16 21:00:00,Meeting,outbound
EMAIL_02908,SYN_P_0812,SYN_P_1028,2025-05-06 09:00:00,Invoice,inbound
EMAIL_02909,SYN_P_0176,SYN_P_0846,2025-02-05 10:00:00,Request,outbound
EMAIL_02910,SYN_P_0005,SYN_P_0245,2024-03-10 16:00:00,Delivery,outbound
EMAIL_02911,SYN_P_0293,SYN_P_0131,2024-03-20 08:00:00,Delivery,inbound
EMAIL_02912,SYN_P_1021,SYN_P_0781,2026-07-29 06:00:00,Request,outbound
EMAIL_02913,SYN_P_0689,SYN_P_0110,2025-03-23 12:00:00,Request,outbound
EMAIL_02914,SYN_P_0475,SYN_P_0466,2026-10-29 05:00:00,Delivery,outbound
EMAIL_02915,SYN_P_0977,SYN_P_0149,2024-01-29 22:00:00,Delivery,outbound
EMAIL_02916,SYN_P_0089,SYN_P_0897,2024-06-17 03:00:00,Account,outbound
EMAIL_02917,SYN_P_0416,SYN_P_0676,2025-07-18 13:00:00,Document,outbound
EMAIL_02918,SYN_P_1004,SYN_P_0681,2025-02-07 21:00:00,Meeting,inbound
EMAIL_02919,SYN_P_0420,SYN_P_0151,2026-10-25 08:00:00,Account,outbound
EMAIL_02920,SYN_P_0296,SYN_P_0672,2024-12-22 01:00:00,Document,outbound
EMAIL_02921,SYN_P_0582,SYN_P_0404,2026-05-08 17:00:00,Account,inbound
EMAIL_02922,SYN_P_0203,SYN_P_0199,2026-05-25 05:00:00,Meeting,outbound
EMAIL_02923,SYN_P_1029,SYN_P_0937,2024-02-20 17:00:00,Invoice,inbound
EMAIL_02924,SYN_P_0057,SYN_P_0360,2024-12-11 23:00:00,Meeting,inbound
EMAIL_02925,SYN_P_0065,SYN_P_0844,2025-09-08 17:00:00,Account,outbound
EMAIL_02926,SYN_P_0646,SYN_P_0538,2024-11-29 03:00:00,Request,outbound
EMAIL_02927,SYN_P_0150,SYN_P_0720,2026-10-31 01:00:00,Invoice,inbound
EMAIL_02928,SYN_P_0594,SYN_P_0379,2024-02-25 12:00:00,Document,outbound
EMAIL_02929,SYN_P_0517,SYN_P_0189,2026-10-06 01:00:00,Request,inbound
EMAIL_02930,SYN_P_0763,SYN_P_0265,2024-09-19 22:00:00,Account,inbound
EMAIL_02931,SYN_P_0487,SYN_P_0035,2026-06-13 15:00:00,Delivery,inbound
EMAIL_02932,SYN_P_0801,SYN_P_0452,2026-05-12 13:00:00,Meeting,inbound
EMAIL_02933,SYN_P_0482,SYN_P_0526,2024-01-29 12:00:00,Account,inbound
EMAIL_02934,SYN_P_0781,SYN_P_0793,2024-06-05 01:00:00,Meeting,outbound
EMAIL_02935,SYN_P_0385,SYN_P_0967,2025-12-09 21:00:00,Delivery,outbound
EMAIL_02936,SYN_P_0379,SYN_P_0830,2024-03-12 02:00:00,Invoice,outbound
EMAIL_02937,SYN_P_0571,SYN_P_0286,2026-02-15 08:00:00,Meeting,inbound
EMAIL_02938,SYN_P_0174,SYN_P_0534,2026-03-20 05:00:00,Meeting,outbound
EMAIL_02939,SYN_P_0902,SYN_P_0723,2024-08-10 11:00:00,Request,inbound
EMAIL_02940,SYN_P_0814,SYN_P_0170,2026-09-11 09:00:00,Document,inbound
EMAIL_02941,SYN_P_0124,SYN_P_0371,2025-12-25 01:00:00,Request,inbound
EMAIL_02942,SYN_P_0028,SYN_P_0400,2024-10-04 06:00:00,Account,outbound
EMAIL_02943,SYN_P_0864,SYN_P_0415,2025-07-15 02:00:00,Delivery,outbound
EMAIL_02944,SYN_P_0725,SYN_P_0580,2025-08-03 20:00:00,Request,inbound
EMAIL_02945,SYN_P_0095,SYN_P_0498,2024-09-30 19:00:00,Invoice,inbound
EMAIL_02946,SYN_P_0099,SYN_P_0556,2026-05-13 02:00:00,Delivery,outbound
EMAIL_02947,SYN_P_0493,SYN_P_0783,2026-05-27 21:00:00,Document,inbound
EMAIL_02948,SYN_P_0210,SYN_P_0355,2024-11-12 18:00:00,Delivery,outbound
EMAIL_02949,SYN_P_0716,SYN_P_0865,2026-06-20 02:00:00,Document,outbound
EMAIL_02950,SYN_P_0069,SYN_P_0958,2025-03-26 22:00:00,Document,outbound
EMAIL_02951,SYN_P_0653,SYN_P_0015,2026-07-27 10:00:00,Meeting,inbound
EMAIL_02952,SYN_P_1019,SYN_P_1009,2025-07-12 19:00:00,Delivery,inbound
EMAIL_02953,SYN_P_0016,SYN_P_0468,2024-12-01 19:00:00,Account,inbound
EMAIL_02954,SYN_P_0817,SYN_P_0646,2024-10-09 03:00:00,Request,inbound
EMAIL_02955,SYN_P_0561,SYN_P_0383,2026-05-31 14:00:00,Account,outbound
EMAIL_02956,SYN_P_0164,SYN_P_0694,2025-01-12 22:00:00,Meeting,inbound
EMAIL_02957,SYN_P_0464,SYN_P_0112,2025-02-24 12:00:00,Invoice,inbound
EMAIL_02958,SYN_P_0157,SYN_P_0248,2026-10-28 06:00:00,Document,inbound
EMAIL_02959,SYN_P_0101,SYN_P_0355,2024-10-01 04:00:00,Document,outbound
EMAIL_02960,SYN_P_0354,SYN_P_0159,2026-01-21 11:00:00,Delivery,outbound
EMAIL_02961,SYN_P_0966,SYN_P_0079,2024-12-03 06:00:00,Invoice,inbound
EMAIL_02962,SYN_P_0611,SYN_P_0321,2025-09-28 11:00:00,Meeting,outbound
EMAIL_02963,SYN_P_0040,SYN_P_0829,2026-05-11 22:00:00,Request,outbound
EMAIL_02964,SYN_P_1018,SYN_P_0725,2026-02-20 08:00:00,Meeting,outbound
EMAIL_02965,SYN_P_0258,SYN_P_0817,2024-10-10 15:00:00,Meeting,inbound
EMAIL_02966,SYN_P_0026,SYN_P_0506,2026-01-26 21:00:00,Account,outbound
EMAIL_02967,SYN_P_0915,SYN_P_0782,2024-01-28 00:00:00,Request,outbound
EMAIL_02968,SYN_P_1027,SYN_P_0024,2024-11-04 19:00:00,Delivery,inbound
EMAIL_02969,SYN_P_0260,SYN_P_0082,2025-05-25 18:00:00,Account,outbound
EMAIL_02970,SYN_P_0893,SYN_P_0554,2025-10-18 19:00:00,Account,outbound
EMAIL_02971,SYN_P_0722,SYN_P_0056,2024-07-07 18:00:00,Account,outbound
EMAIL_02972,SYN_P_0352,SYN_P_0310,2024-08-08 17:00:00,Delivery,outbound
EMAIL_02973,SYN_P_0097,SYN_P_0590,2025-05-02 09:00:00,Request,outbound
EMAIL_02974,SYN_P_0034,SYN_P_0731,2026-10-28 12:00:00,Request,inbound
EMAIL_02975,SYN_P_0378,SYN_P_0691,2024-11-16 10:00:00,Request,inbound
EMAIL_02976,SYN_P_0966,SYN_P_1040,2026-01-31 08:00:00,Invoice,inbound
EMAIL_02977,SYN_P_0930,SYN_P_0628,2026-10-13 08:00:00,Request,outbound
EMAIL_02978,SYN_P_0780,SYN_P_0432,2025-09-10 17:00:00,Account,outbound
EMAIL_02979,SYN_P_0875,SYN_P_0764,2026-06-05 21:00:00,Invoice,inbound
EMAIL_02980,SYN_P_0835,SYN_P_0537,2026-04-16 20:00:00,Meeting,inbound
EMAIL_02981,SYN_P_0318,SYN_P_0448,2026-03-17 13:00:00,Invoice,outbound
EMAIL_02982,SYN_P_0981,SYN_P_0016,2026-03-08 20:00:00,Document,inbound
EMAIL_02983,SYN_P_0765,SYN_P_0614,2026-08-01 20:00:00,Document,inbound
EMAIL_02984,SYN_P_0538,SYN_P_0223,2024-12-25 17:00:00,Request,outbound
EMAIL_02985,SYN_P_0209,SYN_P_0823,2025-11-22 05:00:00,Request,inbound
EMAIL_02986,SYN_P_0882,SYN_P_0430,2024-03-02 05:00:00,Delivery,outbound
EMAIL_02987,SYN_P_0539,SYN_P_0722,2026-11-01 07:00:00,Document,inbound
EMAIL_02988,SYN_P_0417,SYN_P_0241,2026-02-09 21:00:00,Meeting,outbound
EMAIL_02989,SYN_P_0929,SYN_P_0435,2024-02-11 14:00:00,Meeting,inbound
EMAIL_02990,SYN_P_0701,SYN_P_1009,2026-01-16 00:00:00,Delivery,outbound
EMAIL_02991,SYN_P_0085,SYN_P_0564,2024-08-07 19:00:00,Invoice,inbound
EMAIL_02992,SYN_P_0713,SYN_P_0400,2024-05-21 01:00:00,Delivery,outbound
EMAIL_02993,SYN_P_0039,SYN_P_0066,2024-01-23 15:00:00,Document,outbound
EMAIL_02994,SYN_P_0216,SYN_P_0961,2025-09-03 14:00:00,Account,inbound
EMAIL_02995,SYN_P_0094,SYN_P_0900,2024-06-03 15:00:00,Document,inbound
EMAIL_02996,SYN_P_0551,SYN_P_0881,2026-06-02 06:00:00,Meeting,inbound
EMAIL_02997,SYN_P_0271,SYN_P_0265,2024-04-24 03:00:00,Account,inbound
EMAIL_02998,SYN_P_0089,SYN_P_0423,2026-08-15 15:00:00,Request,outbound
EMAIL_02999,SYN_P_0253,SYN_P_0445,2026-01-03 08:00:00,Delivery,outbound
EMAIL_03000,SYN_P_0304,SYN_P_1040,2026-08-18 10:00:00,Delivery,inbound
EMAIL_03001,SYN_P_0448,SYN_P_0946,2024-11-29 22:00:00,Document,outbound
EMAIL_03002,SYN_P_0846,SYN_P_0415,2025-10-16 19:00:00,Account,outbound
EMAIL_03003,SYN_P_0563,SYN_P_0492,2024-02-29 09:00:00,Meeting,inbound
EMAIL_03004,SYN_P_0599,SYN_P_0568,2024-12-15 22:00:00,Meeting,inbound
EMAIL_03005,SYN_P_1013,SYN_P_0704,2026-09-06 16:00:00,Document,inbound
EMAIL_03006,SYN_P_0579,SYN_P_0407,2025-11-03 02:00:00,Invoice,inbound
EMAIL_03007,SYN_P_0744,SYN_P_0632,2025-04-24 11:00:00,Request,inbound
EMAIL_03008,SYN_P_0895,SYN_P_0133,2024-06-11 02:00:00,Delivery,inbound
EMAIL_03009,SYN_P_0744,SYN_P_0024,2024-01-08 05:00:00,Account,outbound
EMAIL_03010,SYN_P_0109,SYN_P_0076,2024-08-16 16:00:00,Meeting,inbound
EMAIL_03011,SYN_P_0704,SYN_P_0788,2025-07-30 17:00:00,Delivery,inbound
EMAIL_03012,SYN_P_0040,SYN_P_0393,2024-07-21 15:00:00,Request,inbound
EMAIL_03013,SYN_P_1005,SYN_P_0017,2025-03-12 20:00:00,Document,inbound
EMAIL_03014,SYN_P_0588,SYN_P_0757,2024-07-07 15:00:00,Request,inbound
EMAIL_03015,SYN_P_0917,SYN_P_0309,2025-01-27 00:00:00,Request,inbound
EMAIL_03016,SYN_P_0498,SYN_P_0607,2026-01-01 06:00:00,Request,outbound
EMAIL_03017,SYN_P_0812,SYN_P_0643,2024-06-21 15:00:00,Request,outbound
EMAIL_03018,SYN_P_0944,SYN_P_0916,2024-12-02 03:00:00,Delivery,inbound
EMAIL_03019,SYN_P_0198,SYN_P_0501,2024-02-10 03:00:00,Meeting,inbound
EMAIL_03020,SYN_P_0835,SYN_P_0286,2025-06-30 05:00:00,Invoice,outbound
EMAIL_03021,SYN_P_0727,SYN_P_0440,2026-08-01 20:00:00,Request,inbound
EMAIL_03022,SYN_P_0531,SYN_P_0078,2026-03-30 04:00:00,Account,outbound
EMAIL_03023,SYN_P_0988,SYN_P_0521,2025-07-28 12:00:00,Request,inbound
EMAIL_03024,SYN_P_0700,SYN_P_0505,2026-07-04 11:00:00,Meeting,outbound
EMAIL_03025,SYN_P_0099,SYN_P_0663,2024-01-28 07:00:00,Account,outbound
EMAIL_03026,SYN_P_0808,SYN_P_0238,2025-06-29 23:00:00,Meeting,inbound
EMAIL_03027,SYN_P_0505,SYN_P_0264,2024-09-08 12:00:00,Account,inbound
EMAIL_03028,SYN_P_1024,SYN_P_0940,2025-03-16 12:00:00,Account,inbound
EMAIL_03029,SYN_P_0454,SYN_P_0792,2026-05-07 17:00:00,Invoice,outbound
EMAIL_03030,SYN_P_0989,SYN_P_0280,2026-07-31 23:00:00,Request,outbound
EMAIL_03031,SYN_P_0311,SYN_P_0844,2024-05-20 02:00:00,Meeting,inbound
EMAIL_03032,SYN_P_0956,SYN_P_0789,2025-01-16 18:00:00,Invoice,outbound
EMAIL_03033,SYN_P_0819,SYN_P_0484,2024-11-03 16:00:00,Delivery,inbound
EMAIL_03034,SYN_P_0927,SYN_P_0747,2024-01-13 04:00:00,Meeting,inbound
EMAIL_03035,SYN_P_0578,SYN_P_0242,2024-09-05 00:00:00,Account,outbound
EMAIL_03036,SYN_P_0101,SYN_P_0303,2025-05-21 13:00:00,Delivery,inbound
EMAIL_03037,SYN_P_0954,SYN_P_0662,2024-07-24 11:00:00,Meeting,inbound
EMAIL_03038,SYN_P_0175,SYN_P_0714,2024-06-04 12:00:00,Document,inbound
EMAIL_03039,SYN_P_0197,SYN_P_0768,2026-05-16 07:00:00,Document,inbound
EMAIL_03040,SYN_P_0226,SYN_P_0536,2024-06-04 21:00:00,Delivery,inbound
EMAIL_03041,SYN_P_0529,SYN_P_0647,2024-12-03 07:00:00,Delivery,outbound
EMAIL_03042,SYN_P_0194,SYN_P_0266,2024-09-25 10:00:00,Invoice,outbound
EMAIL_03043,SYN_P_0296,SYN_P_0223,2025-05-18 15:00:00,Invoice,inbound
EMAIL_03044,SYN_P_0716,SYN_P_0240,2024-11-26 09:00:00,Delivery,outbound
EMAIL_03045,SYN_P_0623,SYN_P_0829,2026-01-10 23:00:00,Invoice,outbound
EMAIL_03046,SYN_P_0120,SYN_P_0663,2024-06-20 04:00:00,Invoice,inbound
EMAIL_03047,SYN_P_0185,SYN_P_0921,2025-11-14 19:00:00,Delivery,outbound
EMAIL_03048,SYN_P_0513,SYN_P_1032,2025-10-29 03:00:00,Request,inbound
EMAIL_03049,SYN_P_0648,SYN_P_0661,2025-05-26 15:00:00,Request,inbound
EMAIL_03050,SYN_P_1008,SYN_P_0241,2024-11-18 04:00:00,Meeting,inbound
EMAIL_03051,SYN_P_0227,SYN_P_0456,2026-05-02 08:00:00,Document,outbound
EMAIL_03052,SYN_P_0135,SYN_P_0740,2025-05-19 08:00:00,Account,inbound
EMAIL_03053,SYN_P_0440,SYN_P_0018,2025-06-07 23:00:00,Delivery,inbound
EMAIL_03054,SYN_P_0022,SYN_P_0429,2024-09-10 10:00:00,Document,inbound
EMAIL_03055,SYN_P_0187,SYN_P_1030,2026-03-23 10:00:00,Invoice,inbound
EMAIL_03056,SYN_P_0912,SYN_P_0477,2025-11-19 07:00:00,Document,inbound
EMAIL_03057,SYN_P_0790,SYN_P_0454,2024-09-02 17:00:00,Account,outbound
EMAIL_03058,SYN_P_0061,SYN_P_1020,2024-07-14 17:00:00,Meeting,outbound
EMAIL_03059,SYN_P_0235,SYN_P_0328,2026-08-09 13:00:00,Delivery,inbound
EMAIL_03060,SYN_P_0619,SYN_P_0087,2025-05-25 18:00:00,Meeting,inbound
EMAIL_03061,SYN_P_0499,SYN_P_0866,2024-03-10 14:00:00,Delivery,inbound
EMAIL_03062,SYN_P_0705,SYN_P_0838,2025-10-24 15:00:00,Meeting,inbound
EMAIL_03063,SYN_P_0462,SYN_P_0927,2024-12-31 01:00:00,Document,inbound
EMAIL_03064,SYN_P_0517,SYN_P_0542,2024-03-28 05:00:00,Invoice,outbound
EMAIL_03065,SYN_P_0389,SYN_P_0912,2024-09-26 02:00:00,Account,outbound
EMAIL_03066,SYN_P_0214,SYN_P_0945,2026-05-06 01:00:00,Delivery,inbound
EMAIL_03067,SYN_P_0954,SYN_P_0537,2024-06-23 01:00:00,Invoice,inbound
EMAIL_03068,SYN_P_0456,SYN_P_0071,2026-01-18 04:00:00,Invoice,inbound
EMAIL_03069,SYN_P_0848,SYN_P_0578,2024-02-17 10:00:00,Meeting,inbound
EMAIL_03070,SYN_P_0856,SYN_P_0424,2024-03-01 11:00:00,Document,inbound
EMAIL_03071,SYN_P_1013,SYN_P_0387,2026-02-25 04:00:00,Meeting,inbound
EMAIL_03072,SYN_P_0904,SYN_P_0831,2025-05-25 05:00:00,Meeting,inbound
EMAIL_03073,SYN_P_0387,SYN_P_1037,2025-08-03 21:00:00,Document,outbound
EMAIL_03074,SYN_P_0036,SYN_P_0846,2024-10-18 11:00:00,Invoice,inbound
EMAIL_03075,SYN_P_0471,SYN_P_0265,2026-05-09 13:00:00,Invoice,outbound
EMAIL_03076,SYN_P_0216,SYN_P_0944,2024-12-06 07:00:00,Document,inbound
EMAIL_03077,SYN_P_0234,SYN_P_0767,2026-07-02 10:00:00,Account,inbound
EMAIL_03078,SYN_P_0293,SYN_P_0659,2026-07-24 10:00:00,Request,outbound
EMAIL_03079,SYN_P_0817,SYN_P_0418,2024-08-24 11:00:00,Request,outbound
EMAIL_03080,SYN_P_0764,SYN_P_0311,2025-04-18 02:00:00,Document,inbound
EMAIL_03081,SYN_P_0305,SYN_P_0352,2024-09-28 03:00:00,Request,inbound
EMAIL_03082,SYN_P_0237,SYN_P_0512,2024-07-20 02:00:00,Request,inbound
EMAIL_03083,SYN_P_0495,SYN_P_0455,2025-08-29 04:00:00,Request,inbound
EMAIL_03084,SYN_P_0259,SYN_P_1031,2025-10-29 03:00:00,Account,outbound
EMAIL_03085,SYN_P_0348,SYN_P_0983,2026-06-11 01:00:00,Account,outbound
EMAIL_03086,SYN_P_0406,SYN_P_0314,2026-11-05 21:00:00,Document,outbound
EMAIL_03087,SYN_P_0357,SYN_P_0215,2025-06-05 05:00:00,Document,inbound
EMAIL_03088,SYN_P_1004,SYN_P_0958,2025-07-03 20:00:00,Request,outbound
EMAIL_03089,SYN_P_0342,SYN_P_0135,2026-06-20 03:00:00,Invoice,inbound
EMAIL_03090,SYN_P_0551,SYN_P_0652,2025-01-29 07:00:00,Invoice,inbound
EMAIL_03091,SYN_P_0505,SYN_P_0761,2026-09-11 16:00:00,Invoice,inbound
EMAIL_03092,SYN_P_0602,SYN_P_0883,2024-10-20 08:00:00,Document,inbound
EMAIL_03093,SYN_P_0272,SYN_P_0051,2026-03-21 06:00:00,Document,outbound
EMAIL_03094,SYN_P_0127,SYN_P_0167,2025-07-06 10:00:00,Delivery,outbound
EMAIL_03095,SYN_P_0782,SYN_P_0159,2026-09-21 21:00:00,Document,outbound
EMAIL_03096,SYN_P_0666,SYN_P_0824,2025-06-17 16:00:00,Meeting,outbound
EMAIL_03097,SYN_P_0054,SYN_P_0919,2024-10-19 15:00:00,Meeting,inbound
EMAIL_03098,SYN_P_0951,SYN_P_0760,2025-12-16 00:00:00,Delivery,outbound
EMAIL_03099,SYN_P_0861,SYN_P_0161,2025-12-28 15:00:00,Meeting,inbound
EMAIL_03100,SYN_P_0286,SYN_P_0321,2026-07-16 19:00:00,Document,outbound
EMAIL_03101,SYN_P_0667,SYN_P_0366,2025-11-28 20:00:00,Meeting,outbound
EMAIL_03102,SYN_P_0672,SYN_P_0232,2026-02-03 12:00:00,Meeting,outbound
EMAIL_03103,SYN_P_0075,SYN_P_0534,2025-02-27 08:00:00,Meeting,outbound
EMAIL_03104,SYN_P_0723,SYN_P_0452,2024-05-22 18:00:00,Delivery,inbound
EMAIL_03105,SYN_P_0074,SYN_P_0989,2025-03-30 21:00:00,Document,outbound
EMAIL_03106,SYN_P_0414,SYN_P_0538,2025-01-21 00:00:00,Account,inbound
EMAIL_03107,SYN_P_0344,SYN_P_0140,2026-07-01 18:00:00,Meeting,inbound
EMAIL_03108,SYN_P_0952,SYN_P_0003,2024-05-17 15:00:00,Account,outbound
EMAIL_03109,SYN_P_0594,SYN_P_0396,2026-01-05 21:00:00,Delivery,inbound
EMAIL_03110,SYN_P_0148,SYN_P_0722,2025-11-29 17:00:00,Document,inbound
EMAIL_03111,SYN_P_0625,SYN_P_0594,2026-07-06 17:00:00,Request,outbound
EMAIL_03112,SYN_P_0291,SYN_P_0044,2025-02-23 16:00:00,Meeting,outbound
EMAIL_03113,SYN_P_0037,SYN_P_0498,2025-10-07 13:00:00,Delivery,inbound
EMAIL_03114,SYN_P_0738,SYN_P_0281,2024-11-17 22:00:00,Document,inbound
EMAIL_03115,SYN_P_0415,SYN_P_0801,2024-06-07 00:00:00,Document,outbound
EMAIL_03116,SYN_P_0293,SYN_P_0576,2026-09-28 08:00:00,Meeting,outbound
EMAIL_03117,SYN_P_0440,SYN_P_0998,2024-09-06 17:00:00,Meeting,outbound
EMAIL_03118,SYN_P_0213,SYN_P_0088,2024-10-16 16:00:00,Document,outbound
EMAIL_03119,SYN_P_0250,SYN_P_0398,2026-03-13 04:00:00,Request,inbound
EMAIL_03120,SYN_P_0745,SYN_P_0287,2026-06-14 09:00:00,Account,inbound
EMAIL_03121,SYN_P_0351,SYN_P_0723,2025-03-18 07:00:00,Invoice,inbound
EMAIL_03122,SYN_P_0300,SYN_P_1009,2024-12-02 20:00:00,Request,inbound
EMAIL_03123,SYN_P_0141,SYN_P_0785,2025-11-23 19:00:00,Document,inbound
EMAIL_03124,SYN_P_0417,SYN_P_0081,2024-06-24 06:00:00,Invoice,outbound
EMAIL_03125,SYN_P_0273,SYN_P_0303,2024-08-25 19:00:00,Document,inbound
EMAIL_03126,SYN_P_1012,SYN_P_0721,2025-03-09 19:00:00,Delivery,outbound
EMAIL_03127,SYN_P_0226,SYN_P_0757,2026-02-28 09:00:00,Account,outbound
EMAIL_03128,SYN_P_0713,SYN_P_0646,2025-04-15 21:00:00,Invoice,inbound
EMAIL_03129,SYN_P_0447,SYN_P_0898,2025-07-01 09:00:00,Account,inbound
EMAIL_03130,SYN_P_0589,SYN_P_0133,2024-04-20 16:00:00,Meeting,outbound
EMAIL_03131,SYN_P_0397,SYN_P_0194,2026-07-22 05:00:00,Meeting,outbound
EMAIL_03132,SYN_P_0381,SYN_P_0329,2024-01-13 13:00:00,Account,inbound
EMAIL_03133,SYN_P_0409,SYN_P_0308,2026-10-31 16:00:00,Invoice,outbound
EMAIL_03134,SYN_P_0723,SYN_P_0494,2026-07-14 10:00:00,Delivery,outbound
EMAIL_03135,SYN_P_0617,SYN_P_0514,2024-08-16 03:00:00,Meeting,outbound
EMAIL_03136,SYN_P_0239,SYN_P_0249,2024-07-25 07:00:00,Document,outbound
EMAIL_03137,SYN_P_0062,SYN_P_0987,2026-02-23 13:00:00,Invoice,inbound
EMAIL_03138,SYN_P_1040,SYN_P_0425,2025-01-01 13:00:00,Account,outbound
EMAIL_03139,SYN_P_0842,SYN_P_0553,2025-07-14 08:00:00,Meeting,inbound
EMAIL_03140,SYN_P_1009,SYN_P_0803,2026-03-16 09:00:00,Meeting,outbound
EMAIL_03141,SYN_P_0262,SYN_P_0308,2026-01-06 01:00:00,Invoice,inbound
EMAIL_03142,SYN_P_0567,SYN_P_0113,2024-09-06 17:00:00,Document,outbound
EMAIL_03143,SYN_P_0570,SYN_P_0847,2025-04-20 22:00:00,Document,outbound
EMAIL_03144,SYN_P_0843,SYN_P_0244,2024-10-14 03:00:00,Meeting,inbound
EMAIL_03145,SYN_P_0775,SYN_P_1006,2026-08-04 00:00:00,Delivery,inbound
EMAIL_03146,SYN_P_1027,SYN_P_0571,2025-04-14 17:00:00,Delivery,outbound
EMAIL_03147,SYN_P_0524,SYN_P_0898,2024-03-13 20:00:00,Invoice,outbound
EMAIL_03148,SYN_P_0725,SYN_P_0282,2025-08-12 08:00:00,Account,inbound
EMAIL_03149,SYN_P_0929,SYN_P_0484,2024-04-16 15:00:00,Meeting,outbound
EMAIL_03150,SYN_P_0685,SYN_P_0602,2026-10-01 08:00:00,Request,outbound
EMAIL_03151,SYN_P_0900,SYN_P_0173,2025-04-15 19:00:00,Meeting,outbound
EMAIL_03152,SYN_P_0397,SYN_P_0864,2024-05-19 20:00:00,Request,outbound
EMAIL_03153,SYN_P_0850,SYN_P_0146,2025-02-03 08:00:00,Delivery,inbound
EMAIL_03154,SYN_P_0210,SYN_P_0270,2024-09-20 14:00:00,Delivery,outbound
EMAIL_03155,SYN_P_0502,SYN_P_0715,2026-06-15 18:00:00,Account,inbound
EMAIL_03156,SYN_P_0160,SYN_P_0360,2024-08-23 22:00:00,Account,inbound
EMAIL_03157,SYN_P_0140,SYN_P_0461,2026-09-20 17:00:00,Delivery,inbound
EMAIL_03158,SYN_P_0427,SYN_P_0608,2026-06-13 01:00:00,Invoice,inbound
EMAIL_03159,SYN_P_1032,SYN_P_0309,2024-06-22 22:00:00,Account,outbound
EMAIL_03160,SYN_P_0763,SYN_P_0741,2024-01-13 06:00:00,Request,inbound
EMAIL_03161,SYN_P_0811,SYN_P_0221,2024-08-25 05:00:00,Document,inbound
EMAIL_03162,SYN_P_0511,SYN_P_0998,2024-10-26 06:00:00,Meeting,outbound
EMAIL_03163,SYN_P_0647,SYN_P_0978,2024-03-27 17:00:00,Account,outbound
EMAIL_03164,SYN_P_0256,SYN_P_0878,2026-02-11 21:00:00,Request,outbound
EMAIL_03165,SYN_P_0484,SYN_P_0870,2024-03-04 21:00:00,Request,inbound
EMAIL_03166,SYN_P_0457,SYN_P_0216,2025-11-08 04:00:00,Document,outbound
EMAIL_03167,SYN_P_0477,SYN_P_0628,2025-06-08 00:00:00,Account,inbound
EMAIL_03168,SYN_P_0276,SYN_P_0004,2024-09-08 09:00:00,Request,inbound
EMAIL_03169,SYN_P_0190,SYN_P_0966,2026-03-15 08:00:00,Meeting,inbound
EMAIL_03170,SYN_P_0404,SYN_P_0958,2024-05-17 01:00:00,Document,outbound
EMAIL_03171,SYN_P_0484,SYN_P_0245,2026-08-05 18:00:00,Meeting,outbound
EMAIL_03172,SYN_P_0580,SYN_P_0499,2024-04-12 04:00:00,Document,outbound
EMAIL_03173,SYN_P_0260,SYN_P_0323,2026-05-19 06:00:00,Request,outbound
EMAIL_03174,SYN_P_1027,SYN_P_0641,2025-02-14 18:00:00,Account,outbound
EMAIL_03175,SYN_P_0904,SYN_P_0734,2024-06-14 02:00:00,Delivery,outbound
EMAIL_03176,SYN_P_0965,SYN_P_0904,2025-09-21 21:00:00,Invoice,outbound
EMAIL_03177,SYN_P_0168,SYN_P_0802,2026-10-06 15:00:00,Delivery,outbound
EMAIL_03178,SYN_P_0999,SYN_P_0574,2025-02-14 12:00:00,Document,inbound
EMAIL_03179,SYN_P_0305,SYN_P_0987,2024-01-08 07:00:00,Invoice,outbound
EMAIL_03180,SYN_P_0880,SYN_P_0080,2025-06-28 08:00:00,Invoice,outbound
EMAIL_03181,SYN_P_0464,SYN_P_0807,2026-05-06 16:00:00,Delivery,inbound
EMAIL_03182,SYN_P_0083,SYN_P_0989,2025-04-29 07:00:00,Invoice,inbound
EMAIL_03183,SYN_P_0108,SYN_P_0602,2024-11-06 03:00:00,Account,outbound
EMAIL_03184,SYN_P_0648,SYN_P_0446,2024-08-31 09:00:00,Request,outbound
EMAIL_03185,SYN_P_0300,SYN_P_0762,2025-09-13 14:00:00,Invoice,outbound
EMAIL_03186,SYN_P_0406,SYN_P_0872,2026-03-16 16:00:00,Document,outbound
EMAIL_03187,SYN_P_0395,SYN_P_0662,2026-03-14 11:00:00,Request,outbound
EMAIL_03188,SYN_P_0841,SYN_P_0957,2024-07-24 10:00:00,Request,inbound
EMAIL_03189,SYN_P_0941,SYN_P_0735,2025-05-27 11:00:00,Meeting,outbound
EMAIL_03190,SYN_P_0988,SYN_P_0288,2024-06-16 01:00:00,Invoice,outbound
EMAIL_03191,SYN_P_0474,SYN_P_0130,2024-12-21 03:00:00,Delivery,outbound
EMAIL_03192,SYN_P_0552,SYN_P_0343,2025-07-02 21:00:00,Meeting,inbound
EMAIL_03193,SYN_P_0158,SYN_P_0619,2024-06-29 23:00:00,Invoice,outbound
EMAIL_03194,SYN_P_0512,SYN_P_0558,2025-11-16 05:00:00,Meeting,outbound
EMAIL_03195,SYN_P_0568,SYN_P_0785,2024-05-13 00:00:00,Document,outbound
EMAIL_03196,SYN_P_0267,SYN_P_0151,2026-06-19 14:00:00,Document,inbound
EMAIL_03197,SYN_P_0638,SYN_P_0155,2024-09-11 18:00:00,Invoice,outbound
EMAIL_03198,SYN_P_0001,SYN_P_0397,2024-10-22 01:00:00,Request,outbound
EMAIL_03199,SYN_P_0298,SYN_P_0081,2025-07-06 18:00:00,Invoice,inbound
EMAIL_03200,SYN_P_0683,SYN_P_0357,2024-10-26 16:00:00,Meeting,outbound
EMAIL_03201,SYN_P_0628,SYN_P_0090,2025-11-30 21:00:00,Meeting,outbound
EMAIL_03202,SYN_P_0158,SYN_P_1039,2026-06-30 11:00:00,Invoice,inbound
EMAIL_03203,SYN_P_0827,SYN_P_0793,2026-07-28 11:00:00,Delivery,inbound
EMAIL_03204,SYN_P_0178,SYN_P_0997,2026-05-12 16:00:00,Delivery,outbound
EMAIL_03205,SYN_P_0661,SYN_P_0207,2025-08-02 11:00:00,Meeting,inbound
EMAIL_03206,SYN_P_0234,SYN_P_0676,2024-05-24 12:00:00,Invoice,outbound
EMAIL_03207,SYN_P_0339,SYN_P_0717,2024-05-18 19:00:00,Invoice,inbound
EMAIL_03208,SYN_P_0768,SYN_P_0680,2025-11-27 06:00:00,Account,outbound
EMAIL_03209,SYN_P_0459,SYN_P_0735,2024-08-06 23:00:00,Request,outbound
EMAIL_03210,SYN_P_0550,SYN_P_0770,2025-05-16 03:00:00,Document,inbound
EMAIL_03211,SYN_P_0733,SYN_P_0314,2024-06-05 14:00:00,Document,inbound
EMAIL_03212,SYN_P_0431,SYN_P_0549,2024-06-15 15:00:00,Meeting,outbound
EMAIL_03213,SYN_P_0900,SYN_P_0767,2024-08-11 02:00:00,Request,outbound
EMAIL_03214,SYN_P_0887,SYN_P_0962,2026-01-16 17:00:00,Account,outbound
EMAIL_03215,SYN_P_0230,SYN_P_0185,2025-10-31 02:00:00,Request,inbound
EMAIL_03216,SYN_P_0408,SYN_P_0081,2026-10-18 02:00:00,Invoice,outbound
EMAIL_03217,SYN_P_0621,SYN_P_0828,2024-10-08 20:00:00,Account,inbound
EMAIL_03218,SYN_P_0690,SYN_P_0764,2024-02-15 13:00:00,Document,inbound
EMAIL_03219,SYN_P_0298,SYN_P_0618,2025-06-14 03:00:00,Account,outbound
EMAIL_03220,SYN_P_0511,SYN_P_0416,2025-08-10 03:00:00,Meeting,outbound
EMAIL_03221,SYN_P_0481,SYN_P_0640,2024-12-30 21:00:00,Meeting,inbound
EMAIL_03222,SYN_P_0625,SYN_P_0403,2026-02-05 17:00:00,Request,outbound
EMAIL_03223,SYN_P_0542,SYN_P_0626,2026-01-30 03:00:00,Meeting,outbound
EMAIL_03224,SYN_P_0741,SYN_P_0893,2025-05-09 07:00:00,Account,outbound
EMAIL_03225,SYN_P_0697,SYN_P_0630,2026-09-05 01:00:00,Meeting,inbound
EMAIL_03226,SYN_P_0068,SYN_P_0094,2026-08-10 02:00:00,Invoice,inbound
EMAIL_03227,SYN_P_1025,SYN_P_0260,2025-02-20 01:00:00,Document,outbound
EMAIL_03228,SYN_P_0667,SYN_P_0185,2024-09-02 13:00:00,Delivery,outbound
EMAIL_03229,SYN_P_0101,SYN_P_0965,2026-10-04 00:00:00,Invoice,inbound
EMAIL_03230,SYN_P_0270,SYN_P_0924,2026-06-19 09:00:00,Document,inbound
EMAIL_03231,SYN_P_0383,SYN_P_0569,2024-12-10 11:00:00,Document,outbound
EMAIL_03232,SYN_P_0004,SYN_P_0998,2026-07-23 18:00:00,Request,inbound
EMAIL_03233,SYN_P_0209,SYN_P_0322,2024-04-15 15:00:00,Delivery,outbound
EMAIL_03234,SYN_P_0585,SYN_P_0325,2024-05-01 01:00:00,Delivery,outbound
EMAIL_03235,SYN_P_0866,SYN_P_0378,2026-06-08 19:00:00,Delivery,inbound
EMAIL_03236,SYN_P_0827,SYN_P_0289,2025-06-17 09:00:00,Meeting,inbound
EMAIL_03237,SYN_P_0986,SYN_P_0560,2026-01-27 22:00:00,Delivery,outbound
EMAIL_03238,SYN_P_0716,SYN_P_0001,2026-10-25 05:00:00,Document,outbound
EMAIL_03239,SYN_P_0358,SYN_P_0871,2024-05-19 08:00:00,Document,outbound
EMAIL_03240,SYN_P_0180,SYN_P_0032,2026-01-19 22:00:00,Account,outbound
EMAIL_03241,SYN_P_0856,SYN_P_0940,2026-03-17 17:00:00,Meeting,outbound
EMAIL_03242,SYN_P_0134,SYN_P_0409,2025-06-15 17:00:00,Request,outbound
EMAIL_03243,SYN_P_0068,SYN_P_0779,2026-07-23 10:00:00,Invoice,outbound
EMAIL_03244,SYN_P_0890,SYN_P_0590,2026-01-29 20:00:00,Meeting,inbound
EMAIL_03245,SYN_P_0842,SYN_P_0721,2026-07-17 14:00:00,Document,inbound
EMAIL_03246,SYN_P_0316,SYN_P_0280,2026-07-01 05:00:00,Invoice,outbound
EMAIL_03247,SYN_P_0069,SYN_P_0709,2025-04-22 07:00:00,Account,inbound
EMAIL_03248,SYN_P_0878,SYN_P_1034,2026-02-19 04:00:00,Document,inbound
EMAIL_03249,SYN_P_0004,SYN_P_0522,2025-04-30 12:00:00,Account,inbound
EMAIL_03250,SYN_P_0382,SYN_P_0383,2026-04-14 14:00:00,Meeting,inbound
EMAIL_03251,SYN_P_1018,SYN_P_1028,2026-04-15 10:00:00,Request,inbound
EMAIL_03252,SYN_P_0374,SYN_P_0601,2025-12-02 00:00:00,Invoice,outbound
EMAIL_03253,SYN_P_0251,SYN_P_0149,2025-04-10 00:00:00,Invoice,outbound
EMAIL_03254,SYN_P_0354,SYN_P_0425,2025-06-29 11:00:00,Account,outbound
EMAIL_03255,SYN_P_0643,SYN_P_0541,2024-02-26 21:00:00,Invoice,inbound
EMAIL_03256,SYN_P_0828,SYN_P_0110,2024-05-20 20:00:00,Meeting,outbound
EMAIL_03257,SYN_P_0305,SYN_P_0609,2025-11-09 04:00:00,Document,inbound
EMAIL_03258,SYN_P_0764,SYN_P_0435,2026-01-14 15:00:00,Meeting,inbound
EMAIL_03259,SYN_P_0685,SYN_P_0318,2026-03-05 16:00:00,Account,inbound
EMAIL_03260,SYN_P_0023,SYN_P_0308,2024-08-28 08:00:00,Document,inbound
EMAIL_03261,SYN_P_0056,SYN_P_0758,2025-12-21 16:00:00,Meeting,outbound
EMAIL_03262,SYN_P_0242,SYN_P_0668,2024-09-09 12:00:00,Request,inbound
EMAIL_03263,SYN_P_0663,SYN_P_0622,2025-04-25 16:00:00,Account,inbound
EMAIL_03264,SYN_P_0766,SYN_P_0192,2026-08-04 17:00:00,Document,outbound
EMAIL_03265,SYN_P_0017,SYN_P_0185,2025-07-22 19:00:00,Meeting,outbound
EMAIL_03266,SYN_P_0481,SYN_P_0744,2026-04-16 18:00:00,Request,inbound
EMAIL_03267,SYN_P_0387,SYN_P_0520,2025-03-27 09:00:00,Request,outbound
EMAIL_03268,SYN_P_0285,SYN_P_0845,2026-06-18 14:00:00,Request,outbound
EMAIL_03269,SYN_P_0938,SYN_P_0627,2024-04-09 19:00:00,Invoice,inbound
EMAIL_03270,SYN_P_0586,SYN_P_0760,2024-02-02 13:00:00,Invoice,inbound
EMAIL_03271,SYN_P_0154,SYN_P_0164,2026-03-29 20:00:00,Invoice,inbound
EMAIL_03272,SYN_P_1033,SYN_P_0285,2026-01-25 04:00:00,Delivery,inbound
EMAIL_03273,SYN_P_0054,SYN_P_0555,2026-11-02 03:00:00,Document,inbound
EMAIL_03274,SYN_P_0337,SYN_P_0129,2025-09-16 20:00:00,Invoice,inbound
EMAIL_03275,SYN_P_0237,SYN_P_0523,2025-05-12 14:00:00,Invoice,inbound
EMAIL_03276,SYN_P_0110,SYN_P_0766,2024-11-15 17:00:00,Invoice,outbound
EMAIL_03277,SYN_P_0128,SYN_P_0415,2024-02-15 12:00:00,Invoice,inbound
EMAIL_03278,SYN_P_0661,SYN_P_0379,2026-06-27 13:00:00,Meeting,inbound
EMAIL_03279,SYN_P_0604,SYN_P_0165,2026-09-05 05:00:00,Delivery,outbound
EMAIL_03280,SYN_P_0689,SYN_P_0740,2024-04-20 19:00:00,Delivery,outbound
EMAIL_03281,SYN_P_1037,SYN_P_0778,2025-05-15 19:00:00,Account,outbound
EMAIL_03282,SYN_P_0446,SYN_P_0853,2025-04-20 04:00:00,Account,inbound
EMAIL_03283,SYN_P_0797,SYN_P_0822,2025-07-27 17:00:00,Account,outbound
EMAIL_03284,SYN_P_0073,SYN_P_0740,2026-04-14 11:00:00,Delivery,inbound
EMAIL_03285,SYN_P_0466,SYN_P_0210,2026-01-03 12:00:00,Delivery,inbound
EMAIL_03286,SYN_P_0098,SYN_P_0557,2025-07-30 13:00:00,Delivery,inbound
EMAIL_03287,SYN_P_0582,SYN_P_0162,2026-04-21 04:00:00,Account,outbound
EMAIL_03288,SYN_P_1016,SYN_P_0981,2024-08-07 20:00:00,Account,outbound
EMAIL_03289,SYN_P_0076,SYN_P_0966,2026-09-06 11:00:00,Delivery,outbound
EMAIL_03290,SYN_P_0379,SYN_P_0498,2024-01-07 01:00:00,Delivery,outbound
EMAIL_03291,SYN_P_0569,SYN_P_0939,2026-09-30 08:00:00,Account,outbound
EMAIL_03292,SYN_P_0578,SYN_P_0246,2026-06-23 14:00:00,Invoice,inbound
EMAIL_03293,SYN_P_0097,SYN_P_1002,2026-05-22 09:00:00,Request,outbound
EMAIL_03294,SYN_P_0190,SYN_P_0011,2024-09-11 08:00:00,Invoice,outbound
EMAIL_03295,SYN_P_0181,SYN_P_0629,2025-12-07 14:00:00,Document,inbound
EMAIL_03296,SYN_P_0352,SYN_P_0186,2025-09-05 03:00:00,Invoice,outbound
EMAIL_03297,SYN_P_0981,SYN_P_1007,2026-08-13 12:00:00,Delivery,inbound
EMAIL_03298,SYN_P_0421,SYN_P_0127,2024-01-08 14:00:00,Delivery,outbound
EMAIL_03299,SYN_P_0079,SYN_P_0306,2026-03-28 10:00:00,Meeting,outbound
EMAIL_03300,SYN_P_0893,SYN_P_0736,2026-10-24 14:00:00,Delivery,outbound
EMAIL_03301,SYN_P_0220,SYN_P_0779,2025-05-31 07:00:00,Request,outbound
EMAIL_03302,SYN_P_0165,SYN_P_1019,2024-12-07 00:00:00,Meeting,outbound
EMAIL_03303,SYN_P_0398,SYN_P_0258,2025-08-05 05:00:00,Account,outbound
EMAIL_03304,SYN_P_0740,SYN_P_0488,2026-07-08 11:00:00,Delivery,inbound
EMAIL_03305,SYN_P_0285,SYN_P_0228,2024-09-17 04:00:00,Document,inbound
EMAIL_03306,SYN_P_0328,SYN_P_0657,2025-03-11 14:00:00,Document,outbound
EMAIL_03307,SYN_P_0592,SYN_P_0518,2024-04-28 13:00:00,Request,inbound
EMAIL_03308,SYN_P_0371,SYN_P_0516,2024-07-02 21:00:00,Request,outbound
EMAIL_03309,SYN_P_0857,SYN_P_0293,2025-11-21 08:00:00,Meeting,outbound
EMAIL_03310,SYN_P_0718,SYN_P_0462,2025-10-26 14:00:00,Invoice,outbound
EMAIL_03311,SYN_P_0442,SYN_P_0614,2024-05-01 03:00:00,Delivery,inbound
EMAIL_03312,SYN_P_0708,SYN_P_0623,2024-03-20 05:00:00,Delivery,outbound
EMAIL_03313,SYN_P_0356,SYN_P_0493,2026-02-10 14:00:00,Invoice,outbound
EMAIL_03314,SYN_P_0181,SYN_P_0901,2026-05-02 00:00:00,Document,inbound
EMAIL_03315,SYN_P_0075,SYN_P_0406,2024-05-01 17:00:00,Account,outbound
EMAIL_03316,SYN_P_0568,SYN_P_1034,2025-12-17 10:00:00,Account,inbound
EMAIL_03317,SYN_P_0938,SYN_P_0822,2026-04-19 10:00:00,Delivery,inbound
EMAIL_03318,SYN_P_0277,SYN_P_0676,2026-10-07 04:00:00,Meeting,inbound
EMAIL_03319,SYN_P_0355,SYN_P_0133,2024-01-01 09:00:00,Invoice,inbound
EMAIL_03320,SYN_P_0164,SYN_P_0889,2024-09-08 10:00:00,Account,inbound
EMAIL_03321,SYN_P_0322,SYN_P_0741,2024-01-23 03:00:00,Account,outbound
EMAIL_03322,SYN_P_0765,SYN_P_0103,2026-01-31 22:00:00,Document,inbound
EMAIL_03323,SYN_P_0648,SYN_P_0962,2024-05-10 00:00:00,Document,inbound
EMAIL_03324,SYN_P_0144,SYN_P_0899,2025-09-20 19:00:00,Invoice,inbound
EMAIL_03325,SYN_P_0604,SYN_P_0184,2025-09-16 09:00:00,Meeting,outbound
EMAIL_03326,SYN_P_0931,SYN_P_0072,2026-03-02 15:00:00,Invoice,outbound
EMAIL_03327,SYN_P_0123,SYN_P_0122,2024-03-26 11:00:00,Meeting,outbound
EMAIL_03328,SYN_P_0305,SYN_P_0684,2025-12-22 06:00:00,Account,inbound
EMAIL_03329,SYN_P_0934,SYN_P_0126,2024-11-30 11:00:00,Meeting,inbound
EMAIL_03330,SYN_P_0041,SYN_P_0031,2024-08-14 14:00:00,Request,inbound
EMAIL_03331,SYN_P_0802,SYN_P_0271,2026-05-23 09:00:00,Request,inbound
EMAIL_03332,SYN_P_0919,SYN_P_0386,2025-01-01 14:00:00,Account,outbound
EMAIL_03333,SYN_P_0232,SYN_P_0396,2026-04-06 00:00:00,Account,outbound
EMAIL_03334,SYN_P_0446,SYN_P_0828,2024-09-25 13:00:00,Account,outbound
EMAIL_03335,SYN_P_0196,SYN_P_0741,2026-10-27 14:00:00,Delivery,inbound
EMAIL_03336,SYN_P_0152,SYN_P_0472,2024-02-05 23:00:00,Account,inbound
EMAIL_03337,SYN_P_0769,SYN_P_0816,2025-05-07 23:00:00,Document,outbound
EMAIL_03338,SYN_P_0565,SYN_P_0853,2025-05-01 12:00:00,Invoice,outbound
EMAIL_03339,SYN_P_0319,SYN_P_0014,2024-08-12 12:00:00,Meeting,outbound
EMAIL_03340,SYN_P_0377,SYN_P_0683,2025-03-15 08:00:00,Request,inbound
EMAIL_03341,SYN_P_1036,SYN_P_0822,2026-08-14 03:00:00,Delivery,outbound
EMAIL_03342,SYN_P_0468,SYN_P_0360,2026-07-24 14:00:00,Delivery,inbound
EMAIL_03343,SYN_P_0849,SYN_P_0936,2024-08-06 11:00:00,Account,inbound
EMAIL_03344,SYN_P_0906,SYN_P_0318,2024-03-12 02:00:00,Account,inbound
EMAIL_03345,SYN_P_0779,SYN_P_0310,2025-11-10 06:00:00,Delivery,inbound
EMAIL_03346,SYN_P_0540,SYN_P_0748,2026-01-11 13:00:00,Delivery,outbound
EMAIL_03347,SYN_P_0515,SYN_P_0983,2025-07-15 18:00:00,Request,inbound
EMAIL_03348,SYN_P_0303,SYN_P_1032,2024-01-29 03:00:00,Meeting,inbound
EMAIL_03349,SYN_P_0985,SYN_P_0321,2026-09-21 09:00:00,Invoice,outbound
EMAIL_03350,SYN_P_0829,SYN_P_0312,2024-07-06 21:00:00,Request,inbound
EMAIL_03351,SYN_P_0710,SYN_P_0187,2025-01-17 23:00:00,Invoice,inbound
EMAIL_03352,SYN_P_0474,SYN_P_0848,2026-07-22 15:00:00,Meeting,outbound
EMAIL_03353,SYN_P_1003,SYN_P_0956,2026-01-08 07:00:00,Delivery,outbound
EMAIL_03354,SYN_P_0426,SYN_P_0408,2025-01-03 00:00:00,Meeting,inbound
EMAIL_03355,SYN_P_0004,SYN_P_0621,2024-02-25 09:00:00,Meeting,outbound
EMAIL_03356,SYN_P_0133,SYN_P_0033,2024-12-31 14:00:00,Document,outbound
EMAIL_03357,SYN_P_0821,SYN_P_0746,2024-07-03 10:00:00,Invoice,outbound
EMAIL_03358,SYN_P_0728,SYN_P_0978,2024-03-14 17:00:00,Request,outbound
EMAIL_03359,SYN_P_0888,SYN_P_0924,2026-08-09 14:00:00,Document,inbound
EMAIL_03360,SYN_P_0797,SYN_P_0501,2025-08-17 07:00:00,Meeting,inbound
EMAIL_03361,SYN_P_0301,SYN_P_0690,2026-07-20 15:00:00,Invoice,inbound
EMAIL_03362,SYN_P_0833,SYN_P_0047,2026-08-03 01:00:00,Document,outbound
EMAIL_03363,SYN_P_0879,SYN_P_0519,2024-08-25 01:00:00,Document,outbound
EMAIL_03364,SYN_P_0923,SYN_P_0448,2024-08-04 04:00:00,Meeting,outbound
EMAIL_03365,SYN_P_0794,SYN_P_0361,2026-07-04 06:00:00,Account,inbound
EMAIL_03366,SYN_P_0361,SYN_P_0045,2026-07-13 00:00:00,Account,inbound
EMAIL_03367,SYN_P_0725,SYN_P_0346,2026-02-27 09:00:00,Invoice,outbound
EMAIL_03368,SYN_P_0117,SYN_P_0218,2026-02-13 20:00:00,Meeting,inbound
EMAIL_03369,SYN_P_0430,SYN_P_0519,2026-05-19 12:00:00,Account,inbound
EMAIL_03370,SYN_P_0992,SYN_P_0771,2025-11-09 04:00:00,Meeting,inbound
EMAIL_03371,SYN_P_0416,SYN_P_0536,2026-08-02 11:00:00,Delivery,inbound
EMAIL_03372,SYN_P_0092,SYN_P_0593,2024-12-15 16:00:00,Request,outbound
EMAIL_03373,SYN_P_0034,SYN_P_1023,2024-12-06 16:00:00,Account,outbound
EMAIL_03374,SYN_P_0274,SYN_P_0093,2024-05-19 04:00:00,Delivery,inbound
EMAIL_03375,SYN_P_0620,SYN_P_0979,2024-12-11 10:00:00,Document,outbound
EMAIL_03376,SYN_P_0321,SYN_P_0858,2024-08-13 03:00:00,Invoice,outbound
EMAIL_03377,SYN_P_0043,SYN_P_0500,2024-01-08 12:00:00,Meeting,inbound
EMAIL_03378,SYN_P_0045,SYN_P_0092,2026-05-04 18:00:00,Document,inbound
EMAIL_03379,SYN_P_0815,SYN_P_0541,2024-09-22 14:00:00,Meeting,outbound
EMAIL_03380,SYN_P_0520,SYN_P_0275,2024-08-04 02:00:00,Document,outbound
EMAIL_03381,SYN_P_0141,SYN_P_0863,2026-10-03 14:00:00,Meeting,outbound
EMAIL_03382,SYN_P_0032,SYN_P_0632,2024-03-27 05:00:00,Invoice,outbound
EMAIL_03383,SYN_P_0446,SYN_P_0166,2024-10-30 00:00:00,Document,inbound
EMAIL_03384,SYN_P_0856,SYN_P_0128,2026-01-03 10:00:00,Account,outbound
EMAIL_03385,SYN_P_0077,SYN_P_0701,2024-10-11 09:00:00,Request,outbound
EMAIL_03386,SYN_P_0115,SYN_P_0504,2024-08-26 17:00:00,Account,inbound
EMAIL_03387,SYN_P_0881,SYN_P_0346,2026-05-07 18:00:00,Account,inbound
EMAIL_03388,SYN_P_0431,SYN_P_0394,2026-08-08 04:00:00,Meeting,inbound
EMAIL_03389,SYN_P_0662,SYN_P_0318,2024-11-17 19:00:00,Document,outbound
EMAIL_03390,SYN_P_0344,SYN_P_0239,2026-07-19 16:00:00,Request,outbound
EMAIL_03391,SYN_P_0941,SYN_P_0611,2024-05-13 08:00:00,Invoice,outbound
EMAIL_03392,SYN_P_0349,SYN_P_0110,2026-02-20 07:00:00,Delivery,outbound
EMAIL_03393,SYN_P_0748,SYN_P_0560,2025-11-29 04:00:00,Account,outbound
EMAIL_03394,SYN_P_0044,SYN_P_0693,2025-11-10 12:00:00,Meeting,inbound
EMAIL_03395,SYN_P_0985,SYN_P_0043,2026-01-24 05:00:00,Meeting,inbound
EMAIL_03396,SYN_P_0789,SYN_P_0872,2024-06-22 02:00:00,Document,outbound
EMAIL_03397,SYN_P_0629,SYN_P_0115,2024-12-01 07:00:00,Document,outbound
EMAIL_03398,SYN_P_0151,SYN_P_0974,2025-08-16 13:00:00,Meeting,inbound
EMAIL_03399,SYN_P_0754,SYN_P_0696,2025-11-18 13:00:00,Request,inbound
EMAIL_03400,SYN_P_1003,SYN_P_0862,2025-10-06 23:00:00,Delivery,outbound
EMAIL_03401,SYN_P_0602,SYN_P_0662,2025-11-12 23:00:00,Invoice,outbound
EMAIL_03402,SYN_P_0300,SYN_P_0893,2024-03-11 00:00:00,Document,inbound
EMAIL_03403,SYN_P_0927,SYN_P_0084,2024-08-02 11:00:00,Request,outbound
EMAIL_03404,SYN_P_0726,SYN_P_0015,2024-11-15 01:00:00,Meeting,inbound
EMAIL_03405,SYN_P_0518,SYN_P_0912,2026-02-20 04:00:00,Invoice,inbound
EMAIL_03406,SYN_P_0139,SYN_P_0984,2024-06-05 11:00:00,Delivery,outbound
EMAIL_03407,SYN_P_0009,SYN_P_0319,2025-12-19 22:00:00,Invoice,inbound
EMAIL_03408,SYN_P_0949,SYN_P_0509,2024-04-03 12:00:00,Document,outbound
EMAIL_03409,SYN_P_0691,SYN_P_0107,2024-04-05 02:00:00,Request,outbound
EMAIL_03410,SYN_P_0564,SYN_P_0985,2024-04-26 08:00:00,Meeting,outbound
EMAIL_03411,SYN_P_0991,SYN_P_0601,2024-07-31 08:00:00,Delivery,inbound
EMAIL_03412,SYN_P_0307,SYN_P_0061,2026-09-05 05:00:00,Delivery,inbound
EMAIL_03413,SYN_P_0033,SYN_P_0288,2024-10-27 08:00:00,Account,inbound
EMAIL_03414,SYN_P_0847,SYN_P_0268,2024-03-19 05:00:00,Invoice,outbound
EMAIL_03415,SYN_P_0510,SYN_P_0738,2024-05-03 20:00:00,Request,outbound
EMAIL_03416,SYN_P_1019,SYN_P_1038,2026-03-23 09:00:00,Invoice,inbound
EMAIL_03417,SYN_P_0699,SYN_P_0764,2026-05-13 23:00:00,Invoice,inbound
EMAIL_03418,SYN_P_0550,SYN_P_0529,2024-11-02 04:00:00,Document,inbound
EMAIL_03419,SYN_P_0922,SYN_P_0557,2026-02-14 22:00:00,Delivery,outbound
EMAIL_03420,SYN_P_0731,SYN_P_0858,2025-10-06 15:00:00,Meeting,inbound
EMAIL_03421,SYN_P_0600,SYN_P_0365,2025-09-12 04:00:00,Account,outbound
EMAIL_03422,SYN_P_0497,SYN_P_0359,2025-05-03 23:00:00,Meeting,outbound
EMAIL_03423,SYN_P_0048,SYN_P_0387,2025-09-11 16:00:00,Meeting,inbound
EMAIL_03424,SYN_P_0617,SYN_P_0253,2025-01-07 08:00:00,Account,inbound
EMAIL_03425,SYN_P_0804,SYN_P_0288,2025-06-01 04:00:00,Document,inbound
EMAIL_03426,SYN_P_0262,SYN_P_0819,2026-05-06 00:00:00,Meeting,inbound
EMAIL_03427,SYN_P_0459,SYN_P_1031,2026-08-21 15:00:00,Meeting,outbound
EMAIL_03428,SYN_P_0460,SYN_P_0312,2026-08-22 17:00:00,Request,outbound
EMAIL_03429,SYN_P_0520,SYN_P_0396,2025-02-02 05:00:00,Meeting,inbound
EMAIL_03430,SYN_P_0201,SYN_P_0873,2025-03-22 02:00:00,Meeting,outbound
EMAIL_03431,SYN_P_0598,SYN_P_0310,2025-09-02 15:00:00,Meeting,outbound
EMAIL_03432,SYN_P_0804,SYN_P_0971,2024-06-30 21:00:00,Delivery,inbound
EMAIL_03433,SYN_P_0817,SYN_P_0024,2024-02-22 22:00:00,Delivery,outbound
EMAIL_03434,SYN_P_0630,SYN_P_0713,2025-11-22 10:00:00,Request,inbound
EMAIL_03435,SYN_P_0640,SYN_P_0931,2024-01-14 09:00:00,Request,outbound
EMAIL_03436,SYN_P_0976,SYN_P_0067,2024-11-17 12:00:00,Account,inbound
EMAIL_03437,SYN_P_0019,SYN_P_0237,2026-08-18 12:00:00,Delivery,outbound
EMAIL_03438,SYN_P_0871,SYN_P_0285,2024-05-04 13:00:00,Account,outbound
EMAIL_03439,SYN_P_0150,SYN_P_0915,2025-05-11 05:00:00,Invoice,inbound
EMAIL_03440,SYN_P_0460,SYN_P_0459,2024-01-13 04:00:00,Account,outbound
EMAIL_03441,SYN_P_0594,SYN_P_0294,2024-06-26 07:00:00,Delivery,outbound
EMAIL_03442,SYN_P_0891,SYN_P_0523,2024-07-10 20:00:00,Document,outbound
EMAIL_03443,SYN_P_0938,SYN_P_0404,2025-08-11 04:00:00,Meeting,inbound
EMAIL_03444,SYN_P_0867,SYN_P_0863,2026-03-11 04:00:00,Account,inbound
EMAIL_03445,SYN_P_1026,SYN_P_0421,2025-07-19 05:00:00,Meeting,outbound
EMAIL_03446,SYN_P_0089,SYN_P_0045,2025-04-09 04:00:00,Request,outbound
EMAIL_03447,SYN_P_0809,SYN_P_0060,2025-03-06 10:00:00,Request,inbound
EMAIL_03448,SYN_P_0802,SYN_P_0856,2024-07-13 01:00:00,Document,outbound
EMAIL_03449,SYN_P_0185,SYN_P_0903,2024-07-19 18:00:00,Document,inbound
EMAIL_03450,SYN_P_0199,SYN_P_0652,2025-10-06 21:00:00,Account,inbound
EMAIL_03451,SYN_P_0479,SYN_P_0659,2025-04-16 14:00:00,Delivery,inbound
EMAIL_03452,SYN_P_0806,SYN_P_0526,2024-02-08 02:00:00,Document,outbound
EMAIL_03453,SYN_P_0141,SYN_P_0894,2024-10-16 10:00:00,Invoice,outbound
EMAIL_03454,SYN_P_0405,SYN_P_0522,2025-05-23 14:00:00,Document,outbound
EMAIL_03455,SYN_P_0483,SYN_P_0638,2024-11-17 15:00:00,Invoice,outbound
EMAIL_03456,SYN_P_0720,SYN_P_0002,2026-09-12 01:00:00,Invoice,outbound
EMAIL_03457,SYN_P_1034,SYN_P_0214,2026-01-16 00:00:00,Invoice,inbound
EMAIL_03458,SYN_P_0227,SYN_P_0109,2025-10-25 14:00:00,Invoice,outbound
EMAIL_03459,SYN_P_0508,SYN_P_0972,2025-12-21 22:00:00,Delivery,inbound
EMAIL_03460,SYN_P_0620,SYN_P_0393,2025-12-27 22:00:00,Account,inbound
EMAIL_03461,SYN_P_0335,SYN_P_0871,2024-05-09 17:00:00,Invoice,outbound
EMAIL_03462,SYN_P_0002,SYN_P_0475,2026-01-27 20:00:00,Request,outbound
EMAIL_03463,SYN_P_0100,SYN_P_0315,2024-05-13 07:00:00,Request,inbound
EMAIL_03464,SYN_P_1004,SYN_P_0645,2026-04-04 01:00:00,Request,outbound
EMAIL_03465,SYN_P_0508,SYN_P_0104,2024-12-06 15:00:00,Invoice,outbound
EMAIL_03466,SYN_P_0303,SYN_P_0704,2024-09-02 01:00:00,Request,inbound
EMAIL_03467,SYN_P_0532,SYN_P_0588,2025-07-23 04:00:00,Delivery,outbound
EMAIL_03468,SYN_P_1032,SYN_P_0735,2025-09-06 05:00:00,Account,outbound
EMAIL_03469,SYN_P_0372,SYN_P_0056,2025-02-05 16:00:00,Document,outbound
EMAIL_03470,SYN_P_0245,SYN_P_0514,2026-08-07 10:00:00,Account,outbound
EMAIL_03471,SYN_P_0623,SYN_P_0295,2024-07-17 06:00:00,Delivery,inbound
EMAIL_03472,SYN_P_0142,SYN_P_0768,2024-03-04 12:00:00,Meeting,outbound
EMAIL_03473,SYN_P_0334,SYN_P_0209,2026-08-24 17:00:00,Account,outbound
EMAIL_03474,SYN_P_0013,SYN_P_0173,2025-07-29 06:00:00,Request,inbound
EMAIL_03475,SYN_P_0925,SYN_P_0679,2024-10-28 20:00:00,Document,inbound
EMAIL_03476,SYN_P_0515,SYN_P_0903,2025-05-08 05:00:00,Account,outbound
EMAIL_03477,SYN_P_0679,SYN_P_0429,2026-08-23 01:00:00,Invoice,inbound
EMAIL_03478,SYN_P_0381,SYN_P_0462,2025-06-06 04:00:00,Document,outbound
EMAIL_03479,SYN_P_0563,SYN_P_0847,2025-04-11 17:00:00,Document,outbound
EMAIL_03480,SYN_P_0292,SYN_P_0033,2026-07-24 02:00:00,Meeting,outbound
EMAIL_03481,SYN_P_0385,SYN_P_0818,2025-12-16 11:00:00,Invoice,inbound
EMAIL_03482,SYN_P_0078,SYN_P_0567,2026-09-09 15:00:00,Request,outbound
EMAIL_03483,SYN_P_0870,SYN_P_0426,2025-11-30 10:00:00,Request,outbound
EMAIL_03484,SYN_P_0043,SYN_P_0080,2024-09-13 23:00:00,Request,inbound
EMAIL_03485,SYN_P_0931,SYN_P_0756,2026-03-05 10:00:00,Account,inbound
EMAIL_03486,SYN_P_0288,SYN_P_0906,2025-07-08 21:00:00,Meeting,inbound
EMAIL_03487,SYN_P_0833,SYN_P_0921,2026-06-29 15:00:00,Request,outbound
EMAIL_03488,SYN_P_0460,SYN_P_0265,2025-10-14 06:00:00,Account,inbound
EMAIL_03489,SYN_P_0516,SYN_P_0588,2025-02-22 16:00:00,Account,inbound
EMAIL_03490,SYN_P_0300,SYN_P_1009,2024-05-23 22:00:00,Invoice,outbound
EMAIL_03491,SYN_P_0020,SYN_P_0416,2025-10-23 23:00:00,Request,outbound
EMAIL_03492,SYN_P_0668,SYN_P_0618,2024-10-26 07:00:00,Request,outbound
EMAIL_03493,SYN_P_0239,SYN_P_0681,2025-11-30 12:00:00,Request,outbound
EMAIL_03494,SYN_P_1004,SYN_P_0602,2024-06-02 21:00:00,Invoice,inbound
EMAIL_03495,SYN_P_0145,SYN_P_0406,2025-02-15 00:00:00,Delivery,inbound
EMAIL_03496,SYN_P_0066,SYN_P_0444,2024-04-10 02:00:00,Account,outbound
EMAIL_03497,SYN_P_0464,SYN_P_0899,2025-07-05 09:00:00,Invoice,outbound
EMAIL_03498,SYN_P_0365,SYN_P_0206,2024-09-01 02:00:00,Document,inbound
EMAIL_03499,SYN_P_0042,SYN_P_0705,2025-06-10 16:00:00,Delivery,inbound
EMAIL_03500,SYN_P_0606,SYN_P_0413,2024-10-09 13:00:00,Meeting,inbound
EMAIL_03501,SYN_P_0756,SYN_P_0691,2024-10-02 21:00:00,Account,outbound
EMAIL_03502,SYN_P_0157,SYN_P_0063,2026-09-24 21:00:00,Document,outbound
EMAIL_03503,SYN_P_0131,SYN_P_0617,2026-05-07 17:00:00,Delivery,outbound
EMAIL_03504,SYN_P_0789,SYN_P_0742,2025-06-19 04:00:00,Document,outbound
EMAIL_03505,SYN_P_0746,SYN_P_0288,2024-03-18 15:00:00,Delivery,inbound
EMAIL_03506,SYN_P_0284,SYN_P_0456,2024-09-17 17:00:00,Invoice,inbound
EMAIL_03507,SYN_P_0634,SYN_P_0338,2024-07-12 09:00:00,Invoice,inbound
EMAIL_03508,SYN_P_0762,SYN_P_0616,2025-11-22 05:00:00,Delivery,outbound
EMAIL_03509,SYN_P_0962,SYN_P_0662,2026-05-14 16:00:00,Document,inbound
EMAIL_03510,SYN_P_0291,SYN_P_0877,2024-06-23 06:00:00,Document,outbound
EMAIL_03511,SYN_P_0610,SYN_P_0680,2026-09-10 05:00:00,Delivery,inbound
EMAIL_03512,SYN_P_0757,SYN_P_0621,2024-05-13 01:00:00,Request,inbound
EMAIL_03513,SYN_P_0734,SYN_P_0878,2026-07-15 11:00:00,Document,outbound
EMAIL_03514,SYN_P_0395,SYN_P_0090,2026-08-24 14:00:00,Invoice,outbound
EMAIL_03515,SYN_P_0897,SYN_P_0942,2025-01-24 01:00:00,Request,outbound
EMAIL_03516,SYN_P_0352,SYN_P_0242,2026-05-17 03:00:00,Document,outbound
EMAIL_03517,SYN_P_0752,SYN_P_0714,2024-06-02 20:00:00,Invoice,outbound
EMAIL_03518,SYN_P_0289,SYN_P_0293,2025-10-24 08:00:00,Delivery,outbound
EMAIL_03519,SYN_P_0355,SYN_P_0322,2026-09-27 10:00:00,Delivery,outbound
EMAIL_03520,SYN_P_0547,SYN_P_0863,2024-10-24 03:00:00,Invoice,inbound
EMAIL_03521,SYN_P_0987,SYN_P_0646,2025-02-11 16:00:00,Meeting,inbound
EMAIL_03522,SYN_P_1020,SYN_P_0144,2026-06-15 19:00:00,Invoice,outbound
EMAIL_03523,SYN_P_1007,SYN_P_0896,2024-03-20 09:00:00,Meeting,outbound
EMAIL_03524,SYN_P_0956,SYN_P_0118,2025-07-01 01:00:00,Invoice,outbound
EMAIL_03525,SYN_P_0976,SYN_P_0587,2024-08-07 10:00:00,Request,inbound
EMAIL_03526,SYN_P_0615,SYN_P_0194,2025-11-15 09:00:00,Delivery,inbound
EMAIL_03527,SYN_P_0970,SYN_P_1040,2024-04-16 20:00:00,Account,inbound
EMAIL_03528,SYN_P_1000,SYN_P_0194,2024-03-20 00:00:00,Account,outbound
EMAIL_03529,SYN_P_0259,SYN_P_0735,2024-09-10 03:00:00,Delivery,outbound
EMAIL_03530,SYN_P_0936,SYN_P_0591,2025-03-02 19:00:00,Invoice,inbound
EMAIL_03531,SYN_P_0480,SYN_P_0536,2026-10-17 11:00:00,Request,outbound
EMAIL_03532,SYN_P_0535,SYN_P_0369,2026-02-15 04:00:00,Invoice,inbound
EMAIL_03533,SYN_P_0967,SYN_P_0492,2024-07-03 23:00:00,Delivery,inbound
EMAIL_03534,SYN_P_0605,SYN_P_0325,2025-12-26 00:00:00,Document,inbound
EMAIL_03535,SYN_P_0019,SYN_P_0662,2026-04-27 04:00:00,Account,inbound
EMAIL_03536,SYN_P_0166,SYN_P_0867,2026-04-16 01:00:00,Document,outbound
EMAIL_03537,SYN_P_0577,SYN_P_0876,2025-09-15 16:00:00,Invoice,outbound
EMAIL_03538,SYN_P_1032,SYN_P_0529,2024-12-29 10:00:00,Document,inbound
EMAIL_03539,SYN_P_0178,SYN_P_0030,2025-08-11 06:00:00,Invoice,inbound
EMAIL_03540,SYN_P_0280,SYN_P_0830,2024-06-22 23:00:00,Invoice,inbound
EMAIL_03541,SYN_P_0766,SYN_P_0223,2024-09-05 09:00:00,Document,inbound
EMAIL_03542,SYN_P_0892,SYN_P_0587,2025-08-24 01:00:00,Meeting,inbound
EMAIL_03543,SYN_P_0063,SYN_P_0726,2026-05-08 18:00:00,Request,outbound
EMAIL_03544,SYN_P_0995,SYN_P_0399,2024-05-28 12:00:00,Meeting,outbound
EMAIL_03545,SYN_P_0504,SYN_P_0851,2026-07-12 07:00:00,Invoice,outbound
EMAIL_03546,SYN_P_0193,SYN_P_0232,2026-04-19 03:00:00,Invoice,outbound
EMAIL_03547,SYN_P_0270,SYN_P_0027,2026-01-30 15:00:00,Account,inbound
EMAIL_03548,SYN_P_0189,SYN_P_0822,2025-09-09 19:00:00,Request,inbound
EMAIL_03549,SYN_P_0406,SYN_P_0238,2024-08-28 18:00:00,Invoice,outbound
EMAIL_03550,SYN_P_0085,SYN_P_0131,2026-05-25 01:00:00,Account,outbound
EMAIL_03551,SYN_P_0871,SYN_P_0916,2026-04-28 21:00:00,Invoice,outbound
EMAIL_03552,SYN_P_0068,SYN_P_0451,2025-04-02 15:00:00,Document,inbound
EMAIL_03553,SYN_P_0477,SYN_P_0988,2026-02-15 12:00:00,Document,outbound
EMAIL_03554,SYN_P_0724,SYN_P_0289,2026-03-16 19:00:00,Account,inbound
EMAIL_03555,SYN_P_1021,SYN_P_0091,2024-06-11 03:00:00,Account,outbound
EMAIL_03556,SYN_P_0240,SYN_P_0514,2025-08-19 22:00:00,Document,outbound
EMAIL_03557,SYN_P_0113,SYN_P_0937,2024-06-02 19:00:00,Account,inbound
EMAIL_03558,SYN_P_0660,SYN_P_0822,2024-11-28 04:00:00,Document,inbound
EMAIL_03559,SYN_P_0391,SYN_P_0810,2025-01-12 05:00:00,Account,outbound
EMAIL_03560,SYN_P_0749,SYN_P_0602,2026-07-30 23:00:00,Document,inbound
EMAIL_03561,SYN_P_0049,SYN_P_0454,2024-11-06 07:00:00,Request,outbound
EMAIL_03562,SYN_P_0156,SYN_P_0005,2024-02-16 08:00:00,Delivery,outbound
EMAIL_03563,SYN_P_0875,SYN_P_0822,2025-03-29 17:00:00,Delivery,inbound
EMAIL_03564,SYN_P_0034,SYN_P_0027,2026-05-08 14:00:00,Account,inbound
EMAIL_03565,SYN_P_0051,SYN_P_0141,2026-09-09 06:00:00,Document,inbound
EMAIL_03566,SYN_P_0805,SYN_P_0776,2026-10-02 02:00:00,Document,inbound
EMAIL_03567,SYN_P_0707,SYN_P_0378,2025-04-28 01:00:00,Account,inbound
EMAIL_03568,SYN_P_0385,SYN_P_0476,2026-05-01 04:00:00,Invoice,outbound
EMAIL_03569,SYN_P_0934,SYN_P_0863,2026-05-03 19:00:00,Request,inbound
EMAIL_03570,SYN_P_0699,SYN_P_0971,2026-07-27 05:00:00,Account,outbound
EMAIL_03571,SYN_P_0754,SYN_P_0282,2026-03-21 06:00:00,Meeting,outbound
EMAIL_03572,SYN_P_0184,SYN_P_0476,2025-07-13 19:00:00,Meeting,inbound
EMAIL_03573,SYN_P_0324,SYN_P_0014,2025-08-21 15:00:00,Meeting,outbound
EMAIL_03574,SYN_P_1010,SYN_P_0747,2025-09-10 16:00:00,Delivery,outbound
EMAIL_03575,SYN_P_0671,SYN_P_0689,2026-02-22 13:00:00,Document,outbound
EMAIL_03576,SYN_P_0294,SYN_P_0558,2025-12-19 14:00:00,Meeting,outbound
EMAIL_03577,SYN_P_0354,SYN_P_0440,2024-11-06 23:00:00,Meeting,inbound
EMAIL_03578,SYN_P_0486,SYN_P_0792,2026-11-06 18:00:00,Request,outbound
EMAIL_03579,SYN_P_0643,SYN_P_0487,2025-01-03 07:00:00,Document,outbound
EMAIL_03580,SYN_P_0573,SYN_P_0580,2025-03-16 22:00:00,Delivery,outbound
EMAIL_03581,SYN_P_0378,SYN_P_0951,2026-07-06 20:00:00,Delivery,inbound
EMAIL_03582,SYN_P_0199,SYN_P_0224,2025-08-05 05:00:00,Document,outbound
EMAIL_03583,SYN_P_0476,SYN_P_0884,2025-06-30 15:00:00,Delivery,outbound
EMAIL_03584,SYN_P_0125,SYN_P_0433,2025-07-05 23:00:00,Document,outbound
EMAIL_03585,SYN_P_0086,SYN_P_0504,2024-06-15 20:00:00,Delivery,inbound
EMAIL_03586,SYN_P_0601,SYN_P_0242,2025-01-26 02:00:00,Delivery,inbound
EMAIL_03587,SYN_P_0141,SYN_P_0622,2026-10-24 20:00:00,Account,inbound
EMAIL_03588,SYN_P_0713,SYN_P_0220,2025-08-30 20:00:00,Account,inbound
EMAIL_03589,SYN_P_1026,SYN_P_0712,2025-11-07 08:00:00,Invoice,inbound
EMAIL_03590,SYN_P_0068,SYN_P_1010,2025-03-31 02:00:00,Account,outbound
EMAIL_03591,SYN_P_1019,SYN_P_0113,2024-09-30 23:00:00,Invoice,inbound
EMAIL_03592,SYN_P_0610,SYN_P_0034,2026-02-18 22:00:00,Account,inbound
EMAIL_03593,SYN_P_0020,SYN_P_0690,2024-03-13 12:00:00,Request,outbound
EMAIL_03594,SYN_P_0797,SYN_P_0476,2026-10-05 03:00:00,Account,inbound
EMAIL_03595,SYN_P_0436,SYN_P_0404,2025-02-04 05:00:00,Account,outbound
EMAIL_03596,SYN_P_0455,SYN_P_0753,2025-02-24 00:00:00,Document,inbound
EMAIL_03597,SYN_P_0300,SYN_P_0400,2025-04-28 15:00:00,Account,inbound
EMAIL_03598,SYN_P_0559,SYN_P_1023,2025-04-26 07:00:00,Document,inbound
EMAIL_03599,SYN_P_0569,SYN_P_0580,2024-11-21 04:00:00,Document,inbound
EMAIL_03600,SYN_P_0969,SYN_P_0397,2025-12-06 00:00:00,Meeting,inbound
EMAIL_03601,SYN_P_1015,SYN_P_0983,2025-06-13 03:00:00,Request,outbound
EMAIL_03602,SYN_P_0665,SYN_P_0544,2024-07-24 11:00:00,Request,outbound
EMAIL_03603,SYN_P_0732,SYN_P_0944,2025-09-17 21:00:00,Meeting,inbound
EMAIL_03604,SYN_P_0192,SYN_P_0019,2026-03-27 12:00:00,Delivery,inbound
EMAIL_03605,SYN_P_0760,SYN_P_0563,2024-07-07 03:00:00,Delivery,inbound
EMAIL_03606,SYN_P_0463,SYN_P_0111,2025-02-15 20:00:00,Invoice,inbound
EMAIL_03607,SYN_P_0569,SYN_P_0974,2025-11-05 13:00:00,Meeting,inbound
EMAIL_03608,SYN_P_0839,SYN_P_0771,2026-01-28 16:00:00,Invoice,inbound
EMAIL_03609,SYN_P_0008,SYN_P_0436,2026-03-08 19:00:00,Request,inbound
EMAIL_03610,SYN_P_0988,SYN_P_0760,2025-03-31 16:00:00,Account,outbound
EMAIL_03611,SYN_P_0006,SYN_P_0623,2024-05-09 20:00:00,Account,inbound
EMAIL_03612,SYN_P_0137,SYN_P_0045,2026-05-16 05:00:00,Invoice,inbound
EMAIL_03613,SYN_P_0611,SYN_P_0582,2024-12-16 12:00:00,Document,outbound
EMAIL_03614,SYN_P_0222,SYN_P_0838,2026-01-09 02:00:00,Meeting,outbound
EMAIL_03615,SYN_P_0304,SYN_P_0202,2026-04-24 23:00:00,Invoice,inbound
EMAIL_03616,SYN_P_0863,SYN_P_0689,2025-07-28 11:00:00,Account,inbound
EMAIL_03617,SYN_P_0626,SYN_P_0936,2024-06-08 21:00:00,Account,inbound
EMAIL_03618,SYN_P_0066,SYN_P_0939,2024-02-08 23:00:00,Delivery,outbound
EMAIL_03619,SYN_P_0132,SYN_P_0118,2024-07-24 17:00:00,Meeting,outbound
EMAIL_03620,SYN_P_0693,SYN_P_0916,2024-10-14 13:00:00,Account,inbound
EMAIL_03621,SYN_P_0976,SYN_P_0707,2025-04-11 02:00:00,Document,inbound
EMAIL_03622,SYN_P_0788,SYN_P_0970,2024-06-09 13:00:00,Invoice,outbound
EMAIL_03623,SYN_P_0918,SYN_P_0462,2024-07-10 19:00:00,Delivery,outbound
EMAIL_03624,SYN_P_0598,SYN_P_0346,2026-09-12 02:00:00,Delivery,outbound
EMAIL_03625,SYN_P_0789,SYN_P_0397,2026-05-29 12:00:00,Document,inbound
EMAIL_03626,SYN_P_0455,SYN_P_0572,2025-05-18 09:00:00,Account,inbound
EMAIL_03627,SYN_P_0561,SYN_P_0821,2024-11-03 22:00:00,Request,outbound
EMAIL_03628,SYN_P_0217,SYN_P_0440,2026-05-25 14:00:00,Invoice,outbound
EMAIL_03629,SYN_P_0662,SYN_P_0658,2024-12-11 18:00:00,Account,inbound
EMAIL_03630,SYN_P_0777,SYN_P_0678,2024-02-23 06:00:00,Meeting,outbound
EMAIL_03631,SYN_P_0619,SYN_P_0226,2025-12-31 11:00:00,Meeting,outbound
EMAIL_03632,SYN_P_0423,SYN_P_0938,2024-12-07 03:00:00,Delivery,inbound
EMAIL_03633,SYN_P_0041,SYN_P_0070,2026-07-29 15:00:00,Delivery,inbound
EMAIL_03634,SYN_P_0386,SYN_P_0717,2024-08-08 09:00:00,Account,outbound
EMAIL_03635,SYN_P_0818,SYN_P_0742,2024-02-22 20:00:00,Meeting,outbound
EMAIL_03636,SYN_P_0566,SYN_P_0586,2026-09-28 01:00:00,Account,inbound
EMAIL_03637,SYN_P_0241,SYN_P_0887,2024-11-27 11:00:00,Invoice,outbound
EMAIL_03638,SYN_P_0422,SYN_P_0976,2025-11-22 08:00:00,Delivery,outbound
EMAIL_03639,SYN_P_0316,SYN_P_0278,2024-09-17 10:00:00,Delivery,inbound
EMAIL_03640,SYN_P_0274,SYN_P_0301,2024-05-26 19:00:00,Invoice,outbound
EMAIL_03641,SYN_P_0296,SYN_P_0461,2025-12-22 16:00:00,Account,outbound
EMAIL_03642,SYN_P_0366,SYN_P_0586,2024-05-11 17:00:00,Request,inbound
EMAIL_03643,SYN_P_0310,SYN_P_0179,2024-09-27 19:00:00,Invoice,inbound
EMAIL_03644,SYN_P_0444,SYN_P_0161,2025-02-13 17:00:00,Meeting,outbound
EMAIL_03645,SYN_P_0746,SYN_P_0589,2024-06-06 00:00:00,Invoice,inbound
EMAIL_03646,SYN_P_0294,SYN_P_0571,2025-12-27 14:00:00,Account,outbound
EMAIL_03647,SYN_P_0072,SYN_P_0846,2026-01-14 19:00:00,Meeting,outbound
EMAIL_03648,SYN_P_0123,SYN_P_0603,2025-05-31 01:00:00,Request,inbound
EMAIL_03649,SYN_P_0411,SYN_P_0879,2026-04-04 12:00:00,Request,outbound
EMAIL_03650,SYN_P_0031,SYN_P_1026,2026-10-23 14:00:00,Delivery,inbound
EMAIL_03651,SYN_P_0809,SYN_P_0294,2026-10-17 22:00:00,Invoice,outbound
EMAIL_03652,SYN_P_0480,SYN_P_0631,2025-07-29 05:00:00,Invoice,outbound
EMAIL_03653,SYN_P_0184,SYN_P_0739,2024-12-28 06:00:00,Meeting,outbound
EMAIL_03654,SYN_P_0593,SYN_P_0598,2025-02-17 04:00:00,Invoice,inbound
EMAIL_03655,SYN_P_0153,SYN_P_0407,2024-05-14 21:00:00,Delivery,inbound
EMAIL_03656,SYN_P_0092,SYN_P_0216,2026-09-01 14:00:00,Document,outbound
EMAIL_03657,SYN_P_0162,SYN_P_0356,2025-03-12 19:00:00,Document,inbound
EMAIL_03658,SYN_P_0183,SYN_P_0171,2024-02-22 20:00:00,Meeting,inbound
EMAIL_03659,SYN_P_0757,SYN_P_0239,2026-03-09 17:00:00,Invoice,outbound
EMAIL_03660,SYN_P_0153,SYN_P_0361,2024-04-02 02:00:00,Account,outbound
EMAIL_03661,SYN_P_1040,SYN_P_1002,2026-04-03 16:00:00,Request,inbound
EMAIL_03662,SYN_P_1040,SYN_P_0007,2024-10-29 00:00:00,Document,outbound
EMAIL_03663,SYN_P_0625,SYN_P_0719,2024-08-12 21:00:00,Account,outbound
EMAIL_03664,SYN_P_0143,SYN_P_0751,2026-04-08 08:00:00,Delivery,outbound
EMAIL_03665,SYN_P_0479,SYN_P_0908,2025-09-23 09:00:00,Meeting,outbound
EMAIL_03666,SYN_P_0893,SYN_P_0549,2024-05-04 21:00:00,Meeting,inbound
EMAIL_03667,SYN_P_0774,SYN_P_0766,2024-09-20 18:00:00,Invoice,inbound
EMAIL_03668,SYN_P_0448,SYN_P_0642,2026-06-23 11:00:00,Document,outbound
EMAIL_03669,SYN_P_0944,SYN_P_0463,2024-05-28 08:00:00,Delivery,inbound
EMAIL_03670,SYN_P_0178,SYN_P_0119,2025-01-24 05:00:00,Delivery,outbound
EMAIL_03671,SYN_P_0500,SYN_P_0832,2025-05-19 10:00:00,Account,inbound
EMAIL_03672,SYN_P_0936,SYN_P_0189,2026-04-11 04:00:00,Delivery,inbound
EMAIL_03673,SYN_P_0592,SYN_P_0560,2025-10-17 08:00:00,Meeting,outbound
EMAIL_03674,SYN_P_0849,SYN_P_0801,2024-11-01 14:00:00,Delivery,inbound
EMAIL_03675,SYN_P_0258,SYN_P_0019,2026-03-15 14:00:00,Document,inbound
EMAIL_03676,SYN_P_0560,SYN_P_0534,2024-01-06 20:00:00,Request,inbound
EMAIL_03677,SYN_P_0277,SYN_P_0274,2025-06-10 19:00:00,Document,outbound
EMAIL_03678,SYN_P_0807,SYN_P_0214,2024-04-28 02:00:00,Invoice,outbound
EMAIL_03679,SYN_P_0926,SYN_P_0807,2026-04-06 05:00:00,Document,outbound
EMAIL_03680,SYN_P_0507,SYN_P_0050,2024-09-15 08:00:00,Document,inbound
EMAIL_03681,SYN_P_0069,SYN_P_0662,2025-01-15 23:00:00,Invoice,outbound
EMAIL_03682,SYN_P_0376,SYN_P_0386,2024-07-07 14:00:00,Account,outbound
EMAIL_03683,SYN_P_0276,SYN_P_0046,2026-10-19 04:00:00,Request,inbound
EMAIL_03684,SYN_P_0641,SYN_P_0653,2025-04-23 20:00:00,Document,outbound
EMAIL_03685,SYN_P_1002,SYN_P_0201,2025-10-31 19:00:00,Account,outbound
EMAIL_03686,SYN_P_0702,SYN_P_0696,2024-04-27 11:00:00,Account,inbound
EMAIL_03687,SYN_P_0778,SYN_P_0503,2026-05-12 00:00:00,Meeting,inbound
EMAIL_03688,SYN_P_0915,SYN_P_1000,2024-08-18 01:00:00,Account,inbound
EMAIL_03689,SYN_P_0710,SYN_P_0388,2024-07-25 23:00:00,Request,inbound
EMAIL_03690,SYN_P_0758,SYN_P_0984,2024-07-27 14:00:00,Request,outbound
EMAIL_03691,SYN_P_0774,SYN_P_0052,2025-12-29 20:00:00,Meeting,inbound
EMAIL_03692,SYN_P_0570,SYN_P_0066,2026-01-11 22:00:00,Account,outbound
EMAIL_03693,SYN_P_0391,SYN_P_0873,2026-01-20 00:00:00,Delivery,inbound
EMAIL_03694,SYN_P_0786,SYN_P_0219,2025-01-30 04:00:00,Meeting,outbound
EMAIL_03695,SYN_P_0663,SYN_P_0478,2024-11-22 04:00:00,Delivery,outbound
EMAIL_03696,SYN_P_0814,SYN_P_1033,2024-10-24 14:00:00,Request,outbound
EMAIL_03697,SYN_P_0437,SYN_P_0423,2025-03-19 01:00:00,Invoice,inbound
EMAIL_03698,SYN_P_0692,SYN_P_0733,2024-01-12 08:00:00,Document,outbound
EMAIL_03699,SYN_P_0423,SYN_P_0394,2024-09-22 06:00:00,Invoice,outbound
EMAIL_03700,SYN_P_0994,SYN_P_0449,2026-08-29 09:00:00,Request,inbound
EMAIL_03701,SYN_P_0878,SYN_P_0712,2025-03-17 12:00:00,Document,inbound
EMAIL_03702,SYN_P_0153,SYN_P_0267,2026-07-29 18:00:00,Account,inbound
EMAIL_03703,SYN_P_0452,SYN_P_0087,2026-09-08 03:00:00,Invoice,inbound
EMAIL_03704,SYN_P_0055,SYN_P_0507,2026-05-25 10:00:00,Document,outbound
EMAIL_03705,SYN_P_0552,SYN_P_0459,2024-05-27 06:00:00,Delivery,outbound
EMAIL_03706,SYN_P_0734,SYN_P_0885,2024-06-10 18:00:00,Request,inbound
EMAIL_03707,SYN_P_1018,SYN_P_0415,2024-12-20 05:00:00,Delivery,outbound
EMAIL_03708,SYN_P_0870,SYN_P_0292,2024-09-05 19:00:00,Document,outbound
EMAIL_03709,SYN_P_0085,SYN_P_0838,2026-10-18 01:00:00,Meeting,outbound
EMAIL_03710,SYN_P_0987,SYN_P_0174,2025-01-13 02:00:00,Document,inbound
EMAIL_03711,SYN_P_0615,SYN_P_0977,2025-08-16 04:00:00,Meeting,inbound
EMAIL_03712,SYN_P_0552,SYN_P_0634,2026-11-05 06:00:00,Document,inbound
EMAIL_03713,SYN_P_0884,SYN_P_0900,2025-01-27 22:00:00,Account,inbound
EMAIL_03714,SYN_P_0781,SYN_P_1012,2024-07-08 03:00:00,Document,inbound
EMAIL_03715,SYN_P_0887,SYN_P_0092,2024-03-23 13:00:00,Delivery,outbound
EMAIL_03716,SYN_P_0509,SYN_P_0993,2024-12-07 14:00:00,Request,inbound
EMAIL_03717,SYN_P_0418,SYN_P_0961,2026-01-26 02:00:00,Invoice,inbound
EMAIL_03718,SYN_P_0118,SYN_P_0408,2026-08-17 22:00:00,Document,outbound
EMAIL_03719,SYN_P_0405,SYN_P_0143,2026-08-24 08:00:00,Request,inbound
EMAIL_03720,SYN_P_0943,SYN_P_0520,2025-01-23 16:00:00,Delivery,inbound
EMAIL_03721,SYN_P_0514,SYN_P_0818,2026-03-19 15:00:00,Invoice,outbound
EMAIL_03722,SYN_P_0902,SYN_P_0299,2025-11-13 12:00:00,Delivery,inbound
EMAIL_03723,SYN_P_0624,SYN_P_0875,2024-06-08 13:00:00,Delivery,outbound
EMAIL_03724,SYN_P_0566,SYN_P_0813,2026-05-20 12:00:00,Account,outbound
EMAIL_03725,SYN_P_0581,SYN_P_0696,2025-05-09 23:00:00,Invoice,inbound
EMAIL_03726,SYN_P_1036,SYN_P_0242,2025-05-12 15:00:00,Delivery,inbound
EMAIL_03727,SYN_P_0247,SYN_P_0126,2024-10-22 12:00:00,Document,inbound
EMAIL_03728,SYN_P_0899,SYN_P_0966,2026-08-06 15:00:00,Account,outbound
EMAIL_03729,SYN_P_0807,SYN_P_0723,2026-06-06 18:00:00,Document,inbound
EMAIL_03730,SYN_P_0396,SYN_P_0353,2026-10-19 05:00:00,Document,outbound
EMAIL_03731,SYN_P_0801,SYN_P_0168,2024-11-13 15:00:00,Account,outbound
EMAIL_03732,SYN_P_0495,SYN_P_0614,2024-11-29 10:00:00,Account,outbound
EMAIL_03733,SYN_P_0708,SYN_P_0801,2024-12-31 00:00:00,Request,outbound
EMAIL_03734,SYN_P_0196,SYN_P_0786,2024-10-06 22:00:00,Account,outbound
EMAIL_03735,SYN_P_0987,SYN_P_0632,2026-03-31 17:00:00,Delivery,outbound
EMAIL_03736,SYN_P_0695,SYN_P_0188,2024-05-18 01:00:00,Delivery,inbound
EMAIL_03737,SYN_P_0365,SYN_P_0615,2024-02-15 18:00:00,Account,outbound
EMAIL_03738,SYN_P_0183,SYN_P_0135,2025-10-31 14:00:00,Account,inbound
EMAIL_03739,SYN_P_0653,SYN_P_0564,2025-03-06 10:00:00,Invoice,inbound
EMAIL_03740,SYN_P_0380,SYN_P_0292,2026-01-27 02:00:00,Request,outbound
EMAIL_03741,SYN_P_0722,SYN_P_0898,2024-12-07 16:00:00,Delivery,inbound
EMAIL_03742,SYN_P_0469,SYN_P_0145,2024-10-04 07:00:00,Request,outbound
EMAIL_03743,SYN_P_0125,SYN_P_0679,2024-06-06 15:00:00,Meeting,inbound
EMAIL_03744,SYN_P_0550,SYN_P_0448,2025-12-25 23:00:00,Delivery,outbound
EMAIL_03745,SYN_P_0524,SYN_P_0967,2024-06-24 01:00:00,Delivery,outbound
EMAIL_03746,SYN_P_0911,SYN_P_0031,2024-04-27 05:00:00,Invoice,inbound
EMAIL_03747,SYN_P_0166,SYN_P_0423,2025-04-16 01:00:00,Request,inbound
EMAIL_03748,SYN_P_0854,SYN_P_1038,2025-08-08 17:00:00,Invoice,inbound
EMAIL_03749,SYN_P_0008,SYN_P_0791,2025-02-17 02:00:00,Request,inbound
EMAIL_03750,SYN_P_0093,SYN_P_0746,2024-12-11 15:00:00,Meeting,inbound
EMAIL_03751,SYN_P_0630,SYN_P_0130,2024-03-22 08:00:00,Document,outbound
EMAIL_03752,SYN_P_0686,SYN_P_0749,2026-01-03 20:00:00,Account,outbound
EMAIL_03753,SYN_P_0678,SYN_P_0768,2024-08-30 00:00:00,Request,outbound
EMAIL_03754,SYN_P_0862,SYN_P_0382,2025-07-01 17:00:00,Document,outbound
EMAIL_03755,SYN_P_0769,SYN_P_0538,2026-04-25 03:00:00,Account,inbound
EMAIL_03756,SYN_P_0887,SYN_P_0413,2026-08-16 00:00:00,Request,outbound
EMAIL_03757,SYN_P_0769,SYN_P_0930,2025-07-26 22:00:00,Account,outbound
EMAIL_03758,SYN_P_0980,SYN_P_0074,2024-08-02 17:00:00,Meeting,inbound
EMAIL_03759,SYN_P_0069,SYN_P_0769,2025-10-11 23:00:00,Meeting,outbound
EMAIL_03760,SYN_P_0446,SYN_P_0159,2025-03-16 00:00:00,Delivery,outbound
EMAIL_03761,SYN_P_0307,SYN_P_0490,2025-02-20 02:00:00,Delivery,outbound
EMAIL_03762,SYN_P_0882,SYN_P_0507,2024-02-26 14:00:00,Invoice,outbound
EMAIL_03763,SYN_P_0348,SYN_P_0680,2026-02-02 15:00:00,Invoice,outbound
EMAIL_03764,SYN_P_0021,SYN_P_0963,2025-03-09 18:00:00,Invoice,inbound
EMAIL_03765,SYN_P_0009,SYN_P_0942,2024-09-29 02:00:00,Document,outbound
EMAIL_03766,SYN_P_0203,SYN_P_0792,2024-10-18 09:00:00,Invoice,inbound
EMAIL_03767,SYN_P_0950,SYN_P_0220,2025-05-09 05:00:00,Request,outbound
EMAIL_03768,SYN_P_0884,SYN_P_0891,2024-02-14 04:00:00,Document,outbound
EMAIL_03769,SYN_P_0115,SYN_P_0062,2024-09-06 17:00:00,Meeting,inbound
EMAIL_03770,SYN_P_0415,SYN_P_0701,2025-09-27 07:00:00,Request,outbound
EMAIL_03771,SYN_P_0351,SYN_P_0101,2024-05-07 11:00:00,Meeting,outbound
EMAIL_03772,SYN_P_0375,SYN_P_0633,2025-06-08 01:00:00,Meeting,inbound
EMAIL_03773,SYN_P_1013,SYN_P_0427,2025-08-20 19:00:00,Request,outbound
EMAIL_03774,SYN_P_0472,SYN_P_1015,2025-12-13 22:00:00,Invoice,outbound
EMAIL_03775,SYN_P_0789,SYN_P_0225,2026-01-25 00:00:00,Invoice,inbound
EMAIL_03776,SYN_P_0280,SYN_P_0173,2024-05-04 13:00:00,Invoice,inbound
EMAIL_03777,SYN_P_0868,SYN_P_0993,2026-10-25 15:00:00,Delivery,outbound
EMAIL_03778,SYN_P_0082,SYN_P_0676,2025-03-25 16:00:00,Request,outbound
EMAIL_03779,SYN_P_0176,SYN_P_0564,2025-07-26 02:00:00,Meeting,inbound
EMAIL_03780,SYN_P_0670,SYN_P_0227,2024-04-19 19:00:00,Request,outbound
EMAIL_03781,SYN_P_0816,SYN_P_0798,2026-09-28 22:00:00,Account,outbound
EMAIL_03782,SYN_P_0582,SYN_P_0002,2024-12-06 19:00:00,Account,inbound
EMAIL_03783,SYN_P_0117,SYN_P_0772,2024-08-26 08:00:00,Delivery,inbound
EMAIL_03784,SYN_P_0028,SYN_P_0351,2025-07-03 04:00:00,Document,inbound
EMAIL_03785,SYN_P_0244,SYN_P_0003,2024-10-06 02:00:00,Invoice,inbound
EMAIL_03786,SYN_P_0520,SYN_P_0775,2025-12-15 03:00:00,Account,inbound
EMAIL_03787,SYN_P_0843,SYN_P_0959,2024-03-24 05:00:00,Invoice,inbound
EMAIL_03788,SYN_P_0272,SYN_P_0333,2025-05-25 23:00:00,Document,outbound
EMAIL_03789,SYN_P_0784,SYN_P_0469,2024-05-12 00:00:00,Delivery,outbound
EMAIL_03790,SYN_P_0325,SYN_P_0145,2025-10-30 12:00:00,Document,outbound
EMAIL_03791,SYN_P_0026,SYN_P_0673,2025-05-01 11:00:00,Request,inbound
EMAIL_03792,SYN_P_0830,SYN_P_0272,2024-05-07 19:00:00,Meeting,outbound
EMAIL_03793,SYN_P_0436,SYN_P_0304,2025-05-27 23:00:00,Meeting,outbound
EMAIL_03794,SYN_P_0861,SYN_P_0676,2026-08-06 21:00:00,Account,outbound
EMAIL_03795,SYN_P_0397,SYN_P_0310,2024-09-13 02:00:00,Delivery,outbound
EMAIL_03796,SYN_P_0249,SYN_P_0729,2025-07-28 13:00:00,Meeting,inbound
EMAIL_03797,SYN_P_0528,SYN_P_1015,2025-01-08 12:00:00,Request,inbound
EMAIL_03798,SYN_P_0791,SYN_P_0183,2026-05-29 15:00:00,Delivery,outbound
EMAIL_03799,SYN_P_0307,SYN_P_0069,2026-01-03 07:00:00,Delivery,inbound
EMAIL_03800,SYN_P_0311,SYN_P_0510,2026-09-23 18:00:00,Document,inbound
EMAIL_03801,SYN_P_0594,SYN_P_0511,2025-10-25 03:00:00,Delivery,outbound
EMAIL_03802,SYN_P_0645,SYN_P_0906,2025-07-31 16:00:00,Account,inbound
EMAIL_03803,SYN_P_0960,SYN_P_0549,2025-02-08 00:00:00,Invoice,inbound
EMAIL_03804,SYN_P_0310,SYN_P_0690,2026-01-18 17:00:00,Account,outbound
EMAIL_03805,SYN_P_0533,SYN_P_0997,2025-02-08 09:00:00,Account,outbound
EMAIL_03806,SYN_P_0268,SYN_P_0635,2026-07-25 00:00:00,Request,outbound
EMAIL_03807,SYN_P_0547,SYN_P_0586,2025-04-16 15:00:00,Meeting,outbound
EMAIL_03808,SYN_P_0190,SYN_P_0710,2024-10-13 17:00:00,Delivery,inbound
EMAIL_03809,SYN_P_0008,SYN_P_0490,2024-04-14 17:00:00,Request,outbound
EMAIL_03810,SYN_P_0840,SYN_P_0302,2024-08-02 13:00:00,Invoice,inbound
EMAIL_03811,SYN_P_0707,SYN_P_0608,2025-01-24 20:00:00,Delivery,outbound
EMAIL_03812,SYN_P_0130,SYN_P_0756,2026-08-06 05:00:00,Meeting,inbound
EMAIL_03813,SYN_P_0681,SYN_P_0456,2024-12-15 05:00:00,Delivery,outbound
EMAIL_03814,SYN_P_0629,SYN_P_0820,2024-10-05 02:00:00,Invoice,inbound
EMAIL_03815,SYN_P_0666,SYN_P_0791,2026-05-29 12:00:00,Invoice,outbound
EMAIL_03816,SYN_P_0395,SYN_P_0967,2026-03-22 10:00:00,Account,inbound
EMAIL_03817,SYN_P_0357,SYN_P_0588,2025-07-18 13:00:00,Account,outbound
EMAIL_03818,SYN_P_0700,SYN_P_0095,2025-05-12 03:00:00,Meeting,inbound
EMAIL_03819,SYN_P_0604,SYN_P_0717,2025-08-18 12:00:00,Meeting,outbound
EMAIL_03820,SYN_P_0978,SYN_P_0505,2025-12-12 11:00:00,Invoice,inbound
EMAIL_03821,SYN_P_0514,SYN_P_0650,2024-05-14 14:00:00,Meeting,outbound
EMAIL_03822,SYN_P_0731,SYN_P_0636,2026-10-01 23:00:00,Document,inbound
EMAIL_03823,SYN_P_0985,SYN_P_0113,2025-06-16 22:00:00,Meeting,inbound
EMAIL_03824,SYN_P_0827,SYN_P_0388,2026-04-05 14:00:00,Request,outbound
EMAIL_03825,SYN_P_0264,SYN_P_0016,2026-03-12 22:00:00,Invoice,inbound
EMAIL_03826,SYN_P_0362,SYN_P_0187,2025-10-16 08:00:00,Meeting,outbound
EMAIL_03827,SYN_P_0566,SYN_P_0424,2025-07-01 05:00:00,Delivery,outbound
EMAIL_03828,SYN_P_0482,SYN_P_0742,2024-01-13 09:00:00,Delivery,inbound
EMAIL_03829,SYN_P_0363,SYN_P_0710,2024-06-20 10:00:00,Request,inbound
EMAIL_03830,SYN_P_0852,SYN_P_0701,2025-04-23 08:00:00,Request,outbound
EMAIL_03831,SYN_P_0933,SYN_P_0439,2025-10-20 01:00:00,Delivery,inbound
EMAIL_03832,SYN_P_0930,SYN_P_0870,2026-06-09 17:00:00,Invoice,outbound
EMAIL_03833,SYN_P_0455,SYN_P_0064,2024-12-17 12:00:00,Delivery,inbound
EMAIL_03834,SYN_P_0890,SYN_P_0716,2024-09-21 14:00:00,Meeting,outbound
EMAIL_03835,SYN_P_0190,SYN_P_0165,2024-07-23 06:00:00,Request,outbound
EMAIL_03836,SYN_P_0760,SYN_P_0471,2026-06-07 04:00:00,Meeting,outbound
EMAIL_03837,SYN_P_0211,SYN_P_0271,2024-05-01 07:00:00,Meeting,outbound
EMAIL_03838,SYN_P_0727,SYN_P_0434,2026-04-07 19:00:00,Account,inbound
EMAIL_03839,SYN_P_0211,SYN_P_0008,2025-01-18 09:00:00,Delivery,outbound
EMAIL_03840,SYN_P_0281,SYN_P_0192,2024-01-14 00:00:00,Invoice,inbound
EMAIL_03841,SYN_P_0181,SYN_P_0879,2025-09-17 03:00:00,Request,outbound
EMAIL_03842,SYN_P_1025,SYN_P_0648,2025-05-18 21:00:00,Delivery,outbound
EMAIL_03843,SYN_P_0958,SYN_P_0053,2025-05-25 21:00:00,Request,inbound
EMAIL_03844,SYN_P_0445,SYN_P_1007,2026-05-02 22:00:00,Invoice,outbound
EMAIL_03845,SYN_P_0508,SYN_P_0156,2024-03-05 12:00:00,Document,outbound
EMAIL_03846,SYN_P_0474,SYN_P_0800,2024-12-01 01:00:00,Account,outbound
EMAIL_03847,SYN_P_0064,SYN_P_0570,2026-05-21 03:00:00,Meeting,inbound
EMAIL_03848,SYN_P_0153,SYN_P_0788,2025-08-20 00:00:00,Account,inbound
EMAIL_03849,SYN_P_0733,SYN_P_0434,2025-08-06 18:00:00,Meeting,outbound
EMAIL_03850,SYN_P_0299,SYN_P_0456,2026-09-06 01:00:00,Account,outbound
EMAIL_03851,SYN_P_0651,SYN_P_0881,2025-08-07 08:00:00,Meeting,inbound
EMAIL_03852,SYN_P_1009,SYN_P_0068,2025-05-09 16:00:00,Invoice,outbound
EMAIL_03853,SYN_P_0415,SYN_P_0576,2025-10-09 03:00:00,Account,outbound
EMAIL_03854,SYN_P_0361,SYN_P_0428,2025-12-31 03:00:00,Delivery,outbound
EMAIL_03855,SYN_P_0848,SYN_P_0582,2024-07-24 00:00:00,Request,outbound
EMAIL_03856,SYN_P_0761,SYN_P_0413,2024-06-07 21:00:00,Account,inbound
EMAIL_03857,SYN_P_0374,SYN_P_0645,2026-03-18 00:00:00,Document,outbound
EMAIL_03858,SYN_P_0499,SYN_P_0483,2026-01-29 20:00:00,Invoice,inbound
EMAIL_03859,SYN_P_0103,SYN_P_0485,2025-03-31 13:00:00,Delivery,inbound
EMAIL_03860,SYN_P_0112,SYN_P_0440,2024-04-22 06:00:00,Invoice,inbound
EMAIL_03861,SYN_P_0466,SYN_P_0722,2024-07-02 10:00:00,Invoice,outbound
EMAIL_03862,SYN_P_1030,SYN_P_0447,2025-01-16 04:00:00,Invoice,inbound
EMAIL_03863,SYN_P_0429,SYN_P_0677,2025-11-13 08:00:00,Request,outbound
EMAIL_03864,SYN_P_0014,SYN_P_0316,2025-11-02 02:00:00,Request,outbound
EMAIL_03865,SYN_P_0896,SYN_P_0480,2024-11-10 09:00:00,Document,inbound
EMAIL_03866,SYN_P_1025,SYN_P_0913,2025-05-18 00:00:00,Document,inbound
EMAIL_03867,SYN_P_1003,SYN_P_0295,2024-11-24 03:00:00,Delivery,outbound
EMAIL_03868,SYN_P_0688,SYN_P_0790,2025-09-13 22:00:00,Delivery,inbound
EMAIL_03869,SYN_P_0888,SYN_P_0531,2025-12-17 17:00:00,Request,inbound
EMAIL_03870,SYN_P_0043,SYN_P_0186,2026-10-29 02:00:00,Account,outbound
EMAIL_03871,SYN_P_0790,SYN_P_0416,2024-03-12 10:00:00,Document,outbound
EMAIL_03872,SYN_P_0797,SYN_P_0059,2025-02-01 21:00:00,Account,outbound
EMAIL_03873,SYN_P_0242,SYN_P_0049,2026-07-23 12:00:00,Meeting,outbound
EMAIL_03874,SYN_P_0913,SYN_P_0634,2025-12-11 17:00:00,Delivery,inbound
EMAIL_03875,SYN_P_0747,SYN_P_0608,2026-05-24 06:00:00,Document,outbound
EMAIL_03876,SYN_P_0652,SYN_P_0198,2024-09-05 03:00:00,Document,outbound
EMAIL_03877,SYN_P_0001,SYN_P_0459,2024-11-29 10:00:00,Delivery,outbound
EMAIL_03878,SYN_P_0643,SYN_P_0132,2024-04-19 11:00:00,Document,inbound
EMAIL_03879,SYN_P_0643,SYN_P_0672,2024-01-09 23:00:00,Meeting,outbound
EMAIL_03880,SYN_P_1036,SYN_P_0752,2026-06-15 01:00:00,Request,outbound
EMAIL_03881,SYN_P_0614,SYN_P_0577,2025-12-14 03:00:00,Delivery,inbound
EMAIL_03882,SYN_P_0622,SYN_P_0030,2024-01-19 11:00:00,Invoice,inbound
EMAIL_03883,SYN_P_0243,SYN_P_0673,2026-09-22 07:00:00,Request,inbound
EMAIL_03884,SYN_P_0131,SYN_P_0642,2025-08-23 22:00:00,Invoice,outbound
EMAIL_03885,SYN_P_0247,SYN_P_0446,2024-06-18 05:00:00,Request,outbound
EMAIL_03886,SYN_P_0109,SYN_P_0268,2025-09-29 10:00:00,Account,outbound
EMAIL_03887,SYN_P_0298,SYN_P_0432,2026-09-22 11:00:00,Document,outbound
EMAIL_03888,SYN_P_0241,SYN_P_0501,2026-09-06 10:00:00,Delivery,inbound
EMAIL_03889,SYN_P_0401,SYN_P_0377,2025-01-21 10:00:00,Account,inbound
EMAIL_03890,SYN_P_0653,SYN_P_1004,2025-05-07 23:00:00,Document,outbound
EMAIL_03891,SYN_P_0063,SYN_P_0625,2025-11-16 01:00:00,Invoice,outbound
EMAIL_03892,SYN_P_0575,SYN_P_0252,2026-06-06 10:00:00,Document,inbound
EMAIL_03893,SYN_P_0828,SYN_P_0985,2024-03-25 03:00:00,Invoice,outbound
EMAIL_03894,SYN_P_0097,SYN_P_0249,2025-05-29 08:00:00,Invoice,outbound
EMAIL_03895,SYN_P_0733,SYN_P_0215,2026-01-15 05:00:00,Delivery,outbound
EMAIL_03896,SYN_P_1003,SYN_P_0962,2025-05-10 01:00:00,Invoice,inbound
EMAIL_03897,SYN_P_0392,SYN_P_0234,2025-02-22 23:00:00,Request,inbound
EMAIL_03898,SYN_P_0877,SYN_P_1019,2024-08-04 14:00:00,Account,inbound
EMAIL_03899,SYN_P_0126,SYN_P_0082,2024-08-20 15:00:00,Meeting,outbound
EMAIL_03900,SYN_P_0796,SYN_P_0716,2024-09-25 00:00:00,Request,outbound
EMAIL_03901,SYN_P_0905,SYN_P_0358,2025-03-01 11:00:00,Meeting,inbound
EMAIL_03902,SYN_P_0849,SYN_P_0382,2025-12-25 07:00:00,Delivery,outbound
EMAIL_03903,SYN_P_0930,SYN_P_0939,2026-05-05 12:00:00,Delivery,inbound
EMAIL_03904,SYN_P_0919,SYN_P_0713,2025-05-02 01:00:00,Account,inbound
EMAIL_03905,SYN_P_0211,SYN_P_0616,2025-07-12 05:00:00,Invoice,inbound
EMAIL_03906,SYN_P_0015,SYN_P_0637,2026-01-24 13:00:00,Delivery,inbound
EMAIL_03907,SYN_P_0439,SYN_P_0751,2026-10-19 13:00:00,Invoice,outbound
EMAIL_03908,SYN_P_0744,SYN_P_0983,2026-04-02 15:00:00,Invoice,inbound
EMAIL_03909,SYN_P_0268,SYN_P_0981,2025-03-06 16:00:00,Meeting,outbound
EMAIL_03910,SYN_P_0560,SYN_P_0323,2026-07-22 20:00:00,Delivery,inbound
EMAIL_03911,SYN_P_0746,SYN_P_0304,2024-05-11 22:00:00,Document,inbound
EMAIL_03912,SYN_P_0981,SYN_P_0820,2025-11-05 01:00:00,Document,outbound
EMAIL_03913,SYN_P_0860,SYN_P_0414,2026-07-06 11:00:00,Meeting,inbound
EMAIL_03914,SYN_P_0171,SYN_P_0981,2024-01-15 12:00:00,Invoice,outbound
EMAIL_03915,SYN_P_0668,SYN_P_0551,2024-04-23 08:00:00,Document,inbound
EMAIL_03916,SYN_P_0283,SYN_P_0959,2024-09-13 07:00:00,Invoice,outbound
EMAIL_03917,SYN_P_0536,SYN_P_0047,2024-11-03 23:00:00,Delivery,outbound
EMAIL_03918,SYN_P_0138,SYN_P_0690,2025-05-24 16:00:00,Meeting,inbound
EMAIL_03919,SYN_P_0737,SYN_P_0617,2025-04-08 06:00:00,Delivery,outbound
EMAIL_03920,SYN_P_0957,SYN_P_0715,2026-01-09 06:00:00,Request,outbound
EMAIL_03921,SYN_P_0904,SYN_P_0796,2024-10-16 02:00:00,Invoice,inbound
EMAIL_03922,SYN_P_0196,SYN_P_0081,2026-05-27 07:00:00,Account,outbound
EMAIL_03923,SYN_P_0521,SYN_P_0388,2024-06-16 13:00:00,Delivery,inbound
EMAIL_03924,SYN_P_0624,SYN_P_0751,2026-08-12 19:00:00,Delivery,outbound
EMAIL_03925,SYN_P_0180,SYN_P_0946,2024-04-10 20:00:00,Meeting,inbound
EMAIL_03926,SYN_P_0945,SYN_P_0512,2025-12-26 08:00:00,Request,inbound
EMAIL_03927,SYN_P_0958,SYN_P_0212,2026-08-13 17:00:00,Meeting,outbound
EMAIL_03928,SYN_P_0447,SYN_P_0924,2025-08-03 07:00:00,Meeting,inbound
EMAIL_03929,SYN_P_0944,SYN_P_0070,2024-11-29 18:00:00,Document,inbound
EMAIL_03930,SYN_P_0872,SYN_P_0426,2024-12-18 02:00:00,Account,outbound
EMAIL_03931,SYN_P_0995,SYN_P_0960,2025-01-17 08:00:00,Meeting,inbound
EMAIL_03932,SYN_P_0026,SYN_P_0845,2025-08-18 23:00:00,Request,outbound
EMAIL_03933,SYN_P_0872,SYN_P_0831,2025-05-29 03:00:00,Request,outbound
EMAIL_03934,SYN_P_0051,SYN_P_0628,2025-03-16 10:00:00,Invoice,inbound
EMAIL_03935,SYN_P_0718,SYN_P_0440,2025-08-31 12:00:00,Document,inbound
EMAIL_03936,SYN_P_0020,SYN_P_0073,2026-05-13 15:00:00,Account,inbound
EMAIL_03937,SYN_P_0739,SYN_P_0435,2025-01-24 06:00:00,Invoice,outbound
EMAIL_03938,SYN_P_0839,SYN_P_0443,2024-12-18 11:00:00,Document,outbound
EMAIL_03939,SYN_P_0297,SYN_P_0094,2026-02-08 20:00:00,Request,inbound
EMAIL_03940,SYN_P_0848,SYN_P_0561,2024-04-27 06:00:00,Request,outbound
EMAIL_03941,SYN_P_0653,SYN_P_0592,2024-05-31 17:00:00,Delivery,outbound
EMAIL_03942,SYN_P_0720,SYN_P_0814,2025-12-05 09:00:00,Invoice,outbound
EMAIL_03943,SYN_P_0590,SYN_P_0372,2025-02-15 19:00:00,Meeting,inbound
EMAIL_03944,SYN_P_0640,SYN_P_0768,2025-12-27 08:00:00,Request,inbound
EMAIL_03945,SYN_P_0820,SYN_P_0417,2024-10-22 23:00:00,Invoice,outbound
EMAIL_03946,SYN_P_0923,SYN_P_0355,2024-08-03 23:00:00,Invoice,outbound
EMAIL_03947,SYN_P_0020,SYN_P_0501,2024-08-01 22:00:00,Meeting,outbound
EMAIL_03948,SYN_P_1006,SYN_P_0140,2025-02-15 23:00:00,Meeting,inbound
EMAIL_03949,SYN_P_0913,SYN_P_0595,2025-12-05 10:00:00,Request,outbound
EMAIL_03950,SYN_P_0778,SYN_P_0430,2024-03-14 14:00:00,Request,outbound
EMAIL_03951,SYN_P_0299,SYN_P_0946,2026-06-27 14:00:00,Meeting,inbound
EMAIL_03952,SYN_P_0761,SYN_P_1036,2026-09-28 07:00:00,Delivery,inbound
EMAIL_03953,SYN_P_0169,SYN_P_0273,2026-06-20 04:00:00,Invoice,outbound
EMAIL_03954,SYN_P_0196,SYN_P_0883,2026-06-15 00:00:00,Invoice,inbound
EMAIL_03955,SYN_P_1024,SYN_P_0797,2026-08-17 10:00:00,Delivery,outbound
EMAIL_03956,SYN_P_0972,SYN_P_0487,2026-02-09 13:00:00,Invoice,inbound
EMAIL_03957,SYN_P_0586,SYN_P_0656,2025-08-17 10:00:00,Request,inbound
EMAIL_03958,SYN_P_0926,SYN_P_0683,2026-10-10 17:00:00,Delivery,outbound
EMAIL_03959,SYN_P_0315,SYN_P_0253,2025-11-18 15:00:00,Document,inbound
EMAIL_03960,SYN_P_0050,SYN_P_0519,2024-09-21 09:00:00,Meeting,inbound
EMAIL_03961,SYN_P_0678,SYN_P_0348,2026-07-14 09:00:00,Account,inbound
EMAIL_03962,SYN_P_0004,SYN_P_0670,2025-01-18 13:00:00,Document,outbound
EMAIL_03963,SYN_P_0728,SYN_P_0177,2025-03-26 00:00:00,Invoice,outbound
EMAIL_03964,SYN_P_0233,SYN_P_0412,2024-08-12 19:00:00,Account,outbound
EMAIL_03965,SYN_P_0371,SYN_P_0733,2024-04-21 12:00:00,Meeting,inbound
EMAIL_03966,SYN_P_0177,SYN_P_1001,2024-08-27 12:00:00,Request,outbound
EMAIL_03967,SYN_P_0491,SYN_P_0724,2025-11-08 08:00:00,Request,inbound
EMAIL_03968,SYN_P_0376,SYN_P_0605,2025-12-30 11:00:00,Account,outbound
EMAIL_03969,SYN_P_0720,SYN_P_0204,2025-08-07 16:00:00,Document,outbound
EMAIL_03970,SYN_P_1011,SYN_P_0156,2025-02-13 16:00:00,Request,outbound
EMAIL_03971,SYN_P_0965,SYN_P_0085,2025-03-03 08:00:00,Meeting,outbound
EMAIL_03972,SYN_P_0025,SYN_P_0653,2025-07-06 11:00:00,Meeting,inbound
EMAIL_03973,SYN_P_0314,SYN_P_0862,2025-03-19 10:00:00,Delivery,inbound
EMAIL_03974,SYN_P_0258,SYN_P_0476,2026-03-14 17:00:00,Request,outbound
EMAIL_03975,SYN_P_0495,SYN_P_0895,2025-04-03 00:00:00,Request,outbound
EMAIL_03976,SYN_P_0598,SYN_P_0603,2025-03-03 02:00:00,Request,inbound
EMAIL_03977,SYN_P_0735,SYN_P_0666,2024-07-24 17:00:00,Meeting,inbound
EMAIL_03978,SYN_P_0784,SYN_P_0184,2025-12-27 20:00:00,Invoice,inbound
EMAIL_03979,SYN_P_0912,SYN_P_0280,2025-02-26 18:00:00,Account,inbound
EMAIL_03980,SYN_P_0133,SYN_P_0625,2025-10-31 16:00:00,Delivery,inbound
EMAIL_03981,SYN_P_0381,SYN_P_0822,2026-03-05 00:00:00,Invoice,outbound
EMAIL_03982,SYN_P_0371,SYN_P_0091,2024-05-24 05:00:00,Meeting,inbound
EMAIL_03983,SYN_P_0119,SYN_P_0332,2026-05-24 05:00:00,Request,inbound
EMAIL_03984,SYN_P_0924,SYN_P_0664,2025-08-15 18:00:00,Invoice,outbound
EMAIL_03985,SYN_P_0357,SYN_P_0875,2025-03-31 05:00:00,Account,outbound
EMAIL_03986,SYN_P_0067,SYN_P_0586,2025-12-15 13:00:00,Meeting,outbound
EMAIL_03987,SYN_P_1022,SYN_P_0041,2026-09-01 17:00:00,Document,outbound
EMAIL_03988,SYN_P_0234,SYN_P_0985,2025-09-21 15:00:00,Request,outbound
EMAIL_03989,SYN_P_0598,SYN_P_0176,2024-11-27 19:00:00,Request,inbound
EMAIL_03990,SYN_P_0831,SYN_P_0122,2026-07-23 12:00:00,Request,inbound
EMAIL_03991,SYN_P_0942,SYN_P_0714,2024-10-06 08:00:00,Account,outbound
EMAIL_03992,SYN_P_0255,SYN_P_0048,2025-12-11 07:00:00,Document,inbound
EMAIL_03993,SYN_P_0060,SYN_P_0732,2026-11-02 01:00:00,Account,outbound
EMAIL_03994,SYN_P_0998,SYN_P_0099,2026-06-12 03:00:00,Account,outbound
EMAIL_03995,SYN_P_1003,SYN_P_0387,2025-02-24 03:00:00,Document,inbound
EMAIL_03996,SYN_P_0794,SYN_P_0268,2024-12-03 12:00:00,Request,inbound
EMAIL_03997,SYN_P_0612,SYN_P_0387,2026-07-23 03:00:00,Document,inbound
EMAIL_03998,SYN_P_0115,SYN_P_0680,2024-05-28 10:00:00,Document,inbound
EMAIL_03999,SYN_P_0635,SYN_P_0434,2025-02-13 22:00:00,Document,inbound
EMAIL_04000,SYN_P_0802,SYN_P_0844,2024-08-08 11:00:00,Request,inbound
EMAIL_04001,SYN_P_0191,SYN_P_0639,2024-06-10 13:00:00,Request,inbound
EMAIL_04002,SYN_P_0320,SYN_P_0864,2026-07-16 08:00:00,Account,outbound
EMAIL_04003,SYN_P_0894,SYN_P_0836,2025-01-22 22:00:00,Meeting,outbound
EMAIL_04004,SYN_P_0048,SYN_P_0705,2024-12-26 07:00:00,Meeting,outbound
EMAIL_04005,SYN_P_0446,SYN_P_0414,2025-05-28 23:00:00,Account,inbound
EMAIL_04006,SYN_P_0511,SYN_P_0943,2026-03-26 06:00:00,Account,outbound
EMAIL_04007,SYN_P_0703,SYN_P_0470,2025-07-10 17:00:00,Document,outbound
EMAIL_04008,SYN_P_0090,SYN_P_0996,2025-09-12 22:00:00,Meeting,outbound
EMAIL_04009,SYN_P_0720,SYN_P_0378,2024-08-11 02:00:00,Invoice,inbound
EMAIL_04010,SYN_P_0516,SYN_P_0277,2025-09-06 08:00:00,Account,inbound
EMAIL_04011,SYN_P_0789,SYN_P_0465,2025-03-10 14:00:00,Delivery,inbound
EMAIL_04012,SYN_P_0818,SYN_P_0540,2024-01-13 09:00:00,Delivery,inbound
EMAIL_04013,SYN_P_0398,SYN_P_0270,2024-10-16 22:00:00,Document,inbound
EMAIL_04014,SYN_P_0344,SYN_P_0523,2026-07-23 00:00:00,Delivery,inbound
EMAIL_04015,SYN_P_0561,SYN_P_0540,2026-03-19 12:00:00,Meeting,outbound
EMAIL_04016,SYN_P_0276,SYN_P_0820,2024-05-27 20:00:00,Delivery,inbound
EMAIL_04017,SYN_P_0203,SYN_P_0745,2024-04-10 14:00:00,Document,outbound
EMAIL_04018,SYN_P_0473,SYN_P_0895,2026-09-05 20:00:00,Delivery,inbound
EMAIL_04019,SYN_P_0258,SYN_P_0174,2025-10-28 10:00:00,Delivery,inbound
EMAIL_04020,SYN_P_0066,SYN_P_0090,2026-06-30 15:00:00,Delivery,inbound
EMAIL_04021,SYN_P_0374,SYN_P_0560,2026-05-21 03:00:00,Meeting,outbound
EMAIL_04022,SYN_P_1014,SYN_P_1033,2025-10-31 15:00:00,Document,inbound
EMAIL_04023,SYN_P_0385,SYN_P_0253,2024-08-23 06:00:00,Account,outbound
EMAIL_04024,SYN_P_0508,SYN_P_0462,2025-06-21 23:00:00,Invoice,inbound
EMAIL_04025,SYN_P_0870,SYN_P_0944,2024-10-29 09:00:00,Document,inbound
EMAIL_04026,SYN_P_1018,SYN_P_0896,2024-05-19 05:00:00,Delivery,outbound
EMAIL_04027,SYN_P_0043,SYN_P_0213,2025-12-27 10:00:00,Meeting,inbound
EMAIL_04028,SYN_P_0812,SYN_P_0178,2024-08-09 13:00:00,Request,outbound
EMAIL_04029,SYN_P_0731,SYN_P_0670,2025-05-01 15:00:00,Invoice,outbound
EMAIL_04030,SYN_P_0217,SYN_P_0813,2026-03-15 12:00:00,Request,outbound
EMAIL_04031,SYN_P_0834,SYN_P_0949,2024-11-24 19:00:00,Account,outbound
EMAIL_04032,SYN_P_0908,SYN_P_0754,2025-01-19 19:00:00,Delivery,inbound
EMAIL_04033,SYN_P_1011,SYN_P_0908,2026-06-22 21:00:00,Account,outbound
EMAIL_04034,SYN_P_0493,SYN_P_0334,2024-03-17 17:00:00,Document,outbound
EMAIL_04035,SYN_P_0092,SYN_P_0936,2024-05-08 23:00:00,Request,outbound
EMAIL_04036,SYN_P_0708,SYN_P_0487,2025-01-18 15:00:00,Delivery,inbound
EMAIL_04037,SYN_P_0995,SYN_P_0983,2026-01-03 23:00:00,Document,outbound
EMAIL_04038,SYN_P_0876,SYN_P_0015,2025-11-27 15:00:00,Meeting,inbound
EMAIL_04039,SYN_P_0769,SYN_P_0023,2024-01-30 01:00:00,Document,inbound
EMAIL_04040,SYN_P_0325,SYN_P_0002,2024-04-01 00:00:00,Invoice,inbound
EMAIL_04041,SYN_P_0806,SYN_P_0786,2024-10-13 11:00:00,Account,outbound
EMAIL_04042,SYN_P_0769,SYN_P_0767,2024-01-21 02:00:00,Delivery,inbound
EMAIL_04043,SYN_P_0204,SYN_P_0831,2024-06-14 23:00:00,Account,inbound
EMAIL_04044,SYN_P_0180,SYN_P_0035,2024-10-25 17:00:00,Meeting,inbound
EMAIL_04045,SYN_P_0076,SYN_P_0182,2025-01-03 06:00:00,Invoice,outbound
EMAIL_04046,SYN_P_0581,SYN_P_1024,2025-07-06 10:00:00,Document,inbound
EMAIL_04047,SYN_P_0363,SYN_P_0345,2024-02-11 09:00:00,Meeting,inbound
EMAIL_04048,SYN_P_0697,SYN_P_0299,2024-10-09 07:00:00,Account,inbound
EMAIL_04049,SYN_P_0077,SYN_P_0246,2024-06-09 05:00:00,Request,inbound
EMAIL_04050,SYN_P_1027,SYN_P_0812,2025-03-16 13:00:00,Request,inbound
EMAIL_04051,SYN_P_0311,SYN_P_0154,2024-06-23 14:00:00,Invoice,inbound
EMAIL_04052,SYN_P_0991,SYN_P_0398,2025-08-26 00:00:00,Request,outbound
EMAIL_04053,SYN_P_0077,SYN_P_0652,2026-03-01 00:00:00,Account,outbound
EMAIL_04054,SYN_P_0080,SYN_P_0454,2025-08-29 10:00:00,Invoice,inbound
EMAIL_04055,SYN_P_0864,SYN_P_0692,2026-06-14 23:00:00,Meeting,inbound
EMAIL_04056,SYN_P_0474,SYN_P_0846,2024-12-21 16:00:00,Account,inbound
EMAIL_04057,SYN_P_0162,SYN_P_0920,2024-03-17 17:00:00,Account,inbound
EMAIL_04058,SYN_P_0666,SYN_P_0683,2024-10-22 07:00:00,Request,outbound
EMAIL_04059,SYN_P_0621,SYN_P_0944,2026-04-23 10:00:00,Request,outbound
EMAIL_04060,SYN_P_0126,SYN_P_0061,2025-03-05 17:00:00,Document,inbound
EMAIL_04061,SYN_P_0609,SYN_P_0004,2024-03-20 03:00:00,Meeting,inbound
EMAIL_04062,SYN_P_0260,SYN_P_0910,2025-09-13 12:00:00,Document,outbound
EMAIL_04063,SYN_P_0183,SYN_P_0343,2026-03-04 01:00:00,Document,inbound
EMAIL_04064,SYN_P_0780,SYN_P_0184,2025-06-15 08:00:00,Document,inbound
EMAIL_04065,SYN_P_0618,SYN_P_0877,2024-11-21 02:00:00,Delivery,inbound
EMAIL_04066,SYN_P_0113,SYN_P_0415,2025-12-14 20:00:00,Delivery,outbound
EMAIL_04067,SYN_P_0700,SYN_P_0958,2026-08-12 21:00:00,Request,inbound
EMAIL_04068,SYN_P_0732,SYN_P_0329,2026-10-01 09:00:00,Account,outbound
EMAIL_04069,SYN_P_0954,SYN_P_0230,2024-11-05 16:00:00,Meeting,inbound
EMAIL_04070,SYN_P_1019,SYN_P_0749,2025-09-07 03:00:00,Account,outbound
EMAIL_04071,SYN_P_0222,SYN_P_0526,2025-08-05 04:00:00,Account,outbound
EMAIL_04072,SYN_P_0569,SYN_P_0686,2024-02-23 19:00:00,Request,inbound
EMAIL_04073,SYN_P_0550,SYN_P_0802,2025-07-31 06:00:00,Meeting,inbound
EMAIL_04074,SYN_P_0805,SYN_P_0708,2024-05-14 00:00:00,Request,inbound
EMAIL_04075,SYN_P_0442,SYN_P_1034,2024-05-29 22:00:00,Request,inbound
EMAIL_04076,SYN_P_0466,SYN_P_0032,2024-06-14 23:00:00,Meeting,inbound
EMAIL_04077,SYN_P_0076,SYN_P_0488,2025-10-27 19:00:00,Request,inbound
EMAIL_04078,SYN_P_0550,SYN_P_0417,2025-10-10 23:00:00,Account,inbound
EMAIL_04079,SYN_P_0315,SYN_P_0793,2026-04-08 14:00:00,Request,inbound
EMAIL_04080,SYN_P_0922,SYN_P_0353,2024-08-16 19:00:00,Request,inbound
EMAIL_04081,SYN_P_0647,SYN_P_0044,2026-07-16 18:00:00,Delivery,inbound
EMAIL_04082,SYN_P_0841,SYN_P_0783,2025-06-08 10:00:00,Meeting,inbound
EMAIL_04083,SYN_P_0182,SYN_P_0366,2024-03-27 10:00:00,Meeting,inbound
EMAIL_04084,SYN_P_0101,SYN_P_0530,2025-04-30 15:00:00,Delivery,inbound
EMAIL_04085,SYN_P_0715,SYN_P_0536,2025-04-26 15:00:00,Account,outbound
EMAIL_04086,SYN_P_0639,SYN_P_0063,2026-10-24 03:00:00,Request,outbound
EMAIL_04087,SYN_P_0893,SYN_P_0579,2026-06-08 12:00:00,Meeting,inbound
EMAIL_04088,SYN_P_0257,SYN_P_0332,2026-01-28 06:00:00,Request,outbound
EMAIL_04089,SYN_P_0159,SYN_P_0826,2024-12-10 17:00:00,Request,outbound
EMAIL_04090,SYN_P_0663,SYN_P_0060,2024-08-23 13:00:00,Delivery,outbound
EMAIL_04091,SYN_P_0529,SYN_P_0949,2025-08-07 07:00:00,Meeting,inbound
EMAIL_04092,SYN_P_0165,SYN_P_0084,2026-06-17 02:00:00,Request,outbound
EMAIL_04093,SYN_P_0858,SYN_P_0321,2026-01-01 06:00:00,Invoice,inbound
EMAIL_04094,SYN_P_0540,SYN_P_0259,2024-01-10 06:00:00,Document,inbound
EMAIL_04095,SYN_P_0311,SYN_P_0662,2026-07-18 22:00:00,Request,outbound
EMAIL_04096,SYN_P_0231,SYN_P_0550,2026-01-02 22:00:00,Document,outbound
EMAIL_04097,SYN_P_0098,SYN_P_0105,2026-05-06 15:00:00,Delivery,outbound
EMAIL_04098,SYN_P_0440,SYN_P_0331,2026-01-17 07:00:00,Document,inbound
EMAIL_04099,SYN_P_0701,SYN_P_0439,2024-05-23 20:00:00,Request,inbound
EMAIL_04100,SYN_P_0681,SYN_P_0948,2024-04-16 01:00:00,Document,inbound
EMAIL_04101,SYN_P_0612,SYN_P_0154,2026-02-12 04:00:00,Document,outbound
EMAIL_04102,SYN_P_0648,SYN_P_0847,2024-08-06 03:00:00,Request,outbound
EMAIL_04103,SYN_P_0159,SYN_P_0137,2026-11-04 21:00:00,Delivery,outbound
EMAIL_04104,SYN_P_0681,SYN_P_0240,2025-05-15 07:00:00,Meeting,outbound
EMAIL_04105,SYN_P_0550,SYN_P_0569,2024-08-13 20:00:00,Document,inbound
EMAIL_04106,SYN_P_0898,SYN_P_0270,2025-05-15 19:00:00,Account,outbound
EMAIL_04107,SYN_P_0868,SYN_P_1008,2024-01-04 03:00:00,Invoice,outbound
EMAIL_04108,SYN_P_0631,SYN_P_0046,2025-01-28 13:00:00,Request,outbound
EMAIL_04109,SYN_P_0086,SYN_P_0505,2026-05-14 03:00:00,Document,outbound
EMAIL_04110,SYN_P_0581,SYN_P_0446,2025-04-14 01:00:00,Document,outbound
EMAIL_04111,SYN_P_0171,SYN_P_0404,2025-05-07 13:00:00,Account,inbound
EMAIL_04112,SYN_P_0394,SYN_P_0815,2025-09-27 14:00:00,Delivery,outbound
EMAIL_04113,SYN_P_0437,SYN_P_0959,2025-12-04 15:00:00,Request,outbound
EMAIL_04114,SYN_P_0693,SYN_P_0826,2026-10-07 00:00:00,Account,outbound
EMAIL_04115,SYN_P_0578,SYN_P_0103,2026-10-04 11:00:00,Invoice,inbound
EMAIL_04116,SYN_P_0351,SYN_P_0700,2024-04-30 22:00:00,Meeting,inbound
EMAIL_04117,SYN_P_0666,SYN_P_0190,2024-11-15 03:00:00,Delivery,outbound
EMAIL_04118,SYN_P_0576,SYN_P_0988,2026-09-08 00:00:00,Delivery,outbound
EMAIL_04119,SYN_P_0437,SYN_P_0091,2025-11-17 10:00:00,Document,outbound
EMAIL_04120,SYN_P_0175,SYN_P_0164,2024-09-30 01:00:00,Document,outbound
EMAIL_04121,SYN_P_0589,SYN_P_0255,2026-05-26 08:00:00,Invoice,inbound
EMAIL_04122,SYN_P_0552,SYN_P_0368,2026-07-16 11:00:00,Invoice,inbound
EMAIL_04123,SYN_P_0681,SYN_P_0700,2026-02-22 15:00:00,Document,inbound
EMAIL_04124,SYN_P_0272,SYN_P_0049,2026-05-31 23:00:00,Delivery,outbound
EMAIL_04125,SYN_P_0212,SYN_P_0869,2026-01-10 15:00:00,Delivery,outbound
EMAIL_04126,SYN_P_0838,SYN_P_0338,2024-02-23 18:00:00,Account,outbound
EMAIL_04127,SYN_P_0721,SYN_P_0772,2024-05-10 07:00:00,Document,inbound
EMAIL_04128,SYN_P_0187,SYN_P_0246,2026-06-01 00:00:00,Request,outbound
EMAIL_04129,SYN_P_0914,SYN_P_0582,2024-07-28 22:00:00,Invoice,outbound
EMAIL_04130,SYN_P_0221,SYN_P_0740,2026-08-26 22:00:00,Document,inbound
EMAIL_04131,SYN_P_0613,SYN_P_0570,2024-02-26 20:00:00,Meeting,outbound
EMAIL_04132,SYN_P_0566,SYN_P_0770,2025-10-19 03:00:00,Document,inbound
EMAIL_04133,SYN_P_0805,SYN_P_0230,2024-06-19 14:00:00,Document,inbound
EMAIL_04134,SYN_P_0123,SYN_P_0550,2024-01-04 11:00:00,Request,outbound
EMAIL_04135,SYN_P_0538,SYN_P_0159,2024-10-01 21:00:00,Account,inbound
EMAIL_04136,SYN_P_0574,SYN_P_0533,2026-08-14 23:00:00,Meeting,outbound
EMAIL_04137,SYN_P_0383,SYN_P_0147,2026-05-24 00:00:00,Invoice,inbound
EMAIL_04138,SYN_P_0392,SYN_P_0349,2025-01-23 20:00:00,Meeting,outbound
EMAIL_04139,SYN_P_0980,SYN_P_0415,2025-03-16 10:00:00,Meeting,inbound
EMAIL_04140,SYN_P_0134,SYN_P_0515,2026-10-30 06:00:00,Invoice,inbound
EMAIL_04141,SYN_P_0405,SYN_P_0047,2026-06-28 03:00:00,Account,outbound
EMAIL_04142,SYN_P_0115,SYN_P_0046,2024-10-30 22:00:00,Invoice,inbound
EMAIL_04143,SYN_P_0973,SYN_P_0179,2024-01-09 07:00:00,Meeting,inbound
EMAIL_04144,SYN_P_0145,SYN_P_0360,2025-01-03 01:00:00,Meeting,inbound
EMAIL_04145,SYN_P_0890,SYN_P_0243,2025-02-14 22:00:00,Document,outbound
EMAIL_04146,SYN_P_0392,SYN_P_0047,2026-09-25 03:00:00,Delivery,inbound
EMAIL_04147,SYN_P_0129,SYN_P_0198,2025-09-09 13:00:00,Document,outbound
EMAIL_04148,SYN_P_0482,SYN_P_0185,2025-01-08 09:00:00,Account,outbound
EMAIL_04149,SYN_P_0206,SYN_P_0765,2026-06-19 12:00:00,Account,inbound
EMAIL_04150,SYN_P_0521,SYN_P_0235,2025-09-26 23:00:00,Account,outbound
EMAIL_04151,SYN_P_0187,SYN_P_0848,2025-05-14 12:00:00,Delivery,outbound
EMAIL_04152,SYN_P_0921,SYN_P_0903,2025-06-02 08:00:00,Invoice,inbound
EMAIL_04153,SYN_P_0640,SYN_P_0524,2026-03-30 01:00:00,Meeting,outbound
EMAIL_04154,SYN_P_0025,SYN_P_0394,2026-02-28 19:00:00,Meeting,outbound
EMAIL_04155,SYN_P_0275,SYN_P_0186,2025-08-22 06:00:00,Delivery,outbound
EMAIL_04156,SYN_P_0979,SYN_P_0713,2024-09-01 00:00:00,Delivery,outbound
EMAIL_04157,SYN_P_0942,SYN_P_0097,2024-04-02 04:00:00,Document,outbound
EMAIL_04158,SYN_P_0936,SYN_P_0886,2024-01-13 23:00:00,Request,inbound
EMAIL_04159,SYN_P_0544,SYN_P_0023,2024-03-08 13:00:00,Account,inbound
EMAIL_04160,SYN_P_0927,SYN_P_0226,2024-08-10 16:00:00,Document,outbound
EMAIL_04161,SYN_P_0749,SYN_P_0041,2026-07-22 06:00:00,Delivery,inbound
EMAIL_04162,SYN_P_0825,SYN_P_0048,2025-03-30 06:00:00,Delivery,inbound
EMAIL_04163,SYN_P_0281,SYN_P_0890,2024-08-06 18:00:00,Delivery,outbound
EMAIL_04164,SYN_P_0673,SYN_P_1013,2025-08-20 11:00:00,Request,outbound
EMAIL_04165,SYN_P_0855,SYN_P_1040,2026-02-16 05:00:00,Account,outbound
EMAIL_04166,SYN_P_0199,SYN_P_0336,2026-02-15 19:00:00,Delivery,outbound
EMAIL_04167,SYN_P_0300,SYN_P_0226,2024-10-27 09:00:00,Request,inbound
EMAIL_04168,SYN_P_0103,SYN_P_0117,2025-02-10 04:00:00,Request,inbound
EMAIL_04169,SYN_P_0783,SYN_P_0698,2024-07-16 00:00:00,Invoice,outbound
EMAIL_04170,SYN_P_0606,SYN_P_0918,2026-09-19 17:00:00,Delivery,inbound
EMAIL_04171,SYN_P_0141,SYN_P_0994,2026-05-27 20:00:00,Meeting,outbound
EMAIL_04172,SYN_P_0087,SYN_P_0484,2024-02-05 12:00:00,Invoice,outbound
EMAIL_04173,SYN_P_0399,SYN_P_0936,2025-08-10 19:00:00,Invoice,inbound
EMAIL_04174,SYN_P_0244,SYN_P_0595,2025-06-19 08:00:00,Account,inbound
EMAIL_04175,SYN_P_0793,SYN_P_0865,2025-10-06 05:00:00,Request,outbound
EMAIL_04176,SYN_P_0414,SYN_P_0038,2024-03-31 00:00:00,Invoice,inbound
EMAIL_04177,SYN_P_0234,SYN_P_0514,2024-06-17 18:00:00,Request,outbound
EMAIL_04178,SYN_P_0770,SYN_P_0025,2024-11-06 04:00:00,Account,outbound
EMAIL_04179,SYN_P_1004,SYN_P_0759,2026-07-20 16:00:00,Account,outbound
EMAIL_04180,SYN_P_1031,SYN_P_0455,2026-03-04 05:00:00,Invoice,inbound
EMAIL_04181,SYN_P_0488,SYN_P_0332,2025-10-19 00:00:00,Account,inbound
EMAIL_04182,SYN_P_0265,SYN_P_0360,2025-05-03 20:00:00,Delivery,inbound
EMAIL_04183,SYN_P_0233,SYN_P_0905,2024-06-01 18:00:00,Document,outbound
EMAIL_04184,SYN_P_0856,SYN_P_0513,2025-04-13 15:00:00,Invoice,outbound
EMAIL_04185,SYN_P_0031,SYN_P_0609,2025-10-22 02:00:00,Document,inbound
EMAIL_04186,SYN_P_0024,SYN_P_0896,2025-08-18 15:00:00,Account,outbound
EMAIL_04187,SYN_P_0692,SYN_P_0495,2024-11-18 14:00:00,Document,outbound
EMAIL_04188,SYN_P_0083,SYN_P_0509,2025-08-24 22:00:00,Document,inbound
EMAIL_04189,SYN_P_0448,SYN_P_0738,2025-04-15 23:00:00,Meeting,inbound
EMAIL_04190,SYN_P_0686,SYN_P_0908,2025-04-14 12:00:00,Invoice,outbound
EMAIL_04191,SYN_P_0817,SYN_P_0290,2025-06-06 01:00:00,Document,inbound
EMAIL_04192,SYN_P_0020,SYN_P_0213,2024-07-31 06:00:00,Delivery,outbound
EMAIL_04193,SYN_P_0619,SYN_P_0480,2024-11-13 21:00:00,Request,outbound
EMAIL_04194,SYN_P_0145,SYN_P_0131,2024-05-01 21:00:00,Invoice,outbound
EMAIL_04195,SYN_P_0671,SYN_P_1008,2024-06-15 00:00:00,Invoice,outbound
EMAIL_04196,SYN_P_0081,SYN_P_0071,2024-01-07 10:00:00,Invoice,outbound
EMAIL_04197,SYN_P_1035,SYN_P_0111,2025-10-17 03:00:00,Account,inbound
EMAIL_04198,SYN_P_0291,SYN_P_0674,2024-02-20 07:00:00,Document,outbound
EMAIL_04199,SYN_P_0662,SYN_P_0205,2024-06-28 19:00:00,Invoice,outbound
EMAIL_04200,SYN_P_0059,SYN_P_0964,2025-08-21 17:00:00,Account,outbound
EMAIL_04201,SYN_P_0363,SYN_P_0734,2024-02-02 23:00:00,Delivery,inbound
EMAIL_04202,SYN_P_0730,SYN_P_1039,2024-03-04 01:00:00,Request,outbound
EMAIL_04203,SYN_P_1026,SYN_P_0793,2024-07-06 02:00:00,Meeting,outbound
EMAIL_04204,SYN_P_0274,SYN_P_0604,2025-08-05 04:00:00,Account,inbound
EMAIL_04205,SYN_P_0830,SYN_P_0953,2025-02-15 21:00:00,Request,inbound
EMAIL_04206,SYN_P_0144,SYN_P_0727,2024-12-11 04:00:00,Invoice,inbound
EMAIL_04207,SYN_P_1011,SYN_P_0257,2024-10-03 07:00:00,Account,inbound
EMAIL_04208,SYN_P_0710,SYN_P_0426,2024-03-30 06:00:00,Meeting,outbound
EMAIL_04209,SYN_P_0045,SYN_P_0412,2024-09-29 05:00:00,Delivery,outbound
EMAIL_04210,SYN_P_0503,SYN_P_0386,2025-12-15 01:00:00,Document,outbound
EMAIL_04211,SYN_P_0163,SYN_P_1009,2025-10-04 00:00:00,Document,outbound
EMAIL_04212,SYN_P_0485,SYN_P_0906,2026-04-14 00:00:00,Delivery,outbound
EMAIL_04213,SYN_P_0103,SYN_P_0821,2024-11-22 05:00:00,Delivery,outbound
EMAIL_04214,SYN_P_0337,SYN_P_0428,2025-11-21 02:00:00,Document,inbound
EMAIL_04215,SYN_P_0849,SYN_P_0012,2026-02-04 13:00:00,Request,outbound
EMAIL_04216,SYN_P_0263,SYN_P_0898,2024-04-07 18:00:00,Account,outbound
EMAIL_04217,SYN_P_0071,SYN_P_0448,2024-01-19 08:00:00,Delivery,inbound
EMAIL_04218,SYN_P_0575,SYN_P_0416,2026-10-05 07:00:00,Request,outbound
EMAIL_04219,SYN_P_0464,SYN_P_0964,2024-01-25 18:00:00,Account,inbound
EMAIL_04220,SYN_P_0263,SYN_P_0748,2025-04-01 19:00:00,Delivery,outbound
EMAIL_04221,SYN_P_0621,SYN_P_0144,2024-01-01 05:00:00,Invoice,outbound
EMAIL_04222,SYN_P_0356,SYN_P_0211,2025-05-04 12:00:00,Document,outbound
EMAIL_04223,SYN_P_0363,SYN_P_1027,2024-02-11 20:00:00,Delivery,outbound
EMAIL_04224,SYN_P_0619,SYN_P_0743,2025-05-29 07:00:00,Meeting,outbound
EMAIL_04225,SYN_P_0372,SYN_P_0916,2025-06-15 09:00:00,Meeting,inbound
EMAIL_04226,SYN_P_0466,SYN_P_0613,2024-01-29 11:00:00,Delivery,inbound
EMAIL_04227,SYN_P_0488,SYN_P_0615,2025-02-26 15:00:00,Account,outbound
EMAIL_04228,SYN_P_0139,SYN_P_0323,2026-07-04 10:00:00,Account,inbound
EMAIL_04229,SYN_P_0806,SYN_P_0979,2025-04-18 14:00:00,Meeting,inbound
EMAIL_04230,SYN_P_0234,SYN_P_0220,2024-06-22 09:00:00,Request,outbound
EMAIL_04231,SYN_P_0203,SYN_P_0887,2024-01-17 00:00:00,Invoice,outbound
EMAIL_04232,SYN_P_0628,SYN_P_0901,2024-12-18 14:00:00,Account,inbound
EMAIL_04233,SYN_P_0382,SYN_P_0014,2024-12-05 06:00:00,Delivery,outbound
EMAIL_04234,SYN_P_0731,SYN_P_0902,2024-11-24 10:00:00,Request,inbound
EMAIL_04235,SYN_P_0063,SYN_P_0396,2026-07-29 08:00:00,Document,outbound
EMAIL_04236,SYN_P_0167,SYN_P_0854,2024-07-06 00:00:00,Invoice,inbound
EMAIL_04237,SYN_P_1005,SYN_P_0654,2026-02-27 09:00:00,Invoice,outbound
EMAIL_04238,SYN_P_0411,SYN_P_0060,2024-07-17 06:00:00,Delivery,outbound
EMAIL_04239,SYN_P_0441,SYN_P_0143,2024-01-23 04:00:00,Request,outbound
EMAIL_04240,SYN_P_0965,SYN_P_0560,2026-07-09 14:00:00,Request,inbound
EMAIL_04241,SYN_P_0213,SYN_P_0027,2026-06-27 22:00:00,Delivery,inbound
EMAIL_04242,SYN_P_0837,SYN_P_0117,2026-09-19 11:00:00,Account,inbound
EMAIL_04243,SYN_P_0794,SYN_P_0822,2025-10-05 07:00:00,Meeting,outbound
EMAIL_04244,SYN_P_0249,SYN_P_0168,2024-07-25 17:00:00,Account,outbound
EMAIL_04245,SYN_P_0259,SYN_P_0015,2024-12-24 07:00:00,Delivery,outbound
EMAIL_04246,SYN_P_0517,SYN_P_0715,2024-10-04 16:00:00,Meeting,inbound
EMAIL_04247,SYN_P_0553,SYN_P_0610,2024-06-04 03:00:00,Request,outbound
EMAIL_04248,SYN_P_1033,SYN_P_0815,2025-03-17 05:00:00,Account,inbound
EMAIL_04249,SYN_P_0916,SYN_P_0556,2024-11-30 10:00:00,Meeting,outbound
EMAIL_04250,SYN_P_0067,SYN_P_0873,2026-03-22 06:00:00,Invoice,outbound
EMAIL_04251,SYN_P_0803,SYN_P_0248,2025-02-16 12:00:00,Meeting,outbound
EMAIL_04252,SYN_P_0802,SYN_P_0195,2024-03-26 14:00:00,Document,inbound
EMAIL_04253,SYN_P_0910,SYN_P_0246,2024-02-01 15:00:00,Account,outbound
EMAIL_04254,SYN_P_0742,SYN_P_0626,2026-07-07 11:00:00,Document,outbound
EMAIL_04255,SYN_P_0461,SYN_P_0022,2024-10-22 09:00:00,Document,inbound
EMAIL_04256,SYN_P_0545,SYN_P_0454,2024-08-29 20:00:00,Account,inbound
EMAIL_04257,SYN_P_0456,SYN_P_0194,2025-09-26 14:00:00,Invoice,inbound
EMAIL_04258,SYN_P_0130,SYN_P_0714,2024-10-15 05:00:00,Account,outbound
EMAIL_04259,SYN_P_0626,SYN_P_1024,2025-01-24 00:00:00,Meeting,inbound
EMAIL_04260,SYN_P_0054,SYN_P_0776,2025-04-04 23:00:00,Delivery,outbound
EMAIL_04261,SYN_P_0103,SYN_P_0808,2026-07-30 06:00:00,Delivery,inbound
EMAIL_04262,SYN_P_0994,SYN_P_0176,2025-04-20 03:00:00,Meeting,inbound
EMAIL_04263,SYN_P_0308,SYN_P_0844,2024-12-23 14:00:00,Request,outbound
EMAIL_04264,SYN_P_0458,SYN_P_0189,2025-06-23 21:00:00,Account,outbound
EMAIL_04265,SYN_P_0995,SYN_P_0616,2024-03-30 05:00:00,Delivery,outbound
EMAIL_04266,SYN_P_0611,SYN_P_0844,2025-02-01 18:00:00,Account,outbound
EMAIL_04267,SYN_P_0288,SYN_P_0206,2024-07-14 02:00:00,Meeting,outbound
EMAIL_04268,SYN_P_0868,SYN_P_0886,2024-08-29 03:00:00,Invoice,outbound
EMAIL_04269,SYN_P_0943,SYN_P_0256,2025-12-25 15:00:00,Invoice,outbound
EMAIL_04270,SYN_P_0441,SYN_P_0507,2025-04-02 05:00:00,Invoice,inbound
EMAIL_04271,SYN_P_1025,SYN_P_1011,2025-07-18 16:00:00,Meeting,inbound
EMAIL_04272,SYN_P_0516,SYN_P_0272,2024-04-19 20:00:00,Request,outbound
EMAIL_04273,SYN_P_0098,SYN_P_0605,2024-10-26 14:00:00,Invoice,inbound
EMAIL_04274,SYN_P_0885,SYN_P_0317,2024-01-18 17:00:00,Account,inbound
EMAIL_04275,SYN_P_0223,SYN_P_0344,2025-06-10 22:00:00,Request,outbound
EMAIL_04276,SYN_P_0170,SYN_P_0400,2025-10-25 02:00:00,Account,inbound
EMAIL_04277,SYN_P_0484,SYN_P_0241,2026-07-03 15:00:00,Account,outbound
EMAIL_04278,SYN_P_0403,SYN_P_0637,2026-09-21 07:00:00,Document,inbound
EMAIL_04279,SYN_P_0076,SYN_P_0399,2026-05-14 15:00:00,Account,inbound
EMAIL_04280,SYN_P_0518,SYN_P_0924,2025-08-18 19:00:00,Request,inbound
EMAIL_04281,SYN_P_0034,SYN_P_0211,2025-01-18 21:00:00,Request,inbound
EMAIL_04282,SYN_P_0721,SYN_P_0367,2024-06-04 14:00:00,Account,inbound
EMAIL_04283,SYN_P_0217,SYN_P_0263,2026-09-12 11:00:00,Document,outbound
EMAIL_04284,SYN_P_0435,SYN_P_0257,2025-07-13 21:00:00,Request,inbound
EMAIL_04285,SYN_P_0829,SYN_P_0268,2024-07-26 13:00:00,Invoice,inbound
EMAIL_04286,SYN_P_0246,SYN_P_0638,2024-03-27 09:00:00,Meeting,outbound
EMAIL_04287,SYN_P_0865,SYN_P_0620,2024-09-09 17:00:00,Meeting,outbound
EMAIL_04288,SYN_P_0860,SYN_P_0156,2025-10-31 13:00:00,Invoice,outbound
EMAIL_04289,SYN_P_0045,SYN_P_0891,2024-10-05 16:00:00,Invoice,inbound
EMAIL_04290,SYN_P_0005,SYN_P_1008,2026-04-06 09:00:00,Account,outbound
EMAIL_04291,SYN_P_0669,SYN_P_0503,2026-01-02 05:00:00,Request,outbound
EMAIL_04292,SYN_P_0386,SYN_P_0424,2025-02-06 19:00:00,Invoice,inbound
EMAIL_04293,SYN_P_0760,SYN_P_0036,2025-01-24 19:00:00,Meeting,inbound
EMAIL_04294,SYN_P_0973,SYN_P_0237,2025-02-21 18:00:00,Invoice,outbound
EMAIL_04295,SYN_P_0963,SYN_P_0479,2024-06-04 10:00:00,Invoice,inbound
EMAIL_04296,SYN_P_0438,SYN_P_0073,2025-01-07 05:00:00,Invoice,inbound
EMAIL_04297,SYN_P_0893,SYN_P_0270,2026-08-04 07:00:00,Request,outbound
EMAIL_04298,SYN_P_0523,SYN_P_0602,2026-08-26 02:00:00,Document,outbound
EMAIL_04299,SYN_P_0193,SYN_P_0802,2026-05-14 08:00:00,Account,inbound
EMAIL_04300,SYN_P_0227,SYN_P_0357,2024-07-03 10:00:00,Delivery,inbound
EMAIL_04301,SYN_P_0573,SYN_P_0053,2026-04-11 13:00:00,Meeting,inbound
EMAIL_04302,SYN_P_0273,SYN_P_0686,2024-04-21 12:00:00,Account,inbound
EMAIL_04303,SYN_P_0454,SYN_P_0324,2024-03-14 06:00:00,Delivery,inbound
EMAIL_04304,SYN_P_0855,SYN_P_0398,2025-01-10 00:00:00,Delivery,inbound
EMAIL_04305,SYN_P_0955,SYN_P_0414,2026-01-13 23:00:00,Account,inbound
EMAIL_04306,SYN_P_0267,SYN_P_0239,2025-10-16 04:00:00,Delivery,outbound
EMAIL_04307,SYN_P_0081,SYN_P_0713,2026-06-21 07:00:00,Account,inbound
EMAIL_04308,SYN_P_0820,SYN_P_1005,2024-06-29 16:00:00,Document,inbound
EMAIL_04309,SYN_P_0003,SYN_P_0815,2026-10-24 04:00:00,Meeting,outbound
EMAIL_04310,SYN_P_1010,SYN_P_0777,2026-08-19 08:00:00,Delivery,inbound
EMAIL_04311,SYN_P_0828,SYN_P_0629,2024-04-08 05:00:00,Meeting,outbound
EMAIL_04312,SYN_P_0331,SYN_P_0501,2025-11-27 05:00:00,Request,inbound
EMAIL_04313,SYN_P_0032,SYN_P_0939,2024-01-12 10:00:00,Meeting,inbound
EMAIL_04314,SYN_P_0601,SYN_P_0426,2025-10-09 02:00:00,Invoice,outbound
EMAIL_04315,SYN_P_0796,SYN_P_0678,2026-04-24 20:00:00,Delivery,outbound
EMAIL_04316,SYN_P_0387,SYN_P_0263,2025-08-27 10:00:00,Document,outbound
EMAIL_04317,SYN_P_0102,SYN_P_0437,2024-11-18 17:00:00,Account,outbound
EMAIL_04318,SYN_P_0195,SYN_P_0619,2025-10-08 04:00:00,Request,inbound
EMAIL_04319,SYN_P_0691,SYN_P_0703,2025-04-03 07:00:00,Document,inbound
EMAIL_04320,SYN_P_0066,SYN_P_0573,2026-10-14 06:00:00,Invoice,outbound
EMAIL_04321,SYN_P_0035,SYN_P_1021,2024-01-02 03:00:00,Document,outbound
EMAIL_04322,SYN_P_0224,SYN_P_0397,2024-06-02 02:00:00,Meeting,inbound
EMAIL_04323,SYN_P_0113,SYN_P_0976,2024-10-01 21:00:00,Delivery,inbound
EMAIL_04324,SYN_P_0495,SYN_P_0253,2026-08-07 23:00:00,Document,outbound
EMAIL_04325,SYN_P_0169,SYN_P_0184,2025-03-25 09:00:00,Account,inbound
EMAIL_04326,SYN_P_1029,SYN_P_0465,2026-01-31 15:00:00,Delivery,outbound
EMAIL_04327,SYN_P_0162,SYN_P_0732,2026-02-06 20:00:00,Document,outbound
EMAIL_04328,SYN_P_0891,SYN_P_0027,2025-08-09 03:00:00,Meeting,inbound
EMAIL_04329,SYN_P_0017,SYN_P_0910,2025-09-18 02:00:00,Account,outbound
EMAIL_04330,SYN_P_0579,SYN_P_0349,2026-06-16 18:00:00,Meeting,outbound
EMAIL_04331,SYN_P_0630,SYN_P_0825,2026-08-03 08:00:00,Document,inbound
EMAIL_04332,SYN_P_0054,SYN_P_0596,2025-04-19 03:00:00,Delivery,inbound
EMAIL_04333,SYN_P_0536,SYN_P_0094,2026-11-07 03:00:00,Request,inbound
EMAIL_04334,SYN_P_0726,SYN_P_0930,2025-10-19 11:00:00,Document,outbound
EMAIL_04335,SYN_P_0830,SYN_P_0385,2025-03-16 21:00:00,Meeting,outbound
EMAIL_04336,SYN_P_0787,SYN_P_0268,2026-07-13 08:00:00,Delivery,outbound
EMAIL_04337,SYN_P_0902,SYN_P_0486,2026-06-15 16:00:00,Delivery,inbound
EMAIL_04338,SYN_P_0079,SYN_P_0832,2026-08-07 04:00:00,Delivery,inbound
EMAIL_04339,SYN_P_0346,SYN_P_1037,2026-06-11 20:00:00,Delivery,inbound
EMAIL_04340,SYN_P_0453,SYN_P_0850,2025-11-20 19:00:00,Meeting,inbound
EMAIL_04341,SYN_P_0733,SYN_P_0568,2025-12-21 05:00:00,Meeting,inbound
EMAIL_04342,SYN_P_0355,SYN_P_0134,2024-08-07 07:00:00,Delivery,outbound
EMAIL_04343,SYN_P_0993,SYN_P_0958,2024-02-03 11:00:00,Invoice,outbound
EMAIL_04344,SYN_P_0094,SYN_P_0085,2024-04-20 14:00:00,Document,inbound
EMAIL_04345,SYN_P_0316,SYN_P_0272,2025-04-08 03:00:00,Document,outbound
EMAIL_04346,SYN_P_0681,SYN_P_0430,2024-02-21 09:00:00,Meeting,inbound
EMAIL_04347,SYN_P_0542,SYN_P_0742,2026-05-18 10:00:00,Account,inbound
EMAIL_04348,SYN_P_0587,SYN_P_0305,2025-01-29 21:00:00,Meeting,outbound
EMAIL_04349,SYN_P_0657,SYN_P_1038,2025-09-02 00:00:00,Meeting,outbound
EMAIL_04350,SYN_P_0895,SYN_P_0649,2024-12-22 23:00:00,Invoice,inbound
EMAIL_04351,SYN_P_0103,SYN_P_0606,2026-02-19 19:00:00,Meeting,inbound
EMAIL_04352,SYN_P_0239,SYN_P_0641,2026-01-02 20:00:00,Request,outbound
EMAIL_04353,SYN_P_0776,SYN_P_0305,2024-09-15 22:00:00,Request,inbound
EMAIL_04354,SYN_P_0458,SYN_P_0221,2024-10-03 05:00:00,Meeting,outbound
EMAIL_04355,SYN_P_0849,SYN_P_0081,2025-11-25 20:00:00,Meeting,inbound
EMAIL_04356,SYN_P_0740,SYN_P_0854,2026-08-31 00:00:00,Request,outbound
EMAIL_04357,SYN_P_0427,SYN_P_0748,2024-05-16 05:00:00,Request,outbound
EMAIL_04358,SYN_P_0823,SYN_P_0481,2024-02-15 15:00:00,Account,inbound
EMAIL_04359,SYN_P_1036,SYN_P_0022,2026-09-24 14:00:00,Delivery,inbound
EMAIL_04360,SYN_P_0063,SYN_P_0246,2024-06-23 03:00:00,Document,inbound
EMAIL_04361,SYN_P_0004,SYN_P_1040,2025-11-23 15:00:00,Invoice,inbound
EMAIL_04362,SYN_P_0829,SYN_P_0531,2024-04-06 10:00:00,Request,outbound
EMAIL_04363,SYN_P_0102,SYN_P_0652,2024-06-04 20:00:00,Delivery,outbound
EMAIL_04364,SYN_P_0904,SYN_P_0044,2024-05-05 15:00:00,Delivery,outbound
EMAIL_04365,SYN_P_0368,SYN_P_0493,2025-04-19 09:00:00,Document,inbound
EMAIL_04366,SYN_P_0188,SYN_P_0018,2024-01-15 03:00:00,Invoice,inbound
EMAIL_04367,SYN_P_1025,SYN_P_0980,2024-07-23 03:00:00,Meeting,inbound
EMAIL_04368,SYN_P_0382,SYN_P_0963,2024-11-16 01:00:00,Delivery,outbound
EMAIL_04369,SYN_P_0965,SYN_P_0963,2025-01-04 13:00:00,Account,outbound
EMAIL_04370,SYN_P_1002,SYN_P_0222,2025-02-20 10:00:00,Request,outbound
EMAIL_04371,SYN_P_0030,SYN_P_0341,2025-10-08 16:00:00,Meeting,outbound
EMAIL_04372,SYN_P_0387,SYN_P_0318,2024-11-30 01:00:00,Request,inbound
EMAIL_04373,SYN_P_0805,SYN_P_0497,2026-09-19 20:00:00,Document,outbound
EMAIL_04374,SYN_P_0402,SYN_P_0791,2024-04-08 06:00:00,Delivery,outbound
EMAIL_04375,SYN_P_0025,SYN_P_0121,2026-01-15 17:00:00,Document,outbound
EMAIL_04376,SYN_P_0823,SYN_P_0637,2025-08-23 10:00:00,Request,inbound
EMAIL_04377,SYN_P_0034,SYN_P_0557,2025-05-05 21:00:00,Delivery,outbound
EMAIL_04378,SYN_P_0670,SYN_P_0494,2024-01-19 00:00:00,Meeting,inbound
EMAIL_04379,SYN_P_0421,SYN_P_0344,2025-01-01 16:00:00,Meeting,inbound
EMAIL_04380,SYN_P_0176,SYN_P_0951,2025-03-10 23:00:00,Request,inbound
EMAIL_04381,SYN_P_0619,SYN_P_0748,2025-05-07 00:00:00,Meeting,outbound
EMAIL_04382,SYN_P_0498,SYN_P_0003,2026-02-01 22:00:00,Request,inbound
EMAIL_04383,SYN_P_0966,SYN_P_0405,2024-06-05 06:00:00,Delivery,outbound
EMAIL_04384,SYN_P_0381,SYN_P_0565,2026-03-23 22:00:00,Invoice,inbound
EMAIL_04385,SYN_P_0269,SYN_P_0613,2026-04-10 09:00:00,Account,inbound
EMAIL_04386,SYN_P_0493,SYN_P_0035,2025-09-05 06:00:00,Account,outbound
EMAIL_04387,SYN_P_0910,SYN_P_0256,2025-05-24 02:00:00,Delivery,inbound
EMAIL_04388,SYN_P_0472,SYN_P_0448,2025-12-21 01:00:00,Delivery,outbound
EMAIL_04389,SYN_P_0111,SYN_P_0841,2024-04-09 06:00:00,Invoice,inbound
EMAIL_04390,SYN_P_0143,SYN_P_0843,2025-01-31 19:00:00,Delivery,outbound
EMAIL_04391,SYN_P_0058,SYN_P_0396,2025-04-07 13:00:00,Request,outbound
EMAIL_04392,SYN_P_0996,SYN_P_0755,2026-07-02 19:00:00,Document,outbound
EMAIL_04393,SYN_P_0322,SYN_P_0147,2024-06-10 12:00:00,Invoice,outbound
EMAIL_04394,SYN_P_0496,SYN_P_0276,2024-06-30 05:00:00,Delivery,inbound
EMAIL_04395,SYN_P_0412,SYN_P_0544,2024-01-16 04:00:00,Invoice,outbound
EMAIL_04396,SYN_P_0787,SYN_P_0076,2026-03-15 23:00:00,Delivery,outbound
EMAIL_04397,SYN_P_0864,SYN_P_0417,2026-08-11 19:00:00,Document,outbound
EMAIL_04398,SYN_P_0652,SYN_P_0260,2026-01-25 02:00:00,Invoice,inbound
EMAIL_04399,SYN_P_0311,SYN_P_0398,2025-11-05 00:00:00,Meeting,inbound
EMAIL_04400,SYN_P_0351,SYN_P_0987,2025-09-28 06:00:00,Account,outbound
EMAIL_04401,SYN_P_0985,SYN_P_0108,2026-06-08 11:00:00,Account,inbound
EMAIL_04402,SYN_P_0963,SYN_P_0967,2026-05-05 12:00:00,Delivery,outbound
EMAIL_04403,SYN_P_0894,SYN_P_0538,2025-12-12 16:00:00,Account,outbound
EMAIL_04404,SYN_P_0525,SYN_P_0946,2024-02-01 00:00:00,Meeting,inbound
EMAIL_04405,SYN_P_1033,SYN_P_0539,2024-07-22 01:00:00,Meeting,inbound
EMAIL_04406,SYN_P_0208,SYN_P_0631,2024-02-15 17:00:00,Document,outbound
EMAIL_04407,SYN_P_0146,SYN_P_0470,2025-02-15 07:00:00,Delivery,outbound
EMAIL_04408,SYN_P_1025,SYN_P_0022,2024-12-30 01:00:00,Document,inbound
EMAIL_04409,SYN_P_0477,SYN_P_0484,2025-09-10 22:00:00,Account,inbound
EMAIL_04410,SYN_P_0987,SYN_P_0545,2026-08-15 02:00:00,Account,inbound
EMAIL_04411,SYN_P_0939,SYN_P_0357,2025-09-26 22:00:00,Meeting,inbound
EMAIL_04412,SYN_P_0246,SYN_P_0116,2025-09-03 14:00:00,Invoice,inbound
EMAIL_04413,SYN_P_0092,SYN_P_0645,2024-08-13 06:00:00,Delivery,inbound
EMAIL_04414,SYN_P_0062,SYN_P_0360,2024-12-18 15:00:00,Delivery,inbound
EMAIL_04415,SYN_P_0152,SYN_P_0633,2026-09-30 20:00:00,Account,inbound
EMAIL_04416,SYN_P_0361,SYN_P_0244,2024-08-26 23:00:00,Invoice,outbound
EMAIL_04417,SYN_P_0891,SYN_P_0687,2026-06-10 17:00:00,Account,outbound
EMAIL_04418,SYN_P_0302,SYN_P_0518,2026-09-18 06:00:00,Meeting,inbound
EMAIL_04419,SYN_P_0889,SYN_P_0242,2026-06-30 17:00:00,Account,outbound
EMAIL_04420,SYN_P_0385,SYN_P_0790,2025-03-10 11:00:00,Delivery,outbound
EMAIL_04421,SYN_P_0796,SYN_P_0463,2024-11-29 00:00:00,Account,inbound
EMAIL_04422,SYN_P_0937,SYN_P_0285,2024-04-19 22:00:00,Request,outbound
EMAIL_04423,SYN_P_0220,SYN_P_0846,2025-04-25 18:00:00,Meeting,inbound
EMAIL_04424,SYN_P_0127,SYN_P_0490,2026-06-11 19:00:00,Invoice,inbound
EMAIL_04425,SYN_P_0875,SYN_P_0758,2026-05-22 10:00:00,Document,outbound
EMAIL_04426,SYN_P_0858,SYN_P_0632,2025-05-19 22:00:00,Account,outbound
EMAIL_04427,SYN_P_0106,SYN_P_0132,2025-04-13 21:00:00,Document,outbound
EMAIL_04428,SYN_P_0789,SYN_P_0523,2025-08-04 21:00:00,Delivery,outbound
EMAIL_04429,SYN_P_0590,SYN_P_1025,2026-02-24 23:00:00,Request,inbound
EMAIL_04430,SYN_P_0039,SYN_P_0331,2026-10-20 01:00:00,Meeting,inbound
EMAIL_04431,SYN_P_0654,SYN_P_0218,2025-03-12 20:00:00,Invoice,inbound
EMAIL_04432,SYN_P_0575,SYN_P_0353,2026-02-01 15:00:00,Request,inbound
EMAIL_04433,SYN_P_0117,SYN_P_0305,2024-01-15 22:00:00,Account,inbound
EMAIL_04434,SYN_P_0027,SYN_P_0311,2024-03-28 00:00:00,Request,outbound
EMAIL_04435,SYN_P_0223,SYN_P_0450,2026-08-08 05:00:00,Delivery,inbound
EMAIL_04436,SYN_P_0984,SYN_P_0450,2024-05-15 09:00:00,Account,outbound
EMAIL_04437,SYN_P_0970,SYN_P_0585,2024-01-03 22:00:00,Request,outbound
EMAIL_04438,SYN_P_0475,SYN_P_0865,2026-05-17 11:00:00,Document,inbound
EMAIL_04439,SYN_P_1035,SYN_P_1021,2024-01-03 06:00:00,Delivery,inbound
EMAIL_04440,SYN_P_0524,SYN_P_0645,2025-07-27 19:00:00,Account,outbound
EMAIL_04441,SYN_P_0851,SYN_P_0056,2024-01-18 09:00:00,Delivery,outbound
EMAIL_04442,SYN_P_0837,SYN_P_0579,2025-04-21 13:00:00,Meeting,outbound
EMAIL_04443,SYN_P_0176,SYN_P_0316,2025-06-19 02:00:00,Meeting,inbound
EMAIL_04444,SYN_P_0713,SYN_P_0492,2025-06-19 16:00:00,Meeting,outbound
EMAIL_04445,SYN_P_0945,SYN_P_0903,2025-06-20 04:00:00,Account,inbound
EMAIL_04446,SYN_P_0246,SYN_P_0311,2026-09-29 00:00:00,Account,outbound
EMAIL_04447,SYN_P_0367,SYN_P_0383,2026-04-22 10:00:00,Request,inbound
EMAIL_04448,SYN_P_0162,SYN_P_0425,2026-04-03 09:00:00,Account,outbound
EMAIL_04449,SYN_P_0313,SYN_P_0219,2026-07-13 01:00:00,Invoice,inbound
EMAIL_04450,SYN_P_0636,SYN_P_0367,2026-01-15 06:00:00,Document,outbound
EMAIL_04451,SYN_P_0188,SYN_P_0225,2024-12-25 05:00:00,Delivery,inbound
EMAIL_04452,SYN_P_0492,SYN_P_1037,2025-02-07 02:00:00,Request,outbound
EMAIL_04453,SYN_P_0463,SYN_P_0342,2025-08-15 05:00:00,Request,outbound
EMAIL_04454,SYN_P_0449,SYN_P_0150,2025-05-14 20:00:00,Invoice,inbound
EMAIL_04455,SYN_P_0077,SYN_P_0837,2025-01-22 10:00:00,Request,inbound
EMAIL_04456,SYN_P_0145,SYN_P_0892,2024-04-25 23:00:00,Delivery,inbound
EMAIL_04457,SYN_P_0554,SYN_P_0544,2024-01-27 19:00:00,Delivery,inbound
EMAIL_04458,SYN_P_0555,SYN_P_0906,2025-08-20 19:00:00,Request,outbound
EMAIL_04459,SYN_P_0274,SYN_P_0292,2024-01-22 18:00:00,Invoice,outbound
EMAIL_04460,SYN_P_0257,SYN_P_0943,2024-01-02 04:00:00,Document,outbound
EMAIL_04461,SYN_P_0595,SYN_P_0621,2024-09-10 16:00:00,Account,inbound
EMAIL_04462,SYN_P_0168,SYN_P_0083,2025-08-01 18:00:00,Account,inbound
EMAIL_04463,SYN_P_0516,SYN_P_0158,2025-04-05 15:00:00,Account,inbound
EMAIL_04464,SYN_P_0561,SYN_P_0074,2024-10-11 11:00:00,Account,inbound
EMAIL_04465,SYN_P_0438,SYN_P_1028,2024-08-07 12:00:00,Delivery,inbound
EMAIL_04466,SYN_P_0206,SYN_P_0914,2024-07-13 04:00:00,Meeting,inbound
EMAIL_04467,SYN_P_0555,SYN_P_0446,2024-07-01 13:00:00,Account,outbound
EMAIL_04468,SYN_P_0765,SYN_P_0416,2026-10-17 17:00:00,Account,outbound
EMAIL_04469,SYN_P_0591,SYN_P_0548,2025-03-31 01:00:00,Account,inbound
EMAIL_04470,SYN_P_0223,SYN_P_0328,2024-02-02 12:00:00,Account,outbound
EMAIL_04471,SYN_P_0048,SYN_P_1023,2025-02-24 14:00:00,Request,inbound
EMAIL_04472,SYN_P_0987,SYN_P_0113,2024-07-08 13:00:00,Document,inbound
EMAIL_04473,SYN_P_0955,SYN_P_0358,2024-04-15 14:00:00,Delivery,inbound
EMAIL_04474,SYN_P_0074,SYN_P_0057,2025-08-22 07:00:00,Document,outbound
EMAIL_04475,SYN_P_0104,SYN_P_0621,2025-04-23 13:00:00,Account,outbound
EMAIL_04476,SYN_P_0631,SYN_P_0094,2025-09-06 17:00:00,Delivery,outbound
EMAIL_04477,SYN_P_0841,SYN_P_1008,2026-06-25 06:00:00,Delivery,inbound
EMAIL_04478,SYN_P_0974,SYN_P_0417,2025-07-07 22:00:00,Delivery,outbound
EMAIL_04479,SYN_P_0682,SYN_P_0252,2024-12-08 07:00:00,Request,outbound
EMAIL_04480,SYN_P_1035,SYN_P_0450,2026-09-01 12:00:00,Request,outbound
EMAIL_04481,SYN_P_0287,SYN_P_0516,2026-04-17 05:00:00,Account,outbound
EMAIL_04482,SYN_P_0936,SYN_P_0838,2026-02-03 10:00:00,Meeting,outbound
EMAIL_04483,SYN_P_1014,SYN_P_0781,2025-07-29 21:00:00,Delivery,inbound
EMAIL_04484,SYN_P_0986,SYN_P_0966,2026-06-30 07:00:00,Account,outbound
EMAIL_04485,SYN_P_0053,SYN_P_0292,2025-12-27 15:00:00,Delivery,outbound
EMAIL_04486,SYN_P_0305,SYN_P_0680,2026-01-28 19:00:00,Invoice,outbound
EMAIL_04487,SYN_P_0591,SYN_P_0619,2026-05-09 13:00:00,Invoice,outbound
EMAIL_04488,SYN_P_0105,SYN_P_0911,2024-01-27 15:00:00,Delivery,outbound
EMAIL_04489,SYN_P_0647,SYN_P_0147,2025-08-28 10:00:00,Account,outbound
EMAIL_04490,SYN_P_0014,SYN_P_0156,2026-08-16 02:00:00,Request,outbound
EMAIL_04491,SYN_P_0947,SYN_P_0696,2024-03-08 09:00:00,Request,inbound
EMAIL_04492,SYN_P_0936,SYN_P_0354,2024-07-10 23:00:00,Request,inbound
EMAIL_04493,SYN_P_0177,SYN_P_0339,2024-01-19 17:00:00,Meeting,outbound
EMAIL_04494,SYN_P_0356,SYN_P_0482,2024-10-10 20:00:00,Delivery,outbound
EMAIL_04495,SYN_P_0900,SYN_P_0908,2025-11-11 06:00:00,Delivery,inbound
EMAIL_04496,SYN_P_0602,SYN_P_0132,2026-05-16 16:00:00,Invoice,outbound
EMAIL_04497,SYN_P_0427,SYN_P_0005,2025-01-12 16:00:00,Account,inbound
EMAIL_04498,SYN_P_0779,SYN_P_0894,2025-09-20 09:00:00,Account,outbound
EMAIL_04499,SYN_P_0373,SYN_P_0714,2024-12-10 17:00:00,Invoice,inbound
EMAIL_04500,SYN_P_0269,SYN_P_0420,2024-03-06 13:00:00,Delivery,outbound
EMAIL_04501,SYN_P_0726,SYN_P_0162,2025-10-20 19:00:00,Meeting,inbound
EMAIL_04502,SYN_P_0652,SYN_P_0511,2025-11-19 21:00:00,Invoice,outbound
EMAIL_04503,SYN_P_0996,SYN_P_0520,2026-02-28 08:00:00,Meeting,outbound
EMAIL_04504,SYN_P_0525,SYN_P_0507,2024-02-10 06:00:00,Account,inbound
EMAIL_04505,SYN_P_0578,SYN_P_0412,2026-02-16 13:00:00,Delivery,outbound
EMAIL_04506,SYN_P_0157,SYN_P_0651,2025-04-23 01:00:00,Invoice,outbound
EMAIL_04507,SYN_P_0262,SYN_P_0768,2025-08-07 00:00:00,Account,outbound
EMAIL_04508,SYN_P_0388,SYN_P_0999,2024-12-25 11:00:00,Invoice,outbound
EMAIL_04509,SYN_P_0860,SYN_P_0621,2024-04-22 05:00:00,Account,outbound
EMAIL_04510,SYN_P_0804,SYN_P_0834,2025-12-01 06:00:00,Invoice,outbound
EMAIL_04511,SYN_P_0579,SYN_P_0357,2024-12-28 19:00:00,Meeting,outbound
EMAIL_04512,SYN_P_0494,SYN_P_0817,2024-05-09 20:00:00,Account,inbound
EMAIL_04513,SYN_P_0972,SYN_P_0110,2024-01-30 10:00:00,Invoice,inbound
EMAIL_04514,SYN_P_0032,SYN_P_0869,2025-12-28 04:00:00,Delivery,inbound
EMAIL_04515,SYN_P_0836,SYN_P_0939,2024-05-13 17:00:00,Meeting,inbound
EMAIL_04516,SYN_P_1007,SYN_P_0343,2025-11-11 17:00:00,Document,outbound
EMAIL_04517,SYN_P_0582,SYN_P_0468,2026-04-21 09:00:00,Account,outbound
EMAIL_04518,SYN_P_0815,SYN_P_0343,2024-11-23 04:00:00,Delivery,inbound
EMAIL_04519,SYN_P_0486,SYN_P_0143,2024-02-25 09:00:00,Invoice,outbound
EMAIL_04520,SYN_P_0505,SYN_P_0746,2024-07-23 08:00:00,Delivery,outbound
EMAIL_04521,SYN_P_0056,SYN_P_0861,2026-07-29 18:00:00,Meeting,outbound
EMAIL_04522,SYN_P_0771,SYN_P_0983,2024-03-28 10:00:00,Account,inbound
EMAIL_04523,SYN_P_0645,SYN_P_0078,2024-10-26 08:00:00,Account,inbound
EMAIL_04524,SYN_P_0643,SYN_P_0796,2024-02-10 17:00:00,Request,inbound
EMAIL_04525,SYN_P_0187,SYN_P_1019,2024-10-13 15:00:00,Request,outbound
EMAIL_04526,SYN_P_0292,SYN_P_0730,2026-03-08 18:00:00,Request,inbound
EMAIL_04527,SYN_P_0429,SYN_P_0829,2024-09-21 08:00:00,Meeting,inbound
EMAIL_04528,SYN_P_0413,SYN_P_0602,2025-02-01 18:00:00,Document,outbound
EMAIL_04529,SYN_P_0248,SYN_P_0336,2025-09-20 13:00:00,Request,outbound
EMAIL_04530,SYN_P_0031,SYN_P_0718,2025-02-14 07:00:00,Delivery,outbound
EMAIL_04531,SYN_P_0356,SYN_P_0385,2025-08-18 19:00:00,Invoice,inbound
EMAIL_04532,SYN_P_0977,SYN_P_0964,2024-10-03 10:00:00,Delivery,inbound
EMAIL_04533,SYN_P_0669,SYN_P_0944,2024-05-03 11:00:00,Delivery,outbound
EMAIL_04534,SYN_P_0682,SYN_P_0646,2025-11-19 18:00:00,Meeting,outbound
EMAIL_04535,SYN_P_0304,SYN_P_0116,2025-07-14 02:00:00,Meeting,outbound
EMAIL_04536,SYN_P_0970,SYN_P_0320,2024-06-23 16:00:00,Request,outbound
EMAIL_04537,SYN_P_0643,SYN_P_0777,2026-02-12 15:00:00,Meeting,outbound
EMAIL_04538,SYN_P_0489,SYN_P_0240,2026-09-02 17:00:00,Invoice,outbound
EMAIL_04539,SYN_P_0754,SYN_P_0591,2025-04-20 23:00:00,Delivery,outbound
EMAIL_04540,SYN_P_0263,SYN_P_0386,2026-10-10 20:00:00,Invoice,outbound
EMAIL_04541,SYN_P_0830,SYN_P_0761,2024-06-12 21:00:00,Invoice,outbound
EMAIL_04542,SYN_P_0173,SYN_P_0043,2024-10-02 16:00:00,Meeting,outbound
EMAIL_04543,SYN_P_0343,SYN_P_0362,2024-09-30 01:00:00,Document,inbound
EMAIL_04544,SYN_P_0668,SYN_P_0415,2024-10-23 11:00:00,Delivery,outbound
EMAIL_04545,SYN_P_0181,SYN_P_0395,2026-07-11 05:00:00,Meeting,outbound
EMAIL_04546,SYN_P_0845,SYN_P_0270,2026-03-20 13:00:00,Meeting,inbound
EMAIL_04547,SYN_P_0384,SYN_P_0549,2025-03-06 05:00:00,Request,outbound
EMAIL_04548,SYN_P_0224,SYN_P_0037,2024-07-08 11:00:00,Account,outbound
EMAIL_04549,SYN_P_0571,SYN_P_0155,2025-08-08 14:00:00,Delivery,inbound
EMAIL_04550,SYN_P_0731,SYN_P_0177,2025-06-09 10:00:00,Invoice,outbound
EMAIL_04551,SYN_P_0915,SYN_P_0655,2025-11-05 09:00:00,Meeting,outbound
EMAIL_04552,SYN_P_0627,SYN_P_0745,2026-02-25 13:00:00,Request,inbound
EMAIL_04553,SYN_P_0703,SYN_P_0426,2026-08-11 07:00:00,Request,outbound
EMAIL_04554,SYN_P_0297,SYN_P_0061,2025-03-16 04:00:00,Document,outbound
EMAIL_04555,SYN_P_0055,SYN_P_0801,2025-02-10 16:00:00,Invoice,outbound
EMAIL_04556,SYN_P_0286,SYN_P_0094,2026-02-08 23:00:00,Account,outbound
EMAIL_04557,SYN_P_0433,SYN_P_0184,2024-02-18 23:00:00,Request,outbound
EMAIL_04558,SYN_P_0024,SYN_P_0020,2025-08-08 18:00:00,Meeting,inbound
EMAIL_04559,SYN_P_0690,SYN_P_0103,2024-12-12 17:00:00,Delivery,outbound
EMAIL_04560,SYN_P_0701,SYN_P_0346,2024-09-18 18:00:00,Meeting,inbound
EMAIL_04561,SYN_P_0759,SYN_P_0731,2025-06-03 20:00:00,Document,outbound
EMAIL_04562,SYN_P_0577,SYN_P_0633,2024-02-04 14:00:00,Account,inbound
EMAIL_04563,SYN_P_0598,SYN_P_0621,2025-11-11 00:00:00,Request,outbound
EMAIL_04564,SYN_P_0204,SYN_P_0457,2025-11-10 13:00:00,Invoice,outbound
EMAIL_04565,SYN_P_0290,SYN_P_0054,2024-08-22 18:00:00,Document,inbound
EMAIL_04566,SYN_P_0381,SYN_P_0175,2024-06-17 01:00:00,Request,outbound
EMAIL_04567,SYN_P_0850,SYN_P_0126,2026-09-17 16:00:00,Document,outbound
EMAIL_04568,SYN_P_0625,SYN_P_0963,2026-06-29 11:00:00,Invoice,inbound
EMAIL_04569,SYN_P_0782,SYN_P_0473,2025-07-27 07:00:00,Request,inbound
EMAIL_04570,SYN_P_0192,SYN_P_0710,2024-03-31 11:00:00,Request,outbound
EMAIL_04571,SYN_P_0645,SYN_P_0019,2025-02-17 04:00:00,Account,outbound
EMAIL_04572,SYN_P_1013,SYN_P_0796,2025-03-12 15:00:00,Document,outbound
EMAIL_04573,SYN_P_0617,SYN_P_0634,2025-08-28 03:00:00,Document,outbound
EMAIL_04574,SYN_P_0781,SYN_P_0490,2026-04-01 23:00:00,Invoice,outbound
EMAIL_04575,SYN_P_0666,SYN_P_0428,2025-09-23 05:00:00,Delivery,inbound
EMAIL_04576,SYN_P_0455,SYN_P_1013,2025-11-15 11:00:00,Document,outbound
EMAIL_04577,SYN_P_0832,SYN_P_0750,2025-08-22 06:00:00,Document,outbound
EMAIL_04578,SYN_P_0902,SYN_P_0471,2026-06-10 04:00:00,Invoice,outbound
EMAIL_04579,SYN_P_0624,SYN_P_0455,2025-08-08 13:00:00,Delivery,inbound
EMAIL_04580,SYN_P_0909,SYN_P_0566,2026-09-15 15:00:00,Account,inbound
EMAIL_04581,SYN_P_0492,SYN_P_0754,2026-10-26 17:00:00,Account,outbound
EMAIL_04582,SYN_P_0312,SYN_P_0657,2025-12-27 14:00:00,Invoice,outbound
EMAIL_04583,SYN_P_0428,SYN_P_1023,2026-08-05 07:00:00,Meeting,inbound
EMAIL_04584,SYN_P_0204,SYN_P_0152,2025-06-01 19:00:00,Meeting,inbound
EMAIL_04585,SYN_P_0069,SYN_P_0540,2026-07-07 18:00:00,Document,outbound
EMAIL_04586,SYN_P_0069,SYN_P_0023,2026-02-23 14:00:00,Request,inbound
EMAIL_04587,SYN_P_0635,SYN_P_0464,2024-10-20 20:00:00,Account,inbound
EMAIL_04588,SYN_P_0216,SYN_P_0363,2025-06-02 17:00:00,Delivery,outbound
EMAIL_04589,SYN_P_0776,SYN_P_0735,2026-08-27 04:00:00,Delivery,outbound
EMAIL_04590,SYN_P_0263,SYN_P_0113,2024-09-01 22:00:00,Invoice,inbound
EMAIL_04591,SYN_P_0509,SYN_P_0532,2025-04-10 16:00:00,Delivery,inbound
EMAIL_04592,SYN_P_0535,SYN_P_0852,2025-10-10 04:00:00,Account,outbound
EMAIL_04593,SYN_P_0507,SYN_P_0869,2026-10-01 03:00:00,Document,inbound
EMAIL_04594,SYN_P_0290,SYN_P_0752,2025-01-20 21:00:00,Delivery,outbound
EMAIL_04595,SYN_P_0337,SYN_P_1005,2024-03-01 22:00:00,Invoice,outbound
EMAIL_04596,SYN_P_0761,SYN_P_0658,2026-09-01 20:00:00,Request,outbound
EMAIL_04597,SYN_P_0816,SYN_P_0207,2026-06-23 07:00:00,Request,outbound
EMAIL_04598,SYN_P_0931,SYN_P_0809,2024-09-11 14:00:00,Meeting,outbound
EMAIL_04599,SYN_P_0986,SYN_P_0713,2024-03-10 14:00:00,Request,outbound
EMAIL_04600,SYN_P_0459,SYN_P_0655,2024-07-09 13:00:00,Account,outbound
EMAIL_04601,SYN_P_0516,SYN_P_0091,2024-04-28 23:00:00,Request,outbound
EMAIL_04602,SYN_P_0951,SYN_P_0606,2026-10-07 01:00:00,Document,inbound
EMAIL_04603,SYN_P_0881,SYN_P_0354,2026-01-29 02:00:00,Document,inbound
EMAIL_04604,SYN_P_0456,SYN_P_0594,2024-03-02 19:00:00,Meeting,outbound
EMAIL_04605,SYN_P_0426,SYN_P_0877,2026-08-29 13:00:00,Invoice,inbound
EMAIL_04606,SYN_P_0910,SYN_P_0297,2025-06-07 06:00:00,Meeting,inbound
EMAIL_04607,SYN_P_0488,SYN_P_0807,2026-10-21 16:00:00,Delivery,outbound
EMAIL_04608,SYN_P_0397,SYN_P_1013,2026-05-14 20:00:00,Document,inbound
EMAIL_04609,SYN_P_0594,SYN_P_1004,2024-11-10 20:00:00,Invoice,inbound
EMAIL_04610,SYN_P_0522,SYN_P_0316,2026-10-14 06:00:00,Document,inbound
EMAIL_04611,SYN_P_0348,SYN_P_0346,2026-02-09 14:00:00,Delivery,inbound
EMAIL_04612,SYN_P_0952,SYN_P_0692,2026-04-12 20:00:00,Invoice,outbound
EMAIL_04613,SYN_P_0290,SYN_P_0531,2024-03-28 22:00:00,Meeting,inbound
EMAIL_04614,SYN_P_0279,SYN_P_0762,2024-05-30 11:00:00,Delivery,outbound
EMAIL_04615,SYN_P_0172,SYN_P_0518,2024-02-02 22:00:00,Delivery,outbound
EMAIL_04616,SYN_P_0084,SYN_P_0005,2024-03-01 12:00:00,Delivery,outbound
EMAIL_04617,SYN_P_0996,SYN_P_0471,2026-05-06 18:00:00,Delivery,outbound
EMAIL_04618,SYN_P_0020,SYN_P_0228,2024-07-03 23:00:00,Document,outbound
EMAIL_04619,SYN_P_0960,SYN_P_0956,2025-11-14 14:00:00,Delivery,inbound
EMAIL_04620,SYN_P_0739,SYN_P_0292,2026-01-10 18:00:00,Account,outbound
EMAIL_04621,SYN_P_0378,SYN_P_0091,2026-09-28 16:00:00,Document,outbound
EMAIL_04622,SYN_P_0713,SYN_P_0037,2025-02-17 20:00:00,Invoice,outbound
EMAIL_04623,SYN_P_0617,SYN_P_0318,2024-08-17 10:00:00,Meeting,inbound
EMAIL_04624,SYN_P_0922,SYN_P_0188,2025-10-27 20:00:00,Account,outbound
EMAIL_04625,SYN_P_0064,SYN_P_0182,2024-08-13 15:00:00,Delivery,inbound
EMAIL_04626,SYN_P_0722,SYN_P_0243,2025-12-25 05:00:00,Request,outbound
EMAIL_04627,SYN_P_0511,SYN_P_0964,2026-03-16 08:00:00,Meeting,inbound
EMAIL_04628,SYN_P_0439,SYN_P_0987,2025-05-22 16:00:00,Invoice,outbound
EMAIL_04629,SYN_P_0902,SYN_P_0403,2025-12-26 14:00:00,Invoice,inbound
EMAIL_04630,SYN_P_0301,SYN_P_0424,2026-03-30 18:00:00,Delivery,inbound
EMAIL_04631,SYN_P_0867,SYN_P_0247,2026-04-28 13:00:00,Delivery,outbound
EMAIL_04632,SYN_P_0801,SYN_P_0147,2024-11-01 16:00:00,Meeting,inbound
EMAIL_04633,SYN_P_0444,SYN_P_0252,2025-12-22 17:00:00,Meeting,inbound
EMAIL_04634,SYN_P_0056,SYN_P_0527,2026-06-05 04:00:00,Account,outbound
EMAIL_04635,SYN_P_1014,SYN_P_0095,2025-08-06 14:00:00,Invoice,outbound
EMAIL_04636,SYN_P_0277,SYN_P_0329,2026-05-28 04:00:00,Invoice,inbound
EMAIL_04637,SYN_P_0024,SYN_P_0018,2025-08-31 12:00:00,Invoice,inbound
EMAIL_04638,SYN_P_0829,SYN_P_0150,2025-04-10 13:00:00,Request,inbound
EMAIL_04639,SYN_P_0397,SYN_P_0937,2024-01-30 19:00:00,Account,inbound
EMAIL_04640,SYN_P_0394,SYN_P_0374,2026-03-23 09:00:00,Meeting,inbound
EMAIL_04641,SYN_P_0237,SYN_P_0009,2025-05-19 10:00:00,Meeting,inbound
EMAIL_04642,SYN_P_0107,SYN_P_0830,2024-03-30 12:00:00,Invoice,inbound
EMAIL_04643,SYN_P_0964,SYN_P_0273,2025-07-25 00:00:00,Request,inbound
EMAIL_04644,SYN_P_0459,SYN_P_0539,2024-06-15 12:00:00,Meeting,outbound
EMAIL_04645,SYN_P_0320,SYN_P_0999,2025-10-09 14:00:00,Invoice,inbound
EMAIL_04646,SYN_P_0828,SYN_P_0829,2026-06-19 15:00:00,Meeting,inbound
EMAIL_04647,SYN_P_0982,SYN_P_0243,2024-12-24 17:00:00,Request,inbound
EMAIL_04648,SYN_P_0684,SYN_P_0590,2026-10-13 16:00:00,Meeting,outbound
EMAIL_04649,SYN_P_0573,SYN_P_0815,2025-07-14 11:00:00,Document,outbound
EMAIL_04650,SYN_P_0479,SYN_P_0868,2026-06-14 01:00:00,Account,outbound
EMAIL_04651,SYN_P_0096,SYN_P_0721,2024-10-30 15:00:00,Invoice,inbound
EMAIL_04652,SYN_P_0877,SYN_P_0480,2026-10-08 10:00:00,Meeting,outbound
EMAIL_04653,SYN_P_0663,SYN_P_0584,2024-04-30 07:00:00,Account,inbound
EMAIL_04654,SYN_P_0161,SYN_P_0669,2026-02-12 15:00:00,Request,outbound
EMAIL_04655,SYN_P_0812,SYN_P_0537,2025-12-23 18:00:00,Account,outbound
EMAIL_04656,SYN_P_0823,SYN_P_0026,2025-02-08 01:00:00,Request,outbound
EMAIL_04657,SYN_P_0408,SYN_P_0138,2025-05-22 10:00:00,Meeting,outbound
EMAIL_04658,SYN_P_0103,SYN_P_0931,2026-03-29 03:00:00,Meeting,inbound
EMAIL_04659,SYN_P_0823,SYN_P_0968,2025-07-19 22:00:00,Request,inbound
EMAIL_04660,SYN_P_0697,SYN_P_0079,2024-06-18 12:00:00,Account,outbound
EMAIL_04661,SYN_P_0817,SYN_P_0799,2026-04-01 17:00:00,Request,inbound
EMAIL_04662,SYN_P_0127,SYN_P_0871,2024-08-07 15:00:00,Request,outbound
EMAIL_04663,SYN_P_0891,SYN_P_0512,2025-12-30 05:00:00,Account,inbound
EMAIL_04664,SYN_P_0988,SYN_P_0394,2025-07-31 17:00:00,Delivery,outbound
EMAIL_04665,SYN_P_0513,SYN_P_0972,2025-05-21 00:00:00,Request,outbound
EMAIL_04666,SYN_P_0879,SYN_P_0609,2024-11-30 20:00:00,Invoice,outbound
EMAIL_04667,SYN_P_0070,SYN_P_0482,2024-08-23 02:00:00,Meeting,inbound
EMAIL_04668,SYN_P_0604,SYN_P_0489,2024-10-31 06:00:00,Document,inbound
EMAIL_04669,SYN_P_0088,SYN_P_0154,2025-03-19 16:00:00,Document,inbound
EMAIL_04670,SYN_P_0408,SYN_P_0380,2025-07-16 10:00:00,Document,outbound
EMAIL_04671,SYN_P_0777,SYN_P_0633,2026-08-21 12:00:00,Invoice,inbound
EMAIL_04672,SYN_P_0321,SYN_P_0620,2026-09-09 11:00:00,Request,inbound
EMAIL_04673,SYN_P_0650,SYN_P_0262,2024-04-13 23:00:00,Account,inbound
EMAIL_04674,SYN_P_0749,SYN_P_0092,2024-05-10 01:00:00,Request,outbound
EMAIL_04675,SYN_P_0284,SYN_P_1005,2026-08-13 10:00:00,Invoice,outbound
EMAIL_04676,SYN_P_0551,SYN_P_0441,2025-10-23 07:00:00,Document,inbound
EMAIL_04677,SYN_P_0016,SYN_P_0603,2026-06-16 21:00:00,Account,inbound
EMAIL_04678,SYN_P_0505,SYN_P_0968,2026-07-06 15:00:00,Document,inbound
EMAIL_04679,SYN_P_0297,SYN_P_0812,2025-12-29 10:00:00,Request,inbound
EMAIL_04680,SYN_P_0996,SYN_P_0145,2025-03-09 01:00:00,Request,outbound
EMAIL_04681,SYN_P_0687,SYN_P_0281,2025-08-19 11:00:00,Request,outbound
EMAIL_04682,SYN_P_0432,SYN_P_0108,2026-10-11 01:00:00,Invoice,outbound
EMAIL_04683,SYN_P_1035,SYN_P_0546,2026-04-12 11:00:00,Document,inbound
EMAIL_04684,SYN_P_0572,SYN_P_0700,2026-07-19 22:00:00,Document,outbound
EMAIL_04685,SYN_P_0304,SYN_P_0571,2024-06-14 04:00:00,Delivery,outbound
EMAIL_04686,SYN_P_0668,SYN_P_0535,2026-05-14 09:00:00,Invoice,inbound
EMAIL_04687,SYN_P_0670,SYN_P_0864,2024-04-03 20:00:00,Account,inbound
EMAIL_04688,SYN_P_0741,SYN_P_0352,2024-05-15 14:00:00,Document,outbound
EMAIL_04689,SYN_P_0424,SYN_P_0510,2026-02-18 02:00:00,Delivery,outbound
EMAIL_04690,SYN_P_0628,SYN_P_0881,2025-01-15 15:00:00,Meeting,outbound
EMAIL_04691,SYN_P_0149,SYN_P_0063,2024-05-14 19:00:00,Request,inbound
EMAIL_04692,SYN_P_0491,SYN_P_0061,2026-05-19 19:00:00,Document,outbound
EMAIL_04693,SYN_P_0613,SYN_P_0309,2024-09-14 12:00:00,Account,inbound
EMAIL_04694,SYN_P_0408,SYN_P_0274,2024-08-04 18:00:00,Meeting,outbound
EMAIL_04695,SYN_P_0065,SYN_P_1017,2024-07-04 22:00:00,Delivery,inbound
EMAIL_04696,SYN_P_0333,SYN_P_0240,2025-01-08 20:00:00,Delivery,outbound
EMAIL_04697,SYN_P_0847,SYN_P_0203,2025-10-08 05:00:00,Document,inbound
EMAIL_04698,SYN_P_0967,SYN_P_0775,2025-03-22 16:00:00,Meeting,outbound
EMAIL_04699,SYN_P_0080,SYN_P_0358,2025-11-27 20:00:00,Meeting,outbound
EMAIL_04700,SYN_P_0023,SYN_P_0495,2025-07-14 09:00:00,Account,outbound
EMAIL_04701,SYN_P_0500,SYN_P_0806,2026-03-07 01:00:00,Document,outbound
EMAIL_04702,SYN_P_0988,SYN_P_0507,2025-10-08 03:00:00,Request,inbound
EMAIL_04703,SYN_P_1030,SYN_P_0404,2026-08-20 11:00:00,Account,outbound
EMAIL_04704,SYN_P_0457,SYN_P_0216,2026-03-29 03:00:00,Document,outbound
EMAIL_04705,SYN_P_0621,SYN_P_0324,2024-08-15 17:00:00,Invoice,inbound
EMAIL_04706,SYN_P_0051,SYN_P_0576,2025-08-08 18:00:00,Invoice,outbound
EMAIL_04707,SYN_P_0949,SYN_P_0838,2024-06-27 10:00:00,Account,inbound
EMAIL_04708,SYN_P_0784,SYN_P_0765,2026-08-14 16:00:00,Account,outbound
EMAIL_04709,SYN_P_0376,SYN_P_0575,2024-11-06 03:00:00,Invoice,outbound
EMAIL_04710,SYN_P_0320,SYN_P_0303,2024-09-14 01:00:00,Meeting,outbound
EMAIL_04711,SYN_P_0635,SYN_P_0662,2024-09-20 19:00:00,Meeting,inbound
EMAIL_04712,SYN_P_0732,SYN_P_0026,2026-04-30 22:00:00,Delivery,outbound
EMAIL_04713,SYN_P_0665,SYN_P_0900,2024-06-20 16:00:00,Document,inbound
EMAIL_04714,SYN_P_0933,SYN_P_0821,2024-10-21 13:00:00,Delivery,inbound
EMAIL_04715,SYN_P_0197,SYN_P_0818,2026-02-16 21:00:00,Account,outbound
EMAIL_04716,SYN_P_0442,SYN_P_0119,2025-03-01 12:00:00,Meeting,inbound
EMAIL_04717,SYN_P_0010,SYN_P_0971,2026-10-23 17:00:00,Document,outbound
EMAIL_04718,SYN_P_0748,SYN_P_0511,2026-01-17 19:00:00,Document,inbound
EMAIL_04719,SYN_P_0247,SYN_P_0892,2024-10-27 07:00:00,Request,inbound
EMAIL_04720,SYN_P_0556,SYN_P_0343,2025-04-27 17:00:00,Document,outbound
EMAIL_04721,SYN_P_0344,SYN_P_0963,2024-12-18 18:00:00,Document,outbound
EMAIL_04722,SYN_P_0234,SYN_P_0034,2025-06-21 12:00:00,Document,outbound
EMAIL_04723,SYN_P_0978,SYN_P_0083,2025-12-29 00:00:00,Invoice,inbound
EMAIL_04724,SYN_P_0030,SYN_P_0886,2026-07-06 02:00:00,Request,outbound
EMAIL_04725,SYN_P_0288,SYN_P_0105,2025-12-12 19:00:00,Invoice,inbound
EMAIL_04726,SYN_P_0222,SYN_P_0741,2025-11-05 14:00:00,Meeting,outbound
EMAIL_04727,SYN_P_0703,SYN_P_0730,2024-12-19 18:00:00,Document,outbound
EMAIL_04728,SYN_P_0032,SYN_P_0429,2025-09-27 11:00:00,Document,inbound
EMAIL_04729,SYN_P_0961,SYN_P_0821,2025-08-30 15:00:00,Request,inbound
EMAIL_04730,SYN_P_0743,SYN_P_0130,2025-12-20 02:00:00,Delivery,outbound
EMAIL_04731,SYN_P_0135,SYN_P_0817,2026-06-26 10:00:00,Invoice,inbound
EMAIL_04732,SYN_P_0347,SYN_P_0547,2024-03-02 00:00:00,Delivery,outbound
EMAIL_04733,SYN_P_0389,SYN_P_0812,2026-10-25 13:00:00,Account,inbound
EMAIL_04734,SYN_P_0624,SYN_P_0908,2025-05-26 15:00:00,Account,outbound
EMAIL_04735,SYN_P_0230,SYN_P_0438,2025-08-01 05:00:00,Delivery,outbound
EMAIL_04736,SYN_P_0219,SYN_P_0770,2024-06-07 09:00:00,Account,outbound
EMAIL_04737,SYN_P_0761,SYN_P_0019,2024-08-17 17:00:00,Invoice,inbound
EMAIL_04738,SYN_P_0633,SYN_P_0840,2024-04-01 15:00:00,Invoice,outbound
EMAIL_04739,SYN_P_0097,SYN_P_0092,2024-12-09 03:00:00,Account,outbound
EMAIL_04740,SYN_P_0947,SYN_P_0696,2025-04-04 16:00:00,Request,outbound
EMAIL_04741,SYN_P_0831,SYN_P_0129,2024-06-10 04:00:00,Delivery,outbound
EMAIL_04742,SYN_P_0487,SYN_P_1028,2025-04-09 15:00:00,Request,inbound
EMAIL_04743,SYN_P_0790,SYN_P_0537,2026-09-14 03:00:00,Meeting,outbound
EMAIL_04744,SYN_P_0139,SYN_P_0002,2024-01-06 10:00:00,Delivery,outbound
EMAIL_04745,SYN_P_0729,SYN_P_0224,2024-05-28 05:00:00,Invoice,inbound
EMAIL_04746,SYN_P_0718,SYN_P_0787,2026-09-04 10:00:00,Document,inbound
EMAIL_04747,SYN_P_0907,SYN_P_0707,2026-04-12 07:00:00,Request,inbound
EMAIL_04748,SYN_P_1009,SYN_P_0722,2025-12-13 15:00:00,Request,inbound
EMAIL_04749,SYN_P_0494,SYN_P_0032,2026-02-16 21:00:00,Account,outbound
EMAIL_04750,SYN_P_0103,SYN_P_1010,2024-08-01 03:00:00,Meeting,inbound
EMAIL_04751,SYN_P_0105,SYN_P_0581,2024-07-16 09:00:00,Invoice,inbound
EMAIL_04752,SYN_P_0324,SYN_P_0808,2024-01-03 23:00:00,Delivery,outbound
EMAIL_04753,SYN_P_0009,SYN_P_0882,2026-07-23 04:00:00,Invoice,outbound
EMAIL_04754,SYN_P_0518,SYN_P_0440,2026-10-05 21:00:00,Account,outbound
EMAIL_04755,SYN_P_0157,SYN_P_0295,2025-04-28 07:00:00,Request,inbound
EMAIL_04756,SYN_P_0450,SYN_P_0458,2024-04-30 12:00:00,Document,inbound
EMAIL_04757,SYN_P_0889,SYN_P_0486,2025-04-18 07:00:00,Document,outbound
EMAIL_04758,SYN_P_0967,SYN_P_0339,2026-07-12 14:00:00,Delivery,outbound
EMAIL_04759,SYN_P_0543,SYN_P_0586,2024-12-24 09:00:00,Meeting,inbound
EMAIL_04760,SYN_P_0016,SYN_P_0838,2026-10-07 01:00:00,Request,inbound
EMAIL_04761,SYN_P_0368,SYN_P_0322,2024-09-10 06:00:00,Account,outbound
EMAIL_04762,SYN_P_0183,SYN_P_0269,2025-11-10 22:00:00,Document,outbound
EMAIL_04763,SYN_P_0747,SYN_P_0783,2025-07-22 07:00:00,Meeting,outbound
EMAIL_04764,SYN_P_0558,SYN_P_0502,2024-04-21 13:00:00,Document,outbound
EMAIL_04765,SYN_P_0846,SYN_P_0185,2024-10-05 03:00:00,Document,outbound
EMAIL_04766,SYN_P_0846,SYN_P_0389,2025-08-07 03:00:00,Delivery,outbound
EMAIL_04767,SYN_P_0636,SYN_P_0668,2024-09-08 19:00:00,Account,outbound
EMAIL_04768,SYN_P_0338,SYN_P_0258,2025-12-27 23:00:00,Account,outbound
EMAIL_04769,SYN_P_0914,SYN_P_0584,2024-11-15 11:00:00,Delivery,inbound
EMAIL_04770,SYN_P_0918,SYN_P_0805,2026-08-28 16:00:00,Meeting,inbound
EMAIL_04771,SYN_P_0408,SYN_P_0619,2025-08-08 07:00:00,Request,outbound
EMAIL_04772,SYN_P_1021,SYN_P_0105,2026-09-26 04:00:00,Request,inbound
EMAIL_04773,SYN_P_0123,SYN_P_0616,2025-10-24 09:00:00,Meeting,inbound
EMAIL_04774,SYN_P_0063,SYN_P_1005,2024-07-27 16:00:00,Invoice,outbound
EMAIL_04775,SYN_P_0836,SYN_P_0287,2024-08-10 08:00:00,Request,inbound
EMAIL_04776,SYN_P_0446,SYN_P_0477,2026-10-16 11:00:00,Meeting,inbound
EMAIL_04777,SYN_P_0592,SYN_P_0105,2024-06-04 19:00:00,Request,outbound
EMAIL_04778,SYN_P_0898,SYN_P_0771,2025-11-03 19:00:00,Invoice,outbound
EMAIL_04779,SYN_P_0294,SYN_P_0355,2025-07-10 01:00:00,Delivery,inbound
EMAIL_04780,SYN_P_0161,SYN_P_0225,2024-08-05 14:00:00,Account,inbound
EMAIL_04781,SYN_P_0033,SYN_P_0769,2024-04-08 03:00:00,Delivery,inbound
EMAIL_04782,SYN_P_0913,SYN_P_0186,2025-12-23 21:00:00,Delivery,inbound
EMAIL_04783,SYN_P_0965,SYN_P_0756,2024-09-19 21:00:00,Delivery,inbound
EMAIL_04784,SYN_P_0950,SYN_P_0949,2026-07-29 09:00:00,Delivery,outbound
EMAIL_04785,SYN_P_0196,SYN_P_0616,2024-09-23 21:00:00,Account,inbound
EMAIL_04786,SYN_P_0165,SYN_P_0765,2026-10-27 15:00:00,Meeting,outbound
EMAIL_04787,SYN_P_1005,SYN_P_0686,2025-05-22 14:00:00,Invoice,inbound
EMAIL_04788,SYN_P_0280,SYN_P_0498,2026-08-25 15:00:00,Account,inbound
EMAIL_04789,SYN_P_0654,SYN_P_1039,2026-03-11 16:00:00,Delivery,outbound
EMAIL_04790,SYN_P_0064,SYN_P_0488,2024-01-02 12:00:00,Invoice,outbound
EMAIL_04791,SYN_P_0194,SYN_P_0922,2025-04-29 16:00:00,Invoice,outbound
EMAIL_04792,SYN_P_0718,SYN_P_0348,2024-06-04 05:00:00,Invoice,outbound
EMAIL_04793,SYN_P_0275,SYN_P_0576,2026-06-18 10:00:00,Meeting,outbound
EMAIL_04794,SYN_P_0242,SYN_P_0566,2026-02-17 05:00:00,Account,inbound
EMAIL_04795,SYN_P_0760,SYN_P_0929,2024-11-04 12:00:00,Account,inbound
EMAIL_04796,SYN_P_0109,SYN_P_0506,2026-08-09 21:00:00,Document,inbound
EMAIL_04797,SYN_P_0471,SYN_P_1034,2026-09-30 04:00:00,Account,outbound
EMAIL_04798,SYN_P_0387,SYN_P_0636,2025-09-04 21:00:00,Delivery,outbound
EMAIL_04799,SYN_P_0495,SYN_P_0559,2025-09-23 04:00:00,Meeting,inbound
EMAIL_04800,SYN_P_0098,SYN_P_0871,2024-06-08 05:00:00,Meeting,outbound
EMAIL_04801,SYN_P_1018,SYN_P_0638,2025-09-27 08:00:00,Document,outbound
EMAIL_04802,SYN_P_0921,SYN_P_0083,2024-09-12 03:00:00,Delivery,outbound
EMAIL_04803,SYN_P_0731,SYN_P_0509,2024-11-15 04:00:00,Invoice,inbound
EMAIL_04804,SYN_P_0587,SYN_P_0816,2026-04-29 23:00:00,Delivery,outbound
EMAIL_04805,SYN_P_0841,SYN_P_0606,2024-05-14 09:00:00,Meeting,outbound
EMAIL_04806,SYN_P_0897,SYN_P_0865,2024-10-03 12:00:00,Delivery,outbound
EMAIL_04807,SYN_P_0456,SYN_P_0783,2025-04-04 13:00:00,Delivery,inbound
EMAIL_04808,SYN_P_0709,SYN_P_0566,2024-09-11 10:00:00,Delivery,inbound
EMAIL_04809,SYN_P_0301,SYN_P_0075,2026-04-27 17:00:00,Account,outbound
EMAIL_04810,SYN_P_0263,SYN_P_1006,2025-03-29 11:00:00,Request,outbound
EMAIL_04811,SYN_P_0685,SYN_P_0249,2025-01-18 07:00:00,Document,outbound
EMAIL_04812,SYN_P_0520,SYN_P_0206,2025-06-03 08:00:00,Meeting,outbound
EMAIL_04813,SYN_P_0650,SYN_P_0042,2024-04-20 00:00:00,Request,outbound
EMAIL_04814,SYN_P_0871,SYN_P_0032,2026-09-14 01:00:00,Delivery,outbound
EMAIL_04815,SYN_P_0768,SYN_P_0482,2025-03-30 11:00:00,Account,outbound
EMAIL_04816,SYN_P_0873,SYN_P_0843,2025-11-18 10:00:00,Account,outbound
EMAIL_04817,SYN_P_0989,SYN_P_0607,2025-08-25 22:00:00,Delivery,inbound
EMAIL_04818,SYN_P_1031,SYN_P_1022,2026-08-07 16:00:00,Account,outbound
EMAIL_04819,SYN_P_0151,SYN_P_0318,2026-05-07 02:00:00,Request,inbound
EMAIL_04820,SYN_P_0607,SYN_P_0425,2024-08-20 04:00:00,Delivery,inbound
EMAIL_04821,SYN_P_0622,SYN_P_0637,2024-01-15 17:00:00,Delivery,outbound
EMAIL_04822,SYN_P_0815,SYN_P_0117,2026-10-09 06:00:00,Document,outbound
EMAIL_04823,SYN_P_0598,SYN_P_0560,2025-12-05 12:00:00,Meeting,inbound
EMAIL_04824,SYN_P_0172,SYN_P_0987,2025-08-01 23:00:00,Invoice,outbound
EMAIL_04825,SYN_P_0999,SYN_P_0391,2026-09-21 13:00:00,Delivery,outbound
EMAIL_04826,SYN_P_0869,SYN_P_0555,2024-05-05 06:00:00,Meeting,outbound
EMAIL_04827,SYN_P_0952,SYN_P_0158,2024-04-10 19:00:00,Invoice,inbound
EMAIL_04828,SYN_P_0655,SYN_P_0225,2025-02-04 10:00:00,Document,inbound
EMAIL_04829,SYN_P_0474,SYN_P_0322,2026-03-10 12:00:00,Invoice,inbound
EMAIL_04830,SYN_P_0782,SYN_P_0439,2026-06-02 10:00:00,Account,outbound
EMAIL_04831,SYN_P_0191,SYN_P_0490,2024-01-16 11:00:00,Delivery,inbound
EMAIL_04832,SYN_P_0985,SYN_P_0361,2025-07-08 01:00:00,Meeting,inbound
EMAIL_04833,SYN_P_0655,SYN_P_0941,2026-02-14 01:00:00,Account,outbound
EMAIL_04834,SYN_P_0472,SYN_P_0194,2025-03-28 19:00:00,Account,outbound
EMAIL_04835,SYN_P_0200,SYN_P_0539,2026-03-11 00:00:00,Account,inbound
EMAIL_04836,SYN_P_1012,SYN_P_0601,2026-03-05 05:00:00,Request,outbound
EMAIL_04837,SYN_P_0725,SYN_P_0790,2024-02-23 06:00:00,Document,outbound
EMAIL_04838,SYN_P_1008,SYN_P_0664,2024-06-13 21:00:00,Delivery,outbound
EMAIL_04839,SYN_P_0119,SYN_P_0754,2026-05-11 22:00:00,Request,inbound
EMAIL_04840,SYN_P_1012,SYN_P_0441,2026-04-26 10:00:00,Request,inbound
EMAIL_04841,SYN_P_0380,SYN_P_0797,2025-07-21 17:00:00,Delivery,outbound
EMAIL_04842,SYN_P_0181,SYN_P_0531,2025-08-18 22:00:00,Request,outbound
EMAIL_04843,SYN_P_0473,SYN_P_0870,2025-05-23 06:00:00,Request,inbound
EMAIL_04844,SYN_P_0586,SYN_P_0519,2026-08-14 03:00:00,Meeting,inbound
EMAIL_04845,SYN_P_0694,SYN_P_0125,2026-05-26 02:00:00,Account,outbound
EMAIL_04846,SYN_P_0267,SYN_P_0447,2025-07-20 02:00:00,Invoice,inbound
EMAIL_04847,SYN_P_0188,SYN_P_0502,2026-10-18 12:00:00,Meeting,outbound
EMAIL_04848,SYN_P_0544,SYN_P_0385,2024-08-29 21:00:00,Meeting,outbound
EMAIL_04849,SYN_P_0879,SYN_P_0039,2025-12-17 02:00:00,Invoice,outbound
EMAIL_04850,SYN_P_0839,SYN_P_0635,2026-02-26 11:00:00,Delivery,inbound
EMAIL_04851,SYN_P_0851,SYN_P_0509,2025-11-26 19:00:00,Meeting,outbound
EMAIL_04852,SYN_P_0224,SYN_P_0462,2025-07-17 23:00:00,Invoice,outbound
EMAIL_04853,SYN_P_0069,SYN_P_0111,2026-05-07 09:00:00,Delivery,outbound
EMAIL_04854,SYN_P_0613,SYN_P_0127,2025-10-18 01:00:00,Account,inbound
EMAIL_04855,SYN_P_0083,SYN_P_0392,2026-02-26 15:00:00,Request,outbound
EMAIL_04856,SYN_P_0387,SYN_P_0971,2025-08-06 20:00:00,Invoice,outbound
EMAIL_04857,SYN_P_0856,SYN_P_0968,2026-04-10 06:00:00,Invoice,inbound
EMAIL_04858,SYN_P_0044,SYN_P_0476,2026-11-02 20:00:00,Meeting,outbound
EMAIL_04859,SYN_P_0578,SYN_P_0421,2026-08-24 12:00:00,Invoice,outbound
EMAIL_04860,SYN_P_0897,SYN_P_0679,2024-10-27 13:00:00,Document,inbound
EMAIL_04861,SYN_P_0968,SYN_P_0924,2025-01-09 00:00:00,Request,inbound
EMAIL_04862,SYN_P_0758,SYN_P_0680,2026-06-26 12:00:00,Request,inbound
EMAIL_04863,SYN_P_0350,SYN_P_0724,2026-09-14 03:00:00,Request,outbound
EMAIL_04864,SYN_P_0439,SYN_P_0928,2025-09-05 08:00:00,Meeting,outbound
EMAIL_04865,SYN_P_0572,SYN_P_0047,2024-07-25 14:00:00,Invoice,outbound
EMAIL_04866,SYN_P_0300,SYN_P_0854,2026-07-12 15:00:00,Invoice,outbound
EMAIL_04867,SYN_P_0632,SYN_P_0271,2024-05-16 07:00:00,Account,inbound
EMAIL_04868,SYN_P_0737,SYN_P_0137,2024-06-06 01:00:00,Account,outbound
EMAIL_04869,SYN_P_0086,SYN_P_0093,2026-02-23 12:00:00,Document,inbound
EMAIL_04870,SYN_P_0795,SYN_P_0983,2025-02-28 12:00:00,Invoice,inbound
EMAIL_04871,SYN_P_0308,SYN_P_0591,2025-01-20 03:00:00,Document,outbound
EMAIL_04872,SYN_P_0202,SYN_P_0501,2025-01-21 02:00:00,Account,inbound
EMAIL_04873,SYN_P_0698,SYN_P_0210,2024-10-22 01:00:00,Document,outbound
EMAIL_04874,SYN_P_0351,SYN_P_0254,2024-02-09 04:00:00,Invoice,outbound
EMAIL_04875,SYN_P_0329,SYN_P_0021,2025-11-04 02:00:00,Delivery,inbound
EMAIL_04876,SYN_P_0070,SYN_P_0924,2025-10-06 03:00:00,Document,inbound
EMAIL_04877,SYN_P_0270,SYN_P_0255,2025-08-27 16:00:00,Account,inbound
EMAIL_04878,SYN_P_0227,SYN_P_1006,2025-02-02 13:00:00,Account,inbound
EMAIL_04879,SYN_P_0967,SYN_P_0757,2024-05-04 14:00:00,Document,inbound
EMAIL_04880,SYN_P_0977,SYN_P_0490,2025-04-18 02:00:00,Meeting,outbound
EMAIL_04881,SYN_P_0686,SYN_P_0294,2026-09-15 18:00:00,Request,outbound
EMAIL_04882,SYN_P_0499,SYN_P_0698,2024-04-10 00:00:00,Meeting,outbound
EMAIL_04883,SYN_P_0128,SYN_P_0042,2025-05-04 20:00:00,Delivery,outbound
EMAIL_04884,SYN_P_0802,SYN_P_0546,2024-06-14 15:00:00,Meeting,inbound
EMAIL_04885,SYN_P_0502,SYN_P_0398,2026-11-03 18:00:00,Meeting,inbound
EMAIL_04886,SYN_P_0779,SYN_P_0037,2024-10-11 04:00:00,Document,inbound
EMAIL_04887,SYN_P_0334,SYN_P_0351,2026-03-10 06:00:00,Invoice,inbound
EMAIL_04888,SYN_P_0759,SYN_P_0642,2025-09-09 21:00:00,Document,outbound
EMAIL_04889,SYN_P_0007,SYN_P_0974,2026-10-11 05:00:00,Account,outbound
EMAIL_04890,SYN_P_0711,SYN_P_0599,2026-02-16 09:00:00,Meeting,outbound
EMAIL_04891,SYN_P_0990,SYN_P_0579,2026-06-11 06:00:00,Request,inbound
EMAIL_04892,SYN_P_0591,SYN_P_0124,2026-05-03 15:00:00,Delivery,outbound
EMAIL_04893,SYN_P_0888,SYN_P_0535,2024-03-20 19:00:00,Invoice,inbound
EMAIL_04894,SYN_P_0722,SYN_P_0344,2026-04-02 18:00:00,Delivery,outbound
EMAIL_04895,SYN_P_0427,SYN_P_0140,2024-03-10 07:00:00,Request,inbound
EMAIL_04896,SYN_P_0644,SYN_P_0149,2026-08-08 05:00:00,Account,outbound
EMAIL_04897,SYN_P_0667,SYN_P_0929,2024-07-12 07:00:00,Request,outbound
EMAIL_04898,SYN_P_0871,SYN_P_0551,2026-03-21 15:00:00,Account,inbound
EMAIL_04899,SYN_P_0698,SYN_P_0354,2025-02-11 06:00:00,Document,outbound
EMAIL_04900,SYN_P_0474,SYN_P_0562,2026-07-17 06:00:00,Account,outbound
EMAIL_04901,SYN_P_0975,SYN_P_0645,2026-01-02 01:00:00,Meeting,inbound
EMAIL_04902,SYN_P_1026,SYN_P_0483,2026-05-16 11:00:00,Account,outbound
EMAIL_04903,SYN_P_0007,SYN_P_0740,2024-06-19 18:00:00,Delivery,outbound
EMAIL_04904,SYN_P_0135,SYN_P_1029,2024-07-21 09:00:00,Request,outbound
EMAIL_04905,SYN_P_0170,SYN_P_0023,2025-03-12 12:00:00,Account,outbound
EMAIL_04906,SYN_P_0611,SYN_P_0152,2025-12-31 05:00:00,Account,inbound
EMAIL_04907,SYN_P_0632,SYN_P_0853,2024-12-14 08:00:00,Document,outbound
EMAIL_04908,SYN_P_0234,SYN_P_0981,2025-11-10 12:00:00,Invoice,outbound
EMAIL_04909,SYN_P_0615,SYN_P_0613,2026-11-07 02:00:00,Request,outbound
EMAIL_04910,SYN_P_0730,SYN_P_0228,2026-09-21 00:00:00,Request,outbound
EMAIL_04911,SYN_P_0570,SYN_P_0986,2024-06-20 14:00:00,Invoice,outbound
EMAIL_04912,SYN_P_0080,SYN_P_0324,2026-01-24 14:00:00,Meeting,outbound
EMAIL_04913,SYN_P_0600,SYN_P_0048,2025-05-10 13:00:00,Invoice,inbound
EMAIL_04914,SYN_P_0548,SYN_P_0934,2026-07-08 00:00:00,Account,inbound
EMAIL_04915,SYN_P_0355,SYN_P_0112,2024-11-30 10:00:00,Account,outbound
EMAIL_04916,SYN_P_0350,SYN_P_0730,2025-02-18 11:00:00,Invoice,inbound
EMAIL_04917,SYN_P_0672,SYN_P_0645,2026-05-15 08:00:00,Account,outbound
EMAIL_04918,SYN_P_0906,SYN_P_0735,2025-07-10 13:00:00,Request,inbound
EMAIL_04919,SYN_P_0918,SYN_P_1004,2026-02-21 19:00:00,Request,outbound
EMAIL_04920,SYN_P_0461,SYN_P_0576,2024-05-13 00:00:00,Invoice,inbound
EMAIL_04921,SYN_P_0285,SYN_P_0606,2024-07-05 14:00:00,Document,outbound
EMAIL_04922,SYN_P_0324,SYN_P_0317,2026-04-15 05:00:00,Account,inbound
EMAIL_04923,SYN_P_0061,SYN_P_0684,2026-04-10 04:00:00,Request,outbound
EMAIL_04924,SYN_P_0429,SYN_P_0140,2025-05-11 08:00:00,Meeting,inbound
EMAIL_04925,SYN_P_0345,SYN_P_0639,2025-02-07 09:00:00,Request,outbound
EMAIL_04926,SYN_P_0417,SYN_P_0475,2025-08-29 15:00:00,Document,inbound
EMAIL_04927,SYN_P_0533,SYN_P_1001,2024-07-22 22:00:00,Document,inbound
EMAIL_04928,SYN_P_0846,SYN_P_0241,2024-12-22 12:00:00,Request,outbound
EMAIL_04929,SYN_P_0786,SYN_P_0457,2025-10-30 11:00:00,Invoice,outbound
EMAIL_04930,SYN_P_0404,SYN_P_0554,2026-10-26 19:00:00,Delivery,inbound
EMAIL_04931,SYN_P_0556,SYN_P_0063,2025-11-09 10:00:00,Meeting,outbound
EMAIL_04932,SYN_P_0210,SYN_P_0070,2025-01-26 02:00:00,Request,inbound
EMAIL_04933,SYN_P_0821,SYN_P_0723,2025-10-20 16:00:00,Invoice,inbound
EMAIL_04934,SYN_P_0510,SYN_P_0722,2026-10-29 21:00:00,Account,outbound
EMAIL_04935,SYN_P_0270,SYN_P_0663,2024-07-03 09:00:00,Delivery,outbound
EMAIL_04936,SYN_P_0157,SYN_P_0931,2024-04-19 21:00:00,Account,inbound
EMAIL_04937,SYN_P_0022,SYN_P_0248,2026-01-31 17:00:00,Document,outbound
EMAIL_04938,SYN_P_0908,SYN_P_0662,2024-12-19 22:00:00,Invoice,outbound
EMAIL_04939,SYN_P_0993,SYN_P_0569,2024-12-05 19:00:00,Meeting,outbound
EMAIL_04940,SYN_P_0432,SYN_P_0072,2024-09-26 12:00:00,Account,outbound
EMAIL_04941,SYN_P_1033,SYN_P_0251,2025-04-20 14:00:00,Request,inbound
EMAIL_04942,SYN_P_0196,SYN_P_0366,2026-02-07 13:00:00,Account,inbound
EMAIL_04943,SYN_P_0915,SYN_P_0710,2026-02-24 13:00:00,Account,outbound
EMAIL_04944,SYN_P_0618,SYN_P_0691,2024-08-13 13:00:00,Account,outbound
EMAIL_04945,SYN_P_0969,SYN_P_0688,2024-02-05 20:00:00,Document,inbound
EMAIL_04946,SYN_P_0105,SYN_P_0235,2026-10-06 20:00:00,Delivery,outbound
EMAIL_04947,SYN_P_0389,SYN_P_0498,2024-05-01 07:00:00,Invoice,inbound
EMAIL_04948,SYN_P_0012,SYN_P_0120,2026-03-02 18:00:00,Invoice,inbound
EMAIL_04949,SYN_P_0259,SYN_P_0647,2026-08-25 18:00:00,Invoice,outbound
EMAIL_04950,SYN_P_0057,SYN_P_0029,2025-09-08 23:00:00,Delivery,inbound
EMAIL_04951,SYN_P_0690,SYN_P_0619,2025-07-18 11:00:00,Request,outbound
EMAIL_04952,SYN_P_0283,SYN_P_1012,2025-04-11 20:00:00,Invoice,outbound
EMAIL_04953,SYN_P_0891,SYN_P_0714,2025-10-13 00:00:00,Delivery,outbound
EMAIL_04954,SYN_P_0808,SYN_P_0164,2026-09-01 12:00:00,Account,inbound
EMAIL_04955,SYN_P_0799,SYN_P_0561,2024-06-30 09:00:00,Delivery,outbound
EMAIL_04956,SYN_P_0808,SYN_P_0925,2026-10-05 12:00:00,Delivery,inbound
EMAIL_04957,SYN_P_0677,SYN_P_0098,2026-03-31 10:00:00,Account,outbound
EMAIL_04958,SYN_P_0151,SYN_P_0881,2024-08-14 23:00:00,Document,outbound
EMAIL_04959,SYN_P_0939,SYN_P_0448,2025-07-20 16:00:00,Meeting,outbound
EMAIL_04960,SYN_P_0904,SYN_P_0425,2025-05-09 20:00:00,Request,outbound
EMAIL_04961,SYN_P_0015,SYN_P_0284,2025-06-04 13:00:00,Account,outbound
EMAIL_04962,SYN_P_0394,SYN_P_0829,2026-05-05 12:00:00,Account,outbound
EMAIL_04963,SYN_P_1028,SYN_P_0574,2026-06-03 04:00:00,Account,inbound
EMAIL_04964,SYN_P_0078,SYN_P_1035,2026-06-03 22:00:00,Invoice,outbound
EMAIL_04965,SYN_P_0894,SYN_P_1018,2026-05-11 03:00:00,Account,outbound
EMAIL_04966,SYN_P_0278,SYN_P_0778,2024-08-20 03:00:00,Delivery,inbound
EMAIL_04967,SYN_P_0923,SYN_P_0333,2025-07-25 09:00:00,Delivery,outbound
EMAIL_04968,SYN_P_0220,SYN_P_0856,2025-04-27 08:00:00,Document,inbound
EMAIL_04969,SYN_P_0693,SYN_P_0112,2024-02-14 12:00:00,Meeting,inbound
EMAIL_04970,SYN_P_0622,SYN_P_0709,2026-01-16 21:00:00,Invoice,outbound
EMAIL_04971,SYN_P_0720,SYN_P_0481,2024-05-05 12:00:00,Request,inbound
EMAIL_04972,SYN_P_0652,SYN_P_0787,2024-01-29 09:00:00,Meeting,inbound
EMAIL_04973,SYN_P_0624,SYN_P_0884,2025-03-14 04:00:00,Account,inbound
EMAIL_04974,SYN_P_0032,SYN_P_0376,2024-10-28 21:00:00,Meeting,inbound
EMAIL_04975,SYN_P_0042,SYN_P_1020,2025-03-20 06:00:00,Delivery,inbound
EMAIL_04976,SYN_P_0836,SYN_P_0172,2025-05-11 21:00:00,Invoice,inbound
EMAIL_04977,SYN_P_0291,SYN_P_0740,2025-03-21 08:00:00,Account,inbound
EMAIL_04978,SYN_P_0346,SYN_P_1032,2026-04-08 14:00:00,Invoice,outbound
EMAIL_04979,SYN_P_0575,SYN_P_0670,2025-11-19 22:00:00,Request,outbound
EMAIL_04980,SYN_P_0156,SYN_P_1015,2025-06-21 12:00:00,Meeting,inbound
EMAIL_04981,SYN_P_0341,SYN_P_0523,2024-01-12 13:00:00,Invoice,inbound
EMAIL_04982,SYN_P_0971,SYN_P_0986,2024-01-20 14:00:00,Document,outbound
EMAIL_04983,SYN_P_0551,SYN_P_0593,2024-01-11 13:00:00,Delivery,inbound
EMAIL_04984,SYN_P_0278,SYN_P_0863,2025-09-26 18:00:00,Meeting,outbound
EMAIL_04985,SYN_P_0929,SYN_P_0528,2024-05-18 06:00:00,Invoice,inbound
EMAIL_04986,SYN_P_0356,SYN_P_0915,2025-07-20 14:00:00,Request,outbound
EMAIL_04987,SYN_P_0557,SYN_P_0864,2024-01-02 23:00:00,Invoice,outbound
EMAIL_04988,SYN_P_0699,SYN_P_0520,2025-07-30 10:00:00,Document,inbound
EMAIL_04989,SYN_P_0999,SYN_P_0739,2024-04-18 10:00:00,Meeting,outbound
EMAIL_04990,SYN_P_0124,SYN_P_0701,2024-03-25 19:00:00,Meeting,outbound
EMAIL_04991,SYN_P_0669,SYN_P_0081,2024-03-10 22:00:00,Request,inbound
EMAIL_04992,SYN_P_0225,SYN_P_0928,2026-02-01 02:00:00,Invoice,outbound
EMAIL_04993,SYN_P_0013,SYN_P_0255,2025-10-16 05:00:00,Request,inbound
EMAIL_04994,SYN_P_0962,SYN_P_0712,2024-02-01 05:00:00,Account,outbound
EMAIL_04995,SYN_P_0428,SYN_P_0237,2025-06-28 05:00:00,Document,inbound
EMAIL_04996,SYN_P_0847,SYN_P_0531,2024-05-24 11:00:00,Delivery,inbound
EMAIL_04997,SYN_P_0087,SYN_P_0444,2024-02-07 12:00:00,Account,inbound
EMAIL_04998,SYN_P_0888,SYN_P_0523,2025-03-18 18:00:00,Document,inbound
EMAIL_04999,SYN_P_1013,SYN_P_0123,2026-02-20 05:00:00,Meeting,outbound
EMAIL_05000,SYN_P_0874,SYN_P_0361,2026-05-15 21:00:00,Request,inbound
EMAIL_05001,SYN_P_0809,SYN_P_0372,2026-07-21 16:00:00,Account,outbound
EMAIL_05002,SYN_P_0575,SYN_P_0529,2025-09-13 01:00:00,Meeting,outbound
EMAIL_05003,SYN_P_0329,SYN_P_0831,2025-08-12 06:00:00,Invoice,inbound
EMAIL_05004,SYN_P_0751,SYN_P_0663,2025-04-27 02:00:00,Document,inbound
EMAIL_05005,SYN_P_0391,SYN_P_0304,2026-10-16 05:00:00,Invoice,inbound
EMAIL_05006,SYN_P_0606,SYN_P_0787,2025-10-18 11:00:00,Invoice,outbound
EMAIL_05007,SYN_P_0924,SYN_P_0007,2025-08-18 21:00:00,Request,outbound
EMAIL_05008,SYN_P_0727,SYN_P_0986,2025-06-13 00:00:00,Delivery,inbound
EMAIL_05009,SYN_P_0050,SYN_P_0397,2024-05-09 15:00:00,Document,inbound
EMAIL_05010,SYN_P_0850,SYN_P_0425,2026-06-20 17:00:00,Request,inbound
EMAIL_05011,SYN_P_0883,SYN_P_0113,2026-03-25 19:00:00,Meeting,inbound
EMAIL_05012,SYN_P_0419,SYN_P_0243,2026-08-27 08:00:00,Account,inbound
EMAIL_05013,SYN_P_0338,SYN_P_0663,2024-02-23 23:00:00,Account,outbound
EMAIL_05014,SYN_P_0272,SYN_P_0422,2026-07-14 01:00:00,Account,inbound
EMAIL_05015,SYN_P_0989,SYN_P_0385,2024-06-25 02:00:00,Account,outbound
EMAIL_05016,SYN_P_0601,SYN_P_0763,2026-07-12 21:00:00,Request,outbound
EMAIL_05017,SYN_P_0245,SYN_P_0162,2025-01-05 02:00:00,Request,outbound
EMAIL_05018,SYN_P_0551,SYN_P_1003,2025-07-27 05:00:00,Request,outbound
EMAIL_05019,SYN_P_0031,SYN_P_0946,2026-04-24 04:00:00,Invoice,outbound
EMAIL_05020,SYN_P_0972,SYN_P_0458,2026-09-04 20:00:00,Request,outbound
EMAIL_05021,SYN_P_0976,SYN_P_0329,2024-09-02 00:00:00,Account,outbound
EMAIL_05022,SYN_P_0031,SYN_P_0968,2025-02-18 03:00:00,Invoice,inbound
EMAIL_05023,SYN_P_0342,SYN_P_0815,2024-03-30 08:00:00,Request,inbound
EMAIL_05024,SYN_P_0025,SYN_P_0866,2026-02-10 12:00:00,Request,outbound
EMAIL_05025,SYN_P_0724,SYN_P_0292,2025-05-11 05:00:00,Request,inbound
EMAIL_05026,SYN_P_0514,SYN_P_0655,2026-08-29 14:00:00,Delivery,outbound
EMAIL_05027,SYN_P_0975,SYN_P_0589,2025-07-13 09:00:00,Account,inbound
EMAIL_05028,SYN_P_0868,SYN_P_0492,2026-09-08 01:00:00,Invoice,outbound
EMAIL_05029,SYN_P_0051,SYN_P_0544,2025-12-25 20:00:00,Request,inbound
EMAIL_05030,SYN_P_0893,SYN_P_1037,2025-11-08 03:00:00,Delivery,inbound
EMAIL_05031,SYN_P_0945,SYN_P_0511,2024-11-16 15:00:00,Request,outbound
EMAIL_05032,SYN_P_0408,SYN_P_0933,2026-10-11 16:00:00,Request,inbound
EMAIL_05033,SYN_P_0575,SYN_P_0166,2024-05-21 05:00:00,Account,outbound
EMAIL_05034,SYN_P_0228,SYN_P_0494,2024-03-13 06:00:00,Account,inbound
EMAIL_05035,SYN_P_0648,SYN_P_0240,2024-07-13 03:00:00,Invoice,inbound
EMAIL_05036,SYN_P_0393,SYN_P_0534,2026-03-17 07:00:00,Account,outbound
EMAIL_05037,SYN_P_0273,SYN_P_0528,2025-06-12 10:00:00,Invoice,outbound
EMAIL_05038,SYN_P_0444,SYN_P_0760,2024-10-28 03:00:00,Delivery,inbound
EMAIL_05039,SYN_P_0363,SYN_P_0552,2026-04-20 15:00:00,Account,inbound
EMAIL_05040,SYN_P_0450,SYN_P_0113,2024-02-09 14:00:00,Meeting,inbound
EMAIL_05041,SYN_P_0505,SYN_P_0065,2024-08-20 05:00:00,Request,outbound
EMAIL_05042,SYN_P_1012,SYN_P_0994,2025-07-20 20:00:00,Invoice,outbound
EMAIL_05043,SYN_P_0117,SYN_P_0267,2025-08-13 16:00:00,Invoice,inbound
EMAIL_05044,SYN_P_0988,SYN_P_0783,2026-03-15 03:00:00,Delivery,inbound
EMAIL_05045,SYN_P_0777,SYN_P_0743,2025-06-04 17:00:00,Document,inbound
EMAIL_05046,SYN_P_0503,SYN_P_0924,2024-05-19 21:00:00,Invoice,inbound
EMAIL_05047,SYN_P_0570,SYN_P_0361,2025-02-17 09:00:00,Delivery,outbound
EMAIL_05048,SYN_P_0650,SYN_P_0676,2026-08-11 23:00:00,Request,inbound
EMAIL_05049,SYN_P_0913,SYN_P_0141,2025-06-30 14:00:00,Request,inbound
EMAIL_05050,SYN_P_0657,SYN_P_0295,2025-11-22 16:00:00,Request,outbound
EMAIL_05051,SYN_P_0154,SYN_P_0107,2026-01-24 21:00:00,Delivery,outbound
EMAIL_05052,SYN_P_0507,SYN_P_0231,2026-09-15 09:00:00,Account,inbound
EMAIL_05053,SYN_P_0255,SYN_P_0149,2024-03-26 12:00:00,Invoice,outbound
EMAIL_05054,SYN_P_0419,SYN_P_0275,2024-09-04 05:00:00,Delivery,inbound
EMAIL_05055,SYN_P_0715,SYN_P_0073,2025-07-06 15:00:00,Request,outbound
EMAIL_05056,SYN_P_0150,SYN_P_0483,2026-03-14 20:00:00,Invoice,inbound
EMAIL_05057,SYN_P_0214,SYN_P_0129,2024-06-13 23:00:00,Invoice,outbound
EMAIL_05058,SYN_P_0920,SYN_P_0676,2025-12-14 13:00:00,Delivery,inbound
EMAIL_05059,SYN_P_0260,SYN_P_0845,2024-10-11 13:00:00,Request,inbound
EMAIL_05060,SYN_P_0028,SYN_P_0370,2024-12-21 21:00:00,Delivery,inbound
EMAIL_05061,SYN_P_0693,SYN_P_0761,2025-10-03 12:00:00,Account,outbound
EMAIL_05062,SYN_P_0903,SYN_P_0238,2026-01-24 17:00:00,Delivery,inbound
EMAIL_05063,SYN_P_0632,SYN_P_0118,2024-03-09 02:00:00,Invoice,outbound
EMAIL_05064,SYN_P_0942,SYN_P_0179,2026-09-30 18:00:00,Invoice,inbound
EMAIL_05065,SYN_P_0633,SYN_P_0530,2024-05-03 05:00:00,Delivery,outbound
EMAIL_05066,SYN_P_0928,SYN_P_0985,2024-05-10 10:00:00,Document,inbound
EMAIL_05067,SYN_P_0390,SYN_P_0736,2024-09-01 15:00:00,Request,outbound
EMAIL_05068,SYN_P_0779,SYN_P_0063,2026-06-23 01:00:00,Delivery,inbound
EMAIL_05069,SYN_P_0237,SYN_P_0038,2026-03-06 23:00:00,Account,inbound
EMAIL_05070,SYN_P_0303,SYN_P_0224,2026-03-21 04:00:00,Meeting,outbound
EMAIL_05071,SYN_P_0869,SYN_P_0564,2025-03-20 06:00:00,Invoice,inbound
EMAIL_05072,SYN_P_0191,SYN_P_0346,2025-03-25 06:00:00,Document,outbound
EMAIL_05073,SYN_P_0096,SYN_P_0798,2025-08-15 01:00:00,Document,outbound
EMAIL_05074,SYN_P_0934,SYN_P_0122,2024-01-24 08:00:00,Account,outbound
EMAIL_05075,SYN_P_0339,SYN_P_0243,2026-06-06 13:00:00,Request,inbound
EMAIL_05076,SYN_P_0939,SYN_P_0337,2026-02-23 09:00:00,Delivery,inbound
EMAIL_05077,SYN_P_0053,SYN_P_0428,2025-07-28 00:00:00,Document,outbound
EMAIL_05078,SYN_P_0662,SYN_P_0338,2026-02-17 02:00:00,Meeting,inbound
EMAIL_05079,SYN_P_0504,SYN_P_0248,2024-10-23 19:00:00,Meeting,inbound
EMAIL_05080,SYN_P_1019,SYN_P_0388,2026-11-03 10:00:00,Delivery,outbound
EMAIL_05081,SYN_P_0715,SYN_P_0182,2024-01-05 02:00:00,Invoice,outbound
EMAIL_05082,SYN_P_0560,SYN_P_0986,2025-09-28 16:00:00,Request,inbound
EMAIL_05083,SYN_P_0360,SYN_P_0442,2026-01-17 09:00:00,Invoice,inbound
EMAIL_05084,SYN_P_0444,SYN_P_0083,2025-11-19 14:00:00,Meeting,outbound
EMAIL_05085,SYN_P_1033,SYN_P_0800,2025-02-16 12:00:00,Meeting,outbound
EMAIL_05086,SYN_P_0521,SYN_P_0400,2026-09-26 10:00:00,Account,outbound
EMAIL_05087,SYN_P_0688,SYN_P_0246,2025-09-02 14:00:00,Delivery,inbound
EMAIL_05088,SYN_P_0391,SYN_P_0045,2024-07-15 06:00:00,Meeting,outbound
EMAIL_05089,SYN_P_0607,SYN_P_0496,2026-03-20 02:00:00,Delivery,inbound
EMAIL_05090,SYN_P_0185,SYN_P_1021,2024-08-02 01:00:00,Request,inbound
EMAIL_05091,SYN_P_0288,SYN_P_0734,2024-05-21 07:00:00,Delivery,outbound
EMAIL_05092,SYN_P_0551,SYN_P_0175,2024-02-18 09:00:00,Document,outbound
EMAIL_05093,SYN_P_0848,SYN_P_0330,2025-12-25 15:00:00,Request,outbound
EMAIL_05094,SYN_P_0226,SYN_P_0777,2025-11-05 02:00:00,Invoice,outbound
EMAIL_05095,SYN_P_0987,SYN_P_0812,2026-01-07 15:00:00,Delivery,outbound
EMAIL_05096,SYN_P_0709,SYN_P_0429,2025-08-11 07:00:00,Request,inbound
EMAIL_05097,SYN_P_0593,SYN_P_0754,2024-01-29 16:00:00,Account,outbound
EMAIL_05098,SYN_P_0137,SYN_P_0563,2025-03-25 17:00:00,Account,outbound
EMAIL_05099,SYN_P_0004,SYN_P_0291,2026-07-13 11:00:00,Delivery,inbound
EMAIL_05100,SYN_P_0173,SYN_P_0587,2025-07-31 11:00:00,Invoice,outbound
EMAIL_05101,SYN_P_1031,SYN_P_0009,2024-02-26 13:00:00,Document,inbound
EMAIL_05102,SYN_P_0043,SYN_P_0645,2025-04-30 06:00:00,Meeting,inbound
EMAIL_05103,SYN_P_0028,SYN_P_1039,2024-10-15 18:00:00,Delivery,inbound
EMAIL_05104,SYN_P_1019,SYN_P_0650,2024-01-26 14:00:00,Account,outbound
EMAIL_05105,SYN_P_0751,SYN_P_0814,2026-01-30 03:00:00,Delivery,outbound
EMAIL_05106,SYN_P_0463,SYN_P_0599,2026-10-01 13:00:00,Delivery,inbound
EMAIL_05107,SYN_P_0301,SYN_P_0862,2025-03-30 22:00:00,Document,outbound
EMAIL_05108,SYN_P_0512,SYN_P_0588,2024-10-25 14:00:00,Request,outbound
EMAIL_05109,SYN_P_0753,SYN_P_0632,2024-12-12 06:00:00,Request,outbound
EMAIL_05110,SYN_P_0250,SYN_P_0974,2025-03-13 03:00:00,Invoice,outbound
EMAIL_05111,SYN_P_0216,SYN_P_0290,2026-08-20 06:00:00,Account,outbound
EMAIL_05112,SYN_P_0445,SYN_P_0063,2026-05-03 03:00:00,Account,inbound
EMAIL_05113,SYN_P_0103,SYN_P_0808,2026-02-10 02:00:00,Meeting,inbound
EMAIL_05114,SYN_P_0359,SYN_P_0910,2026-02-08 22:00:00,Invoice,outbound
EMAIL_05115,SYN_P_0663,SYN_P_0220,2025-05-14 11:00:00,Document,inbound
EMAIL_05116,SYN_P_0364,SYN_P_0209,2025-03-13 06:00:00,Delivery,inbound
EMAIL_05117,SYN_P_0977,SYN_P_0271,2024-01-08 05:00:00,Account,outbound
EMAIL_05118,SYN_P_0125,SYN_P_0976,2024-10-31 02:00:00,Request,inbound
EMAIL_05119,SYN_P_0292,SYN_P_0143,2025-03-04 02:00:00,Meeting,inbound
EMAIL_05120,SYN_P_1017,SYN_P_0333,2025-12-05 08:00:00,Delivery,outbound
EMAIL_05121,SYN_P_0315,SYN_P_0543,2024-02-29 11:00:00,Invoice,outbound
EMAIL_05122,SYN_P_0593,SYN_P_0841,2025-08-30 07:00:00,Invoice,inbound
EMAIL_05123,SYN_P_0621,SYN_P_0469,2024-12-30 08:00:00,Meeting,inbound
EMAIL_05124,SYN_P_0846,SYN_P_0080,2024-03-27 03:00:00,Document,inbound
EMAIL_05125,SYN_P_0257,SYN_P_0773,2026-03-06 07:00:00,Request,inbound
EMAIL_05126,SYN_P_0136,SYN_P_0507,2024-11-24 19:00:00,Meeting,inbound
EMAIL_05127,SYN_P_0496,SYN_P_0188,2026-07-01 08:00:00,Invoice,outbound
EMAIL_05128,SYN_P_0247,SYN_P_1032,2025-11-10 17:00:00,Request,inbound
EMAIL_05129,SYN_P_0121,SYN_P_0219,2026-01-13 09:00:00,Delivery,inbound
EMAIL_05130,SYN_P_0446,SYN_P_0720,2024-10-28 06:00:00,Account,inbound
EMAIL_05131,SYN_P_1010,SYN_P_0790,2024-11-24 08:00:00,Meeting,outbound
EMAIL_05132,SYN_P_0653,SYN_P_0281,2025-07-19 03:00:00,Request,inbound
EMAIL_05133,SYN_P_0375,SYN_P_0874,2025-10-01 15:00:00,Request,outbound
EMAIL_05134,SYN_P_0486,SYN_P_0095,2026-04-26 23:00:00,Request,inbound
EMAIL_05135,SYN_P_0857,SYN_P_0620,2026-02-26 16:00:00,Account,inbound
EMAIL_05136,SYN_P_0880,SYN_P_0905,2024-05-14 12:00:00,Invoice,inbound
EMAIL_05137,SYN_P_0729,SYN_P_0255,2025-05-10 09:00:00,Meeting,outbound
EMAIL_05138,SYN_P_0328,SYN_P_0005,2025-02-18 05:00:00,Invoice,inbound
EMAIL_05139,SYN_P_0187,SYN_P_0944,2026-06-04 10:00:00,Document,inbound
EMAIL_05140,SYN_P_0846,SYN_P_0119,2026-04-26 16:00:00,Invoice,inbound
EMAIL_05141,SYN_P_0900,SYN_P_0871,2025-08-18 14:00:00,Meeting,outbound
EMAIL_05142,SYN_P_0339,SYN_P_0757,2024-02-02 04:00:00,Account,outbound
EMAIL_05143,SYN_P_0543,SYN_P_0417,2025-12-29 14:00:00,Meeting,outbound
EMAIL_05144,SYN_P_0806,SYN_P_0371,2025-04-12 01:00:00,Meeting,outbound
EMAIL_05145,SYN_P_0877,SYN_P_0837,2025-05-15 19:00:00,Delivery,outbound
EMAIL_05146,SYN_P_0552,SYN_P_0551,2024-12-11 23:00:00,Delivery,outbound
EMAIL_05147,SYN_P_0645,SYN_P_0447,2025-02-17 13:00:00,Document,inbound
EMAIL_05148,SYN_P_0616,SYN_P_0035,2025-08-25 19:00:00,Invoice,outbound
EMAIL_05149,SYN_P_0264,SYN_P_0114,2026-02-14 10:00:00,Delivery,outbound
EMAIL_05150,SYN_P_0139,SYN_P_1023,2025-06-13 02:00:00,Meeting,outbound
EMAIL_05151,SYN_P_0377,SYN_P_0124,2026-03-26 22:00:00,Invoice,inbound
EMAIL_05152,SYN_P_0078,SYN_P_1013,2025-03-04 21:00:00,Request,outbound
EMAIL_05153,SYN_P_0738,SYN_P_1008,2026-06-15 11:00:00,Request,inbound
EMAIL_05154,SYN_P_0893,SYN_P_0113,2026-10-01 00:00:00,Delivery,outbound
EMAIL_05155,SYN_P_0075,SYN_P_0011,2025-01-21 18:00:00,Account,outbound
EMAIL_05156,SYN_P_0951,SYN_P_1004,2025-08-13 11:00:00,Account,inbound
EMAIL_05157,SYN_P_0568,SYN_P_0346,2026-06-30 22:00:00,Delivery,inbound
EMAIL_05158,SYN_P_0174,SYN_P_0390,2024-06-04 19:00:00,Meeting,outbound
EMAIL_05159,SYN_P_1034,SYN_P_0551,2024-05-27 02:00:00,Document,inbound
EMAIL_05160,SYN_P_0408,SYN_P_0440,2026-07-31 13:00:00,Account,outbound
EMAIL_05161,SYN_P_0824,SYN_P_0862,2026-09-26 02:00:00,Invoice,outbound
EMAIL_05162,SYN_P_0699,SYN_P_0629,2024-01-08 20:00:00,Meeting,outbound
EMAIL_05163,SYN_P_0249,SYN_P_0441,2026-08-03 02:00:00,Request,outbound
EMAIL_05164,SYN_P_0622,SYN_P_0739,2025-02-16 10:00:00,Account,outbound
EMAIL_05165,SYN_P_0177,SYN_P_0335,2026-01-08 03:00:00,Delivery,inbound
EMAIL_05166,SYN_P_0981,SYN_P_0934,2025-04-02 10:00:00,Request,outbound
EMAIL_05167,SYN_P_0342,SYN_P_0241,2024-04-04 07:00:00,Meeting,inbound
EMAIL_05168,SYN_P_0638,SYN_P_0429,2026-07-19 20:00:00,Account,inbound
EMAIL_05169,SYN_P_0192,SYN_P_0670,2024-12-20 10:00:00,Invoice,outbound
EMAIL_05170,SYN_P_0061,SYN_P_0714,2026-04-16 01:00:00,Meeting,inbound
EMAIL_05171,SYN_P_0929,SYN_P_0975,2026-10-08 22:00:00,Meeting,outbound
EMAIL_05172,SYN_P_0377,SYN_P_0865,2024-10-20 14:00:00,Document,inbound
EMAIL_05173,SYN_P_0357,SYN_P_0445,2025-04-01 06:00:00,Meeting,inbound
EMAIL_05174,SYN_P_0845,SYN_P_0964,2026-08-10 22:00:00,Delivery,outbound
EMAIL_05175,SYN_P_0318,SYN_P_0436,2026-02-24 13:00:00,Document,inbound
EMAIL_05176,SYN_P_0484,SYN_P_0333,2026-07-31 02:00:00,Request,inbound
EMAIL_05177,SYN_P_0855,SYN_P_0052,2026-06-03 09:00:00,Invoice,outbound
EMAIL_05178,SYN_P_0911,SYN_P_0667,2025-05-04 23:00:00,Request,inbound
EMAIL_05179,SYN_P_0829,SYN_P_0994,2024-09-06 10:00:00,Account,inbound
EMAIL_05180,SYN_P_0948,SYN_P_0083,2026-09-11 07:00:00,Request,inbound
EMAIL_05181,SYN_P_1000,SYN_P_0066,2025-11-05 16:00:00,Delivery,inbound
EMAIL_05182,SYN_P_0009,SYN_P_0975,2025-10-06 21:00:00,Meeting,inbound
EMAIL_05183,SYN_P_0572,SYN_P_0743,2024-09-03 02:00:00,Delivery,outbound
EMAIL_05184,SYN_P_0035,SYN_P_0785,2025-05-22 21:00:00,Request,inbound
EMAIL_05185,SYN_P_0200,SYN_P_0210,2025-08-21 15:00:00,Delivery,outbound
EMAIL_05186,SYN_P_0514,SYN_P_0260,2024-11-30 00:00:00,Document,inbound
EMAIL_05187,SYN_P_0597,SYN_P_0750,2024-10-08 08:00:00,Meeting,inbound
EMAIL_05188,SYN_P_0361,SYN_P_0978,2024-04-10 19:00:00,Request,inbound
EMAIL_05189,SYN_P_0045,SYN_P_0735,2024-08-15 00:00:00,Request,outbound
EMAIL_05190,SYN_P_0729,SYN_P_0143,2026-03-01 22:00:00,Document,outbound
EMAIL_05191,SYN_P_0205,SYN_P_0093,2025-08-19 10:00:00,Document,outbound
EMAIL_05192,SYN_P_0947,SYN_P_0108,2026-05-17 08:00:00,Meeting,inbound
EMAIL_05193,SYN_P_0710,SYN_P_0423,2026-07-04 18:00:00,Delivery,outbound
EMAIL_05194,SYN_P_0296,SYN_P_0929,2026-06-17 01:00:00,Delivery,outbound
EMAIL_05195,SYN_P_0141,SYN_P_0997,2026-04-11 13:00:00,Delivery,inbound
EMAIL_05196,SYN_P_0305,SYN_P_0698,2024-09-08 03:00:00,Meeting,outbound
EMAIL_05197,SYN_P_1040,SYN_P_0273,2025-11-29 00:00:00,Meeting,outbound
EMAIL_05198,SYN_P_0015,SYN_P_0396,2026-10-06 05:00:00,Account,outbound
EMAIL_05199,SYN_P_1006,SYN_P_0720,2024-05-01 22:00:00,Document,outbound
EMAIL_05200,SYN_P_0635,SYN_P_0467,2025-06-28 09:00:00,Delivery,outbound
EMAIL_05201,SYN_P_0433,SYN_P_0980,2025-07-10 16:00:00,Request,outbound
EMAIL_05202,SYN_P_0914,SYN_P_0896,2025-11-28 00:00:00,Document,inbound
EMAIL_05203,SYN_P_0360,SYN_P_0399,2026-01-01 07:00:00,Delivery,inbound
EMAIL_05204,SYN_P_0153,SYN_P_0498,2024-08-10 19:00:00,Document,inbound
EMAIL_05205,SYN_P_0063,SYN_P_0255,2025-01-17 08:00:00,Invoice,outbound
EMAIL_05206,SYN_P_0193,SYN_P_0772,2026-09-07 18:00:00,Document,outbound
EMAIL_05207,SYN_P_0159,SYN_P_0967,2024-04-11 14:00:00,Request,outbound
EMAIL_05208,SYN_P_0510,SYN_P_0303,2026-02-07 03:00:00,Request,outbound
EMAIL_05209,SYN_P_0928,SYN_P_0554,2024-11-10 11:00:00,Meeting,outbound
EMAIL_05210,SYN_P_0398,SYN_P_0006,2025-09-27 20:00:00,Invoice,outbound
EMAIL_05211,SYN_P_0702,SYN_P_0380,2024-02-29 22:00:00,Delivery,inbound
EMAIL_05212,SYN_P_0923,SYN_P_0959,2024-08-06 01:00:00,Invoice,inbound
EMAIL_05213,SYN_P_0502,SYN_P_0176,2024-01-15 18:00:00,Meeting,inbound
EMAIL_05214,SYN_P_0992,SYN_P_0404,2026-07-25 15:00:00,Request,inbound
EMAIL_05215,SYN_P_0580,SYN_P_0465,2024-05-12 17:00:00,Document,inbound
EMAIL_05216,SYN_P_0007,SYN_P_0420,2025-07-25 17:00:00,Meeting,outbound
EMAIL_05217,SYN_P_1023,SYN_P_0308,2024-11-02 00:00:00,Invoice,outbound
EMAIL_05218,SYN_P_0378,SYN_P_1032,2026-09-11 21:00:00,Account,outbound
EMAIL_05219,SYN_P_0284,SYN_P_0905,2026-01-06 20:00:00,Invoice,inbound
EMAIL_05220,SYN_P_0323,SYN_P_0641,2025-08-11 12:00:00,Account,outbound
EMAIL_05221,SYN_P_0743,SYN_P_0974,2026-01-14 01:00:00,Document,inbound
EMAIL_05222,SYN_P_0626,SYN_P_0155,2025-04-08 10:00:00,Request,outbound
EMAIL_05223,SYN_P_0018,SYN_P_0762,2026-10-10 00:00:00,Meeting,outbound
EMAIL_05224,SYN_P_0776,SYN_P_0098,2024-05-18 14:00:00,Invoice,inbound
EMAIL_05225,SYN_P_0569,SYN_P_0432,2025-03-20 08:00:00,Delivery,inbound
EMAIL_05226,SYN_P_0394,SYN_P_0870,2024-11-01 07:00:00,Document,inbound
EMAIL_05227,SYN_P_0158,SYN_P_0918,2026-03-24 19:00:00,Document,outbound
EMAIL_05228,SYN_P_1025,SYN_P_0441,2026-06-21 11:00:00,Account,outbound
EMAIL_05229,SYN_P_0136,SYN_P_0857,2024-01-09 09:00:00,Request,inbound
EMAIL_05230,SYN_P_0082,SYN_P_0508,2024-12-14 19:00:00,Delivery,inbound
EMAIL_05231,SYN_P_0716,SYN_P_0836,2026-10-23 16:00:00,Delivery,inbound
EMAIL_05232,SYN_P_0598,SYN_P_0699,2026-11-02 21:00:00,Request,outbound
EMAIL_05233,SYN_P_0573,SYN_P_0045,2025-05-12 22:00:00,Request,inbound
EMAIL_05234,SYN_P_0956,SYN_P_0046,2024-07-19 05:00:00,Invoice,outbound
EMAIL_05235,SYN_P_0478,SYN_P_0412,2025-02-20 07:00:00,Document,inbound
EMAIL_05236,SYN_P_0556,SYN_P_0260,2025-09-05 13:00:00,Meeting,outbound
EMAIL_05237,SYN_P_0803,SYN_P_0658,2025-08-26 10:00:00,Invoice,outbound
EMAIL_05238,SYN_P_0165,SYN_P_0151,2026-06-01 05:00:00,Document,outbound
EMAIL_05239,SYN_P_0839,SYN_P_0657,2026-08-17 14:00:00,Document,inbound
EMAIL_05240,SYN_P_0083,SYN_P_0943,2025-01-17 18:00:00,Delivery,inbound
EMAIL_05241,SYN_P_0490,SYN_P_1037,2024-04-26 06:00:00,Account,outbound
EMAIL_05242,SYN_P_0992,SYN_P_0844,2026-05-23 02:00:00,Meeting,outbound
EMAIL_05243,SYN_P_0707,SYN_P_0785,2025-06-28 06:00:00,Invoice,inbound
EMAIL_05244,SYN_P_1009,SYN_P_0158,2024-07-22 12:00:00,Document,outbound
EMAIL_05245,SYN_P_1010,SYN_P_0893,2025-07-05 05:00:00,Delivery,inbound
EMAIL_05246,SYN_P_0723,SYN_P_0814,2024-08-08 01:00:00,Invoice,inbound
EMAIL_05247,SYN_P_0597,SYN_P_0230,2026-04-28 13:00:00,Account,outbound
EMAIL_05248,SYN_P_0995,SYN_P_0058,2026-08-23 16:00:00,Delivery,inbound
EMAIL_05249,SYN_P_0815,SYN_P_0881,2026-06-02 16:00:00,Request,inbound
EMAIL_05250,SYN_P_0136,SYN_P_0345,2025-10-31 21:00:00,Account,inbound
EMAIL_05251,SYN_P_0770,SYN_P_0756,2026-07-04 03:00:00,Document,outbound
EMAIL_05252,SYN_P_0233,SYN_P_0901,2026-09-18 22:00:00,Account,inbound
EMAIL_05253,SYN_P_0912,SYN_P_0850,2024-01-12 19:00:00,Account,outbound
EMAIL_05254,SYN_P_0620,SYN_P_0177,2024-09-26 21:00:00,Delivery,inbound
EMAIL_05255,SYN_P_0355,SYN_P_0413,2026-08-20 00:00:00,Request,inbound
EMAIL_05256,SYN_P_0310,SYN_P_0683,2025-12-20 06:00:00,Account,inbound
EMAIL_05257,SYN_P_0115,SYN_P_0994,2024-07-20 22:00:00,Delivery,inbound
EMAIL_05258,SYN_P_0847,SYN_P_0926,2026-03-12 14:00:00,Meeting,outbound
EMAIL_05259,SYN_P_0233,SYN_P_0088,2026-10-18 21:00:00,Account,inbound
EMAIL_05260,SYN_P_0435,SYN_P_0226,2026-05-28 22:00:00,Invoice,inbound
EMAIL_05261,SYN_P_0781,SYN_P_0008,2025-06-14 16:00:00,Account,outbound
EMAIL_05262,SYN_P_0440,SYN_P_0554,2026-02-17 18:00:00,Delivery,outbound
EMAIL_05263,SYN_P_0097,SYN_P_0252,2025-01-30 20:00:00,Account,outbound
EMAIL_05264,SYN_P_0922,SYN_P_0436,2024-10-22 22:00:00,Delivery,inbound
EMAIL_05265,SYN_P_1011,SYN_P_0855,2024-10-31 22:00:00,Meeting,outbound
EMAIL_05266,SYN_P_0173,SYN_P_0811,2024-03-27 22:00:00,Delivery,outbound
EMAIL_05267,SYN_P_0035,SYN_P_0506,2025-07-23 13:00:00,Account,outbound
EMAIL_05268,SYN_P_0788,SYN_P_0094,2024-06-25 04:00:00,Request,outbound
EMAIL_05269,SYN_P_0763,SYN_P_0708,2024-10-04 15:00:00,Meeting,outbound
EMAIL_05270,SYN_P_0680,SYN_P_0253,2025-08-24 18:00:00,Meeting,outbound
EMAIL_05271,SYN_P_0506,SYN_P_0861,2025-05-08 15:00:00,Document,outbound
EMAIL_05272,SYN_P_0547,SYN_P_0675,2024-03-09 21:00:00,Request,outbound
EMAIL_05273,SYN_P_0698,SYN_P_0081,2025-08-11 16:00:00,Request,outbound
EMAIL_05274,SYN_P_0781,SYN_P_0577,2025-08-04 23:00:00,Document,outbound
EMAIL_05275,SYN_P_0195,SYN_P_0675,2024-05-03 06:00:00,Document,outbound
EMAIL_05276,SYN_P_0207,SYN_P_0055,2024-01-15 07:00:00,Document,outbound
EMAIL_05277,SYN_P_1024,SYN_P_0304,2026-09-01 06:00:00,Invoice,outbound
EMAIL_05278,SYN_P_0287,SYN_P_1022,2026-08-16 10:00:00,Meeting,outbound
EMAIL_05279,SYN_P_0246,SYN_P_0819,2025-06-02 18:00:00,Request,inbound
EMAIL_05280,SYN_P_0777,SYN_P_0051,2026-05-10 05:00:00,Document,inbound
EMAIL_05281,SYN_P_0554,SYN_P_0206,2026-09-13 22:00:00,Request,inbound
EMAIL_05282,SYN_P_0739,SYN_P_0582,2026-01-06 06:00:00,Meeting,inbound
EMAIL_05283,SYN_P_0327,SYN_P_0879,2026-03-14 15:00:00,Invoice,outbound
EMAIL_05284,SYN_P_0469,SYN_P_0696,2026-07-01 23:00:00,Delivery,inbound
EMAIL_05285,SYN_P_0537,SYN_P_0699,2024-05-11 06:00:00,Meeting,inbound
EMAIL_05286,SYN_P_0078,SYN_P_0493,2024-03-05 05:00:00,Account,outbound
EMAIL_05287,SYN_P_0851,SYN_P_0682,2026-06-18 02:00:00,Request,outbound
EMAIL_05288,SYN_P_0002,SYN_P_0163,2025-11-16 14:00:00,Delivery,outbound
EMAIL_05289,SYN_P_0600,SYN_P_0538,2024-08-02 21:00:00,Request,inbound
EMAIL_05290,SYN_P_0315,SYN_P_0179,2025-05-25 05:00:00,Meeting,outbound
EMAIL_05291,SYN_P_0391,SYN_P_0652,2024-12-02 17:00:00,Meeting,inbound
EMAIL_05292,SYN_P_0754,SYN_P_0879,2025-05-24 11:00:00,Delivery,outbound
EMAIL_05293,SYN_P_0758,SYN_P_0996,2025-08-26 10:00:00,Delivery,outbound
EMAIL_05294,SYN_P_0839,SYN_P_0101,2024-03-21 12:00:00,Document,outbound
EMAIL_05295,SYN_P_0217,SYN_P_0426,2026-01-14 02:00:00,Request,inbound
EMAIL_05296,SYN_P_0614,SYN_P_0940,2025-12-01 22:00:00,Document,outbound
EMAIL_05297,SYN_P_0802,SYN_P_0745,2025-01-12 20:00:00,Delivery,inbound
EMAIL_05298,SYN_P_0553,SYN_P_0989,2025-03-29 07:00:00,Account,inbound
EMAIL_05299,SYN_P_0848,SYN_P_0647,2026-11-03 16:00:00,Account,outbound
EMAIL_05300,SYN_P_0527,SYN_P_0460,2026-04-28 18:00:00,Delivery,inbound
EMAIL_05301,SYN_P_1005,SYN_P_0899,2024-06-11 06:00:00,Delivery,outbound
EMAIL_05302,SYN_P_0067,SYN_P_0476,2026-10-03 21:00:00,Request,inbound
EMAIL_05303,SYN_P_0955,SYN_P_0239,2026-08-23 03:00:00,Meeting,inbound
EMAIL_05304,SYN_P_0898,SYN_P_0329,2024-10-06 14:00:00,Delivery,inbound
EMAIL_05305,SYN_P_0880,SYN_P_0156,2025-02-21 15:00:00,Delivery,inbound
EMAIL_05306,SYN_P_0454,SYN_P_1040,2024-04-02 05:00:00,Delivery,inbound
EMAIL_05307,SYN_P_0216,SYN_P_0914,2024-08-15 05:00:00,Delivery,inbound
EMAIL_05308,SYN_P_0592,SYN_P_0503,2024-07-12 19:00:00,Meeting,outbound
EMAIL_05309,SYN_P_0722,SYN_P_0911,2024-07-11 19:00:00,Delivery,inbound
EMAIL_05310,SYN_P_0555,SYN_P_1028,2024-07-30 03:00:00,Meeting,outbound
EMAIL_05311,SYN_P_0149,SYN_P_0775,2026-07-12 07:00:00,Document,outbound
EMAIL_05312,SYN_P_0287,SYN_P_0447,2024-06-04 10:00:00,Meeting,inbound
EMAIL_05313,SYN_P_0300,SYN_P_0123,2024-06-08 01:00:00,Document,inbound
EMAIL_05314,SYN_P_0388,SYN_P_0209,2025-04-01 00:00:00,Meeting,outbound
EMAIL_05315,SYN_P_0637,SYN_P_0861,2025-07-05 16:00:00,Invoice,outbound
EMAIL_05316,SYN_P_0189,SYN_P_0565,2025-10-06 21:00:00,Delivery,inbound
EMAIL_05317,SYN_P_0985,SYN_P_1039,2026-07-02 21:00:00,Delivery,outbound
EMAIL_05318,SYN_P_0423,SYN_P_0137,2024-04-03 05:00:00,Meeting,inbound
EMAIL_05319,SYN_P_0038,SYN_P_0596,2026-08-17 03:00:00,Invoice,outbound
EMAIL_05320,SYN_P_0965,SYN_P_0961,2024-05-19 21:00:00,Account,outbound
EMAIL_05321,SYN_P_0055,SYN_P_0858,2026-07-07 19:00:00,Delivery,outbound
EMAIL_05322,SYN_P_0238,SYN_P_0287,2024-01-30 18:00:00,Invoice,outbound
EMAIL_05323,SYN_P_0513,SYN_P_0079,2025-05-16 02:00:00,Delivery,outbound
EMAIL_05324,SYN_P_0786,SYN_P_0091,2024-04-02 11:00:00,Document,inbound
EMAIL_05325,SYN_P_0660,SYN_P_0862,2026-06-06 02:00:00,Invoice,outbound
EMAIL_05326,SYN_P_0967,SYN_P_0105,2025-05-15 10:00:00,Document,inbound
EMAIL_05327,SYN_P_0211,SYN_P_0671,2026-09-09 06:00:00,Delivery,inbound
EMAIL_05328,SYN_P_0453,SYN_P_0402,2024-08-31 01:00:00,Delivery,inbound
EMAIL_05329,SYN_P_0818,SYN_P_0557,2024-01-16 17:00:00,Delivery,outbound
EMAIL_05330,SYN_P_0571,SYN_P_0840,2026-03-19 16:00:00,Delivery,inbound
EMAIL_05331,SYN_P_0477,SYN_P_0649,2026-06-25 13:00:00,Document,inbound
EMAIL_05332,SYN_P_0421,SYN_P_0649,2025-06-15 20:00:00,Account,outbound
EMAIL_05333,SYN_P_0792,SYN_P_0652,2025-06-07 11:00:00,Account,inbound
EMAIL_05334,SYN_P_0037,SYN_P_0279,2025-12-27 11:00:00,Request,outbound
EMAIL_05335,SYN_P_0438,SYN_P_0026,2025-03-12 08:00:00,Invoice,inbound
EMAIL_05336,SYN_P_0896,SYN_P_0426,2025-06-21 17:00:00,Document,outbound
EMAIL_05337,SYN_P_0726,SYN_P_1029,2025-07-22 19:00:00,Delivery,inbound
EMAIL_05338,SYN_P_0295,SYN_P_1012,2025-06-05 10:00:00,Account,outbound
EMAIL_05339,SYN_P_1033,SYN_P_0256,2025-03-15 20:00:00,Meeting,outbound
EMAIL_05340,SYN_P_0141,SYN_P_0648,2024-01-19 06:00:00,Account,outbound
EMAIL_05341,SYN_P_0261,SYN_P_0602,2026-09-10 18:00:00,Document,inbound
EMAIL_05342,SYN_P_0630,SYN_P_0696,2024-03-15 11:00:00,Delivery,inbound
EMAIL_05343,SYN_P_0266,SYN_P_0777,2025-03-13 09:00:00,Request,outbound
EMAIL_05344,SYN_P_0372,SYN_P_0055,2024-10-12 01:00:00,Meeting,outbound
EMAIL_05345,SYN_P_0827,SYN_P_0726,2025-09-18 14:00:00,Delivery,inbound
EMAIL_05346,SYN_P_0912,SYN_P_0083,2025-01-05 20:00:00,Delivery,inbound
EMAIL_05347,SYN_P_0012,SYN_P_0501,2025-03-24 06:00:00,Meeting,inbound
EMAIL_05348,SYN_P_0924,SYN_P_0982,2024-12-31 06:00:00,Document,inbound
EMAIL_05349,SYN_P_1002,SYN_P_0051,2026-01-22 05:00:00,Delivery,outbound
EMAIL_05350,SYN_P_0385,SYN_P_0078,2024-06-09 02:00:00,Request,outbound
EMAIL_05351,SYN_P_0741,SYN_P_0652,2026-01-09 01:00:00,Account,inbound
EMAIL_05352,SYN_P_0518,SYN_P_0998,2024-08-21 06:00:00,Meeting,outbound
EMAIL_05353,SYN_P_0011,SYN_P_0789,2026-08-11 19:00:00,Document,inbound
EMAIL_05354,SYN_P_0844,SYN_P_0848,2026-04-25 11:00:00,Invoice,outbound
EMAIL_05355,SYN_P_0314,SYN_P_0976,2025-01-13 07:00:00,Delivery,outbound
EMAIL_05356,SYN_P_0790,SYN_P_0733,2024-02-12 03:00:00,Meeting,outbound
EMAIL_05357,SYN_P_0411,SYN_P_0994,2025-04-16 13:00:00,Invoice,inbound
EMAIL_05358,SYN_P_0677,SYN_P_0409,2026-09-18 03:00:00,Document,outbound
EMAIL_05359,SYN_P_0502,SYN_P_0981,2024-04-18 22:00:00,Delivery,inbound
EMAIL_05360,SYN_P_0384,SYN_P_0804,2025-12-16 15:00:00,Delivery,outbound
EMAIL_05361,SYN_P_0307,SYN_P_0950,2025-11-19 23:00:00,Account,outbound
EMAIL_05362,SYN_P_0299,SYN_P_0798,2024-12-15 00:00:00,Request,outbound
EMAIL_05363,SYN_P_0807,SYN_P_0843,2024-01-24 05:00:00,Meeting,outbound
EMAIL_05364,SYN_P_1012,SYN_P_0691,2024-07-07 15:00:00,Meeting,inbound
EMAIL_05365,SYN_P_0328,SYN_P_0961,2025-10-22 06:00:00,Account,outbound
EMAIL_05366,SYN_P_0437,SYN_P_0978,2026-02-12 05:00:00,Meeting,outbound
EMAIL_05367,SYN_P_0508,SYN_P_0258,2025-03-21 18:00:00,Invoice,outbound
EMAIL_05368,SYN_P_0750,SYN_P_0522,2025-05-21 13:00:00,Request,inbound
EMAIL_05369,SYN_P_0340,SYN_P_0150,2025-12-13 22:00:00,Request,outbound
EMAIL_05370,SYN_P_0951,SYN_P_0364,2024-05-09 14:00:00,Document,outbound
EMAIL_05371,SYN_P_1014,SYN_P_0260,2024-10-10 08:00:00,Invoice,inbound
EMAIL_05372,SYN_P_0598,SYN_P_0883,2026-03-04 07:00:00,Document,outbound
EMAIL_05373,SYN_P_0486,SYN_P_0117,2024-01-18 01:00:00,Document,outbound
EMAIL_05374,SYN_P_0367,SYN_P_0097,2026-10-10 00:00:00,Document,inbound
EMAIL_05375,SYN_P_0541,SYN_P_0081,2024-02-22 23:00:00,Invoice,inbound
EMAIL_05376,SYN_P_0567,SYN_P_0413,2026-10-15 23:00:00,Invoice,outbound
EMAIL_05377,SYN_P_0633,SYN_P_0604,2024-11-29 23:00:00,Meeting,inbound
EMAIL_05378,SYN_P_0398,SYN_P_0336,2024-11-23 11:00:00,Delivery,inbound
EMAIL_05379,SYN_P_0215,SYN_P_0246,2025-10-10 02:00:00,Invoice,outbound
EMAIL_05380,SYN_P_0435,SYN_P_0320,2025-12-07 15:00:00,Invoice,inbound
EMAIL_05381,SYN_P_0918,SYN_P_0226,2026-01-08 03:00:00,Account,outbound
EMAIL_05382,SYN_P_0115,SYN_P_0828,2026-10-09 09:00:00,Meeting,inbound
EMAIL_05383,SYN_P_0356,SYN_P_0751,2024-05-05 03:00:00,Account,outbound
EMAIL_05384,SYN_P_0384,SYN_P_0792,2026-03-30 20:00:00,Request,inbound
EMAIL_05385,SYN_P_0491,SYN_P_0373,2025-09-30 14:00:00,Account,inbound
EMAIL_05386,SYN_P_0825,SYN_P_0450,2024-09-23 21:00:00,Account,inbound
EMAIL_05387,SYN_P_0395,SYN_P_0590,2024-02-24 23:00:00,Account,inbound
EMAIL_05388,SYN_P_0249,SYN_P_0786,2024-12-13 14:00:00,Request,inbound
EMAIL_05389,SYN_P_0242,SYN_P_1018,2024-11-20 15:00:00,Invoice,inbound
EMAIL_05390,SYN_P_0652,SYN_P_0263,2025-04-02 01:00:00,Meeting,outbound
EMAIL_05391,SYN_P_0984,SYN_P_0745,2026-07-31 15:00:00,Request,outbound
EMAIL_05392,SYN_P_0193,SYN_P_0102,2024-07-16 23:00:00,Document,outbound
EMAIL_05393,SYN_P_0279,SYN_P_0203,2024-09-21 02:00:00,Document,inbound
EMAIL_05394,SYN_P_0750,SYN_P_0039,2026-05-09 08:00:00,Delivery,inbound
EMAIL_05395,SYN_P_1014,SYN_P_0331,2026-04-29 21:00:00,Document,outbound
EMAIL_05396,SYN_P_0035,SYN_P_0761,2026-04-05 15:00:00,Account,inbound
EMAIL_05397,SYN_P_0867,SYN_P_0982,2024-02-19 21:00:00,Meeting,outbound
EMAIL_05398,SYN_P_0730,SYN_P_0901,2025-04-18 00:00:00,Delivery,inbound
EMAIL_05399,SYN_P_0278,SYN_P_0223,2026-10-19 23:00:00,Account,outbound
EMAIL_05400,SYN_P_0590,SYN_P_0549,2025-12-30 00:00:00,Meeting,inbound
EMAIL_05401,SYN_P_0050,SYN_P_0610,2026-07-27 06:00:00,Invoice,inbound
EMAIL_05402,SYN_P_0638,SYN_P_0630,2026-01-01 02:00:00,Document,outbound
EMAIL_05403,SYN_P_0292,SYN_P_0432,2024-10-27 06:00:00,Request,inbound
EMAIL_05404,SYN_P_0561,SYN_P_0189,2024-09-28 23:00:00,Invoice,outbound
EMAIL_05405,SYN_P_0690,SYN_P_0900,2025-11-24 11:00:00,Account,inbound
EMAIL_05406,SYN_P_0924,SYN_P_0825,2024-04-20 19:00:00,Document,inbound
EMAIL_05407,SYN_P_0927,SYN_P_0135,2025-06-01 00:00:00,Delivery,outbound
EMAIL_05408,SYN_P_0850,SYN_P_0400,2024-03-28 23:00:00,Document,outbound
EMAIL_05409,SYN_P_0641,SYN_P_0654,2025-05-05 04:00:00,Meeting,outbound
EMAIL_05410,SYN_P_0621,SYN_P_0786,2026-10-29 15:00:00,Request,outbound
EMAIL_05411,SYN_P_0120,SYN_P_0590,2024-02-12 23:00:00,Document,outbound
EMAIL_05412,SYN_P_0549,SYN_P_0279,2024-12-11 08:00:00,Request,outbound
EMAIL_05413,SYN_P_0315,SYN_P_0112,2026-10-25 11:00:00,Invoice,inbound
EMAIL_05414,SYN_P_0829,SYN_P_0723,2025-03-11 12:00:00,Invoice,outbound
EMAIL_05415,SYN_P_0609,SYN_P_0611,2025-03-20 05:00:00,Meeting,inbound
EMAIL_05416,SYN_P_0750,SYN_P_0721,2026-10-10 11:00:00,Invoice,inbound
EMAIL_05417,SYN_P_0836,SYN_P_0649,2025-04-03 10:00:00,Account,outbound
EMAIL_05418,SYN_P_0686,SYN_P_0200,2025-04-24 15:00:00,Delivery,inbound
EMAIL_05419,SYN_P_0917,SYN_P_0919,2025-07-22 08:00:00,Meeting,inbound
EMAIL_05420,SYN_P_0709,SYN_P_0538,2024-01-25 21:00:00,Delivery,inbound
EMAIL_05421,SYN_P_0131,SYN_P_0547,2024-08-15 19:00:00,Document,outbound
EMAIL_05422,SYN_P_0603,SYN_P_0871,2026-07-30 00:00:00,Delivery,outbound
EMAIL_05423,SYN_P_0232,SYN_P_0077,2026-07-17 16:00:00,Account,inbound
EMAIL_05424,SYN_P_0271,SYN_P_0713,2024-03-15 21:00:00,Document,inbound
EMAIL_05425,SYN_P_0699,SYN_P_0986,2026-05-24 08:00:00,Document,outbound
EMAIL_05426,SYN_P_0732,SYN_P_0139,2024-05-03 01:00:00,Delivery,inbound
EMAIL_05427,SYN_P_0025,SYN_P_0034,2024-03-20 14:00:00,Meeting,inbound
EMAIL_05428,SYN_P_0369,SYN_P_1013,2024-06-13 18:00:00,Meeting,outbound
EMAIL_05429,SYN_P_0453,SYN_P_0968,2025-01-13 16:00:00,Document,outbound
EMAIL_05430,SYN_P_0531,SYN_P_0120,2026-07-09 22:00:00,Account,outbound
EMAIL_05431,SYN_P_0129,SYN_P_0173,2024-08-18 21:00:00,Account,inbound
EMAIL_05432,SYN_P_0114,SYN_P_0047,2025-04-04 15:00:00,Account,inbound
EMAIL_05433,SYN_P_0772,SYN_P_0023,2025-09-09 17:00:00,Invoice,outbound
EMAIL_05434,SYN_P_1005,SYN_P_0329,2025-09-03 02:00:00,Account,outbound
EMAIL_05435,SYN_P_1023,SYN_P_0320,2025-02-21 16:00:00,Meeting,outbound
EMAIL_05436,SYN_P_0319,SYN_P_0702,2025-08-25 05:00:00,Request,inbound
EMAIL_05437,SYN_P_0029,SYN_P_0776,2024-01-21 17:00:00,Request,outbound
EMAIL_05438,SYN_P_0418,SYN_P_0250,2026-01-11 18:00:00,Meeting,inbound
EMAIL_05439,SYN_P_0414,SYN_P_0582,2024-06-01 17:00:00,Document,outbound
EMAIL_05440,SYN_P_0373,SYN_P_0913,2025-12-18 15:00:00,Delivery,outbound
EMAIL_05441,SYN_P_0218,SYN_P_0948,2026-06-05 18:00:00,Invoice,outbound
EMAIL_05442,SYN_P_0837,SYN_P_0462,2025-11-27 10:00:00,Account,inbound
EMAIL_05443,SYN_P_0726,SYN_P_1017,2024-04-07 17:00:00,Document,outbound
EMAIL_05444,SYN_P_0960,SYN_P_0528,2025-09-19 02:00:00,Document,inbound
EMAIL_05445,SYN_P_0262,SYN_P_0462,2025-08-20 13:00:00,Account,inbound
EMAIL_05446,SYN_P_0920,SYN_P_0859,2025-08-08 12:00:00,Account,outbound
EMAIL_05447,SYN_P_0994,SYN_P_0459,2024-09-07 13:00:00,Account,inbound
EMAIL_05448,SYN_P_0446,SYN_P_0277,2024-01-23 11:00:00,Meeting,inbound
EMAIL_05449,SYN_P_1004,SYN_P_0491,2025-01-24 07:00:00,Account,inbound
EMAIL_05450,SYN_P_0546,SYN_P_0200,2024-08-16 16:00:00,Account,outbound
EMAIL_05451,SYN_P_0310,SYN_P_1008,2025-08-05 01:00:00,Invoice,inbound
EMAIL_05452,SYN_P_0171,SYN_P_0092,2025-06-19 08:00:00,Delivery,inbound
EMAIL_05453,SYN_P_0968,SYN_P_0620,2026-01-19 20:00:00,Document,inbound
EMAIL_05454,SYN_P_0721,SYN_P_0050,2024-03-04 03:00:00,Account,outbound
EMAIL_05455,SYN_P_0467,SYN_P_0706,2025-11-02 17:00:00,Account,outbound
EMAIL_05456,SYN_P_0938,SYN_P_0527,2026-10-08 02:00:00,Request,outbound
EMAIL_05457,SYN_P_0146,SYN_P_0072,2024-07-06 17:00:00,Meeting,inbound
EMAIL_05458,SYN_P_0037,SYN_P_0780,2026-01-30 22:00:00,Account,outbound
EMAIL_05459,SYN_P_1002,SYN_P_0827,2024-05-03 07:00:00,Delivery,inbound
EMAIL_05460,SYN_P_0594,SYN_P_0452,2025-03-18 08:00:00,Account,outbound
EMAIL_05461,SYN_P_0635,SYN_P_0190,2026-05-19 00:00:00,Request,outbound
EMAIL_05462,SYN_P_0027,SYN_P_0715,2024-08-14 01:00:00,Invoice,outbound
EMAIL_05463,SYN_P_0620,SYN_P_0702,2024-03-24 21:00:00,Account,inbound
EMAIL_05464,SYN_P_0524,SYN_P_0686,2026-01-13 01:00:00,Meeting,inbound
EMAIL_05465,SYN_P_0570,SYN_P_0350,2026-04-18 10:00:00,Delivery,inbound
EMAIL_05466,SYN_P_0977,SYN_P_0366,2026-10-10 21:00:00,Document,outbound
EMAIL_05467,SYN_P_0961,SYN_P_0719,2025-12-13 05:00:00,Document,outbound
EMAIL_05468,SYN_P_0008,SYN_P_0303,2025-02-03 02:00:00,Invoice,outbound
EMAIL_05469,SYN_P_0105,SYN_P_0818,2024-11-27 21:00:00,Delivery,outbound
EMAIL_05470,SYN_P_0608,SYN_P_0627,2025-11-27 15:00:00,Meeting,inbound
EMAIL_05471,SYN_P_0470,SYN_P_0959,2024-06-17 04:00:00,Invoice,inbound
EMAIL_05472,SYN_P_0304,SYN_P_0503,2025-09-27 16:00:00,Delivery,inbound
EMAIL_05473,SYN_P_0766,SYN_P_0243,2025-11-09 14:00:00,Document,inbound
EMAIL_05474,SYN_P_0616,SYN_P_0198,2025-09-28 06:00:00,Invoice,outbound
EMAIL_05475,SYN_P_0180,SYN_P_0775,2025-04-05 19:00:00,Delivery,inbound
EMAIL_05476,SYN_P_0926,SYN_P_0407,2025-01-18 00:00:00,Delivery,inbound
EMAIL_05477,SYN_P_0337,SYN_P_0685,2026-05-11 07:00:00,Meeting,outbound
EMAIL_05478,SYN_P_0808,SYN_P_0392,2026-06-24 03:00:00,Delivery,outbound
EMAIL_05479,SYN_P_0595,SYN_P_0974,2024-01-02 09:00:00,Account,inbound
EMAIL_05480,SYN_P_0418,SYN_P_0634,2026-03-04 06:00:00,Request,inbound
EMAIL_05481,SYN_P_0709,SYN_P_0169,2025-08-19 05:00:00,Meeting,outbound
EMAIL_05482,SYN_P_0560,SYN_P_0052,2025-09-04 18:00:00,Document,outbound
EMAIL_05483,SYN_P_0915,SYN_P_0495,2025-07-21 23:00:00,Request,inbound
EMAIL_05484,SYN_P_0336,SYN_P_0558,2024-07-16 03:00:00,Delivery,outbound
EMAIL_05485,SYN_P_0212,SYN_P_0505,2024-06-01 12:00:00,Account,outbound
EMAIL_05486,SYN_P_0726,SYN_P_0375,2026-03-31 00:00:00,Request,outbound
EMAIL_05487,SYN_P_0794,SYN_P_0341,2025-04-10 23:00:00,Document,outbound
EMAIL_05488,SYN_P_0847,SYN_P_0968,2025-08-19 15:00:00,Delivery,inbound
EMAIL_05489,SYN_P_0108,SYN_P_0420,2024-11-19 03:00:00,Delivery,inbound
EMAIL_05490,SYN_P_0521,SYN_P_0241,2026-01-28 04:00:00,Meeting,inbound
EMAIL_05491,SYN_P_0279,SYN_P_0803,2026-05-24 04:00:00,Account,outbound
EMAIL_05492,SYN_P_0018,SYN_P_0309,2024-01-30 10:00:00,Account,outbound
EMAIL_05493,SYN_P_0284,SYN_P_0035,2024-05-07 21:00:00,Delivery,outbound
EMAIL_05494,SYN_P_0022,SYN_P_0470,2025-11-03 15:00:00,Delivery,inbound
EMAIL_05495,SYN_P_0107,SYN_P_0124,2026-01-31 05:00:00,Meeting,outbound
EMAIL_05496,SYN_P_0715,SYN_P_0214,2024-08-18 23:00:00,Account,outbound
EMAIL_05497,SYN_P_0756,SYN_P_0289,2025-04-20 12:00:00,Meeting,inbound
EMAIL_05498,SYN_P_0864,SYN_P_1010,2024-10-09 13:00:00,Document,outbound
EMAIL_05499,SYN_P_0577,SYN_P_0660,2025-04-11 01:00:00,Request,outbound
EMAIL_05500,SYN_P_0653,SYN_P_1038,2024-08-17 07:00:00,Request,outbound
EMAIL_05501,SYN_P_0637,SYN_P_0179,2026-09-13 20:00:00,Account,inbound
EMAIL_05502,SYN_P_0568,SYN_P_0548,2024-07-17 10:00:00,Document,inbound
EMAIL_05503,SYN_P_0519,SYN_P_0675,2025-04-18 09:00:00,Request,outbound
EMAIL_05504,SYN_P_0028,SYN_P_0395,2025-03-06 16:00:00,Request,inbound
EMAIL_05505,SYN_P_0509,SYN_P_0131,2025-05-26 20:00:00,Invoice,inbound
EMAIL_05506,SYN_P_0293,SYN_P_0892,2025-07-12 20:00:00,Account,outbound
EMAIL_05507,SYN_P_0309,SYN_P_0794,2024-06-13 04:00:00,Invoice,inbound
EMAIL_05508,SYN_P_0266,SYN_P_0284,2024-03-29 19:00:00,Account,inbound
EMAIL_05509,SYN_P_0500,SYN_P_0237,2024-05-31 20:00:00,Meeting,outbound
EMAIL_05510,SYN_P_0135,SYN_P_0239,2024-07-06 11:00:00,Account,outbound
EMAIL_05511,SYN_P_0385,SYN_P_0373,2024-08-27 15:00:00,Invoice,inbound
EMAIL_05512,SYN_P_0415,SYN_P_0935,2026-10-09 06:00:00,Document,outbound
EMAIL_05513,SYN_P_0998,SYN_P_0288,2024-03-13 22:00:00,Delivery,inbound
EMAIL_05514,SYN_P_0610,SYN_P_1021,2025-04-30 21:00:00,Request,outbound
EMAIL_05515,SYN_P_0404,SYN_P_0201,2026-04-17 06:00:00,Account,outbound
EMAIL_05516,SYN_P_0019,SYN_P_0943,2025-07-26 13:00:00,Request,outbound
EMAIL_05517,SYN_P_0186,SYN_P_0288,2024-09-14 23:00:00,Delivery,inbound
EMAIL_05518,SYN_P_0353,SYN_P_0857,2024-02-16 17:00:00,Delivery,outbound
EMAIL_05519,SYN_P_0231,SYN_P_0460,2025-10-13 18:00:00,Meeting,outbound
EMAIL_05520,SYN_P_0957,SYN_P_0900,2024-02-21 17:00:00,Invoice,inbound
EMAIL_05521,SYN_P_0950,SYN_P_0984,2024-06-29 13:00:00,Document,outbound
EMAIL_05522,SYN_P_0969,SYN_P_0306,2024-05-15 02:00:00,Invoice,inbound
EMAIL_05523,SYN_P_0345,SYN_P_0119,2025-12-28 14:00:00,Request,inbound
EMAIL_05524,SYN_P_0147,SYN_P_0700,2026-04-09 03:00:00,Delivery,outbound
EMAIL_05525,SYN_P_0921,SYN_P_0158,2026-07-25 15:00:00,Account,inbound
EMAIL_05526,SYN_P_0254,SYN_P_1026,2024-04-25 09:00:00,Document,inbound
EMAIL_05527,SYN_P_0624,SYN_P_0494,2025-04-04 00:00:00,Request,outbound
EMAIL_05528,SYN_P_0232,SYN_P_1010,2025-03-13 06:00:00,Document,outbound
EMAIL_05529,SYN_P_0373,SYN_P_0929,2025-02-25 00:00:00,Delivery,inbound
EMAIL_05530,SYN_P_0306,SYN_P_0077,2026-08-02 16:00:00,Delivery,outbound
EMAIL_05531,SYN_P_1020,SYN_P_0423,2026-08-20 21:00:00,Meeting,inbound
EMAIL_05532,SYN_P_0470,SYN_P_0568,2026-04-26 09:00:00,Document,inbound
EMAIL_05533,SYN_P_0695,SYN_P_0148,2025-03-29 21:00:00,Request,outbound
EMAIL_05534,SYN_P_0428,SYN_P_0925,2024-07-10 18:00:00,Account,outbound
EMAIL_05535,SYN_P_0438,SYN_P_0352,2026-05-20 06:00:00,Account,outbound
EMAIL_05536,SYN_P_0524,SYN_P_0902,2025-09-04 17:00:00,Request,inbound
EMAIL_05537,SYN_P_0963,SYN_P_0243,2024-03-20 13:00:00,Meeting,inbound
EMAIL_05538,SYN_P_0656,SYN_P_0146,2026-06-08 00:00:00,Document,inbound
EMAIL_05539,SYN_P_0887,SYN_P_0207,2026-02-16 05:00:00,Meeting,outbound
EMAIL_05540,SYN_P_0929,SYN_P_0487,2025-08-14 02:00:00,Delivery,inbound
EMAIL_05541,SYN_P_0202,SYN_P_0364,2026-02-06 00:00:00,Invoice,inbound
EMAIL_05542,SYN_P_0648,SYN_P_0923,2025-04-25 21:00:00,Delivery,outbound
EMAIL_05543,SYN_P_0537,SYN_P_0010,2026-04-27 11:00:00,Meeting,outbound
EMAIL_05544,SYN_P_0835,SYN_P_0565,2025-05-09 00:00:00,Account,inbound
EMAIL_05545,SYN_P_0581,SYN_P_0289,2025-03-24 12:00:00,Meeting,inbound
EMAIL_05546,SYN_P_1026,SYN_P_0365,2024-01-04 23:00:00,Meeting,outbound
EMAIL_05547,SYN_P_0884,SYN_P_0491,2026-08-07 18:00:00,Invoice,outbound
EMAIL_05548,SYN_P_0820,SYN_P_0737,2026-08-03 20:00:00,Account,inbound
EMAIL_05549,SYN_P_0309,SYN_P_0329,2024-12-17 20:00:00,Meeting,outbound
EMAIL_05550,SYN_P_0620,SYN_P_0947,2025-06-07 22:00:00,Account,inbound
EMAIL_05551,SYN_P_0022,SYN_P_0818,2025-04-06 22:00:00,Document,inbound
EMAIL_05552,SYN_P_0716,SYN_P_0486,2025-04-15 12:00:00,Request,inbound
EMAIL_05553,SYN_P_1006,SYN_P_0988,2024-08-16 05:00:00,Request,inbound
EMAIL_05554,SYN_P_0508,SYN_P_0014,2026-03-15 14:00:00,Account,inbound
EMAIL_05555,SYN_P_0570,SYN_P_0224,2025-09-23 21:00:00,Invoice,inbound
EMAIL_05556,SYN_P_0790,SYN_P_0146,2025-12-06 09:00:00,Delivery,inbound
EMAIL_05557,SYN_P_0122,SYN_P_0681,2025-02-08 02:00:00,Account,outbound
EMAIL_05558,SYN_P_0173,SYN_P_0462,2026-07-13 13:00:00,Meeting,outbound
EMAIL_05559,SYN_P_0949,SYN_P_0677,2024-12-14 01:00:00,Delivery,inbound
EMAIL_05560,SYN_P_0104,SYN_P_0652,2025-12-10 09:00:00,Account,inbound
EMAIL_05561,SYN_P_0737,SYN_P_1008,2025-05-24 02:00:00,Meeting,outbound
EMAIL_05562,SYN_P_1001,SYN_P_0258,2025-03-10 16:00:00,Request,inbound
EMAIL_05563,SYN_P_0737,SYN_P_0976,2026-04-18 13:00:00,Document,outbound
EMAIL_05564,SYN_P_0053,SYN_P_0567,2025-05-07 04:00:00,Meeting,outbound
EMAIL_05565,SYN_P_0330,SYN_P_0968,2026-05-17 18:00:00,Document,inbound
EMAIL_05566,SYN_P_0545,SYN_P_1034,2025-09-29 15:00:00,Delivery,inbound
EMAIL_05567,SYN_P_0624,SYN_P_0330,2026-06-30 13:00:00,Document,inbound
EMAIL_05568,SYN_P_0829,SYN_P_0568,2024-08-05 12:00:00,Delivery,outbound
EMAIL_05569,SYN_P_0237,SYN_P_0558,2025-05-05 15:00:00,Document,inbound
EMAIL_05570,SYN_P_0133,SYN_P_0431,2026-02-17 09:00:00,Document,inbound
EMAIL_05571,SYN_P_0790,SYN_P_1028,2026-09-02 05:00:00,Document,outbound
EMAIL_05572,SYN_P_0608,SYN_P_0485,2025-07-12 12:00:00,Invoice,outbound
EMAIL_05573,SYN_P_0890,SYN_P_0512,2025-09-29 13:00:00,Document,inbound
EMAIL_05574,SYN_P_1006,SYN_P_0454,2026-09-29 13:00:00,Request,inbound
EMAIL_05575,SYN_P_0450,SYN_P_0298,2025-05-13 03:00:00,Request,outbound
EMAIL_05576,SYN_P_0782,SYN_P_0215,2026-10-12 16:00:00,Request,inbound
EMAIL_05577,SYN_P_0961,SYN_P_0548,2025-12-06 15:00:00,Request,inbound
EMAIL_05578,SYN_P_0738,SYN_P_0904,2026-09-15 19:00:00,Meeting,outbound
EMAIL_05579,SYN_P_0268,SYN_P_0399,2024-09-23 08:00:00,Request,inbound
EMAIL_05580,SYN_P_0501,SYN_P_1018,2025-11-08 16:00:00,Delivery,inbound
EMAIL_05581,SYN_P_0065,SYN_P_0797,2025-12-21 06:00:00,Document,inbound
EMAIL_05582,SYN_P_0350,SYN_P_0132,2024-02-08 10:00:00,Invoice,inbound
EMAIL_05583,SYN_P_0974,SYN_P_0849,2024-11-18 19:00:00,Request,outbound
EMAIL_05584,SYN_P_0425,SYN_P_0967,2024-08-25 14:00:00,Request,inbound
EMAIL_05585,SYN_P_0470,SYN_P_0755,2025-11-06 15:00:00,Account,outbound
EMAIL_05586,SYN_P_0667,SYN_P_0711,2026-01-29 15:00:00,Account,outbound
EMAIL_05587,SYN_P_0764,SYN_P_0957,2025-10-21 02:00:00,Request,outbound
EMAIL_05588,SYN_P_0068,SYN_P_0985,2025-07-02 10:00:00,Document,outbound
EMAIL_05589,SYN_P_0278,SYN_P_0661,2026-04-22 03:00:00,Meeting,inbound
EMAIL_05590,SYN_P_0702,SYN_P_0056,2024-07-14 06:00:00,Invoice,outbound
EMAIL_05591,SYN_P_0889,SYN_P_0156,2026-08-05 12:00:00,Invoice,inbound
EMAIL_05592,SYN_P_0066,SYN_P_0976,2024-04-24 23:00:00,Delivery,inbound
EMAIL_05593,SYN_P_0633,SYN_P_0156,2024-08-10 08:00:00,Request,inbound
EMAIL_05594,SYN_P_0858,SYN_P_0837,2025-09-04 22:00:00,Account,inbound
EMAIL_05595,SYN_P_0302,SYN_P_0079,2024-08-15 14:00:00,Meeting,inbound
EMAIL_05596,SYN_P_0767,SYN_P_0840,2025-08-31 18:00:00,Document,outbound
EMAIL_05597,SYN_P_0233,SYN_P_0786,2026-08-13 15:00:00,Document,outbound
EMAIL_05598,SYN_P_0565,SYN_P_0414,2025-10-12 03:00:00,Document,inbound
EMAIL_05599,SYN_P_0088,SYN_P_0683,2024-02-22 21:00:00,Meeting,inbound
EMAIL_05600,SYN_P_0578,SYN_P_0883,2026-04-18 03:00:00,Meeting,outbound
EMAIL_05601,SYN_P_0869,SYN_P_0809,2026-02-06 01:00:00,Account,inbound
EMAIL_05602,SYN_P_0765,SYN_P_0964,2025-03-12 14:00:00,Delivery,outbound
EMAIL_05603,SYN_P_0872,SYN_P_0079,2025-02-26 06:00:00,Invoice,inbound
EMAIL_05604,SYN_P_0405,SYN_P_0983,2024-06-23 03:00:00,Delivery,inbound
EMAIL_05605,SYN_P_0197,SYN_P_0183,2024-08-24 21:00:00,Delivery,inbound
EMAIL_05606,SYN_P_0394,SYN_P_0774,2024-05-04 01:00:00,Meeting,outbound
EMAIL_05607,SYN_P_0219,SYN_P_1032,2024-08-12 22:00:00,Account,outbound
EMAIL_05608,SYN_P_0869,SYN_P_0838,2026-01-07 02:00:00,Meeting,inbound
EMAIL_05609,SYN_P_0330,SYN_P_0498,2026-05-16 19:00:00,Document,inbound
EMAIL_05610,SYN_P_0050,SYN_P_1003,2026-01-14 05:00:00,Delivery,outbound
EMAIL_05611,SYN_P_0451,SYN_P_0598,2026-10-31 07:00:00,Delivery,outbound
EMAIL_05612,SYN_P_0766,SYN_P_0798,2026-01-09 01:00:00,Document,inbound
EMAIL_05613,SYN_P_0002,SYN_P_0734,2025-12-15 00:00:00,Account,inbound
EMAIL_05614,SYN_P_0515,SYN_P_0917,2026-10-15 18:00:00,Document,outbound
EMAIL_05615,SYN_P_0248,SYN_P_0959,2026-09-11 04:00:00,Account,inbound
EMAIL_05616,SYN_P_0457,SYN_P_0974,2024-03-29 05:00:00,Meeting,outbound
EMAIL_05617,SYN_P_0605,SYN_P_0724,2024-05-11 22:00:00,Invoice,inbound
EMAIL_05618,SYN_P_0292,SYN_P_0055,2025-12-16 10:00:00,Request,inbound
EMAIL_05619,SYN_P_0259,SYN_P_0337,2026-02-03 04:00:00,Account,outbound
EMAIL_05620,SYN_P_0227,SYN_P_1028,2025-05-17 01:00:00,Request,outbound
EMAIL_05621,SYN_P_0707,SYN_P_0209,2026-09-05 20:00:00,Meeting,inbound
EMAIL_05622,SYN_P_0603,SYN_P_0252,2026-09-05 14:00:00,Delivery,outbound
EMAIL_05623,SYN_P_0987,SYN_P_0996,2026-05-29 21:00:00,Document,outbound
EMAIL_05624,SYN_P_0898,SYN_P_1003,2024-06-22 00:00:00,Document,outbound
EMAIL_05625,SYN_P_0288,SYN_P_0223,2026-04-15 21:00:00,Request,outbound
EMAIL_05626,SYN_P_1004,SYN_P_0780,2026-02-09 06:00:00,Document,inbound
EMAIL_05627,SYN_P_0769,SYN_P_0450,2024-09-13 06:00:00,Delivery,outbound
EMAIL_05628,SYN_P_0673,SYN_P_0550,2025-01-07 08:00:00,Meeting,outbound
EMAIL_05629,SYN_P_0368,SYN_P_0895,2025-12-07 06:00:00,Delivery,inbound
EMAIL_05630,SYN_P_0488,SYN_P_0119,2025-11-10 15:00:00,Delivery,outbound
EMAIL_05631,SYN_P_0327,SYN_P_0567,2026-04-04 18:00:00,Account,outbound
EMAIL_05632,SYN_P_0357,SYN_P_1022,2026-08-27 20:00:00,Meeting,inbound
EMAIL_05633,SYN_P_0124,SYN_P_0319,2024-10-03 06:00:00,Delivery,inbound
EMAIL_05634,SYN_P_0644,SYN_P_0450,2025-08-20 10:00:00,Delivery,inbound
EMAIL_05635,SYN_P_0138,SYN_P_0277,2024-12-09 11:00:00,Delivery,inbound
EMAIL_05636,SYN_P_0650,SYN_P_0854,2026-11-07 06:00:00,Invoice,outbound
EMAIL_05637,SYN_P_0265,SYN_P_0706,2026-09-27 14:00:00,Delivery,outbound
EMAIL_05638,SYN_P_0406,SYN_P_0581,2026-05-29 00:00:00,Invoice,inbound
EMAIL_05639,SYN_P_0127,SYN_P_0857,2024-08-02 14:00:00,Invoice,outbound
EMAIL_05640,SYN_P_0331,SYN_P_0929,2025-05-13 03:00:00,Invoice,inbound
EMAIL_05641,SYN_P_0578,SYN_P_0938,2025-12-05 23:00:00,Invoice,outbound
EMAIL_05642,SYN_P_1040,SYN_P_1014,2026-10-20 18:00:00,Delivery,outbound
EMAIL_05643,SYN_P_0423,SYN_P_0688,2025-09-14 02:00:00,Invoice,inbound
EMAIL_05644,SYN_P_1030,SYN_P_0096,2024-12-24 00:00:00,Delivery,outbound
EMAIL_05645,SYN_P_0531,SYN_P_0831,2026-04-01 04:00:00,Invoice,outbound
EMAIL_05646,SYN_P_0188,SYN_P_0183,2026-05-25 01:00:00,Invoice,inbound
EMAIL_05647,SYN_P_0117,SYN_P_0381,2025-03-31 09:00:00,Meeting,outbound
EMAIL_05648,SYN_P_0145,SYN_P_0596,2025-10-29 22:00:00,Delivery,outbound
EMAIL_05649,SYN_P_0241,SYN_P_0513,2025-09-18 23:00:00,Meeting,outbound
EMAIL_05650,SYN_P_0847,SYN_P_0546,2025-03-21 06:00:00,Account,outbound
EMAIL_05651,SYN_P_0655,SYN_P_0534,2026-06-24 01:00:00,Account,outbound
EMAIL_05652,SYN_P_0870,SYN_P_0747,2024-09-27 04:00:00,Invoice,inbound
EMAIL_05653,SYN_P_0778,SYN_P_0334,2024-11-11 20:00:00,Delivery,outbound
EMAIL_05654,SYN_P_0782,SYN_P_0825,2025-07-15 03:00:00,Account,outbound
EMAIL_05655,SYN_P_0727,SYN_P_0259,2025-12-04 15:00:00,Invoice,outbound
EMAIL_05656,SYN_P_0581,SYN_P_0844,2024-05-16 07:00:00,Meeting,inbound
EMAIL_05657,SYN_P_1035,SYN_P_0678,2025-06-03 23:00:00,Document,inbound
EMAIL_05658,SYN_P_0220,SYN_P_0640,2026-05-30 03:00:00,Account,inbound
EMAIL_05659,SYN_P_0596,SYN_P_0587,2024-08-14 07:00:00,Document,outbound
EMAIL_05660,SYN_P_0722,SYN_P_0753,2024-12-04 06:00:00,Account,inbound
EMAIL_05661,SYN_P_0828,SYN_P_0645,2024-12-20 09:00:00,Invoice,inbound
EMAIL_05662,SYN_P_0180,SYN_P_0698,2025-03-06 21:00:00,Delivery,inbound
EMAIL_05663,SYN_P_0759,SYN_P_0332,2026-07-01 11:00:00,Invoice,outbound
EMAIL_05664,SYN_P_0552,SYN_P_0804,2025-11-15 13:00:00,Document,inbound
EMAIL_05665,SYN_P_1005,SYN_P_0201,2026-09-15 18:00:00,Document,outbound
EMAIL_05666,SYN_P_0091,SYN_P_1036,2026-05-07 00:00:00,Invoice,outbound
EMAIL_05667,SYN_P_0454,SYN_P_0504,2026-09-05 17:00:00,Document,inbound
EMAIL_05668,SYN_P_0071,SYN_P_1033,2026-09-03 13:00:00,Document,inbound
EMAIL_05669,SYN_P_0816,SYN_P_0166,2024-08-28 12:00:00,Delivery,inbound
EMAIL_05670,SYN_P_0497,SYN_P_0503,2024-03-11 01:00:00,Meeting,outbound
EMAIL_05671,SYN_P_0391,SYN_P_0921,2026-10-09 16:00:00,Account,outbound
EMAIL_05672,SYN_P_0960,SYN_P_0536,2024-09-13 03:00:00,Delivery,outbound
EMAIL_05673,SYN_P_0743,SYN_P_0927,2025-11-10 03:00:00,Request,inbound
EMAIL_05674,SYN_P_0707,SYN_P_0666,2024-09-23 00:00:00,Request,outbound
EMAIL_05675,SYN_P_0612,SYN_P_0644,2026-11-01 05:00:00,Document,inbound
EMAIL_05676,SYN_P_0813,SYN_P_0228,2026-09-25 12:00:00,Invoice,outbound
EMAIL_05677,SYN_P_0707,SYN_P_0961,2026-04-21 22:00:00,Document,inbound
EMAIL_05678,SYN_P_0312,SYN_P_0452,2025-04-03 12:00:00,Invoice,outbound
EMAIL_05679,SYN_P_0490,SYN_P_0122,2024-11-12 19:00:00,Request,outbound
EMAIL_05680,SYN_P_0836,SYN_P_0840,2024-08-25 22:00:00,Delivery,inbound
EMAIL_05681,SYN_P_0358,SYN_P_0616,2025-08-29 07:00:00,Meeting,outbound
EMAIL_05682,SYN_P_0476,SYN_P_0574,2026-08-09 18:00:00,Document,inbound
EMAIL_05683,SYN_P_0779,SYN_P_0136,2025-01-12 12:00:00,Invoice,inbound
EMAIL_05684,SYN_P_0841,SYN_P_0979,2026-10-13 09:00:00,Document,outbound
EMAIL_05685,SYN_P_0779,SYN_P_0986,2024-02-11 11:00:00,Document,inbound
EMAIL_05686,SYN_P_0762,SYN_P_0689,2024-03-17 05:00:00,Document,outbound
EMAIL_05687,SYN_P_0048,SYN_P_0758,2025-02-11 03:00:00,Invoice,outbound
EMAIL_05688,SYN_P_0023,SYN_P_0591,2026-02-15 07:00:00,Document,outbound
EMAIL_05689,SYN_P_0423,SYN_P_0513,2025-06-15 23:00:00,Document,outbound
EMAIL_05690,SYN_P_0656,SYN_P_0985,2024-09-11 00:00:00,Document,inbound
EMAIL_05691,SYN_P_0025,SYN_P_0008,2024-05-25 05:00:00,Meeting,inbound
EMAIL_05692,SYN_P_0550,SYN_P_0460,2025-11-19 04:00:00,Account,inbound
EMAIL_05693,SYN_P_0743,SYN_P_0011,2025-10-31 07:00:00,Delivery,outbound
EMAIL_05694,SYN_P_0961,SYN_P_0927,2024-12-13 22:00:00,Meeting,outbound
EMAIL_05695,SYN_P_0877,SYN_P_0590,2026-07-05 09:00:00,Account,inbound
EMAIL_05696,SYN_P_0472,SYN_P_0938,2025-03-22 18:00:00,Meeting,outbound
EMAIL_05697,SYN_P_0051,SYN_P_0762,2025-03-19 08:00:00,Account,inbound
EMAIL_05698,SYN_P_0276,SYN_P_0988,2024-12-09 20:00:00,Account,outbound
EMAIL_05699,SYN_P_0604,SYN_P_0194,2024-09-08 03:00:00,Delivery,outbound
EMAIL_05700,SYN_P_0051,SYN_P_0567,2026-04-08 11:00:00,Account,inbound
EMAIL_05701,SYN_P_0106,SYN_P_0297,2024-05-11 04:00:00,Meeting,inbound
EMAIL_05702,SYN_P_0670,SYN_P_0954,2026-05-13 03:00:00,Delivery,outbound
EMAIL_05703,SYN_P_0212,SYN_P_0034,2024-03-05 16:00:00,Document,outbound
EMAIL_05704,SYN_P_0337,SYN_P_0462,2025-03-24 10:00:00,Document,inbound
EMAIL_05705,SYN_P_0058,SYN_P_0340,2026-02-24 23:00:00,Account,inbound
EMAIL_05706,SYN_P_0392,SYN_P_0948,2026-06-05 06:00:00,Account,outbound
EMAIL_05707,SYN_P_0434,SYN_P_0419,2024-07-30 08:00:00,Delivery,inbound
EMAIL_05708,SYN_P_0807,SYN_P_0881,2025-12-14 22:00:00,Invoice,inbound
EMAIL_05709,SYN_P_0088,SYN_P_0050,2025-11-10 06:00:00,Delivery,outbound
EMAIL_05710,SYN_P_0968,SYN_P_0908,2024-12-27 01:00:00,Account,outbound
EMAIL_05711,SYN_P_0513,SYN_P_0951,2024-04-06 16:00:00,Account,inbound
EMAIL_05712,SYN_P_0872,SYN_P_0287,2026-08-26 22:00:00,Delivery,outbound
EMAIL_05713,SYN_P_1000,SYN_P_0822,2026-05-22 04:00:00,Meeting,outbound
EMAIL_05714,SYN_P_0431,SYN_P_0016,2026-10-19 21:00:00,Account,inbound
EMAIL_05715,SYN_P_0416,SYN_P_0953,2025-05-05 20:00:00,Invoice,outbound
EMAIL_05716,SYN_P_0171,SYN_P_0989,2025-06-28 02:00:00,Invoice,inbound
EMAIL_05717,SYN_P_0722,SYN_P_0748,2024-12-07 13:00:00,Meeting,outbound
EMAIL_05718,SYN_P_0140,SYN_P_0238,2025-06-26 01:00:00,Account,outbound
EMAIL_05719,SYN_P_0122,SYN_P_0538,2024-10-17 13:00:00,Request,inbound
EMAIL_05720,SYN_P_0742,SYN_P_0991,2024-05-24 05:00:00,Document,outbound
EMAIL_05721,SYN_P_0053,SYN_P_0247,2024-02-08 14:00:00,Invoice,outbound
EMAIL_05722,SYN_P_0897,SYN_P_0531,2025-11-18 21:00:00,Meeting,outbound
EMAIL_05723,SYN_P_0176,SYN_P_0071,2025-08-10 09:00:00,Document,inbound
EMAIL_05724,SYN_P_0246,SYN_P_0677,2025-01-31 16:00:00,Request,outbound
EMAIL_05725,SYN_P_0244,SYN_P_0173,2024-04-02 18:00:00,Invoice,inbound
EMAIL_05726,SYN_P_0742,SYN_P_0806,2026-05-19 10:00:00,Request,inbound
EMAIL_05727,SYN_P_0315,SYN_P_0149,2025-05-10 10:00:00,Meeting,inbound
EMAIL_05728,SYN_P_0653,SYN_P_0279,2025-03-07 04:00:00,Delivery,outbound
EMAIL_05729,SYN_P_0008,SYN_P_0888,2026-06-08 15:00:00,Request,outbound
EMAIL_05730,SYN_P_0875,SYN_P_0172,2024-11-13 05:00:00,Document,outbound
EMAIL_05731,SYN_P_0854,SYN_P_0172,2024-12-18 05:00:00,Meeting,outbound
EMAIL_05732,SYN_P_0421,SYN_P_0944,2024-07-29 15:00:00,Document,inbound
EMAIL_05733,SYN_P_0603,SYN_P_0149,2025-06-06 07:00:00,Invoice,inbound
EMAIL_05734,SYN_P_0310,SYN_P_0012,2025-01-24 06:00:00,Invoice,outbound
EMAIL_05735,SYN_P_0939,SYN_P_0611,2024-08-21 22:00:00,Delivery,inbound
EMAIL_05736,SYN_P_0666,SYN_P_0588,2024-06-03 23:00:00,Document,inbound
EMAIL_05737,SYN_P_0665,SYN_P_0814,2026-05-14 16:00:00,Invoice,inbound
EMAIL_05738,SYN_P_0695,SYN_P_0731,2025-12-13 19:00:00,Account,inbound
EMAIL_05739,SYN_P_0298,SYN_P_0147,2024-09-25 03:00:00,Request,inbound
EMAIL_05740,SYN_P_0361,SYN_P_0030,2025-01-11 10:00:00,Document,outbound
EMAIL_05741,SYN_P_0701,SYN_P_0490,2024-02-15 23:00:00,Request,inbound
EMAIL_05742,SYN_P_0121,SYN_P_0984,2024-09-24 05:00:00,Meeting,inbound
EMAIL_05743,SYN_P_0212,SYN_P_0964,2025-08-04 08:00:00,Delivery,outbound
EMAIL_05744,SYN_P_0363,SYN_P_0398,2026-04-24 06:00:00,Delivery,outbound
EMAIL_05745,SYN_P_0051,SYN_P_0452,2024-08-20 12:00:00,Invoice,outbound
EMAIL_05746,SYN_P_0886,SYN_P_0075,2024-02-19 21:00:00,Invoice,outbound
EMAIL_05747,SYN_P_0198,SYN_P_0995,2026-06-17 11:00:00,Invoice,inbound
EMAIL_05748,SYN_P_0097,SYN_P_0405,2025-05-04 15:00:00,Request,inbound
EMAIL_05749,SYN_P_0906,SYN_P_0959,2026-01-09 10:00:00,Document,outbound
EMAIL_05750,SYN_P_0084,SYN_P_0799,2024-01-27 00:00:00,Document,inbound
EMAIL_05751,SYN_P_0359,SYN_P_0895,2025-06-06 23:00:00,Account,inbound
EMAIL_05752,SYN_P_0146,SYN_P_0936,2024-04-04 23:00:00,Request,outbound
EMAIL_05753,SYN_P_0616,SYN_P_0006,2024-01-30 21:00:00,Meeting,outbound
EMAIL_05754,SYN_P_0505,SYN_P_0621,2024-06-29 05:00:00,Delivery,outbound
EMAIL_05755,SYN_P_0282,SYN_P_0336,2024-12-17 10:00:00,Document,inbound
EMAIL_05756,SYN_P_0473,SYN_P_0935,2025-08-01 22:00:00,Invoice,inbound
EMAIL_05757,SYN_P_0612,SYN_P_0745,2025-10-19 21:00:00,Invoice,outbound
EMAIL_05758,SYN_P_0641,SYN_P_1038,2025-12-05 18:00:00,Request,outbound
EMAIL_05759,SYN_P_0648,SYN_P_0445,2024-01-25 22:00:00,Request,inbound
EMAIL_05760,SYN_P_0261,SYN_P_0902,2025-02-24 03:00:00,Account,outbound
EMAIL_05761,SYN_P_0611,SYN_P_0383,2024-07-20 15:00:00,Delivery,inbound
EMAIL_05762,SYN_P_1005,SYN_P_0625,2025-08-09 19:00:00,Document,outbound
EMAIL_05763,SYN_P_0408,SYN_P_0228,2024-02-16 22:00:00,Invoice,inbound
EMAIL_05764,SYN_P_0941,SYN_P_0863,2025-05-07 08:00:00,Invoice,inbound
EMAIL_05765,SYN_P_0961,SYN_P_0643,2026-06-17 13:00:00,Delivery,outbound
EMAIL_05766,SYN_P_0361,SYN_P_0323,2024-04-02 15:00:00,Request,outbound
EMAIL_05767,SYN_P_0108,SYN_P_0719,2024-05-25 00:00:00,Meeting,outbound
EMAIL_05768,SYN_P_0954,SYN_P_0584,2026-06-08 21:00:00,Request,inbound
EMAIL_05769,SYN_P_0685,SYN_P_0219,2025-11-05 17:00:00,Account,outbound
EMAIL_05770,SYN_P_0562,SYN_P_0011,2026-01-03 00:00:00,Account,inbound
EMAIL_05771,SYN_P_1022,SYN_P_0848,2025-07-20 13:00:00,Invoice,outbound
EMAIL_05772,SYN_P_0767,SYN_P_0801,2024-11-16 18:00:00,Delivery,inbound
EMAIL_05773,SYN_P_0850,SYN_P_0317,2024-02-10 13:00:00,Document,inbound
EMAIL_05774,SYN_P_0293,SYN_P_0614,2025-05-05 10:00:00,Request,outbound
EMAIL_05775,SYN_P_1019,SYN_P_0648,2026-06-14 14:00:00,Meeting,outbound
EMAIL_05776,SYN_P_0565,SYN_P_0381,2025-07-03 17:00:00,Delivery,outbound
EMAIL_05777,SYN_P_0925,SYN_P_0815,2025-03-07 08:00:00,Meeting,outbound
EMAIL_05778,SYN_P_0767,SYN_P_0165,2026-08-06 09:00:00,Invoice,inbound
EMAIL_05779,SYN_P_0479,SYN_P_0789,2025-10-03 20:00:00,Request,outbound
EMAIL_05780,SYN_P_0383,SYN_P_0992,2025-06-06 09:00:00,Delivery,inbound
EMAIL_05781,SYN_P_0394,SYN_P_0179,2025-07-09 12:00:00,Delivery,outbound
EMAIL_05782,SYN_P_0313,SYN_P_0864,2024-06-09 06:00:00,Meeting,outbound
EMAIL_05783,SYN_P_0732,SYN_P_0803,2025-08-01 08:00:00,Account,inbound
EMAIL_05784,SYN_P_0823,SYN_P_0009,2024-01-17 18:00:00,Request,inbound
EMAIL_05785,SYN_P_0198,SYN_P_0063,2025-03-19 08:00:00,Meeting,outbound
EMAIL_05786,SYN_P_0115,SYN_P_0361,2025-09-26 06:00:00,Delivery,outbound
EMAIL_05787,SYN_P_1030,SYN_P_1013,2026-07-21 11:00:00,Invoice,inbound
EMAIL_05788,SYN_P_0445,SYN_P_0923,2024-06-04 03:00:00,Document,inbound
EMAIL_05789,SYN_P_0162,SYN_P_0266,2025-05-10 04:00:00,Invoice,outbound
EMAIL_05790,SYN_P_0755,SYN_P_0017,2026-03-28 10:00:00,Account,outbound
EMAIL_05791,SYN_P_0941,SYN_P_0565,2026-04-14 17:00:00,Invoice,inbound
EMAIL_05792,SYN_P_0063,SYN_P_0932,2026-06-28 01:00:00,Meeting,outbound
EMAIL_05793,SYN_P_0102,SYN_P_0544,2026-06-10 01:00:00,Request,outbound
EMAIL_05794,SYN_P_0350,SYN_P_0504,2025-04-29 11:00:00,Request,inbound
EMAIL_05795,SYN_P_1019,SYN_P_0273,2026-03-23 05:00:00,Delivery,outbound
EMAIL_05796,SYN_P_0584,SYN_P_0054,2025-12-04 07:00:00,Meeting,inbound
EMAIL_05797,SYN_P_0798,SYN_P_0156,2025-11-06 01:00:00,Document,outbound
EMAIL_05798,SYN_P_0109,SYN_P_1005,2025-11-08 03:00:00,Invoice,outbound
EMAIL_05799,SYN_P_0106,SYN_P_0351,2025-10-04 10:00:00,Delivery,outbound
EMAIL_05800,SYN_P_0520,SYN_P_1009,2024-07-24 06:00:00,Account,inbound
EMAIL_05801,SYN_P_0071,SYN_P_0556,2026-10-15 02:00:00,Request,inbound
EMAIL_05802,SYN_P_0871,SYN_P_0017,2024-05-08 20:00:00,Account,outbound
EMAIL_05803,SYN_P_0027,SYN_P_0438,2024-10-28 18:00:00,Invoice,inbound
EMAIL_05804,SYN_P_0417,SYN_P_0965,2025-12-31 05:00:00,Invoice,inbound
EMAIL_05805,SYN_P_0858,SYN_P_0973,2026-01-18 06:00:00,Request,outbound
EMAIL_05806,SYN_P_0008,SYN_P_0368,2024-04-21 16:00:00,Invoice,inbound
EMAIL_05807,SYN_P_0628,SYN_P_0894,2026-09-08 13:00:00,Delivery,outbound
EMAIL_05808,SYN_P_0285,SYN_P_0827,2024-11-30 14:00:00,Delivery,inbound
EMAIL_05809,SYN_P_0524,SYN_P_0499,2025-06-14 04:00:00,Invoice,inbound
EMAIL_05810,SYN_P_0039,SYN_P_0883,2026-05-31 15:00:00,Meeting,outbound
EMAIL_05811,SYN_P_1003,SYN_P_0695,2026-04-06 10:00:00,Meeting,outbound
EMAIL_05812,SYN_P_1015,SYN_P_0053,2026-04-04 20:00:00,Request,inbound
EMAIL_05813,SYN_P_0702,SYN_P_0818,2024-10-06 15:00:00,Meeting,inbound
EMAIL_05814,SYN_P_0548,SYN_P_0892,2025-07-09 00:00:00,Account,outbound
EMAIL_05815,SYN_P_0292,SYN_P_0020,2024-12-28 04:00:00,Account,outbound
EMAIL_05816,SYN_P_0754,SYN_P_0346,2026-04-03 23:00:00,Request,inbound
EMAIL_05817,SYN_P_0499,SYN_P_0356,2026-03-29 16:00:00,Meeting,outbound
EMAIL_05818,SYN_P_0299,SYN_P_0708,2024-10-20 13:00:00,Meeting,outbound
EMAIL_05819,SYN_P_0234,SYN_P_0909,2026-03-05 02:00:00,Document,inbound
EMAIL_05820,SYN_P_0641,SYN_P_0565,2025-05-01 06:00:00,Account,outbound
EMAIL_05821,SYN_P_0657,SYN_P_0726,2026-08-23 02:00:00,Account,outbound
EMAIL_05822,SYN_P_0472,SYN_P_0917,2024-12-03 06:00:00,Invoice,inbound
EMAIL_05823,SYN_P_0064,SYN_P_0072,2025-11-04 12:00:00,Document,outbound
EMAIL_05824,SYN_P_0520,SYN_P_0874,2025-10-19 15:00:00,Account,outbound
EMAIL_05825,SYN_P_0737,SYN_P_0192,2025-04-09 08:00:00,Account,inbound
EMAIL_05826,SYN_P_0941,SYN_P_0407,2024-05-13 17:00:00,Request,inbound
EMAIL_05827,SYN_P_0931,SYN_P_0890,2024-11-21 05:00:00,Meeting,inbound
EMAIL_05828,SYN_P_0274,SYN_P_0285,2025-05-04 19:00:00,Invoice,inbound
EMAIL_05829,SYN_P_0846,SYN_P_0851,2026-01-21 01:00:00,Document,inbound
EMAIL_05830,SYN_P_0369,SYN_P_0985,2026-04-24 19:00:00,Account,outbound
EMAIL_05831,SYN_P_0490,SYN_P_0592,2025-01-15 01:00:00,Account,inbound
EMAIL_05832,SYN_P_0914,SYN_P_0291,2026-04-12 18:00:00,Request,outbound
EMAIL_05833,SYN_P_0008,SYN_P_0804,2025-05-02 10:00:00,Account,inbound
EMAIL_05834,SYN_P_0326,SYN_P_0155,2025-10-28 06:00:00,Document,outbound
EMAIL_05835,SYN_P_0709,SYN_P_0801,2025-09-06 22:00:00,Delivery,outbound
EMAIL_05836,SYN_P_0415,SYN_P_0531,2024-10-27 15:00:00,Document,inbound
EMAIL_05837,SYN_P_0262,SYN_P_0670,2026-09-26 04:00:00,Account,outbound
EMAIL_05838,SYN_P_0922,SYN_P_0719,2024-09-05 15:00:00,Document,inbound
EMAIL_05839,SYN_P_0479,SYN_P_0413,2025-12-27 16:00:00,Document,outbound
EMAIL_05840,SYN_P_0767,SYN_P_0443,2026-09-15 22:00:00,Request,inbound
EMAIL_05841,SYN_P_0858,SYN_P_0236,2024-03-28 11:00:00,Meeting,outbound
EMAIL_05842,SYN_P_0271,SYN_P_0664,2026-03-31 08:00:00,Invoice,inbound
EMAIL_05843,SYN_P_0699,SYN_P_0638,2024-08-07 04:00:00,Document,outbound
EMAIL_05844,SYN_P_0176,SYN_P_0348,2024-04-21 02:00:00,Account,inbound
EMAIL_05845,SYN_P_0863,SYN_P_0902,2024-09-30 03:00:00,Delivery,outbound
EMAIL_05846,SYN_P_0994,SYN_P_1030,2026-08-02 13:00:00,Account,outbound
EMAIL_05847,SYN_P_0116,SYN_P_0469,2025-11-13 10:00:00,Request,inbound
EMAIL_05848,SYN_P_0323,SYN_P_0958,2026-10-29 01:00:00,Request,outbound
EMAIL_05849,SYN_P_0349,SYN_P_0500,2026-09-05 05:00:00,Meeting,outbound
EMAIL_05850,SYN_P_0982,SYN_P_0873,2025-07-13 01:00:00,Account,outbound
EMAIL_05851,SYN_P_0582,SYN_P_0187,2025-11-07 18:00:00,Delivery,outbound
EMAIL_05852,SYN_P_0339,SYN_P_0388,2024-01-26 06:00:00,Meeting,inbound
EMAIL_05853,SYN_P_0718,SYN_P_0891,2024-10-08 02:00:00,Meeting,inbound
EMAIL_05854,SYN_P_0389,SYN_P_0398,2025-07-13 21:00:00,Meeting,inbound
EMAIL_05855,SYN_P_0198,SYN_P_0732,2026-01-09 00:00:00,Delivery,inbound
EMAIL_05856,SYN_P_0543,SYN_P_0028,2026-05-24 08:00:00,Request,inbound
EMAIL_05857,SYN_P_0990,SYN_P_0550,2026-04-23 06:00:00,Invoice,outbound
EMAIL_05858,SYN_P_0864,SYN_P_0373,2024-02-19 13:00:00,Delivery,inbound
EMAIL_05859,SYN_P_0389,SYN_P_0633,2026-07-13 17:00:00,Request,inbound
EMAIL_05860,SYN_P_0672,SYN_P_0097,2024-03-09 21:00:00,Account,outbound
EMAIL_05861,SYN_P_0223,SYN_P_0358,2025-03-25 21:00:00,Delivery,outbound
EMAIL_05862,SYN_P_0302,SYN_P_0117,2024-12-22 08:00:00,Request,inbound
EMAIL_05863,SYN_P_0873,SYN_P_0634,2026-05-27 07:00:00,Invoice,outbound
EMAIL_05864,SYN_P_0747,SYN_P_0092,2025-10-04 02:00:00,Document,outbound
EMAIL_05865,SYN_P_0263,SYN_P_0066,2024-08-19 07:00:00,Meeting,inbound
EMAIL_05866,SYN_P_0299,SYN_P_0609,2024-10-17 08:00:00,Meeting,outbound
EMAIL_05867,SYN_P_0992,SYN_P_0343,2024-02-04 11:00:00,Account,outbound
EMAIL_05868,SYN_P_0550,SYN_P_0208,2026-01-30 20:00:00,Account,outbound
EMAIL_05869,SYN_P_0508,SYN_P_0142,2024-08-10 16:00:00,Meeting,inbound
EMAIL_05870,SYN_P_0255,SYN_P_0765,2024-02-07 22:00:00,Meeting,outbound
EMAIL_05871,SYN_P_0215,SYN_P_0741,2026-01-23 17:00:00,Invoice,inbound
EMAIL_05872,SYN_P_0816,SYN_P_0057,2026-07-04 23:00:00,Document,outbound
EMAIL_05873,SYN_P_0715,SYN_P_0468,2025-03-25 22:00:00,Account,inbound
EMAIL_05874,SYN_P_0580,SYN_P_0502,2026-01-19 06:00:00,Delivery,inbound
EMAIL_05875,SYN_P_0252,SYN_P_0063,2025-08-12 06:00:00,Invoice,inbound
EMAIL_05876,SYN_P_0388,SYN_P_0500,2024-03-02 04:00:00,Account,outbound
EMAIL_05877,SYN_P_0127,SYN_P_0838,2025-10-24 15:00:00,Invoice,inbound
EMAIL_05878,SYN_P_0723,SYN_P_0593,2024-03-26 10:00:00,Meeting,outbound
EMAIL_05879,SYN_P_0403,SYN_P_0031,2024-09-13 19:00:00,Request,inbound
EMAIL_05880,SYN_P_0883,SYN_P_0105,2025-08-21 19:00:00,Account,outbound
EMAIL_05881,SYN_P_0540,SYN_P_0724,2026-04-04 13:00:00,Delivery,inbound
EMAIL_05882,SYN_P_0917,SYN_P_0312,2024-01-03 12:00:00,Invoice,outbound
EMAIL_05883,SYN_P_0408,SYN_P_0067,2025-03-29 02:00:00,Meeting,inbound
EMAIL_05884,SYN_P_0588,SYN_P_0127,2025-09-14 23:00:00,Document,inbound
EMAIL_05885,SYN_P_0581,SYN_P_0884,2026-01-28 17:00:00,Request,outbound
EMAIL_05886,SYN_P_0777,SYN_P_0319,2026-01-11 06:00:00,Invoice,outbound
EMAIL_05887,SYN_P_0654,SYN_P_0687,2025-06-28 03:00:00,Delivery,inbound
EMAIL_05888,SYN_P_0177,SYN_P_0517,2026-06-13 07:00:00,Account,inbound
EMAIL_05889,SYN_P_0646,SYN_P_0539,2025-03-28 21:00:00,Request,outbound
EMAIL_05890,SYN_P_0983,SYN_P_0314,2026-04-09 00:00:00,Document,outbound
EMAIL_05891,SYN_P_0793,SYN_P_0594,2026-04-10 01:00:00,Request,inbound
EMAIL_05892,SYN_P_0112,SYN_P_0042,2026-04-21 18:00:00,Meeting,inbound
EMAIL_05893,SYN_P_0949,SYN_P_0247,2026-08-07 23:00:00,Meeting,outbound
EMAIL_05894,SYN_P_0816,SYN_P_0237,2025-05-31 04:00:00,Document,outbound
EMAIL_05895,SYN_P_0644,SYN_P_0280,2024-12-04 13:00:00,Document,inbound
EMAIL_05896,SYN_P_0835,SYN_P_0522,2024-10-30 02:00:00,Account,outbound
EMAIL_05897,SYN_P_0580,SYN_P_0623,2024-03-13 22:00:00,Document,outbound
EMAIL_05898,SYN_P_0390,SYN_P_0527,2024-01-12 15:00:00,Meeting,outbound
EMAIL_05899,SYN_P_0478,SYN_P_0314,2024-12-11 17:00:00,Meeting,inbound
EMAIL_05900,SYN_P_0679,SYN_P_0575,2026-09-13 01:00:00,Account,outbound
EMAIL_05901,SYN_P_0290,SYN_P_0742,2026-08-20 02:00:00,Account,inbound
EMAIL_05902,SYN_P_0437,SYN_P_0489,2025-04-08 11:00:00,Invoice,inbound
EMAIL_05903,SYN_P_0017,SYN_P_0817,2025-05-20 15:00:00,Delivery,inbound
EMAIL_05904,SYN_P_0692,SYN_P_0406,2024-02-12 20:00:00,Delivery,outbound
EMAIL_05905,SYN_P_0290,SYN_P_0148,2025-03-12 18:00:00,Account,inbound
EMAIL_05906,SYN_P_0907,SYN_P_1022,2025-05-05 06:00:00,Invoice,outbound
EMAIL_05907,SYN_P_0312,SYN_P_0211,2024-05-18 01:00:00,Meeting,outbound
EMAIL_05908,SYN_P_0766,SYN_P_0900,2024-10-09 10:00:00,Invoice,inbound
EMAIL_05909,SYN_P_0087,SYN_P_0128,2026-08-21 18:00:00,Request,outbound
EMAIL_05910,SYN_P_0629,SYN_P_0543,2024-06-29 15:00:00,Delivery,inbound
EMAIL_05911,SYN_P_0922,SYN_P_0312,2026-10-29 03:00:00,Delivery,outbound
EMAIL_05912,SYN_P_0747,SYN_P_0322,2025-10-11 03:00:00,Invoice,outbound
EMAIL_05913,SYN_P_0728,SYN_P_1011,2024-07-09 17:00:00,Document,inbound
EMAIL_05914,SYN_P_0043,SYN_P_0637,2026-08-05 13:00:00,Invoice,outbound
EMAIL_05915,SYN_P_0105,SYN_P_0180,2025-09-12 08:00:00,Delivery,outbound
EMAIL_05916,SYN_P_0231,SYN_P_0809,2024-02-27 20:00:00,Delivery,outbound
EMAIL_05917,SYN_P_0760,SYN_P_0711,2024-06-07 06:00:00,Account,outbound
EMAIL_05918,SYN_P_0016,SYN_P_0484,2025-04-28 20:00:00,Meeting,outbound
EMAIL_05919,SYN_P_0260,SYN_P_0743,2026-01-20 20:00:00,Account,outbound
EMAIL_05920,SYN_P_1027,SYN_P_0002,2026-09-07 23:00:00,Document,outbound
EMAIL_05921,SYN_P_0848,SYN_P_0961,2024-06-22 16:00:00,Invoice,inbound
EMAIL_05922,SYN_P_0871,SYN_P_0772,2024-09-04 06:00:00,Request,inbound
EMAIL_05923,SYN_P_0164,SYN_P_1016,2024-03-06 00:00:00,Document,outbound
EMAIL_05924,SYN_P_0490,SYN_P_0946,2026-03-05 13:00:00,Invoice,outbound
EMAIL_05925,SYN_P_0619,SYN_P_0520,2025-12-08 02:00:00,Delivery,inbound
EMAIL_05926,SYN_P_1036,SYN_P_0239,2025-05-20 22:00:00,Account,inbound
EMAIL_05927,SYN_P_0557,SYN_P_1002,2024-08-19 23:00:00,Document,outbound
EMAIL_05928,SYN_P_0260,SYN_P_0795,2026-04-18 17:00:00,Account,outbound
EMAIL_05929,SYN_P_0204,SYN_P_0881,2025-09-30 07:00:00,Request,outbound
EMAIL_05930,SYN_P_0198,SYN_P_0331,2026-07-08 08:00:00,Request,outbound
EMAIL_05931,SYN_P_0835,SYN_P_0834,2025-09-22 01:00:00,Meeting,outbound
EMAIL_05932,SYN_P_0332,SYN_P_0829,2024-12-19 10:00:00,Request,inbound
EMAIL_05933,SYN_P_0010,SYN_P_0372,2024-11-28 04:00:00,Account,inbound
EMAIL_05934,SYN_P_0524,SYN_P_0660,2024-05-23 05:00:00,Delivery,outbound
EMAIL_05935,SYN_P_0449,SYN_P_0759,2026-05-08 09:00:00,Delivery,outbound
EMAIL_05936,SYN_P_0391,SYN_P_0392,2024-02-01 14:00:00,Invoice,outbound
EMAIL_05937,SYN_P_0485,SYN_P_0771,2024-06-14 21:00:00,Request,outbound
EMAIL_05938,SYN_P_0847,SYN_P_0676,2025-10-24 05:00:00,Meeting,outbound
EMAIL_05939,SYN_P_0941,SYN_P_0059,2026-10-22 06:00:00,Meeting,inbound
EMAIL_05940,SYN_P_0697,SYN_P_0678,2024-02-21 06:00:00,Meeting,outbound
EMAIL_05941,SYN_P_0451,SYN_P_0945,2026-01-23 00:00:00,Meeting,inbound
EMAIL_05942,SYN_P_0178,SYN_P_0541,2026-05-28 14:00:00,Invoice,inbound
EMAIL_05943,SYN_P_0030,SYN_P_0803,2024-12-27 13:00:00,Request,outbound
EMAIL_05944,SYN_P_0371,SYN_P_0888,2026-02-04 17:00:00,Invoice,inbound
EMAIL_05945,SYN_P_0062,SYN_P_0858,2025-06-10 14:00:00,Account,outbound
EMAIL_05946,SYN_P_0700,SYN_P_0461,2026-02-16 18:00:00,Meeting,inbound
EMAIL_05947,SYN_P_0258,SYN_P_0537,2026-08-15 04:00:00,Invoice,inbound
EMAIL_05948,SYN_P_0490,SYN_P_0138,2024-03-17 03:00:00,Meeting,outbound
EMAIL_05949,SYN_P_0347,SYN_P_0727,2024-11-26 10:00:00,Invoice,inbound
EMAIL_05950,SYN_P_0811,SYN_P_0572,2025-05-17 21:00:00,Delivery,outbound
EMAIL_05951,SYN_P_1009,SYN_P_0446,2026-02-03 01:00:00,Delivery,inbound
EMAIL_05952,SYN_P_0022,SYN_P_0748,2026-02-28 13:00:00,Account,outbound
EMAIL_05953,SYN_P_0799,SYN_P_0990,2025-04-10 15:00:00,Meeting,inbound
EMAIL_05954,SYN_P_0992,SYN_P_0605,2025-10-31 05:00:00,Document,inbound
EMAIL_05955,SYN_P_0663,SYN_P_0449,2025-02-25 02:00:00,Meeting,outbound
EMAIL_05956,SYN_P_0579,SYN_P_0699,2026-02-26 05:00:00,Document,outbound
EMAIL_05957,SYN_P_0213,SYN_P_0558,2024-04-18 18:00:00,Meeting,inbound
EMAIL_05958,SYN_P_0285,SYN_P_0250,2026-08-01 09:00:00,Account,inbound
EMAIL_05959,SYN_P_0160,SYN_P_0152,2024-10-15 01:00:00,Request,inbound
EMAIL_05960,SYN_P_0274,SYN_P_0418,2024-06-17 16:00:00,Request,inbound
EMAIL_05961,SYN_P_0032,SYN_P_0142,2026-01-03 15:00:00,Request,outbound
EMAIL_05962,SYN_P_0432,SYN_P_0908,2025-02-27 19:00:00,Invoice,outbound
EMAIL_05963,SYN_P_0130,SYN_P_0534,2024-01-20 06:00:00,Request,outbound
EMAIL_05964,SYN_P_0081,SYN_P_0445,2024-03-21 20:00:00,Account,outbound
EMAIL_05965,SYN_P_0824,SYN_P_0809,2026-06-14 08:00:00,Document,outbound
EMAIL_05966,SYN_P_0482,SYN_P_0325,2026-05-11 13:00:00,Account,inbound
EMAIL_05967,SYN_P_0025,SYN_P_0640,2026-01-12 09:00:00,Request,inbound
EMAIL_05968,SYN_P_0230,SYN_P_0427,2024-01-27 14:00:00,Meeting,inbound
EMAIL_05969,SYN_P_0893,SYN_P_0985,2025-10-14 01:00:00,Account,outbound
EMAIL_05970,SYN_P_0016,SYN_P_0216,2025-08-25 19:00:00,Delivery,outbound
EMAIL_05971,SYN_P_0427,SYN_P_0720,2024-09-04 02:00:00,Request,outbound
EMAIL_05972,SYN_P_0199,SYN_P_0822,2025-05-09 10:00:00,Invoice,inbound
EMAIL_05973,SYN_P_0717,SYN_P_0446,2025-08-20 17:00:00,Delivery,inbound
EMAIL_05974,SYN_P_0069,SYN_P_0544,2025-03-08 09:00:00,Invoice,inbound
EMAIL_05975,SYN_P_0184,SYN_P_0464,2024-04-08 23:00:00,Meeting,inbound
EMAIL_05976,SYN_P_0373,SYN_P_0708,2026-04-01 08:00:00,Invoice,outbound
EMAIL_05977,SYN_P_0771,SYN_P_0683,2024-09-23 22:00:00,Delivery,outbound
EMAIL_05978,SYN_P_0725,SYN_P_0771,2024-04-17 16:00:00,Invoice,inbound
EMAIL_05979,SYN_P_0688,SYN_P_0451,2024-03-27 07:00:00,Request,inbound
EMAIL_05980,SYN_P_0762,SYN_P_1026,2026-07-24 15:00:00,Document,inbound
EMAIL_05981,SYN_P_1031,SYN_P_0293,2026-04-13 06:00:00,Delivery,inbound
EMAIL_05982,SYN_P_0391,SYN_P_0934,2026-06-10 00:00:00,Delivery,inbound
EMAIL_05983,SYN_P_0642,SYN_P_0752,2025-10-09 00:00:00,Delivery,outbound
EMAIL_05984,SYN_P_0954,SYN_P_0685,2026-07-20 10:00:00,Account,inbound
EMAIL_05985,SYN_P_0162,SYN_P_0706,2026-03-04 04:00:00,Invoice,outbound
EMAIL_05986,SYN_P_0152,SYN_P_0288,2024-04-13 10:00:00,Account,outbound
EMAIL_05987,SYN_P_0023,SYN_P_0857,2024-06-05 13:00:00,Delivery,outbound
EMAIL_05988,SYN_P_0174,SYN_P_0378,2025-12-12 20:00:00,Document,inbound
EMAIL_05989,SYN_P_0406,SYN_P_0022,2024-10-09 07:00:00,Delivery,outbound
EMAIL_05990,SYN_P_0918,SYN_P_0449,2025-09-16 08:00:00,Invoice,outbound
EMAIL_05991,SYN_P_0344,SYN_P_0486,2025-06-22 12:00:00,Document,outbound
EMAIL_05992,SYN_P_0742,SYN_P_0508,2025-09-03 22:00:00,Document,outbound
EMAIL_05993,SYN_P_0633,SYN_P_0722,2026-05-05 00:00:00,Delivery,inbound
EMAIL_05994,SYN_P_0637,SYN_P_0799,2025-10-07 16:00:00,Document,inbound
EMAIL_05995,SYN_P_0607,SYN_P_0328,2024-08-30 15:00:00,Meeting,outbound
EMAIL_05996,SYN_P_0457,SYN_P_0137,2026-09-08 04:00:00,Delivery,outbound
EMAIL_05997,SYN_P_0048,SYN_P_0429,2026-08-03 21:00:00,Account,outbound
EMAIL_05998,SYN_P_0517,SYN_P_0288,2024-06-18 20:00:00,Meeting,inbound
EMAIL_05999,SYN_P_0491,SYN_P_0508,2024-08-03 05:00:00,Request,outbound
EMAIL_06000,SYN_P_0161,SYN_P_1024,2025-12-25 10:00:00,Delivery,inbound
EMAIL_06001,SYN_P_0299,SYN_P_0751,2025-12-28 08:00:00,Account,outbound
EMAIL_06002,SYN_P_0249,SYN_P_0736,2025-02-25 14:00:00,Delivery,inbound
EMAIL_06003,SYN_P_0165,SYN_P_0282,2025-09-26 08:00:00,Meeting,inbound
EMAIL_06004,SYN_P_0699,SYN_P_0602,2026-05-03 08:00:00,Account,inbound
EMAIL_06005,SYN_P_0810,SYN_P_0704,2025-10-11 09:00:00,Request,outbound
EMAIL_06006,SYN_P_0797,SYN_P_0329,2024-03-17 04:00:00,Document,inbound
EMAIL_06007,SYN_P_0562,SYN_P_0439,2025-08-02 20:00:00,Meeting,outbound
EMAIL_06008,SYN_P_0750,SYN_P_0068,2024-05-22 14:00:00,Request,outbound
EMAIL_06009,SYN_P_0238,SYN_P_0386,2025-12-21 20:00:00,Account,outbound
EMAIL_06010,SYN_P_0030,SYN_P_0026,2025-07-10 02:00:00,Delivery,outbound
EMAIL_06011,SYN_P_0351,SYN_P_0591,2025-11-03 19:00:00,Document,inbound
EMAIL_06012,SYN_P_0500,SYN_P_0993,2024-08-15 00:00:00,Delivery,outbound
EMAIL_06013,SYN_P_0716,SYN_P_0131,2024-06-14 14:00:00,Invoice,inbound
EMAIL_06014,SYN_P_0151,SYN_P_0066,2026-05-25 18:00:00,Request,outbound
EMAIL_06015,SYN_P_0370,SYN_P_0471,2025-06-20 04:00:00,Document,outbound
EMAIL_06016,SYN_P_0841,SYN_P_0451,2025-01-03 11:00:00,Invoice,inbound
EMAIL_06017,SYN_P_0805,SYN_P_0206,2025-09-01 01:00:00,Account,outbound
EMAIL_06018,SYN_P_0356,SYN_P_0237,2024-12-27 01:00:00,Document,inbound
EMAIL_06019,SYN_P_0108,SYN_P_0549,2026-04-26 10:00:00,Document,outbound
EMAIL_06020,SYN_P_0752,SYN_P_0567,2025-05-20 17:00:00,Delivery,outbound
EMAIL_06021,SYN_P_0805,SYN_P_0494,2024-06-28 14:00:00,Meeting,outbound
EMAIL_06022,SYN_P_0532,SYN_P_0995,2025-05-29 00:00:00,Delivery,inbound
EMAIL_06023,SYN_P_0682,SYN_P_0685,2025-12-04 07:00:00,Invoice,inbound
EMAIL_06024,SYN_P_0878,SYN_P_0417,2026-04-17 11:00:00,Account,inbound
EMAIL_06025,SYN_P_0488,SYN_P_0307,2025-12-16 10:00:00,Account,inbound
EMAIL_06026,SYN_P_0279,SYN_P_0443,2026-01-25 11:00:00,Invoice,outbound
EMAIL_06027,SYN_P_0874,SYN_P_0685,2025-07-29 19:00:00,Document,outbound
EMAIL_06028,SYN_P_0133,SYN_P_0725,2025-05-21 02:00:00,Account,outbound
EMAIL_06029,SYN_P_0261,SYN_P_0138,2025-01-29 07:00:00,Invoice,inbound
EMAIL_06030,SYN_P_0828,SYN_P_0263,2026-09-30 09:00:00,Delivery,inbound
EMAIL_06031,SYN_P_0440,SYN_P_0907,2026-04-18 20:00:00,Delivery,inbound
EMAIL_06032,SYN_P_0770,SYN_P_0909,2026-07-21 12:00:00,Document,outbound
EMAIL_06033,SYN_P_0912,SYN_P_0949,2025-05-15 20:00:00,Meeting,outbound
EMAIL_06034,SYN_P_0289,SYN_P_0151,2024-05-16 06:00:00,Delivery,inbound
EMAIL_06035,SYN_P_0190,SYN_P_0637,2025-01-13 02:00:00,Document,outbound
EMAIL_06036,SYN_P_0401,SYN_P_0429,2024-02-23 23:00:00,Request,outbound
EMAIL_06037,SYN_P_0286,SYN_P_0231,2024-09-21 01:00:00,Delivery,outbound
EMAIL_06038,SYN_P_1032,SYN_P_1020,2024-04-30 20:00:00,Delivery,inbound
EMAIL_06039,SYN_P_0851,SYN_P_0495,2024-04-04 08:00:00,Document,outbound
EMAIL_06040,SYN_P_0788,SYN_P_0053,2026-01-27 06:00:00,Request,inbound
EMAIL_06041,SYN_P_0078,SYN_P_0672,2025-09-15 07:00:00,Invoice,outbound
EMAIL_06042,SYN_P_0641,SYN_P_0976,2024-12-14 18:00:00,Account,outbound
EMAIL_06043,SYN_P_0061,SYN_P_0029,2026-09-28 11:00:00,Delivery,outbound
EMAIL_06044,SYN_P_0626,SYN_P_0818,2024-12-19 13:00:00,Meeting,inbound
EMAIL_06045,SYN_P_0027,SYN_P_0831,2024-01-12 10:00:00,Invoice,inbound
EMAIL_06046,SYN_P_0068,SYN_P_0146,2024-01-15 18:00:00,Invoice,outbound
EMAIL_06047,SYN_P_0129,SYN_P_0676,2024-12-02 15:00:00,Invoice,inbound
EMAIL_06048,SYN_P_0478,SYN_P_0533,2024-05-07 22:00:00,Invoice,outbound
EMAIL_06049,SYN_P_0289,SYN_P_0306,2026-02-24 16:00:00,Meeting,outbound
EMAIL_06050,SYN_P_0891,SYN_P_0465,2026-06-08 15:00:00,Delivery,inbound
EMAIL_06051,SYN_P_0710,SYN_P_0975,2026-10-27 23:00:00,Account,outbound
EMAIL_06052,SYN_P_0374,SYN_P_0555,2024-09-08 16:00:00,Request,outbound
EMAIL_06053,SYN_P_0471,SYN_P_0068,2024-10-20 03:00:00,Meeting,inbound
EMAIL_06054,SYN_P_0989,SYN_P_0796,2025-02-09 20:00:00,Meeting,outbound
EMAIL_06055,SYN_P_0774,SYN_P_0427,2024-11-30 21:00:00,Request,outbound
EMAIL_06056,SYN_P_0212,SYN_P_0355,2024-03-11 06:00:00,Request,inbound
EMAIL_06057,SYN_P_0437,SYN_P_0444,2025-08-31 18:00:00,Account,outbound
EMAIL_06058,SYN_P_0657,SYN_P_0175,2025-09-19 03:00:00,Meeting,inbound
EMAIL_06059,SYN_P_0819,SYN_P_0012,2025-03-07 17:00:00,Invoice,inbound
EMAIL_06060,SYN_P_0901,SYN_P_0772,2026-06-06 09:00:00,Invoice,outbound
EMAIL_06061,SYN_P_0297,SYN_P_0397,2024-07-16 16:00:00,Request,inbound
EMAIL_06062,SYN_P_0691,SYN_P_0997,2024-08-11 15:00:00,Request,outbound
EMAIL_06063,SYN_P_0980,SYN_P_0075,2024-10-27 13:00:00,Document,inbound
EMAIL_06064,SYN_P_0437,SYN_P_1026,2024-06-01 21:00:00,Document,inbound
EMAIL_06065,SYN_P_0163,SYN_P_0800,2026-01-22 09:00:00,Request,inbound
EMAIL_06066,SYN_P_0868,SYN_P_0813,2026-07-30 23:00:00,Request,outbound
EMAIL_06067,SYN_P_0628,SYN_P_1032,2025-03-11 21:00:00,Invoice,outbound
EMAIL_06068,SYN_P_0417,SYN_P_0962,2024-05-23 22:00:00,Delivery,inbound
EMAIL_06069,SYN_P_0947,SYN_P_0200,2024-10-19 03:00:00,Invoice,inbound
EMAIL_06070,SYN_P_0947,SYN_P_0732,2024-08-05 08:00:00,Request,inbound
EMAIL_06071,SYN_P_0877,SYN_P_0654,2026-08-05 18:00:00,Meeting,inbound
EMAIL_06072,SYN_P_0473,SYN_P_0560,2026-05-13 11:00:00,Document,outbound
EMAIL_06073,SYN_P_0479,SYN_P_0257,2025-12-02 14:00:00,Request,outbound
EMAIL_06074,SYN_P_0742,SYN_P_0911,2026-07-15 13:00:00,Meeting,outbound
EMAIL_06075,SYN_P_0354,SYN_P_0825,2024-12-05 06:00:00,Delivery,outbound
EMAIL_06076,SYN_P_0916,SYN_P_1038,2025-10-12 12:00:00,Request,inbound
EMAIL_06077,SYN_P_0818,SYN_P_0125,2026-05-02 17:00:00,Delivery,inbound
EMAIL_06078,SYN_P_0569,SYN_P_0633,2026-03-17 12:00:00,Account,inbound
EMAIL_06079,SYN_P_0758,SYN_P_0697,2024-10-10 06:00:00,Invoice,inbound
EMAIL_06080,SYN_P_0643,SYN_P_0343,2025-09-27 01:00:00,Account,inbound
EMAIL_06081,SYN_P_0018,SYN_P_0158,2025-12-20 03:00:00,Document,outbound
EMAIL_06082,SYN_P_0216,SYN_P_0763,2026-01-30 09:00:00,Meeting,outbound
EMAIL_06083,SYN_P_0521,SYN_P_0571,2026-08-11 03:00:00,Document,inbound
EMAIL_06084,SYN_P_0249,SYN_P_0181,2024-12-19 04:00:00,Document,outbound
EMAIL_06085,SYN_P_0613,SYN_P_0506,2026-11-02 08:00:00,Delivery,inbound
EMAIL_06086,SYN_P_0463,SYN_P_0379,2025-10-12 15:00:00,Document,inbound
EMAIL_06087,SYN_P_0912,SYN_P_0248,2025-06-13 16:00:00,Meeting,inbound
EMAIL_06088,SYN_P_0799,SYN_P_0201,2025-04-10 21:00:00,Document,inbound
EMAIL_06089,SYN_P_0764,SYN_P_0259,2024-09-09 13:00:00,Request,outbound
EMAIL_06090,SYN_P_0750,SYN_P_0066,2024-01-23 17:00:00,Delivery,inbound
EMAIL_06091,SYN_P_0276,SYN_P_0962,2025-08-09 12:00:00,Account,outbound
EMAIL_06092,SYN_P_0212,SYN_P_0904,2025-07-06 11:00:00,Request,outbound
EMAIL_06093,SYN_P_0182,SYN_P_0685,2026-09-15 05:00:00,Invoice,inbound
EMAIL_06094,SYN_P_0691,SYN_P_0376,2024-11-02 16:00:00,Request,inbound
EMAIL_06095,SYN_P_0776,SYN_P_0730,2025-11-05 12:00:00,Document,inbound
EMAIL_06096,SYN_P_0880,SYN_P_0700,2025-09-25 13:00:00,Invoice,inbound
EMAIL_06097,SYN_P_0537,SYN_P_0286,2026-10-03 15:00:00,Document,outbound
EMAIL_06098,SYN_P_0374,SYN_P_0077,2024-03-29 16:00:00,Meeting,outbound
EMAIL_06099,SYN_P_0447,SYN_P_0503,2026-10-17 22:00:00,Account,outbound
EMAIL_06100,SYN_P_0890,SYN_P_0849,2025-05-29 21:00:00,Invoice,inbound
EMAIL_06101,SYN_P_0574,SYN_P_0099,2025-06-09 07:00:00,Request,outbound
EMAIL_06102,SYN_P_0554,SYN_P_0112,2025-04-28 11:00:00,Invoice,outbound
EMAIL_06103,SYN_P_0856,SYN_P_0866,2024-11-02 11:00:00,Meeting,outbound
EMAIL_06104,SYN_P_0079,SYN_P_0152,2026-03-27 21:00:00,Document,outbound
EMAIL_06105,SYN_P_0385,SYN_P_0483,2026-01-14 22:00:00,Invoice,outbound
EMAIL_06106,SYN_P_0670,SYN_P_0268,2025-04-21 10:00:00,Account,outbound
EMAIL_06107,SYN_P_0488,SYN_P_0248,2025-05-22 23:00:00,Invoice,outbound
EMAIL_06108,SYN_P_0853,SYN_P_0409,2024-10-03 14:00:00,Delivery,inbound
EMAIL_06109,SYN_P_0677,SYN_P_0843,2025-09-24 00:00:00,Meeting,inbound
EMAIL_06110,SYN_P_0114,SYN_P_0165,2026-07-03 14:00:00,Account,inbound
EMAIL_06111,SYN_P_0642,SYN_P_0830,2024-12-25 09:00:00,Meeting,outbound
EMAIL_06112,SYN_P_0999,SYN_P_0853,2024-03-06 01:00:00,Document,inbound
EMAIL_06113,SYN_P_0556,SYN_P_0966,2024-11-12 02:00:00,Delivery,inbound
EMAIL_06114,SYN_P_0096,SYN_P_0591,2026-04-23 10:00:00,Document,inbound
EMAIL_06115,SYN_P_0934,SYN_P_0359,2026-06-10 11:00:00,Request,inbound
EMAIL_06116,SYN_P_0741,SYN_P_0310,2025-05-23 15:00:00,Delivery,inbound
EMAIL_06117,SYN_P_0043,SYN_P_0302,2024-05-09 23:00:00,Document,inbound
EMAIL_06118,SYN_P_0590,SYN_P_0574,2026-11-07 06:00:00,Invoice,outbound
EMAIL_06119,SYN_P_0938,SYN_P_0103,2026-03-29 21:00:00,Delivery,inbound
EMAIL_06120,SYN_P_0951,SYN_P_0754,2024-02-17 02:00:00,Meeting,outbound
EMAIL_06121,SYN_P_0437,SYN_P_0116,2026-06-01 00:00:00,Request,outbound
EMAIL_06122,SYN_P_0679,SYN_P_0978,2025-06-12 07:00:00,Invoice,outbound
EMAIL_06123,SYN_P_0806,SYN_P_1036,2025-01-10 18:00:00,Invoice,inbound
EMAIL_06124,SYN_P_0497,SYN_P_0786,2026-09-14 09:00:00,Delivery,inbound
EMAIL_06125,SYN_P_0855,SYN_P_1002,2024-06-27 22:00:00,Meeting,inbound
EMAIL_06126,SYN_P_0923,SYN_P_0491,2024-08-26 02:00:00,Invoice,inbound
EMAIL_06127,SYN_P_1026,SYN_P_0242,2025-03-08 07:00:00,Account,outbound
EMAIL_06128,SYN_P_0736,SYN_P_0090,2024-09-30 08:00:00,Account,outbound
EMAIL_06129,SYN_P_0890,SYN_P_0454,2024-09-07 04:00:00,Delivery,inbound
EMAIL_06130,SYN_P_0286,SYN_P_0520,2025-02-25 17:00:00,Document,outbound
EMAIL_06131,SYN_P_0293,SYN_P_0635,2026-08-05 19:00:00,Request,outbound
EMAIL_06132,SYN_P_0998,SYN_P_0009,2025-01-07 15:00:00,Meeting,inbound
EMAIL_06133,SYN_P_0492,SYN_P_0462,2025-08-30 14:00:00,Request,outbound
EMAIL_06134,SYN_P_0415,SYN_P_0542,2025-04-07 06:00:00,Invoice,outbound
EMAIL_06135,SYN_P_0300,SYN_P_1020,2024-06-27 21:00:00,Invoice,outbound
EMAIL_06136,SYN_P_0988,SYN_P_0086,2024-05-09 07:00:00,Account,inbound
EMAIL_06137,SYN_P_0509,SYN_P_0055,2024-04-18 19:00:00,Invoice,outbound
EMAIL_06138,SYN_P_0961,SYN_P_0604,2024-05-13 23:00:00,Account,outbound
EMAIL_06139,SYN_P_0746,SYN_P_0166,2024-10-30 05:00:00,Invoice,inbound
EMAIL_06140,SYN_P_0685,SYN_P_0922,2025-04-26 13:00:00,Document,outbound
EMAIL_06141,SYN_P_0554,SYN_P_0857,2025-06-21 01:00:00,Document,outbound
EMAIL_06142,SYN_P_0060,SYN_P_0339,2024-05-23 07:00:00,Meeting,outbound
EMAIL_06143,SYN_P_0295,SYN_P_0996,2024-03-27 23:00:00,Invoice,outbound
EMAIL_06144,SYN_P_0745,SYN_P_0305,2024-05-16 03:00:00,Document,inbound
EMAIL_06145,SYN_P_0933,SYN_P_0357,2025-01-06 02:00:00,Document,inbound
EMAIL_06146,SYN_P_0969,SYN_P_0507,2024-02-07 21:00:00,Meeting,inbound
EMAIL_06147,SYN_P_0189,SYN_P_0970,2025-02-25 16:00:00,Document,inbound
EMAIL_06148,SYN_P_0525,SYN_P_0088,2026-05-18 06:00:00,Invoice,inbound
EMAIL_06149,SYN_P_0703,SYN_P_0533,2026-02-18 10:00:00,Invoice,outbound
EMAIL_06150,SYN_P_0487,SYN_P_0141,2024-07-01 15:00:00,Invoice,outbound
EMAIL_06151,SYN_P_0096,SYN_P_0754,2024-08-01 15:00:00,Account,inbound
EMAIL_06152,SYN_P_0524,SYN_P_0952,2025-07-14 01:00:00,Meeting,inbound
EMAIL_06153,SYN_P_0090,SYN_P_0683,2024-01-09 07:00:00,Delivery,inbound
EMAIL_06154,SYN_P_0684,SYN_P_0858,2026-02-11 11:00:00,Document,outbound
EMAIL_06155,SYN_P_0128,SYN_P_0488,2024-01-07 20:00:00,Request,outbound
EMAIL_06156,SYN_P_0592,SYN_P_0052,2025-01-15 19:00:00,Request,inbound
EMAIL_06157,SYN_P_0291,SYN_P_0671,2025-12-17 19:00:00,Account,outbound
EMAIL_06158,SYN_P_0781,SYN_P_0857,2026-11-07 13:00:00,Account,inbound
EMAIL_06159,SYN_P_0357,SYN_P_0469,2024-06-24 17:00:00,Document,inbound
EMAIL_06160,SYN_P_0731,SYN_P_0539,2025-09-29 23:00:00,Delivery,inbound
EMAIL_06161,SYN_P_0524,SYN_P_0032,2026-04-16 08:00:00,Account,inbound
EMAIL_06162,SYN_P_0066,SYN_P_0721,2026-02-07 01:00:00,Invoice,inbound
EMAIL_06163,SYN_P_0975,SYN_P_0286,2025-04-13 07:00:00,Invoice,outbound
EMAIL_06164,SYN_P_0485,SYN_P_1035,2026-11-07 13:00:00,Account,inbound
EMAIL_06165,SYN_P_0544,SYN_P_0934,2026-09-16 08:00:00,Document,outbound
EMAIL_06166,SYN_P_0866,SYN_P_0741,2024-11-12 07:00:00,Request,outbound
EMAIL_06167,SYN_P_1038,SYN_P_0687,2026-04-03 22:00:00,Invoice,inbound
EMAIL_06168,SYN_P_0133,SYN_P_0680,2025-05-10 05:00:00,Account,outbound
EMAIL_06169,SYN_P_0837,SYN_P_1016,2024-04-14 11:00:00,Request,outbound
EMAIL_06170,SYN_P_0179,SYN_P_0797,2024-01-03 07:00:00,Document,inbound
EMAIL_06171,SYN_P_0208,SYN_P_0438,2026-06-30 12:00:00,Request,inbound
EMAIL_06172,SYN_P_0261,SYN_P_0035,2025-01-27 14:00:00,Account,inbound
EMAIL_06173,SYN_P_0347,SYN_P_0334,2026-02-26 21:00:00,Account,inbound
EMAIL_06174,SYN_P_0947,SYN_P_0809,2024-08-03 09:00:00,Meeting,inbound
EMAIL_06175,SYN_P_0644,SYN_P_0755,2026-08-17 20:00:00,Request,outbound
EMAIL_06176,SYN_P_0673,SYN_P_0884,2025-01-24 02:00:00,Invoice,outbound
EMAIL_06177,SYN_P_0424,SYN_P_0480,2026-03-02 09:00:00,Meeting,inbound
EMAIL_06178,SYN_P_0530,SYN_P_0352,2025-06-22 19:00:00,Request,inbound
EMAIL_06179,SYN_P_0032,SYN_P_0542,2024-07-02 00:00:00,Meeting,outbound
EMAIL_06180,SYN_P_0568,SYN_P_0506,2025-01-29 00:00:00,Request,outbound
EMAIL_06181,SYN_P_0691,SYN_P_0531,2025-03-31 01:00:00,Document,outbound
EMAIL_06182,SYN_P_0674,SYN_P_0848,2025-03-25 15:00:00,Document,inbound
EMAIL_06183,SYN_P_0464,SYN_P_0581,2024-04-06 13:00:00,Invoice,inbound
EMAIL_06184,SYN_P_0670,SYN_P_0636,2026-06-14 12:00:00,Invoice,inbound
EMAIL_06185,SYN_P_0869,SYN_P_1002,2025-01-13 08:00:00,Document,inbound
EMAIL_06186,SYN_P_0057,SYN_P_0330,2025-09-24 13:00:00,Invoice,outbound
EMAIL_06187,SYN_P_0586,SYN_P_0711,2025-06-21 12:00:00,Meeting,outbound
EMAIL_06188,SYN_P_0691,SYN_P_0317,2025-07-27 00:00:00,Document,outbound
EMAIL_06189,SYN_P_0619,SYN_P_1005,2024-04-27 09:00:00,Delivery,inbound
EMAIL_06190,SYN_P_0151,SYN_P_0408,2025-01-03 02:00:00,Delivery,outbound
EMAIL_06191,SYN_P_0008,SYN_P_0995,2025-07-21 15:00:00,Invoice,inbound
EMAIL_06192,SYN_P_1008,SYN_P_0854,2025-11-22 02:00:00,Document,outbound
EMAIL_06193,SYN_P_0123,SYN_P_0040,2024-07-09 01:00:00,Delivery,outbound
EMAIL_06194,SYN_P_0257,SYN_P_0297,2025-08-14 00:00:00,Account,inbound
EMAIL_06195,SYN_P_1003,SYN_P_0849,2026-09-12 13:00:00,Delivery,outbound
EMAIL_06196,SYN_P_0621,SYN_P_0872,2025-03-13 22:00:00,Request,inbound
EMAIL_06197,SYN_P_0586,SYN_P_0696,2025-07-21 10:00:00,Invoice,outbound
EMAIL_06198,SYN_P_0143,SYN_P_0655,2025-05-04 00:00:00,Request,outbound
EMAIL_06199,SYN_P_0755,SYN_P_0652,2025-07-28 09:00:00,Invoice,outbound
EMAIL_06200,SYN_P_0977,SYN_P_0032,2025-08-19 02:00:00,Account,inbound
EMAIL_06201,SYN_P_0733,SYN_P_0910,2026-06-05 04:00:00,Request,outbound
EMAIL_06202,SYN_P_0736,SYN_P_0224,2024-09-17 06:00:00,Meeting,inbound
EMAIL_06203,SYN_P_0175,SYN_P_0848,2026-08-06 12:00:00,Request,inbound
EMAIL_06204,SYN_P_0405,SYN_P_0299,2025-11-15 01:00:00,Invoice,outbound
EMAIL_06205,SYN_P_0199,SYN_P_0516,2024-06-11 23:00:00,Account,inbound
EMAIL_06206,SYN_P_0462,SYN_P_0920,2025-08-17 10:00:00,Meeting,inbound
EMAIL_06207,SYN_P_0933,SYN_P_0335,2026-08-01 20:00:00,Meeting,inbound
EMAIL_06208,SYN_P_0434,SYN_P_0193,2025-10-24 21:00:00,Meeting,outbound
EMAIL_06209,SYN_P_0484,SYN_P_0150,2024-04-03 06:00:00,Invoice,inbound
EMAIL_06210,SYN_P_0914,SYN_P_0106,2024-04-19 11:00:00,Meeting,outbound
EMAIL_06211,SYN_P_0128,SYN_P_0140,2024-12-01 16:00:00,Delivery,outbound
EMAIL_06212,SYN_P_0514,SYN_P_0521,2025-08-19 07:00:00,Invoice,outbound
EMAIL_06213,SYN_P_0411,SYN_P_1031,2024-07-28 08:00:00,Delivery,inbound
EMAIL_06214,SYN_P_0335,SYN_P_0276,2024-11-07 03:00:00,Account,inbound
EMAIL_06215,SYN_P_0021,SYN_P_0112,2025-04-01 21:00:00,Document,inbound
EMAIL_06216,SYN_P_0680,SYN_P_0765,2026-08-22 08:00:00,Meeting,inbound
EMAIL_06217,SYN_P_0633,SYN_P_1029,2026-06-27 20:00:00,Request,inbound
EMAIL_06218,SYN_P_0469,SYN_P_0009,2025-03-12 05:00:00,Account,outbound
EMAIL_06219,SYN_P_0192,SYN_P_0890,2025-12-06 10:00:00,Invoice,outbound
EMAIL_06220,SYN_P_0590,SYN_P_0769,2026-08-31 04:00:00,Delivery,outbound
EMAIL_06221,SYN_P_0009,SYN_P_0133,2025-07-12 23:00:00,Document,inbound
EMAIL_06222,SYN_P_0347,SYN_P_0323,2024-07-21 02:00:00,Request,inbound
EMAIL_06223,SYN_P_0388,SYN_P_0958,2024-10-14 09:00:00,Account,inbound
EMAIL_06224,SYN_P_0596,SYN_P_0480,2026-05-28 06:00:00,Account,inbound
EMAIL_06225,SYN_P_0663,SYN_P_0224,2024-09-11 17:00:00,Meeting,inbound
EMAIL_06226,SYN_P_0080,SYN_P_0827,2025-07-25 11:00:00,Request,inbound
EMAIL_06227,SYN_P_0526,SYN_P_0755,2025-09-10 10:00:00,Meeting,inbound
EMAIL_06228,SYN_P_0620,SYN_P_0585,2024-08-14 14:00:00,Invoice,outbound
EMAIL_06229,SYN_P_0814,SYN_P_0987,2024-06-18 05:00:00,Account,outbound
EMAIL_06230,SYN_P_0219,SYN_P_1027,2026-05-09 19:00:00,Meeting,inbound
EMAIL_06231,SYN_P_0815,SYN_P_0776,2025-06-10 03:00:00,Document,outbound
EMAIL_06232,SYN_P_0867,SYN_P_1029,2024-11-23 09:00:00,Document,outbound
EMAIL_06233,SYN_P_0195,SYN_P_0525,2026-06-24 04:00:00,Account,outbound
EMAIL_06234,SYN_P_0845,SYN_P_0495,2026-04-07 03:00:00,Invoice,outbound
EMAIL_06235,SYN_P_0274,SYN_P_0085,2026-09-18 08:00:00,Meeting,inbound
EMAIL_06236,SYN_P_0523,SYN_P_0408,2025-04-05 07:00:00,Meeting,inbound
EMAIL_06237,SYN_P_0283,SYN_P_0521,2025-06-27 21:00:00,Account,inbound
EMAIL_06238,SYN_P_1015,SYN_P_0266,2026-05-24 20:00:00,Meeting,inbound
EMAIL_06239,SYN_P_1019,SYN_P_0557,2024-06-11 19:00:00,Request,outbound
EMAIL_06240,SYN_P_0712,SYN_P_0384,2025-05-07 13:00:00,Document,inbound
EMAIL_06241,SYN_P_0431,SYN_P_0649,2025-12-04 03:00:00,Account,outbound
EMAIL_06242,SYN_P_0196,SYN_P_0060,2026-09-12 01:00:00,Request,outbound
EMAIL_06243,SYN_P_0960,SYN_P_0230,2024-06-21 06:00:00,Request,outbound
EMAIL_06244,SYN_P_0575,SYN_P_0710,2025-04-30 19:00:00,Invoice,inbound
EMAIL_06245,SYN_P_0372,SYN_P_0507,2025-05-06 06:00:00,Meeting,inbound
EMAIL_06246,SYN_P_0036,SYN_P_0516,2025-02-26 02:00:00,Delivery,outbound
EMAIL_06247,SYN_P_0715,SYN_P_0407,2026-05-22 15:00:00,Document,outbound
EMAIL_06248,SYN_P_0597,SYN_P_1009,2026-10-13 12:00:00,Document,outbound
EMAIL_06249,SYN_P_0576,SYN_P_1016,2025-01-11 22:00:00,Meeting,outbound
EMAIL_06250,SYN_P_0587,SYN_P_0730,2024-08-20 23:00:00,Delivery,outbound
EMAIL_06251,SYN_P_0994,SYN_P_0049,2025-03-17 08:00:00,Request,inbound
EMAIL_06252,SYN_P_0362,SYN_P_0218,2026-09-10 15:00:00,Meeting,outbound
EMAIL_06253,SYN_P_0212,SYN_P_0757,2025-03-04 04:00:00,Meeting,inbound
EMAIL_06254,SYN_P_0483,SYN_P_0854,2024-05-23 03:00:00,Invoice,inbound
EMAIL_06255,SYN_P_0854,SYN_P_0154,2025-04-07 12:00:00,Document,inbound
EMAIL_06256,SYN_P_0254,SYN_P_0555,2026-06-28 18:00:00,Invoice,inbound
EMAIL_06257,SYN_P_0332,SYN_P_0926,2024-02-13 21:00:00,Delivery,inbound
EMAIL_06258,SYN_P_1029,SYN_P_0526,2026-03-16 19:00:00,Meeting,inbound
EMAIL_06259,SYN_P_0467,SYN_P_0796,2024-02-07 12:00:00,Delivery,outbound
EMAIL_06260,SYN_P_0089,SYN_P_0597,2025-09-12 09:00:00,Delivery,outbound
EMAIL_06261,SYN_P_1040,SYN_P_0072,2025-02-11 14:00:00,Document,inbound
EMAIL_06262,SYN_P_0867,SYN_P_0273,2025-10-23 08:00:00,Invoice,inbound
EMAIL_06263,SYN_P_0984,SYN_P_0810,2024-03-06 21:00:00,Meeting,outbound
EMAIL_06264,SYN_P_1003,SYN_P_0834,2025-04-21 03:00:00,Document,inbound
EMAIL_06265,SYN_P_0266,SYN_P_0489,2026-06-09 11:00:00,Account,inbound
EMAIL_06266,SYN_P_0902,SYN_P_0422,2025-09-03 13:00:00,Account,outbound
EMAIL_06267,SYN_P_0519,SYN_P_0875,2025-11-26 20:00:00,Document,outbound
EMAIL_06268,SYN_P_0446,SYN_P_0428,2025-03-17 11:00:00,Invoice,inbound
EMAIL_06269,SYN_P_0273,SYN_P_0569,2026-08-03 14:00:00,Meeting,inbound
EMAIL_06270,SYN_P_0466,SYN_P_0713,2024-04-05 04:00:00,Request,outbound
EMAIL_06271,SYN_P_0658,SYN_P_0639,2024-12-19 00:00:00,Delivery,inbound
EMAIL_06272,SYN_P_0382,SYN_P_0473,2025-02-20 15:00:00,Request,inbound
EMAIL_06273,SYN_P_0839,SYN_P_0738,2025-11-24 17:00:00,Delivery,outbound
EMAIL_06274,SYN_P_0137,SYN_P_0566,2026-11-04 20:00:00,Invoice,outbound
EMAIL_06275,SYN_P_0525,SYN_P_0032,2024-03-19 14:00:00,Document,inbound
EMAIL_06276,SYN_P_0233,SYN_P_0351,2025-07-16 09:00:00,Account,inbound
EMAIL_06277,SYN_P_0840,SYN_P_0081,2025-09-08 20:00:00,Delivery,outbound
EMAIL_06278,SYN_P_0118,SYN_P_0884,2024-08-22 07:00:00,Request,inbound
EMAIL_06279,SYN_P_0944,SYN_P_0589,2025-09-14 07:00:00,Delivery,inbound
EMAIL_06280,SYN_P_0104,SYN_P_0562,2024-10-13 10:00:00,Meeting,inbound
EMAIL_06281,SYN_P_0264,SYN_P_0874,2024-03-22 10:00:00,Meeting,outbound
EMAIL_06282,SYN_P_0403,SYN_P_0647,2024-07-10 20:00:00,Meeting,inbound
EMAIL_06283,SYN_P_0350,SYN_P_0405,2026-06-09 21:00:00,Invoice,inbound
EMAIL_06284,SYN_P_0989,SYN_P_0761,2024-10-29 03:00:00,Document,inbound
EMAIL_06285,SYN_P_0523,SYN_P_0770,2024-08-25 21:00:00,Invoice,outbound
EMAIL_06286,SYN_P_0488,SYN_P_0255,2026-07-18 16:00:00,Request,outbound
EMAIL_06287,SYN_P_0196,SYN_P_0799,2025-06-28 17:00:00,Account,inbound
EMAIL_06288,SYN_P_0762,SYN_P_0909,2026-06-30 20:00:00,Account,inbound
EMAIL_06289,SYN_P_1007,SYN_P_0182,2026-06-04 09:00:00,Invoice,outbound
EMAIL_06290,SYN_P_0723,SYN_P_0254,2026-06-23 23:00:00,Invoice,inbound
EMAIL_06291,SYN_P_0774,SYN_P_0474,2024-06-30 09:00:00,Delivery,inbound
EMAIL_06292,SYN_P_0316,SYN_P_0503,2024-09-10 10:00:00,Delivery,inbound
EMAIL_06293,SYN_P_0750,SYN_P_0728,2024-04-14 05:00:00,Meeting,outbound
EMAIL_06294,SYN_P_0014,SYN_P_0588,2025-05-18 21:00:00,Account,outbound
EMAIL_06295,SYN_P_0281,SYN_P_0848,2024-06-19 20:00:00,Delivery,outbound
EMAIL_06296,SYN_P_0084,SYN_P_0890,2025-05-29 21:00:00,Invoice,outbound
EMAIL_06297,SYN_P_0153,SYN_P_0269,2026-05-24 05:00:00,Document,outbound
EMAIL_06298,SYN_P_0816,SYN_P_0952,2025-07-24 15:00:00,Meeting,outbound
EMAIL_06299,SYN_P_0441,SYN_P_0041,2026-09-09 22:00:00,Delivery,inbound
EMAIL_06300,SYN_P_0093,SYN_P_0934,2026-04-23 13:00:00,Account,inbound
EMAIL_06301,SYN_P_0546,SYN_P_0942,2026-07-25 09:00:00,Account,outbound
EMAIL_06302,SYN_P_0849,SYN_P_0234,2024-11-04 22:00:00,Document,outbound
EMAIL_06303,SYN_P_0834,SYN_P_1036,2024-04-07 11:00:00,Request,outbound
EMAIL_06304,SYN_P_0326,SYN_P_0892,2025-06-13 23:00:00,Request,inbound
EMAIL_06305,SYN_P_0715,SYN_P_0792,2026-05-03 19:00:00,Delivery,inbound
EMAIL_06306,SYN_P_0069,SYN_P_0273,2024-09-14 14:00:00,Document,inbound
EMAIL_06307,SYN_P_0716,SYN_P_0495,2025-09-25 04:00:00,Meeting,outbound
EMAIL_06308,SYN_P_0133,SYN_P_0596,2025-03-15 08:00:00,Request,inbound
EMAIL_06309,SYN_P_0402,SYN_P_0580,2025-03-04 05:00:00,Delivery,outbound
EMAIL_06310,SYN_P_0770,SYN_P_0718,2025-12-11 14:00:00,Account,inbound
EMAIL_06311,SYN_P_0930,SYN_P_0778,2025-11-19 16:00:00,Account,inbound
EMAIL_06312,SYN_P_0608,SYN_P_0832,2025-04-01 16:00:00,Delivery,inbound
EMAIL_06313,SYN_P_0890,SYN_P_0735,2025-03-29 22:00:00,Document,outbound
EMAIL_06314,SYN_P_0674,SYN_P_0157,2026-02-27 12:00:00,Document,inbound
EMAIL_06315,SYN_P_0254,SYN_P_0436,2024-08-01 19:00:00,Delivery,outbound
EMAIL_06316,SYN_P_0761,SYN_P_0500,2025-04-30 09:00:00,Invoice,outbound
EMAIL_06317,SYN_P_0656,SYN_P_0586,2025-01-11 08:00:00,Request,inbound
EMAIL_06318,SYN_P_0459,SYN_P_0594,2024-06-14 02:00:00,Account,inbound
EMAIL_06319,SYN_P_0877,SYN_P_0092,2026-04-02 03:00:00,Document,inbound
EMAIL_06320,SYN_P_0813,SYN_P_0803,2024-09-20 05:00:00,Invoice,outbound
EMAIL_06321,SYN_P_0708,SYN_P_0079,2024-09-19 05:00:00,Delivery,inbound
EMAIL_06322,SYN_P_0851,SYN_P_0253,2026-02-26 00:00:00,Delivery,outbound
EMAIL_06323,SYN_P_0112,SYN_P_0166,2025-02-12 19:00:00,Account,outbound
EMAIL_06324,SYN_P_0308,SYN_P_0365,2025-12-31 18:00:00,Document,outbound
EMAIL_06325,SYN_P_0196,SYN_P_0263,2025-08-02 23:00:00,Document,outbound
EMAIL_06326,SYN_P_0560,SYN_P_0407,2025-08-15 13:00:00,Meeting,outbound
EMAIL_06327,SYN_P_0846,SYN_P_0665,2026-01-01 10:00:00,Request,outbound
EMAIL_06328,SYN_P_0525,SYN_P_0470,2025-08-23 12:00:00,Meeting,inbound
EMAIL_06329,SYN_P_0906,SYN_P_0181,2025-12-07 08:00:00,Document,outbound
EMAIL_06330,SYN_P_0207,SYN_P_0071,2024-02-09 08:00:00,Invoice,inbound
EMAIL_06331,SYN_P_0551,SYN_P_0624,2025-10-28 02:00:00,Account,inbound
EMAIL_06332,SYN_P_0382,SYN_P_0813,2026-02-25 17:00:00,Invoice,inbound
EMAIL_06333,SYN_P_0693,SYN_P_0940,2026-05-29 08:00:00,Request,inbound
EMAIL_06334,SYN_P_0158,SYN_P_0173,2025-04-13 08:00:00,Delivery,inbound
EMAIL_06335,SYN_P_0470,SYN_P_0292,2026-10-31 02:00:00,Request,outbound
EMAIL_06336,SYN_P_0353,SYN_P_0697,2025-12-09 04:00:00,Document,inbound
EMAIL_06337,SYN_P_0971,SYN_P_0809,2024-02-14 05:00:00,Account,outbound
EMAIL_06338,SYN_P_0912,SYN_P_0607,2025-05-20 04:00:00,Request,inbound
EMAIL_06339,SYN_P_0608,SYN_P_0787,2025-11-21 16:00:00,Meeting,outbound
EMAIL_06340,SYN_P_0491,SYN_P_0785,2026-01-04 15:00:00,Document,outbound
EMAIL_06341,SYN_P_1032,SYN_P_0713,2024-01-13 02:00:00,Invoice,outbound
EMAIL_06342,SYN_P_0118,SYN_P_0669,2026-08-06 03:00:00,Meeting,inbound
EMAIL_06343,SYN_P_0966,SYN_P_0590,2024-04-10 11:00:00,Delivery,outbound
EMAIL_06344,SYN_P_0153,SYN_P_0175,2025-10-09 14:00:00,Request,outbound
EMAIL_06345,SYN_P_0427,SYN_P_0597,2024-03-09 23:00:00,Account,outbound
EMAIL_06346,SYN_P_0191,SYN_P_0446,2024-10-28 04:00:00,Delivery,inbound
EMAIL_06347,SYN_P_0250,SYN_P_1002,2024-04-06 08:00:00,Delivery,outbound
EMAIL_06348,SYN_P_0838,SYN_P_0423,2026-09-18 03:00:00,Document,inbound
EMAIL_06349,SYN_P_0319,SYN_P_0738,2024-07-12 07:00:00,Meeting,outbound
EMAIL_06350,SYN_P_0018,SYN_P_0613,2026-10-19 00:00:00,Invoice,inbound
EMAIL_06351,SYN_P_0540,SYN_P_0417,2024-08-18 03:00:00,Invoice,inbound
EMAIL_06352,SYN_P_0932,SYN_P_0082,2026-08-09 04:00:00,Invoice,inbound
EMAIL_06353,SYN_P_0122,SYN_P_0038,2025-05-13 07:00:00,Meeting,inbound
EMAIL_06354,SYN_P_0069,SYN_P_0970,2025-08-25 13:00:00,Request,inbound
EMAIL_06355,SYN_P_0930,SYN_P_0649,2024-09-22 12:00:00,Meeting,inbound
EMAIL_06356,SYN_P_0795,SYN_P_0936,2026-07-06 11:00:00,Account,outbound
EMAIL_06357,SYN_P_0629,SYN_P_0917,2026-02-08 20:00:00,Document,outbound
EMAIL_06358,SYN_P_0449,SYN_P_0853,2026-10-10 10:00:00,Request,outbound
EMAIL_06359,SYN_P_0023,SYN_P_0901,2024-12-04 13:00:00,Invoice,inbound
EMAIL_06360,SYN_P_0965,SYN_P_0789,2024-12-15 21:00:00,Account,inbound
EMAIL_06361,SYN_P_0764,SYN_P_0020,2026-05-24 02:00:00,Meeting,outbound
EMAIL_06362,SYN_P_0648,SYN_P_0731,2026-09-06 01:00:00,Account,outbound
EMAIL_06363,SYN_P_0936,SYN_P_0442,2024-09-08 20:00:00,Account,inbound
EMAIL_06364,SYN_P_0927,SYN_P_0562,2025-08-17 11:00:00,Invoice,outbound
EMAIL_06365,SYN_P_0081,SYN_P_0106,2024-10-12 14:00:00,Meeting,outbound
EMAIL_06366,SYN_P_0514,SYN_P_0632,2025-07-15 01:00:00,Account,inbound
EMAIL_06367,SYN_P_0116,SYN_P_0098,2024-08-24 23:00:00,Request,outbound
EMAIL_06368,SYN_P_0439,SYN_P_0395,2024-12-15 06:00:00,Delivery,inbound
EMAIL_06369,SYN_P_0230,SYN_P_0889,2025-01-28 05:00:00,Meeting,inbound
EMAIL_06370,SYN_P_0877,SYN_P_0959,2024-09-13 19:00:00,Account,outbound
EMAIL_06371,SYN_P_0170,SYN_P_0389,2025-05-25 11:00:00,Request,outbound
EMAIL_06372,SYN_P_0795,SYN_P_0440,2024-03-16 06:00:00,Account,outbound
EMAIL_06373,SYN_P_0534,SYN_P_0146,2025-05-09 22:00:00,Invoice,outbound
EMAIL_06374,SYN_P_0300,SYN_P_0610,2024-04-14 03:00:00,Meeting,inbound
EMAIL_06375,SYN_P_0064,SYN_P_0694,2025-06-25 01:00:00,Document,outbound
EMAIL_06376,SYN_P_0159,SYN_P_0192,2024-11-24 20:00:00,Account,outbound
EMAIL_06377,SYN_P_1039,SYN_P_0140,2026-06-16 07:00:00,Meeting,inbound
EMAIL_06378,SYN_P_0303,SYN_P_0973,2024-10-29 01:00:00,Document,outbound
EMAIL_06379,SYN_P_0181,SYN_P_0820,2025-07-17 12:00:00,Document,inbound
EMAIL_06380,SYN_P_0511,SYN_P_0332,2024-06-23 22:00:00,Delivery,outbound
EMAIL_06381,SYN_P_0062,SYN_P_0759,2025-05-05 17:00:00,Delivery,outbound
EMAIL_06382,SYN_P_0619,SYN_P_0103,2025-03-30 07:00:00,Document,inbound
EMAIL_06383,SYN_P_0108,SYN_P_0583,2025-11-05 23:00:00,Meeting,inbound
EMAIL_06384,SYN_P_0503,SYN_P_0155,2025-09-22 07:00:00,Document,inbound
EMAIL_06385,SYN_P_0046,SYN_P_0504,2026-05-15 13:00:00,Account,inbound
EMAIL_06386,SYN_P_0228,SYN_P_0248,2024-05-28 12:00:00,Request,outbound
EMAIL_06387,SYN_P_0491,SYN_P_0080,2025-04-11 14:00:00,Request,outbound
EMAIL_06388,SYN_P_0313,SYN_P_0448,2026-03-16 18:00:00,Document,outbound
EMAIL_06389,SYN_P_0429,SYN_P_0741,2026-09-07 23:00:00,Account,outbound
EMAIL_06390,SYN_P_0398,SYN_P_0653,2025-07-16 15:00:00,Request,outbound
EMAIL_06391,SYN_P_0754,SYN_P_0685,2026-02-20 08:00:00,Invoice,inbound
EMAIL_06392,SYN_P_0456,SYN_P_0375,2026-10-27 10:00:00,Meeting,outbound
EMAIL_06393,SYN_P_0951,SYN_P_0984,2026-10-25 17:00:00,Invoice,inbound
EMAIL_06394,SYN_P_0530,SYN_P_0419,2026-07-01 09:00:00,Account,inbound
EMAIL_06395,SYN_P_0154,SYN_P_0460,2025-09-29 20:00:00,Meeting,outbound
EMAIL_06396,SYN_P_0078,SYN_P_0209,2024-11-30 03:00:00,Request,inbound
EMAIL_06397,SYN_P_0512,SYN_P_0563,2025-11-22 10:00:00,Account,inbound
EMAIL_06398,SYN_P_0352,SYN_P_0047,2024-08-19 20:00:00,Document,outbound
EMAIL_06399,SYN_P_0537,SYN_P_0365,2026-04-09 12:00:00,Invoice,outbound
EMAIL_06400,SYN_P_0525,SYN_P_0306,2026-10-14 06:00:00,Delivery,outbound
EMAIL_06401,SYN_P_0604,SYN_P_0065,2026-09-11 02:00:00,Account,inbound
EMAIL_06402,SYN_P_0513,SYN_P_0627,2024-11-25 10:00:00,Account,outbound
EMAIL_06403,SYN_P_0087,SYN_P_0293,2024-11-17 19:00:00,Document,inbound
EMAIL_06404,SYN_P_0512,SYN_P_0403,2026-08-06 02:00:00,Meeting,outbound
EMAIL_06405,SYN_P_0045,SYN_P_0125,2026-10-31 12:00:00,Meeting,inbound
EMAIL_06406,SYN_P_1023,SYN_P_1031,2024-04-28 14:00:00,Account,inbound
EMAIL_06407,SYN_P_0299,SYN_P_0593,2026-03-09 06:00:00,Account,outbound
EMAIL_06408,SYN_P_0362,SYN_P_0397,2026-09-21 06:00:00,Meeting,inbound
EMAIL_06409,SYN_P_0392,SYN_P_0611,2026-03-14 02:00:00,Delivery,outbound
EMAIL_06410,SYN_P_0332,SYN_P_0419,2025-01-02 20:00:00,Request,outbound
EMAIL_06411,SYN_P_0831,SYN_P_0970,2026-05-11 06:00:00,Meeting,inbound
EMAIL_06412,SYN_P_0782,SYN_P_0745,2025-10-02 05:00:00,Document,outbound
EMAIL_06413,SYN_P_0711,SYN_P_0353,2026-05-24 02:00:00,Request,inbound
EMAIL_06414,SYN_P_0358,SYN_P_0784,2025-06-14 01:00:00,Request,outbound
EMAIL_06415,SYN_P_0554,SYN_P_0190,2025-12-15 08:00:00,Meeting,outbound
EMAIL_06416,SYN_P_0164,SYN_P_0003,2026-06-14 09:00:00,Meeting,outbound
EMAIL_06417,SYN_P_0722,SYN_P_0903,2024-01-01 20:00:00,Request,outbound
EMAIL_06418,SYN_P_0083,SYN_P_0458,2025-10-06 19:00:00,Request,outbound
EMAIL_06419,SYN_P_0054,SYN_P_0179,2026-07-30 22:00:00,Document,inbound
EMAIL_06420,SYN_P_0500,SYN_P_0176,2024-07-15 13:00:00,Delivery,outbound
EMAIL_06421,SYN_P_0313,SYN_P_0217,2024-02-16 11:00:00,Request,inbound
EMAIL_06422,SYN_P_0848,SYN_P_0508,2026-10-16 18:00:00,Account,inbound
EMAIL_06423,SYN_P_0483,SYN_P_0012,2024-01-16 12:00:00,Document,inbound
EMAIL_06424,SYN_P_0359,SYN_P_0959,2024-11-05 16:00:00,Delivery,outbound
EMAIL_06425,SYN_P_0161,SYN_P_0241,2024-05-03 21:00:00,Meeting,outbound
EMAIL_06426,SYN_P_0305,SYN_P_0998,2024-05-18 06:00:00,Delivery,outbound
EMAIL_06427,SYN_P_0921,SYN_P_0605,2024-10-09 23:00:00,Meeting,outbound
EMAIL_06428,SYN_P_0403,SYN_P_0018,2026-01-31 09:00:00,Request,outbound
EMAIL_06429,SYN_P_0924,SYN_P_0376,2025-09-01 05:00:00,Meeting,inbound
EMAIL_06430,SYN_P_0932,SYN_P_0408,2026-02-22 23:00:00,Delivery,outbound
EMAIL_06431,SYN_P_0504,SYN_P_0218,2025-08-09 20:00:00,Document,inbound
EMAIL_06432,SYN_P_0883,SYN_P_0210,2024-08-22 06:00:00,Account,outbound
EMAIL_06433,SYN_P_0927,SYN_P_0827,2026-07-03 02:00:00,Document,inbound
EMAIL_06434,SYN_P_0389,SYN_P_0503,2025-09-27 04:00:00,Delivery,outbound
EMAIL_06435,SYN_P_0135,SYN_P_0278,2024-12-28 19:00:00,Meeting,outbound
EMAIL_06436,SYN_P_0520,SYN_P_0253,2026-04-23 15:00:00,Meeting,inbound
EMAIL_06437,SYN_P_1003,SYN_P_0616,2026-02-12 12:00:00,Account,outbound
EMAIL_06438,SYN_P_0830,SYN_P_0345,2024-10-06 19:00:00,Request,inbound
EMAIL_06439,SYN_P_0641,SYN_P_0123,2025-02-15 16:00:00,Account,outbound
EMAIL_06440,SYN_P_1011,SYN_P_0509,2024-02-26 17:00:00,Request,inbound
EMAIL_06441,SYN_P_0359,SYN_P_0790,2024-11-24 18:00:00,Request,inbound
EMAIL_06442,SYN_P_0636,SYN_P_0158,2025-08-12 00:00:00,Document,inbound
EMAIL_06443,SYN_P_0008,SYN_P_0039,2026-01-29 06:00:00,Request,outbound
EMAIL_06444,SYN_P_0540,SYN_P_0158,2024-04-09 16:00:00,Request,outbound
EMAIL_06445,SYN_P_0801,SYN_P_0313,2025-03-21 09:00:00,Document,outbound
EMAIL_06446,SYN_P_0472,SYN_P_0556,2025-11-17 18:00:00,Meeting,outbound
EMAIL_06447,SYN_P_0534,SYN_P_0149,2025-02-17 00:00:00,Meeting,inbound
EMAIL_06448,SYN_P_0043,SYN_P_0576,2024-02-01 07:00:00,Document,inbound
EMAIL_06449,SYN_P_0269,SYN_P_0770,2025-11-01 02:00:00,Document,outbound
EMAIL_06450,SYN_P_0591,SYN_P_0117,2025-01-07 16:00:00,Document,outbound
EMAIL_06451,SYN_P_0091,SYN_P_0297,2026-09-18 11:00:00,Meeting,inbound
EMAIL_06452,SYN_P_0147,SYN_P_0414,2026-02-28 09:00:00,Account,outbound
EMAIL_06453,SYN_P_0138,SYN_P_0595,2024-12-26 06:00:00,Account,outbound
EMAIL_06454,SYN_P_0879,SYN_P_0005,2026-03-13 15:00:00,Account,inbound
EMAIL_06455,SYN_P_0383,SYN_P_0967,2026-01-03 10:00:00,Meeting,inbound
EMAIL_06456,SYN_P_0188,SYN_P_0102,2026-01-30 00:00:00,Invoice,inbound
EMAIL_06457,SYN_P_0826,SYN_P_0762,2024-11-16 15:00:00,Account,inbound
EMAIL_06458,SYN_P_0526,SYN_P_0157,2025-06-29 10:00:00,Meeting,outbound
EMAIL_06459,SYN_P_0718,SYN_P_0432,2024-05-04 14:00:00,Document,inbound
EMAIL_06460,SYN_P_0709,SYN_P_0209,2024-08-05 00:00:00,Document,outbound
EMAIL_06461,SYN_P_0186,SYN_P_0579,2025-09-03 20:00:00,Request,inbound
EMAIL_06462,SYN_P_0381,SYN_P_0399,2024-09-15 08:00:00,Account,inbound
EMAIL_06463,SYN_P_0922,SYN_P_0664,2026-09-23 23:00:00,Delivery,outbound
EMAIL_06464,SYN_P_0326,SYN_P_0140,2025-04-18 01:00:00,Meeting,inbound
EMAIL_06465,SYN_P_0429,SYN_P_0215,2026-03-17 11:00:00,Request,outbound
EMAIL_06466,SYN_P_0507,SYN_P_0446,2025-03-30 02:00:00,Request,outbound
EMAIL_06467,SYN_P_0982,SYN_P_0450,2024-10-29 21:00:00,Account,inbound
EMAIL_06468,SYN_P_0477,SYN_P_0401,2026-06-12 22:00:00,Account,inbound
EMAIL_06469,SYN_P_0003,SYN_P_0454,2026-10-01 08:00:00,Request,inbound
EMAIL_06470,SYN_P_0777,SYN_P_0081,2025-01-27 23:00:00,Request,inbound
EMAIL_06471,SYN_P_0567,SYN_P_0310,2025-12-01 08:00:00,Document,inbound
EMAIL_06472,SYN_P_0573,SYN_P_0110,2024-12-14 23:00:00,Meeting,outbound
EMAIL_06473,SYN_P_0958,SYN_P_0099,2026-06-30 00:00:00,Meeting,outbound
EMAIL_06474,SYN_P_0491,SYN_P_0564,2026-01-28 14:00:00,Request,inbound
EMAIL_06475,SYN_P_0587,SYN_P_0791,2024-03-24 07:00:00,Request,inbound
EMAIL_06476,SYN_P_0830,SYN_P_0980,2024-10-24 11:00:00,Account,outbound
EMAIL_06477,SYN_P_0904,SYN_P_0675,2024-10-02 10:00:00,Delivery,outbound
EMAIL_06478,SYN_P_0274,SYN_P_0768,2025-01-07 02:00:00,Document,outbound
EMAIL_06479,SYN_P_0010,SYN_P_0445,2024-04-11 05:00:00,Account,inbound
EMAIL_06480,SYN_P_0010,SYN_P_0636,2024-01-31 10:00:00,Request,inbound
EMAIL_06481,SYN_P_0631,SYN_P_0197,2025-01-15 23:00:00,Request,outbound
EMAIL_06482,SYN_P_0493,SYN_P_0655,2026-03-15 14:00:00,Meeting,inbound
EMAIL_06483,SYN_P_0709,SYN_P_0790,2025-02-19 14:00:00,Invoice,inbound
EMAIL_06484,SYN_P_0160,SYN_P_0144,2025-01-28 15:00:00,Meeting,inbound
EMAIL_06485,SYN_P_0530,SYN_P_0731,2025-08-21 12:00:00,Meeting,outbound
EMAIL_06486,SYN_P_0356,SYN_P_0114,2026-06-15 21:00:00,Invoice,outbound
EMAIL_06487,SYN_P_0487,SYN_P_0572,2024-09-16 02:00:00,Account,inbound
EMAIL_06488,SYN_P_0698,SYN_P_0974,2024-04-02 14:00:00,Account,inbound
EMAIL_06489,SYN_P_0978,SYN_P_0910,2024-07-03 00:00:00,Meeting,outbound
EMAIL_06490,SYN_P_0760,SYN_P_1004,2025-08-02 12:00:00,Delivery,outbound
EMAIL_06491,SYN_P_0039,SYN_P_0966,2024-02-15 20:00:00,Account,outbound
EMAIL_06492,SYN_P_0147,SYN_P_0956,2024-01-12 12:00:00,Meeting,inbound
EMAIL_06493,SYN_P_0433,SYN_P_0152,2026-09-15 07:00:00,Delivery,inbound
EMAIL_06494,SYN_P_0746,SYN_P_0902,2025-05-13 10:00:00,Delivery,outbound
EMAIL_06495,SYN_P_0170,SYN_P_0361,2025-08-19 09:00:00,Delivery,inbound
EMAIL_06496,SYN_P_0462,SYN_P_0933,2026-02-19 19:00:00,Document,inbound
EMAIL_06497,SYN_P_0810,SYN_P_0191,2026-03-11 00:00:00,Document,outbound
EMAIL_06498,SYN_P_0177,SYN_P_0431,2024-04-15 06:00:00,Account,inbound
EMAIL_06499,SYN_P_0414,SYN_P_0090,2024-06-03 14:00:00,Account,outbound
EMAIL_06500,SYN_P_0290,SYN_P_0450,2026-08-11 23:00:00,Delivery,outbound
EMAIL_06501,SYN_P_0040,SYN_P_0995,2025-03-12 12:00:00,Invoice,inbound
EMAIL_06502,SYN_P_0115,SYN_P_0516,2025-04-26 18:00:00,Request,inbound
EMAIL_06503,SYN_P_0154,SYN_P_0351,2025-12-21 21:00:00,Meeting,outbound
EMAIL_06504,SYN_P_0663,SYN_P_0158,2024-06-23 09:00:00,Delivery,outbound
EMAIL_06505,SYN_P_0544,SYN_P_0579,2026-02-14 20:00:00,Invoice,outbound
EMAIL_06506,SYN_P_0065,SYN_P_0762,2026-08-06 01:00:00,Document,outbound
EMAIL_06507,SYN_P_0493,SYN_P_0659,2026-04-09 15:00:00,Request,inbound
EMAIL_06508,SYN_P_0728,SYN_P_0007,2026-05-28 08:00:00,Request,inbound
EMAIL_06509,SYN_P_0128,SYN_P_0687,2026-02-06 17:00:00,Delivery,inbound
EMAIL_06510,SYN_P_0669,SYN_P_0740,2025-02-28 16:00:00,Request,inbound
EMAIL_06511,SYN_P_0168,SYN_P_0149,2025-09-16 19:00:00,Request,outbound
EMAIL_06512,SYN_P_1010,SYN_P_0547,2025-10-16 20:00:00,Invoice,inbound
EMAIL_06513,SYN_P_0554,SYN_P_0853,2026-05-31 20:00:00,Account,inbound
EMAIL_06514,SYN_P_0893,SYN_P_0456,2026-05-18 04:00:00,Invoice,outbound
EMAIL_06515,SYN_P_0016,SYN_P_0793,2025-12-10 23:00:00,Meeting,outbound
EMAIL_06516,SYN_P_0144,SYN_P_0323,2025-04-26 09:00:00,Delivery,inbound
EMAIL_06517,SYN_P_0823,SYN_P_0394,2026-01-22 19:00:00,Document,inbound
EMAIL_06518,SYN_P_0613,SYN_P_0677,2025-08-22 15:00:00,Invoice,outbound
EMAIL_06519,SYN_P_0583,SYN_P_0320,2026-07-15 20:00:00,Delivery,inbound
EMAIL_06520,SYN_P_0560,SYN_P_0264,2026-06-28 18:00:00,Meeting,outbound
EMAIL_06521,SYN_P_0177,SYN_P_0453,2025-03-31 15:00:00,Delivery,inbound
EMAIL_06522,SYN_P_0757,SYN_P_1022,2026-05-30 05:00:00,Document,inbound
EMAIL_06523,SYN_P_1004,SYN_P_0837,2026-01-07 17:00:00,Delivery,inbound
EMAIL_06524,SYN_P_0932,SYN_P_0307,2024-02-07 12:00:00,Account,inbound
EMAIL_06525,SYN_P_1020,SYN_P_0033,2025-06-24 15:00:00,Account,outbound
EMAIL_06526,SYN_P_0229,SYN_P_0673,2025-07-19 18:00:00,Request,outbound
EMAIL_06527,SYN_P_0367,SYN_P_0235,2025-05-03 02:00:00,Delivery,inbound
EMAIL_06528,SYN_P_0908,SYN_P_1026,2025-01-27 19:00:00,Request,inbound
EMAIL_06529,SYN_P_0065,SYN_P_0268,2025-04-24 14:00:00,Delivery,outbound
EMAIL_06530,SYN_P_0293,SYN_P_0008,2026-08-14 01:00:00,Invoice,inbound
EMAIL_06531,SYN_P_0688,SYN_P_0258,2026-03-12 06:00:00,Request,outbound
EMAIL_06532,SYN_P_0599,SYN_P_0381,2024-09-10 19:00:00,Account,inbound
EMAIL_06533,SYN_P_0315,SYN_P_0437,2024-03-14 05:00:00,Invoice,inbound
EMAIL_06534,SYN_P_0421,SYN_P_1007,2025-04-06 00:00:00,Meeting,outbound
EMAIL_06535,SYN_P_0514,SYN_P_0816,2026-08-08 00:00:00,Document,outbound
EMAIL_06536,SYN_P_0151,SYN_P_0119,2026-06-30 18:00:00,Account,inbound
EMAIL_06537,SYN_P_0912,SYN_P_0943,2025-11-26 01:00:00,Meeting,inbound
EMAIL_06538,SYN_P_0336,SYN_P_0873,2026-09-24 06:00:00,Invoice,outbound
EMAIL_06539,SYN_P_0817,SYN_P_0707,2025-02-11 09:00:00,Account,outbound
EMAIL_06540,SYN_P_0482,SYN_P_0881,2024-12-07 01:00:00,Account,inbound
EMAIL_06541,SYN_P_0845,SYN_P_0984,2024-09-16 20:00:00,Delivery,inbound
EMAIL_06542,SYN_P_0424,SYN_P_0745,2024-06-01 17:00:00,Account,inbound
EMAIL_06543,SYN_P_0285,SYN_P_0871,2026-08-28 08:00:00,Account,outbound
EMAIL_06544,SYN_P_0494,SYN_P_0661,2026-08-17 09:00:00,Invoice,inbound
EMAIL_06545,SYN_P_0055,SYN_P_0888,2026-08-08 18:00:00,Delivery,inbound
EMAIL_06546,SYN_P_0025,SYN_P_0395,2026-07-03 10:00:00,Document,outbound
EMAIL_06547,SYN_P_0406,SYN_P_0989,2024-04-10 11:00:00,Document,inbound
EMAIL_06548,SYN_P_0552,SYN_P_0766,2026-06-09 03:00:00,Document,outbound
EMAIL_06549,SYN_P_0824,SYN_P_0745,2024-02-15 14:00:00,Account,inbound
EMAIL_06550,SYN_P_0968,SYN_P_0204,2025-07-26 00:00:00,Document,outbound
EMAIL_06551,SYN_P_0489,SYN_P_0397,2025-11-01 03:00:00,Delivery,inbound
EMAIL_06552,SYN_P_0667,SYN_P_0350,2025-04-19 17:00:00,Document,inbound
EMAIL_06553,SYN_P_0267,SYN_P_0764,2026-02-17 04:00:00,Document,inbound
EMAIL_06554,SYN_P_0474,SYN_P_0514,2024-09-17 08:00:00,Request,outbound
EMAIL_06555,SYN_P_0109,SYN_P_0984,2024-07-30 18:00:00,Account,inbound
EMAIL_06556,SYN_P_0819,SYN_P_0716,2024-09-05 13:00:00,Document,outbound
EMAIL_06557,SYN_P_0925,SYN_P_0287,2024-06-25 10:00:00,Delivery,inbound
EMAIL_06558,SYN_P_0278,SYN_P_0386,2025-11-23 13:00:00,Request,inbound
EMAIL_06559,SYN_P_0269,SYN_P_0947,2025-10-24 23:00:00,Request,inbound
EMAIL_06560,SYN_P_0125,SYN_P_0026,2024-04-03 11:00:00,Meeting,inbound
EMAIL_06561,SYN_P_0267,SYN_P_0789,2024-03-23 12:00:00,Account,outbound
EMAIL_06562,SYN_P_0771,SYN_P_0368,2024-01-03 14:00:00,Account,inbound
EMAIL_06563,SYN_P_0960,SYN_P_0228,2024-02-22 10:00:00,Meeting,outbound
EMAIL_06564,SYN_P_0242,SYN_P_0197,2026-09-14 09:00:00,Request,outbound
EMAIL_06565,SYN_P_0628,SYN_P_0130,2025-07-05 09:00:00,Document,outbound
EMAIL_06566,SYN_P_0849,SYN_P_0263,2026-03-01 04:00:00,Request,inbound
EMAIL_06567,SYN_P_0161,SYN_P_1015,2025-04-23 08:00:00,Meeting,inbound
EMAIL_06568,SYN_P_0403,SYN_P_1004,2025-06-15 10:00:00,Invoice,inbound
EMAIL_06569,SYN_P_0422,SYN_P_0921,2024-02-03 12:00:00,Document,inbound
EMAIL_06570,SYN_P_0676,SYN_P_0272,2025-12-06 06:00:00,Account,inbound
EMAIL_06571,SYN_P_0916,SYN_P_0913,2025-11-21 01:00:00,Invoice,outbound
EMAIL_06572,SYN_P_0882,SYN_P_0135,2024-06-28 22:00:00,Request,outbound
EMAIL_06573,SYN_P_0077,SYN_P_0040,2026-09-14 05:00:00,Account,inbound
EMAIL_06574,SYN_P_0546,SYN_P_0037,2024-07-30 05:00:00,Meeting,outbound
EMAIL_06575,SYN_P_0643,SYN_P_0191,2024-10-30 05:00:00,Delivery,outbound
EMAIL_06576,SYN_P_0178,SYN_P_0069,2025-11-13 09:00:00,Meeting,outbound
EMAIL_06577,SYN_P_0176,SYN_P_0870,2024-04-20 11:00:00,Document,outbound
EMAIL_06578,SYN_P_0315,SYN_P_0741,2025-06-23 23:00:00,Document,inbound
EMAIL_06579,SYN_P_0855,SYN_P_0724,2025-02-10 07:00:00,Account,outbound
EMAIL_06580,SYN_P_0145,SYN_P_0988,2024-10-28 06:00:00,Request,inbound
EMAIL_06581,SYN_P_0366,SYN_P_0854,2025-06-26 12:00:00,Request,outbound
EMAIL_06582,SYN_P_0707,SYN_P_0080,2025-06-10 20:00:00,Document,inbound
EMAIL_06583,SYN_P_0927,SYN_P_0111,2025-10-04 22:00:00,Invoice,outbound
EMAIL_06584,SYN_P_0881,SYN_P_0240,2024-08-14 10:00:00,Meeting,outbound
EMAIL_06585,SYN_P_0738,SYN_P_0060,2025-03-07 20:00:00,Delivery,inbound
EMAIL_06586,SYN_P_0980,SYN_P_0677,2024-01-13 08:00:00,Document,outbound
EMAIL_06587,SYN_P_0910,SYN_P_0381,2024-12-06 00:00:00,Request,outbound
EMAIL_06588,SYN_P_0994,SYN_P_0001,2024-06-25 23:00:00,Account,inbound
EMAIL_06589,SYN_P_0928,SYN_P_0515,2025-01-12 16:00:00,Document,outbound
EMAIL_06590,SYN_P_0184,SYN_P_0841,2024-12-10 23:00:00,Meeting,inbound
EMAIL_06591,SYN_P_0244,SYN_P_0838,2024-09-07 14:00:00,Invoice,outbound
EMAIL_06592,SYN_P_0749,SYN_P_0647,2026-07-22 01:00:00,Invoice,inbound
EMAIL_06593,SYN_P_0812,SYN_P_0010,2024-11-25 13:00:00,Invoice,outbound
EMAIL_06594,SYN_P_0302,SYN_P_0211,2024-06-03 04:00:00,Meeting,outbound
EMAIL_06595,SYN_P_0111,SYN_P_0434,2026-11-04 07:00:00,Meeting,outbound
EMAIL_06596,SYN_P_0578,SYN_P_0881,2026-09-04 14:00:00,Account,inbound
EMAIL_06597,SYN_P_1037,SYN_P_0247,2025-05-09 22:00:00,Invoice,outbound
EMAIL_06598,SYN_P_0204,SYN_P_0911,2026-02-01 00:00:00,Invoice,inbound
EMAIL_06599,SYN_P_0551,SYN_P_0670,2025-04-18 15:00:00,Request,inbound
EMAIL_06600,SYN_P_1039,SYN_P_0156,2024-07-04 02:00:00,Document,inbound
EMAIL_06601,SYN_P_1027,SYN_P_0473,2026-08-08 11:00:00,Delivery,inbound
EMAIL_06602,SYN_P_0211,SYN_P_0060,2026-06-18 19:00:00,Delivery,outbound
EMAIL_06603,SYN_P_0537,SYN_P_0527,2024-05-13 19:00:00,Document,inbound
EMAIL_06604,SYN_P_0991,SYN_P_0501,2024-11-08 13:00:00,Meeting,inbound
EMAIL_06605,SYN_P_0174,SYN_P_1025,2026-06-09 00:00:00,Account,inbound
EMAIL_06606,SYN_P_0690,SYN_P_0319,2025-05-01 21:00:00,Invoice,outbound
EMAIL_06607,SYN_P_0535,SYN_P_0083,2024-11-15 10:00:00,Document,outbound
EMAIL_06608,SYN_P_0866,SYN_P_0354,2025-11-22 00:00:00,Invoice,outbound
EMAIL_06609,SYN_P_0869,SYN_P_0284,2026-01-14 14:00:00,Request,inbound
EMAIL_06610,SYN_P_0580,SYN_P_0231,2025-09-25 04:00:00,Invoice,inbound
EMAIL_06611,SYN_P_0518,SYN_P_0814,2025-01-16 11:00:00,Meeting,inbound
EMAIL_06612,SYN_P_0509,SYN_P_0712,2026-08-21 00:00:00,Meeting,outbound
EMAIL_06613,SYN_P_0020,SYN_P_0964,2026-09-16 16:00:00,Document,outbound
EMAIL_06614,SYN_P_0229,SYN_P_0165,2026-04-26 09:00:00,Account,inbound
EMAIL_06615,SYN_P_0110,SYN_P_0205,2025-08-03 06:00:00,Delivery,inbound
EMAIL_06616,SYN_P_0477,SYN_P_0977,2025-10-01 01:00:00,Invoice,inbound
EMAIL_06617,SYN_P_0367,SYN_P_0286,2024-11-13 00:00:00,Invoice,outbound
EMAIL_06618,SYN_P_0224,SYN_P_0406,2026-08-23 03:00:00,Meeting,outbound
EMAIL_06619,SYN_P_0100,SYN_P_0195,2026-10-17 23:00:00,Document,outbound
EMAIL_06620,SYN_P_0148,SYN_P_0262,2025-11-21 06:00:00,Request,inbound
EMAIL_06621,SYN_P_0507,SYN_P_0618,2026-09-27 07:00:00,Account,outbound
EMAIL_06622,SYN_P_0072,SYN_P_0846,2025-02-08 01:00:00,Delivery,outbound
EMAIL_06623,SYN_P_0535,SYN_P_0006,2024-03-11 23:00:00,Invoice,outbound
EMAIL_06624,SYN_P_0875,SYN_P_0117,2026-02-28 23:00:00,Account,inbound
EMAIL_06625,SYN_P_0494,SYN_P_0811,2024-12-05 06:00:00,Meeting,inbound
EMAIL_06626,SYN_P_0309,SYN_P_0291,2025-12-23 19:00:00,Meeting,outbound
EMAIL_06627,SYN_P_0176,SYN_P_0519,2026-04-09 04:00:00,Document,inbound
EMAIL_06628,SYN_P_0053,SYN_P_0984,2025-10-26 14:00:00,Request,inbound
EMAIL_06629,SYN_P_0121,SYN_P_0378,2026-09-04 23:00:00,Delivery,inbound
EMAIL_06630,SYN_P_0167,SYN_P_0583,2026-01-18 13:00:00,Delivery,inbound
EMAIL_06631,SYN_P_0725,SYN_P_0577,2024-01-18 03:00:00,Meeting,inbound
EMAIL_06632,SYN_P_0597,SYN_P_0055,2025-09-03 21:00:00,Request,outbound
EMAIL_06633,SYN_P_0046,SYN_P_0193,2026-04-26 05:00:00,Document,outbound
EMAIL_06634,SYN_P_0572,SYN_P_0272,2024-04-04 08:00:00,Invoice,outbound
EMAIL_06635,SYN_P_0961,SYN_P_0136,2024-01-21 13:00:00,Document,inbound
EMAIL_06636,SYN_P_0737,SYN_P_0768,2026-05-16 13:00:00,Account,outbound
EMAIL_06637,SYN_P_0415,SYN_P_0491,2026-07-07 21:00:00,Request,inbound
EMAIL_06638,SYN_P_0190,SYN_P_0098,2024-05-18 03:00:00,Delivery,outbound
EMAIL_06639,SYN_P_0132,SYN_P_0245,2026-02-26 03:00:00,Account,inbound
EMAIL_06640,SYN_P_0367,SYN_P_0054,2024-07-20 05:00:00,Document,outbound
EMAIL_06641,SYN_P_0508,SYN_P_0053,2025-10-12 06:00:00,Document,inbound
EMAIL_06642,SYN_P_0582,SYN_P_0446,2026-10-02 21:00:00,Invoice,outbound
EMAIL_06643,SYN_P_0991,SYN_P_0747,2025-09-14 20:00:00,Delivery,outbound
EMAIL_06644,SYN_P_0080,SYN_P_0420,2026-04-15 14:00:00,Request,outbound
EMAIL_06645,SYN_P_0957,SYN_P_0733,2024-11-14 22:00:00,Account,inbound
EMAIL_06646,SYN_P_0797,SYN_P_0402,2024-04-04 05:00:00,Document,inbound
EMAIL_06647,SYN_P_0331,SYN_P_0940,2025-04-23 12:00:00,Request,inbound
EMAIL_06648,SYN_P_0753,SYN_P_0453,2024-01-24 17:00:00,Request,outbound
EMAIL_06649,SYN_P_0371,SYN_P_0855,2024-04-04 15:00:00,Document,outbound
EMAIL_06650,SYN_P_0236,SYN_P_0477,2024-09-16 20:00:00,Document,inbound
EMAIL_06651,SYN_P_0192,SYN_P_0062,2024-07-24 14:00:00,Delivery,inbound
EMAIL_06652,SYN_P_0768,SYN_P_0798,2026-09-28 11:00:00,Delivery,outbound
EMAIL_06653,SYN_P_0780,SYN_P_0083,2025-11-03 16:00:00,Document,outbound
EMAIL_06654,SYN_P_0367,SYN_P_0828,2024-05-03 12:00:00,Meeting,outbound
EMAIL_06655,SYN_P_0384,SYN_P_1005,2025-06-23 11:00:00,Account,inbound
EMAIL_06656,SYN_P_0905,SYN_P_0546,2024-06-23 14:00:00,Meeting,outbound
EMAIL_06657,SYN_P_0600,SYN_P_0593,2024-06-02 20:00:00,Meeting,outbound
EMAIL_06658,SYN_P_0045,SYN_P_0915,2026-01-02 13:00:00,Document,inbound
EMAIL_06659,SYN_P_0389,SYN_P_0158,2026-09-29 09:00:00,Request,inbound
EMAIL_06660,SYN_P_0445,SYN_P_0720,2025-04-05 10:00:00,Account,outbound
EMAIL_06661,SYN_P_0784,SYN_P_0564,2025-08-01 09:00:00,Document,inbound
EMAIL_06662,SYN_P_0613,SYN_P_0796,2024-08-24 11:00:00,Account,outbound
EMAIL_06663,SYN_P_0181,SYN_P_0958,2024-08-26 15:00:00,Invoice,outbound
EMAIL_06664,SYN_P_0414,SYN_P_0394,2025-11-09 05:00:00,Invoice,inbound
EMAIL_06665,SYN_P_0629,SYN_P_0523,2025-08-15 08:00:00,Account,outbound
EMAIL_06666,SYN_P_0774,SYN_P_0726,2024-06-11 23:00:00,Document,inbound
EMAIL_06667,SYN_P_0562,SYN_P_0751,2025-12-30 03:00:00,Invoice,outbound
EMAIL_06668,SYN_P_0927,SYN_P_0429,2024-12-17 16:00:00,Delivery,inbound
EMAIL_06669,SYN_P_0865,SYN_P_0447,2026-01-22 09:00:00,Document,inbound
EMAIL_06670,SYN_P_0814,SYN_P_0334,2024-06-18 07:00:00,Delivery,outbound
EMAIL_06671,SYN_P_0694,SYN_P_0971,2024-11-30 06:00:00,Meeting,outbound
EMAIL_06672,SYN_P_0988,SYN_P_0235,2025-05-21 14:00:00,Document,inbound
EMAIL_06673,SYN_P_0498,SYN_P_0893,2025-09-13 03:00:00,Account,inbound
EMAIL_06674,SYN_P_0517,SYN_P_0469,2026-06-04 01:00:00,Invoice,inbound
EMAIL_06675,SYN_P_0690,SYN_P_0703,2026-06-17 15:00:00,Account,inbound
EMAIL_06676,SYN_P_0112,SYN_P_0253,2024-01-23 00:00:00,Meeting,inbound
EMAIL_06677,SYN_P_0350,SYN_P_0204,2024-02-12 20:00:00,Meeting,inbound
EMAIL_06678,SYN_P_0678,SYN_P_0054,2026-10-24 15:00:00,Account,outbound
EMAIL_06679,SYN_P_0732,SYN_P_1037,2024-11-07 03:00:00,Delivery,inbound
EMAIL_06680,SYN_P_0844,SYN_P_0631,2026-02-24 15:00:00,Meeting,outbound
EMAIL_06681,SYN_P_0200,SYN_P_0103,2026-08-23 09:00:00,Delivery,outbound
EMAIL_06682,SYN_P_0224,SYN_P_0632,2025-03-22 09:00:00,Document,inbound
EMAIL_06683,SYN_P_0370,SYN_P_0632,2026-08-05 07:00:00,Document,inbound
EMAIL_06684,SYN_P_0429,SYN_P_0940,2024-06-01 22:00:00,Meeting,inbound
EMAIL_06685,SYN_P_0953,SYN_P_0177,2025-05-31 14:00:00,Delivery,outbound
EMAIL_06686,SYN_P_0629,SYN_P_0909,2024-09-21 02:00:00,Delivery,outbound
EMAIL_06687,SYN_P_0492,SYN_P_0268,2025-09-25 14:00:00,Document,inbound
EMAIL_06688,SYN_P_0616,SYN_P_0949,2025-10-11 04:00:00,Invoice,outbound
EMAIL_06689,SYN_P_0310,SYN_P_0318,2025-11-22 05:00:00,Invoice,outbound
EMAIL_06690,SYN_P_0614,SYN_P_0373,2026-07-14 21:00:00,Invoice,outbound
EMAIL_06691,SYN_P_0406,SYN_P_0493,2025-11-02 01:00:00,Delivery,outbound
EMAIL_06692,SYN_P_0898,SYN_P_0491,2026-11-02 02:00:00,Meeting,outbound
EMAIL_06693,SYN_P_0029,SYN_P_0988,2024-06-25 20:00:00,Invoice,outbound
EMAIL_06694,SYN_P_0204,SYN_P_0147,2026-10-19 07:00:00,Document,outbound
EMAIL_06695,SYN_P_0910,SYN_P_0251,2025-12-01 12:00:00,Document,inbound
EMAIL_06696,SYN_P_0330,SYN_P_0586,2026-06-16 04:00:00,Request,inbound
EMAIL_06697,SYN_P_0400,SYN_P_0188,2026-11-01 20:00:00,Request,outbound
EMAIL_06698,SYN_P_0244,SYN_P_0288,2024-06-06 19:00:00,Delivery,outbound
EMAIL_06699,SYN_P_0974,SYN_P_0161,2025-10-19 06:00:00,Meeting,outbound
EMAIL_06700,SYN_P_0902,SYN_P_0503,2025-03-06 03:00:00,Request,inbound
EMAIL_06701,SYN_P_0223,SYN_P_0171,2026-04-01 19:00:00,Account,inbound
EMAIL_06702,SYN_P_0908,SYN_P_1039,2024-01-26 21:00:00,Document,outbound
EMAIL_06703,SYN_P_0614,SYN_P_0471,2026-08-19 17:00:00,Meeting,outbound
EMAIL_06704,SYN_P_0665,SYN_P_0110,2025-07-13 20:00:00,Meeting,inbound
EMAIL_06705,SYN_P_0113,SYN_P_0374,2025-06-12 18:00:00,Delivery,inbound
EMAIL_06706,SYN_P_0920,SYN_P_0591,2026-01-29 23:00:00,Request,outbound
EMAIL_06707,SYN_P_0358,SYN_P_0751,2024-02-25 18:00:00,Delivery,outbound
EMAIL_06708,SYN_P_0081,SYN_P_0481,2025-12-10 20:00:00,Delivery,outbound
EMAIL_06709,SYN_P_0702,SYN_P_0750,2025-03-03 01:00:00,Meeting,inbound
EMAIL_06710,SYN_P_0607,SYN_P_0059,2024-06-28 12:00:00,Request,inbound
EMAIL_06711,SYN_P_0120,SYN_P_0862,2024-12-26 16:00:00,Document,outbound
EMAIL_06712,SYN_P_0506,SYN_P_0260,2026-08-19 14:00:00,Account,inbound
EMAIL_06713,SYN_P_0427,SYN_P_0281,2026-05-31 14:00:00,Invoice,outbound
EMAIL_06714,SYN_P_0586,SYN_P_0343,2025-08-25 09:00:00,Invoice,inbound
EMAIL_06715,SYN_P_0865,SYN_P_0698,2024-07-23 23:00:00,Meeting,outbound
EMAIL_06716,SYN_P_0195,SYN_P_0862,2025-05-30 07:00:00,Request,outbound
EMAIL_06717,SYN_P_0016,SYN_P_0473,2025-06-06 22:00:00,Delivery,outbound
EMAIL_06718,SYN_P_0865,SYN_P_0277,2025-05-18 21:00:00,Account,outbound
EMAIL_06719,SYN_P_0251,SYN_P_0607,2025-01-28 09:00:00,Document,inbound
EMAIL_06720,SYN_P_0454,SYN_P_0565,2024-04-09 02:00:00,Document,inbound
EMAIL_06721,SYN_P_0153,SYN_P_0439,2025-11-29 07:00:00,Meeting,inbound
EMAIL_06722,SYN_P_0913,SYN_P_0134,2026-10-03 18:00:00,Request,inbound
EMAIL_06723,SYN_P_0506,SYN_P_0252,2026-05-08 21:00:00,Invoice,outbound
EMAIL_06724,SYN_P_0844,SYN_P_1029,2024-06-27 14:00:00,Request,inbound
EMAIL_06725,SYN_P_0833,SYN_P_0968,2026-06-11 00:00:00,Request,outbound
EMAIL_06726,SYN_P_0014,SYN_P_0816,2026-06-20 02:00:00,Account,outbound
EMAIL_06727,SYN_P_0934,SYN_P_0574,2026-02-09 10:00:00,Delivery,outbound
EMAIL_06728,SYN_P_0213,SYN_P_0073,2024-04-08 15:00:00,Invoice,inbound
EMAIL_06729,SYN_P_0957,SYN_P_0325,2026-03-08 14:00:00,Document,outbound
EMAIL_06730,SYN_P_0541,SYN_P_0353,2026-01-01 22:00:00,Account,outbound
EMAIL_06731,SYN_P_0841,SYN_P_0605,2024-09-02 09:00:00,Document,outbound
EMAIL_06732,SYN_P_0943,SYN_P_0133,2025-09-02 09:00:00,Account,inbound
EMAIL_06733,SYN_P_0940,SYN_P_0294,2025-04-12 14:00:00,Invoice,outbound
EMAIL_06734,SYN_P_0372,SYN_P_0921,2024-07-03 11:00:00,Meeting,outbound
EMAIL_06735,SYN_P_0573,SYN_P_0115,2025-03-11 07:00:00,Invoice,outbound
EMAIL_06736,SYN_P_0035,SYN_P_0969,2024-08-05 03:00:00,Meeting,inbound
EMAIL_06737,SYN_P_0425,SYN_P_0651,2025-03-27 08:00:00,Delivery,inbound
EMAIL_06738,SYN_P_0526,SYN_P_0790,2025-02-17 13:00:00,Account,inbound
EMAIL_06739,SYN_P_0551,SYN_P_0697,2025-10-28 09:00:00,Invoice,outbound
EMAIL_06740,SYN_P_0021,SYN_P_0753,2026-08-30 20:00:00,Document,outbound
EMAIL_06741,SYN_P_0080,SYN_P_0744,2025-11-08 20:00:00,Account,outbound
EMAIL_06742,SYN_P_0616,SYN_P_0966,2026-07-29 19:00:00,Account,inbound
EMAIL_06743,SYN_P_0421,SYN_P_0863,2026-07-28 12:00:00,Document,inbound
EMAIL_06744,SYN_P_0346,SYN_P_0576,2024-02-23 03:00:00,Account,outbound
EMAIL_06745,SYN_P_0628,SYN_P_0255,2025-03-06 08:00:00,Delivery,outbound
EMAIL_06746,SYN_P_0116,SYN_P_0500,2026-07-05 08:00:00,Delivery,inbound
EMAIL_06747,SYN_P_0352,SYN_P_0130,2026-09-24 20:00:00,Delivery,inbound
EMAIL_06748,SYN_P_0029,SYN_P_0392,2026-05-26 17:00:00,Request,inbound
EMAIL_06749,SYN_P_0286,SYN_P_0619,2024-05-10 17:00:00,Request,outbound
EMAIL_06750,SYN_P_0531,SYN_P_0541,2024-08-02 10:00:00,Account,outbound
EMAIL_06751,SYN_P_0054,SYN_P_0263,2024-05-19 21:00:00,Delivery,inbound
EMAIL_06752,SYN_P_0135,SYN_P_0658,2026-08-30 18:00:00,Request,outbound
EMAIL_06753,SYN_P_0675,SYN_P_0473,2026-02-03 10:00:00,Delivery,outbound
EMAIL_06754,SYN_P_0867,SYN_P_0907,2024-05-11 07:00:00,Account,inbound
EMAIL_06755,SYN_P_0249,SYN_P_0009,2025-12-04 13:00:00,Invoice,outbound
EMAIL_06756,SYN_P_0806,SYN_P_0362,2024-04-27 06:00:00,Delivery,inbound
EMAIL_06757,SYN_P_0434,SYN_P_0415,2025-09-27 00:00:00,Account,inbound
EMAIL_06758,SYN_P_0356,SYN_P_0907,2026-09-07 01:00:00,Request,outbound
EMAIL_06759,SYN_P_0772,SYN_P_0694,2024-01-19 11:00:00,Invoice,outbound
EMAIL_06760,SYN_P_0503,SYN_P_0511,2024-03-06 01:00:00,Document,outbound
EMAIL_06761,SYN_P_0319,SYN_P_0490,2024-07-06 20:00:00,Delivery,outbound
EMAIL_06762,SYN_P_0667,SYN_P_0516,2024-07-19 08:00:00,Request,inbound
EMAIL_06763,SYN_P_0899,SYN_P_0364,2024-08-15 11:00:00,Document,inbound
EMAIL_06764,SYN_P_0105,SYN_P_0707,2025-10-11 13:00:00,Delivery,inbound
EMAIL_06765,SYN_P_0848,SYN_P_0501,2024-10-11 08:00:00,Meeting,outbound
EMAIL_06766,SYN_P_0875,SYN_P_0566,2026-01-31 04:00:00,Delivery,outbound
EMAIL_06767,SYN_P_0411,SYN_P_0625,2024-01-25 09:00:00,Request,inbound
EMAIL_06768,SYN_P_0476,SYN_P_0031,2026-07-03 19:00:00,Request,outbound
EMAIL_06769,SYN_P_0837,SYN_P_0618,2026-08-04 14:00:00,Meeting,inbound
EMAIL_06770,SYN_P_0820,SYN_P_0128,2026-03-24 18:00:00,Invoice,inbound
EMAIL_06771,SYN_P_0658,SYN_P_0969,2024-11-04 15:00:00,Delivery,inbound
EMAIL_06772,SYN_P_0227,SYN_P_0580,2025-08-22 03:00:00,Account,outbound
EMAIL_06773,SYN_P_0112,SYN_P_0587,2024-06-06 00:00:00,Request,inbound
EMAIL_06774,SYN_P_0602,SYN_P_0050,2026-06-08 16:00:00,Request,outbound
EMAIL_06775,SYN_P_0353,SYN_P_0314,2025-12-21 12:00:00,Request,inbound
EMAIL_06776,SYN_P_0224,SYN_P_0552,2024-06-11 20:00:00,Invoice,inbound
EMAIL_06777,SYN_P_0011,SYN_P_0585,2025-12-21 13:00:00,Account,outbound
EMAIL_06778,SYN_P_0062,SYN_P_0289,2024-05-29 20:00:00,Invoice,inbound
EMAIL_06779,SYN_P_0400,SYN_P_1009,2026-06-16 22:00:00,Invoice,inbound
EMAIL_06780,SYN_P_0830,SYN_P_0299,2026-07-31 00:00:00,Document,inbound
EMAIL_06781,SYN_P_1015,SYN_P_0366,2024-04-10 15:00:00,Document,outbound
EMAIL_06782,SYN_P_0771,SYN_P_0493,2026-01-09 03:00:00,Account,outbound
EMAIL_06783,SYN_P_0808,SYN_P_0163,2026-07-24 18:00:00,Document,inbound
EMAIL_06784,SYN_P_0990,SYN_P_0057,2024-06-12 03:00:00,Request,outbound
EMAIL_06785,SYN_P_0536,SYN_P_0957,2025-07-08 11:00:00,Account,inbound
EMAIL_06786,SYN_P_0543,SYN_P_0107,2025-09-22 05:00:00,Account,outbound
EMAIL_06787,SYN_P_0188,SYN_P_0253,2024-02-11 23:00:00,Account,outbound
EMAIL_06788,SYN_P_0850,SYN_P_0391,2024-08-05 08:00:00,Document,outbound
EMAIL_06789,SYN_P_0709,SYN_P_0527,2026-04-01 14:00:00,Delivery,inbound
EMAIL_06790,SYN_P_0086,SYN_P_0405,2025-05-24 00:00:00,Meeting,outbound
EMAIL_06791,SYN_P_0375,SYN_P_0755,2025-11-27 07:00:00,Account,outbound
EMAIL_06792,SYN_P_0690,SYN_P_0361,2024-02-14 06:00:00,Request,outbound
EMAIL_06793,SYN_P_0468,SYN_P_0945,2026-06-17 11:00:00,Delivery,outbound
EMAIL_06794,SYN_P_0814,SYN_P_0687,2024-12-11 15:00:00,Meeting,outbound
EMAIL_06795,SYN_P_0731,SYN_P_0957,2025-06-10 12:00:00,Account,inbound
EMAIL_06796,SYN_P_0453,SYN_P_0231,2026-09-03 12:00:00,Account,outbound
EMAIL_06797,SYN_P_1015,SYN_P_0777,2024-09-27 03:00:00,Document,inbound
EMAIL_06798,SYN_P_0593,SYN_P_0647,2024-10-26 11:00:00,Account,outbound
EMAIL_06799,SYN_P_0310,SYN_P_0966,2026-05-03 08:00:00,Invoice,inbound
EMAIL_06800,SYN_P_1000,SYN_P_0263,2025-08-02 10:00:00,Meeting,inbound
EMAIL_06801,SYN_P_0920,SYN_P_0969,2025-05-01 06:00:00,Invoice,inbound
EMAIL_06802,SYN_P_0785,SYN_P_0882,2025-08-12 01:00:00,Request,inbound
EMAIL_06803,SYN_P_0685,SYN_P_0129,2025-10-02 14:00:00,Document,inbound
EMAIL_06804,SYN_P_0759,SYN_P_0020,2026-03-21 13:00:00,Meeting,inbound
EMAIL_06805,SYN_P_0800,SYN_P_0115,2024-02-02 11:00:00,Meeting,outbound
EMAIL_06806,SYN_P_0118,SYN_P_0954,2024-08-06 09:00:00,Request,outbound
EMAIL_06807,SYN_P_0411,SYN_P_1010,2024-07-24 16:00:00,Document,inbound
EMAIL_06808,SYN_P_0841,SYN_P_0645,2026-10-22 03:00:00,Invoice,outbound
EMAIL_06809,SYN_P_1037,SYN_P_0440,2024-04-08 13:00:00,Delivery,inbound
EMAIL_06810,SYN_P_0264,SYN_P_0416,2024-08-08 10:00:00,Request,outbound
EMAIL_06811,SYN_P_0538,SYN_P_0388,2026-06-25 22:00:00,Delivery,outbound
EMAIL_06812,SYN_P_0670,SYN_P_0534,2024-01-29 15:00:00,Delivery,outbound
EMAIL_06813,SYN_P_0313,SYN_P_0466,2025-06-23 09:00:00,Account,outbound
EMAIL_06814,SYN_P_0225,SYN_P_0779,2025-06-11 08:00:00,Account,outbound
EMAIL_06815,SYN_P_0712,SYN_P_0250,2024-01-15 20:00:00,Delivery,outbound
EMAIL_06816,SYN_P_0283,SYN_P_0669,2024-03-22 14:00:00,Delivery,inbound
EMAIL_06817,SYN_P_0431,SYN_P_0720,2025-06-22 18:00:00,Account,inbound
EMAIL_06818,SYN_P_0323,SYN_P_1029,2026-05-08 03:00:00,Delivery,inbound
EMAIL_06819,SYN_P_0924,SYN_P_0375,2024-10-15 01:00:00,Delivery,outbound
EMAIL_06820,SYN_P_0039,SYN_P_0374,2026-06-07 23:00:00,Invoice,inbound
EMAIL_06821,SYN_P_0120,SYN_P_0484,2024-07-06 14:00:00,Invoice,inbound
EMAIL_06822,SYN_P_0925,SYN_P_0858,2026-10-17 07:00:00,Account,outbound
EMAIL_06823,SYN_P_0121,SYN_P_0044,2025-06-18 18:00:00,Request,inbound
EMAIL_06824,SYN_P_1001,SYN_P_0142,2024-03-31 00:00:00,Document,outbound
EMAIL_06825,SYN_P_0796,SYN_P_0536,2026-10-31 03:00:00,Invoice,inbound
EMAIL_06826,SYN_P_0665,SYN_P_0805,2024-07-17 06:00:00,Request,inbound
EMAIL_06827,SYN_P_0169,SYN_P_0791,2025-08-27 00:00:00,Meeting,outbound
EMAIL_06828,SYN_P_0950,SYN_P_0863,2024-06-23 04:00:00,Account,inbound
EMAIL_06829,SYN_P_0964,SYN_P_1034,2024-08-31 02:00:00,Document,outbound
EMAIL_06830,SYN_P_0628,SYN_P_0968,2025-04-30 16:00:00,Meeting,outbound
EMAIL_06831,SYN_P_0338,SYN_P_0169,2024-01-25 18:00:00,Invoice,outbound
EMAIL_06832,SYN_P_0129,SYN_P_0210,2026-03-19 00:00:00,Account,inbound
EMAIL_06833,SYN_P_0294,SYN_P_0928,2024-06-28 06:00:00,Meeting,outbound
EMAIL_06834,SYN_P_0179,SYN_P_0236,2024-11-24 09:00:00,Delivery,inbound
EMAIL_06835,SYN_P_0417,SYN_P_0767,2024-06-14 07:00:00,Document,inbound
EMAIL_06836,SYN_P_0758,SYN_P_0344,2024-02-14 22:00:00,Invoice,inbound
EMAIL_06837,SYN_P_0845,SYN_P_0590,2025-05-24 19:00:00,Meeting,inbound
EMAIL_06838,SYN_P_0347,SYN_P_0254,2024-08-29 20:00:00,Document,outbound
EMAIL_06839,SYN_P_0858,SYN_P_0501,2024-04-09 10:00:00,Invoice,inbound
EMAIL_06840,SYN_P_0532,SYN_P_0967,2024-11-02 17:00:00,Invoice,outbound
EMAIL_06841,SYN_P_0760,SYN_P_0721,2024-07-24 00:00:00,Request,inbound
EMAIL_06842,SYN_P_0547,SYN_P_0215,2026-07-09 02:00:00,Account,outbound
EMAIL_06843,SYN_P_0419,SYN_P_0637,2024-04-28 22:00:00,Account,inbound
EMAIL_06844,SYN_P_0099,SYN_P_0396,2024-07-20 01:00:00,Delivery,outbound
EMAIL_06845,SYN_P_0171,SYN_P_0406,2024-11-06 01:00:00,Request,outbound
EMAIL_06846,SYN_P_0361,SYN_P_0486,2025-01-12 08:00:00,Meeting,outbound
EMAIL_06847,SYN_P_0729,SYN_P_0257,2024-04-29 11:00:00,Meeting,inbound
EMAIL_06848,SYN_P_0067,SYN_P_0256,2026-07-26 11:00:00,Meeting,inbound
EMAIL_06849,SYN_P_0278,SYN_P_0767,2024-04-01 04:00:00,Document,inbound
EMAIL_06850,SYN_P_0087,SYN_P_0437,2024-11-13 02:00:00,Invoice,outbound
EMAIL_06851,SYN_P_0225,SYN_P_0189,2026-10-28 01:00:00,Account,outbound
EMAIL_06852,SYN_P_0344,SYN_P_0937,2024-01-21 03:00:00,Meeting,outbound
EMAIL_06853,SYN_P_0259,SYN_P_0679,2026-01-01 13:00:00,Delivery,outbound
EMAIL_06854,SYN_P_0001,SYN_P_0159,2024-03-04 23:00:00,Request,outbound
EMAIL_06855,SYN_P_0675,SYN_P_0466,2026-02-26 00:00:00,Request,inbound
EMAIL_06856,SYN_P_0100,SYN_P_0649,2024-03-22 09:00:00,Invoice,outbound
EMAIL_06857,SYN_P_0376,SYN_P_0946,2025-11-23 14:00:00,Document,inbound
EMAIL_06858,SYN_P_0604,SYN_P_0284,2025-08-09 04:00:00,Invoice,inbound
EMAIL_06859,SYN_P_0996,SYN_P_0750,2025-02-06 13:00:00,Request,inbound
EMAIL_06860,SYN_P_0969,SYN_P_0310,2025-12-02 16:00:00,Invoice,inbound
EMAIL_06861,SYN_P_0763,SYN_P_0409,2025-11-18 19:00:00,Delivery,outbound
EMAIL_06862,SYN_P_0110,SYN_P_0149,2025-12-01 18:00:00,Meeting,outbound
EMAIL_06863,SYN_P_0918,SYN_P_0321,2024-07-29 18:00:00,Request,inbound
EMAIL_06864,SYN_P_0485,SYN_P_0812,2026-04-16 05:00:00,Meeting,outbound
EMAIL_06865,SYN_P_0279,SYN_P_0374,2026-02-26 11:00:00,Meeting,outbound
EMAIL_06866,SYN_P_0586,SYN_P_0105,2025-10-29 11:00:00,Invoice,outbound
EMAIL_06867,SYN_P_0141,SYN_P_0793,2025-08-07 15:00:00,Meeting,outbound
EMAIL_06868,SYN_P_0732,SYN_P_0577,2026-01-28 06:00:00,Meeting,outbound
EMAIL_06869,SYN_P_0365,SYN_P_0004,2024-10-23 01:00:00,Meeting,inbound
EMAIL_06870,SYN_P_0319,SYN_P_0810,2026-06-16 01:00:00,Meeting,inbound
EMAIL_06871,SYN_P_0735,SYN_P_0405,2025-11-26 15:00:00,Invoice,outbound
EMAIL_06872,SYN_P_0133,SYN_P_0949,2025-07-11 20:00:00,Account,inbound
EMAIL_06873,SYN_P_0316,SYN_P_0736,2025-02-13 01:00:00,Account,inbound
EMAIL_06874,SYN_P_0703,SYN_P_0636,2026-08-30 01:00:00,Account,inbound
EMAIL_06875,SYN_P_0367,SYN_P_0711,2025-01-25 19:00:00,Request,inbound
EMAIL_06876,SYN_P_0627,SYN_P_0948,2025-10-26 14:00:00,Delivery,inbound
EMAIL_06877,SYN_P_0216,SYN_P_0057,2024-07-13 21:00:00,Document,inbound
EMAIL_06878,SYN_P_0899,SYN_P_0826,2026-03-31 11:00:00,Request,outbound
EMAIL_06879,SYN_P_0051,SYN_P_0963,2026-03-15 18:00:00,Invoice,inbound
EMAIL_06880,SYN_P_0149,SYN_P_0369,2026-06-27 05:00:00,Invoice,outbound
EMAIL_06881,SYN_P_0179,SYN_P_0641,2024-02-03 12:00:00,Request,outbound
EMAIL_06882,SYN_P_0094,SYN_P_0591,2026-01-10 02:00:00,Invoice,outbound
EMAIL_06883,SYN_P_0133,SYN_P_0366,2025-08-07 01:00:00,Account,inbound
EMAIL_06884,SYN_P_0133,SYN_P_0946,2026-02-24 00:00:00,Document,outbound
EMAIL_06885,SYN_P_1015,SYN_P_0908,2025-08-15 14:00:00,Invoice,outbound
EMAIL_06886,SYN_P_0982,SYN_P_0155,2024-09-01 04:00:00,Invoice,outbound
EMAIL_06887,SYN_P_0578,SYN_P_0261,2025-10-06 17:00:00,Document,inbound
EMAIL_06888,SYN_P_0885,SYN_P_0612,2026-01-02 01:00:00,Account,inbound
EMAIL_06889,SYN_P_0590,SYN_P_0788,2026-04-10 11:00:00,Delivery,outbound
EMAIL_06890,SYN_P_0360,SYN_P_0809,2024-05-16 00:00:00,Request,outbound
EMAIL_06891,SYN_P_0106,SYN_P_0356,2026-09-16 11:00:00,Meeting,outbound
EMAIL_06892,SYN_P_0596,SYN_P_0960,2026-05-11 01:00:00,Meeting,outbound
EMAIL_06893,SYN_P_0842,SYN_P_0212,2025-05-25 14:00:00,Document,inbound
EMAIL_06894,SYN_P_0450,SYN_P_0151,2024-02-13 00:00:00,Document,inbound
EMAIL_06895,SYN_P_0857,SYN_P_0909,2026-01-24 21:00:00,Delivery,inbound
EMAIL_06896,SYN_P_0806,SYN_P_0891,2024-04-25 04:00:00,Document,inbound
EMAIL_06897,SYN_P_0757,SYN_P_0963,2024-06-16 04:00:00,Delivery,inbound
EMAIL_06898,SYN_P_0390,SYN_P_0436,2025-01-18 07:00:00,Request,inbound
EMAIL_06899,SYN_P_0785,SYN_P_0525,2026-04-11 03:00:00,Invoice,inbound
EMAIL_06900,SYN_P_0717,SYN_P_0551,2025-06-04 19:00:00,Delivery,inbound
EMAIL_06901,SYN_P_0825,SYN_P_0466,2026-03-27 10:00:00,Meeting,inbound
EMAIL_06902,SYN_P_0523,SYN_P_0275,2024-04-23 00:00:00,Meeting,inbound
EMAIL_06903,SYN_P_0010,SYN_P_0998,2026-01-05 09:00:00,Request,inbound
EMAIL_06904,SYN_P_0597,SYN_P_0793,2025-04-04 01:00:00,Request,inbound
EMAIL_06905,SYN_P_0312,SYN_P_0338,2025-01-22 14:00:00,Invoice,outbound
EMAIL_06906,SYN_P_1034,SYN_P_0938,2026-08-27 00:00:00,Delivery,inbound
EMAIL_06907,SYN_P_0964,SYN_P_0627,2025-07-02 21:00:00,Meeting,outbound
EMAIL_06908,SYN_P_0727,SYN_P_0086,2026-09-28 15:00:00,Invoice,inbound
EMAIL_06909,SYN_P_0789,SYN_P_0586,2024-08-14 00:00:00,Meeting,inbound
EMAIL_06910,SYN_P_0409,SYN_P_0270,2024-01-04 15:00:00,Request,inbound
EMAIL_06911,SYN_P_1015,SYN_P_0743,2026-04-28 07:00:00,Request,outbound
EMAIL_06912,SYN_P_0624,SYN_P_1027,2026-09-16 05:00:00,Request,outbound
EMAIL_06913,SYN_P_0138,SYN_P_0549,2026-02-05 09:00:00,Invoice,outbound
EMAIL_06914,SYN_P_0123,SYN_P_0247,2025-06-30 06:00:00,Delivery,inbound
EMAIL_06915,SYN_P_0615,SYN_P_0386,2025-06-18 07:00:00,Account,outbound
EMAIL_06916,SYN_P_0173,SYN_P_0842,2024-05-08 04:00:00,Document,inbound
EMAIL_06917,SYN_P_0318,SYN_P_0630,2024-05-18 16:00:00,Account,outbound
EMAIL_06918,SYN_P_0106,SYN_P_0219,2024-11-21 17:00:00,Account,outbound
EMAIL_06919,SYN_P_0358,SYN_P_0521,2024-08-29 16:00:00,Meeting,outbound
EMAIL_06920,SYN_P_0070,SYN_P_0683,2025-01-03 11:00:00,Account,outbound
EMAIL_06921,SYN_P_0896,SYN_P_0900,2026-11-06 15:00:00,Delivery,inbound
EMAIL_06922,SYN_P_0771,SYN_P_0720,2024-03-14 16:00:00,Request,inbound
EMAIL_06923,SYN_P_0260,SYN_P_0736,2025-03-05 18:00:00,Request,inbound
EMAIL_06924,SYN_P_0583,SYN_P_0386,2025-12-02 23:00:00,Meeting,inbound
EMAIL_06925,SYN_P_0616,SYN_P_0614,2025-08-23 18:00:00,Document,inbound
EMAIL_06926,SYN_P_1010,SYN_P_0966,2025-08-12 08:00:00,Invoice,outbound
EMAIL_06927,SYN_P_0710,SYN_P_0837,2025-02-06 00:00:00,Invoice,inbound
EMAIL_06928,SYN_P_0875,SYN_P_0749,2025-09-17 01:00:00,Invoice,outbound
EMAIL_06929,SYN_P_0864,SYN_P_0504,2026-01-04 22:00:00,Account,outbound
EMAIL_06930,SYN_P_0600,SYN_P_0702,2026-01-30 20:00:00,Delivery,inbound
EMAIL_06931,SYN_P_0864,SYN_P_0099,2025-10-13 11:00:00,Meeting,inbound
EMAIL_06932,SYN_P_0440,SYN_P_0733,2025-07-31 14:00:00,Delivery,outbound
EMAIL_06933,SYN_P_0319,SYN_P_0679,2025-07-15 03:00:00,Request,inbound
EMAIL_06934,SYN_P_0483,SYN_P_0540,2026-02-07 10:00:00,Request,outbound
EMAIL_06935,SYN_P_1001,SYN_P_0903,2026-02-25 10:00:00,Account,outbound
EMAIL_06936,SYN_P_0339,SYN_P_0032,2026-05-02 23:00:00,Request,outbound
EMAIL_06937,SYN_P_0431,SYN_P_0928,2025-10-12 02:00:00,Delivery,inbound
EMAIL_06938,SYN_P_0580,SYN_P_0724,2024-03-14 01:00:00,Request,inbound
EMAIL_06939,SYN_P_0919,SYN_P_0133,2025-07-19 11:00:00,Meeting,outbound
EMAIL_06940,SYN_P_1007,SYN_P_0329,2025-11-23 17:00:00,Invoice,inbound
EMAIL_06941,SYN_P_0342,SYN_P_0764,2024-05-09 15:00:00,Invoice,inbound
EMAIL_06942,SYN_P_0134,SYN_P_0659,2025-07-08 00:00:00,Invoice,inbound
EMAIL_06943,SYN_P_0204,SYN_P_0538,2025-03-29 06:00:00,Invoice,outbound
EMAIL_06944,SYN_P_0009,SYN_P_0560,2024-07-29 11:00:00,Delivery,outbound
EMAIL_06945,SYN_P_0498,SYN_P_0223,2025-04-13 00:00:00,Invoice,outbound
EMAIL_06946,SYN_P_0331,SYN_P_1001,2025-10-07 21:00:00,Request,inbound
EMAIL_06947,SYN_P_0329,SYN_P_0059,2025-03-03 21:00:00,Invoice,outbound
EMAIL_06948,SYN_P_0161,SYN_P_0140,2026-06-03 19:00:00,Delivery,outbound
EMAIL_06949,SYN_P_0767,SYN_P_0478,2024-09-15 02:00:00,Account,outbound
EMAIL_06950,SYN_P_0725,SYN_P_0004,2026-10-28 17:00:00,Account,inbound
EMAIL_06951,SYN_P_0558,SYN_P_0364,2024-03-20 10:00:00,Invoice,inbound
EMAIL_06952,SYN_P_0357,SYN_P_1011,2024-01-24 06:00:00,Document,outbound
EMAIL_06953,SYN_P_0993,SYN_P_0786,2026-08-06 21:00:00,Delivery,outbound
EMAIL_06954,SYN_P_0074,SYN_P_0355,2024-04-04 22:00:00,Delivery,inbound
EMAIL_06955,SYN_P_0032,SYN_P_1007,2026-06-17 10:00:00,Account,inbound
EMAIL_06956,SYN_P_0161,SYN_P_0242,2025-03-20 14:00:00,Request,outbound
EMAIL_06957,SYN_P_0489,SYN_P_0092,2024-10-24 22:00:00,Delivery,inbound
EMAIL_06958,SYN_P_0449,SYN_P_0352,2024-03-25 13:00:00,Request,outbound
EMAIL_06959,SYN_P_0494,SYN_P_0947,2026-02-17 00:00:00,Meeting,outbound
EMAIL_06960,SYN_P_0765,SYN_P_0931,2024-09-08 13:00:00,Account,inbound
EMAIL_06961,SYN_P_0042,SYN_P_0066,2024-05-15 08:00:00,Document,inbound
EMAIL_06962,SYN_P_0393,SYN_P_0836,2024-09-04 22:00:00,Document,outbound
EMAIL_06963,SYN_P_0515,SYN_P_0857,2024-10-26 06:00:00,Document,outbound
EMAIL_06964,SYN_P_0831,SYN_P_0285,2024-02-08 07:00:00,Meeting,inbound
EMAIL_06965,SYN_P_0738,SYN_P_0162,2024-05-13 18:00:00,Invoice,inbound
EMAIL_06966,SYN_P_0571,SYN_P_0917,2026-06-04 07:00:00,Meeting,inbound
EMAIL_06967,SYN_P_0223,SYN_P_0842,2025-05-08 16:00:00,Account,inbound
EMAIL_06968,SYN_P_0093,SYN_P_0011,2024-09-12 00:00:00,Request,outbound
EMAIL_06969,SYN_P_0858,SYN_P_0047,2024-09-15 21:00:00,Document,inbound
EMAIL_06970,SYN_P_0564,SYN_P_0278,2024-11-13 02:00:00,Meeting,outbound
EMAIL_06971,SYN_P_0255,SYN_P_0624,2026-05-13 13:00:00,Meeting,inbound
EMAIL_06972,SYN_P_0348,SYN_P_0930,2025-07-08 06:00:00,Document,outbound
EMAIL_06973,SYN_P_0232,SYN_P_1002,2025-06-24 20:00:00,Meeting,outbound
EMAIL_06974,SYN_P_0528,SYN_P_0053,2025-12-29 06:00:00,Meeting,inbound
EMAIL_06975,SYN_P_0458,SYN_P_0860,2026-11-02 07:00:00,Delivery,inbound
EMAIL_06976,SYN_P_0327,SYN_P_0253,2026-04-26 04:00:00,Account,outbound
EMAIL_06977,SYN_P_0218,SYN_P_0533,2026-09-05 19:00:00,Meeting,inbound
EMAIL_06978,SYN_P_0913,SYN_P_0357,2025-02-06 11:00:00,Meeting,outbound
EMAIL_06979,SYN_P_0593,SYN_P_0222,2024-06-01 23:00:00,Invoice,outbound
EMAIL_06980,SYN_P_0541,SYN_P_0737,2025-05-08 01:00:00,Meeting,outbound
EMAIL_06981,SYN_P_0123,SYN_P_0871,2026-06-06 09:00:00,Document,outbound
EMAIL_06982,SYN_P_0477,SYN_P_0620,2024-09-01 19:00:00,Account,outbound
EMAIL_06983,SYN_P_0619,SYN_P_1028,2024-06-19 15:00:00,Invoice,inbound
EMAIL_06984,SYN_P_0963,SYN_P_0271,2025-04-03 12:00:00,Request,inbound
EMAIL_06985,SYN_P_0727,SYN_P_0361,2024-06-28 21:00:00,Request,outbound
EMAIL_06986,SYN_P_0563,SYN_P_0529,2026-10-09 04:00:00,Delivery,outbound
EMAIL_06987,SYN_P_0763,SYN_P_0131,2026-04-26 06:00:00,Delivery,outbound
EMAIL_06988,SYN_P_0010,SYN_P_0086,2024-08-27 23:00:00,Delivery,outbound
EMAIL_06989,SYN_P_0850,SYN_P_0872,2025-03-23 06:00:00,Account,inbound
EMAIL_06990,SYN_P_0583,SYN_P_0496,2024-08-10 22:00:00,Request,inbound
EMAIL_06991,SYN_P_0760,SYN_P_0523,2025-03-23 02:00:00,Account,inbound
EMAIL_06992,SYN_P_0298,SYN_P_0619,2026-08-07 07:00:00,Delivery,inbound
EMAIL_06993,SYN_P_0214,SYN_P_0205,2026-11-05 21:00:00,Request,outbound
EMAIL_06994,SYN_P_0550,SYN_P_0499,2025-08-23 03:00:00,Invoice,inbound
EMAIL_06995,SYN_P_0461,SYN_P_0665,2025-10-22 04:00:00,Invoice,outbound
EMAIL_06996,SYN_P_0091,SYN_P_0427,2025-08-16 03:00:00,Request,inbound
EMAIL_06997,SYN_P_0351,SYN_P_0382,2024-03-09 10:00:00,Delivery,inbound
EMAIL_06998,SYN_P_0829,SYN_P_0977,2024-09-18 12:00:00,Document,outbound
EMAIL_06999,SYN_P_0933,SYN_P_0641,2024-10-03 13:00:00,Document,outbound
EMAIL_07000,SYN_P_0928,SYN_P_0706,2025-10-18 23:00:00,Request,outbound
EMAIL_07001,SYN_P_0211,SYN_P_0241,2026-07-12 12:00:00,Request,outbound
EMAIL_07002,SYN_P_0148,SYN_P_0437,2024-12-27 11:00:00,Invoice,outbound
EMAIL_07003,SYN_P_0332,SYN_P_0078,2025-10-21 04:00:00,Account,inbound
EMAIL_07004,SYN_P_0431,SYN_P_0591,2026-09-04 06:00:00,Request,inbound
EMAIL_07005,SYN_P_0268,SYN_P_0655,2026-06-27 14:00:00,Meeting,inbound
EMAIL_07006,SYN_P_0290,SYN_P_0351,2025-05-17 07:00:00,Request,inbound
EMAIL_07007,SYN_P_0442,SYN_P_0712,2025-12-06 02:00:00,Account,outbound
EMAIL_07008,SYN_P_0070,SYN_P_0199,2024-04-06 13:00:00,Account,outbound
EMAIL_07009,SYN_P_0860,SYN_P_0316,2024-07-08 04:00:00,Invoice,inbound
EMAIL_07010,SYN_P_0979,SYN_P_0286,2025-07-10 22:00:00,Meeting,outbound
EMAIL_07011,SYN_P_0418,SYN_P_0318,2026-02-04 10:00:00,Meeting,outbound
EMAIL_07012,SYN_P_0177,SYN_P_0140,2024-06-08 01:00:00,Account,inbound
EMAIL_07013,SYN_P_0742,SYN_P_0475,2024-08-16 13:00:00,Document,outbound
EMAIL_07014,SYN_P_0480,SYN_P_0227,2025-10-21 05:00:00,Document,outbound
EMAIL_07015,SYN_P_0709,SYN_P_0751,2026-09-24 04:00:00,Document,inbound
EMAIL_07016,SYN_P_0529,SYN_P_0533,2025-12-02 23:00:00,Invoice,inbound
EMAIL_07017,SYN_P_1032,SYN_P_0319,2024-02-28 09:00:00,Invoice,inbound
EMAIL_07018,SYN_P_0178,SYN_P_0665,2026-10-09 03:00:00,Meeting,inbound
EMAIL_07019,SYN_P_0174,SYN_P_0245,2025-05-12 08:00:00,Request,outbound
EMAIL_07020,SYN_P_0911,SYN_P_0758,2025-09-28 12:00:00,Request,outbound
EMAIL_07021,SYN_P_0008,SYN_P_1021,2024-05-21 20:00:00,Meeting,inbound
EMAIL_07022,SYN_P_0214,SYN_P_0014,2024-08-18 22:00:00,Invoice,outbound
EMAIL_07023,SYN_P_0700,SYN_P_0040,2026-09-03 05:00:00,Account,inbound
EMAIL_07024,SYN_P_0371,SYN_P_0824,2024-10-26 06:00:00,Delivery,outbound
EMAIL_07025,SYN_P_0737,SYN_P_1004,2025-02-12 09:00:00,Request,inbound
EMAIL_07026,SYN_P_0809,SYN_P_0433,2025-07-05 23:00:00,Account,inbound
EMAIL_07027,SYN_P_0862,SYN_P_0238,2026-04-26 22:00:00,Invoice,inbound
EMAIL_07028,SYN_P_0327,SYN_P_0240,2026-10-29 19:00:00,Document,inbound
EMAIL_07029,SYN_P_0622,SYN_P_0984,2025-07-23 08:00:00,Document,outbound
EMAIL_07030,SYN_P_0675,SYN_P_0269,2024-02-03 13:00:00,Request,outbound
EMAIL_07031,SYN_P_0316,SYN_P_0233,2025-10-22 04:00:00,Invoice,outbound
EMAIL_07032,SYN_P_0363,SYN_P_0883,2025-01-24 19:00:00,Document,inbound
EMAIL_07033,SYN_P_0431,SYN_P_0391,2025-03-29 19:00:00,Invoice,outbound
EMAIL_07034,SYN_P_0204,SYN_P_0907,2026-05-29 20:00:00,Account,inbound
EMAIL_07035,SYN_P_0258,SYN_P_0034,2025-04-11 01:00:00,Document,inbound
EMAIL_07036,SYN_P_0022,SYN_P_0597,2026-10-11 11:00:00,Invoice,inbound
EMAIL_07037,SYN_P_0995,SYN_P_0705,2024-06-11 07:00:00,Delivery,outbound
EMAIL_07038,SYN_P_0747,SYN_P_0048,2026-05-21 10:00:00,Request,outbound
EMAIL_07039,SYN_P_0707,SYN_P_0967,2025-07-16 14:00:00,Meeting,outbound
EMAIL_07040,SYN_P_0262,SYN_P_0164,2026-05-20 14:00:00,Invoice,inbound
EMAIL_07041,SYN_P_1020,SYN_P_0217,2024-08-17 00:00:00,Request,outbound
EMAIL_07042,SYN_P_0368,SYN_P_0724,2025-06-30 14:00:00,Account,outbound
EMAIL_07043,SYN_P_0004,SYN_P_0602,2024-02-04 23:00:00,Request,inbound
EMAIL_07044,SYN_P_0980,SYN_P_0303,2024-03-31 00:00:00,Request,outbound
EMAIL_07045,SYN_P_0033,SYN_P_0824,2026-04-30 11:00:00,Account,outbound
EMAIL_07046,SYN_P_0062,SYN_P_0077,2025-11-14 23:00:00,Invoice,outbound
EMAIL_07047,SYN_P_0582,SYN_P_0914,2025-10-19 12:00:00,Meeting,inbound
EMAIL_07048,SYN_P_0378,SYN_P_0061,2024-06-14 19:00:00,Document,inbound
EMAIL_07049,SYN_P_0816,SYN_P_0279,2026-03-07 01:00:00,Request,outbound
EMAIL_07050,SYN_P_0018,SYN_P_0023,2026-03-25 22:00:00,Invoice,inbound
EMAIL_07051,SYN_P_0063,SYN_P_0753,2024-05-10 18:00:00,Account,outbound
EMAIL_07052,SYN_P_0361,SYN_P_0508,2026-11-07 05:00:00,Invoice,outbound
EMAIL_07053,SYN_P_0470,SYN_P_0055,2025-05-01 16:00:00,Account,outbound
EMAIL_07054,SYN_P_0567,SYN_P_1033,2025-01-01 00:00:00,Document,inbound
EMAIL_07055,SYN_P_0501,SYN_P_0038,2026-01-03 21:00:00,Account,inbound
EMAIL_07056,SYN_P_0641,SYN_P_0027,2025-08-14 11:00:00,Meeting,outbound
EMAIL_07057,SYN_P_0783,SYN_P_0952,2024-12-02 03:00:00,Delivery,outbound
EMAIL_07058,SYN_P_0024,SYN_P_0041,2026-04-06 00:00:00,Document,inbound
EMAIL_07059,SYN_P_0540,SYN_P_0284,2025-07-31 08:00:00,Invoice,inbound
EMAIL_07060,SYN_P_0487,SYN_P_0144,2024-12-06 19:00:00,Invoice,outbound
EMAIL_07061,SYN_P_0091,SYN_P_1025,2026-06-12 07:00:00,Delivery,inbound
EMAIL_07062,SYN_P_0981,SYN_P_1029,2024-10-19 13:00:00,Request,outbound
EMAIL_07063,SYN_P_0225,SYN_P_0513,2026-01-14 01:00:00,Meeting,outbound
EMAIL_07064,SYN_P_0807,SYN_P_1017,2024-03-08 08:00:00,Meeting,outbound
EMAIL_07065,SYN_P_0668,SYN_P_0839,2026-01-16 04:00:00,Meeting,inbound
EMAIL_07066,SYN_P_0562,SYN_P_0577,2026-04-21 08:00:00,Meeting,inbound
EMAIL_07067,SYN_P_0718,SYN_P_0645,2024-10-13 00:00:00,Delivery,outbound
EMAIL_07068,SYN_P_1014,SYN_P_0325,2026-10-31 17:00:00,Meeting,inbound
EMAIL_07069,SYN_P_0091,SYN_P_0098,2024-08-26 13:00:00,Meeting,outbound
EMAIL_07070,SYN_P_0259,SYN_P_0125,2025-03-16 17:00:00,Account,inbound
EMAIL_07071,SYN_P_0199,SYN_P_0845,2024-04-30 02:00:00,Document,outbound
EMAIL_07072,SYN_P_0251,SYN_P_0934,2024-09-29 13:00:00,Account,inbound
EMAIL_07073,SYN_P_1029,SYN_P_0694,2026-08-21 12:00:00,Request,outbound
EMAIL_07074,SYN_P_0227,SYN_P_1017,2026-01-22 23:00:00,Invoice,outbound
EMAIL_07075,SYN_P_0731,SYN_P_0179,2025-09-04 16:00:00,Request,inbound
EMAIL_07076,SYN_P_0286,SYN_P_0345,2026-09-04 04:00:00,Invoice,inbound
EMAIL_07077,SYN_P_0816,SYN_P_0923,2024-03-10 05:00:00,Delivery,outbound
EMAIL_07078,SYN_P_1020,SYN_P_0821,2025-12-28 20:00:00,Request,outbound
EMAIL_07079,SYN_P_0271,SYN_P_0118,2026-11-03 20:00:00,Document,outbound
EMAIL_07080,SYN_P_1025,SYN_P_0104,2026-11-01 23:00:00,Meeting,outbound
EMAIL_07081,SYN_P_0118,SYN_P_0080,2024-12-07 23:00:00,Delivery,outbound
EMAIL_07082,SYN_P_0265,SYN_P_0431,2026-04-16 08:00:00,Meeting,inbound
EMAIL_07083,SYN_P_0425,SYN_P_0554,2024-04-18 04:00:00,Document,outbound
EMAIL_07084,SYN_P_0281,SYN_P_0897,2024-10-23 13:00:00,Delivery,outbound
EMAIL_07085,SYN_P_0685,SYN_P_0905,2026-07-17 03:00:00,Invoice,outbound
EMAIL_07086,SYN_P_0815,SYN_P_0220,2026-03-17 20:00:00,Invoice,inbound
EMAIL_07087,SYN_P_0044,SYN_P_0279,2025-06-21 10:00:00,Invoice,outbound
EMAIL_07088,SYN_P_0363,SYN_P_0570,2026-08-17 10:00:00,Delivery,inbound
EMAIL_07089,SYN_P_0023,SYN_P_0748,2024-08-24 07:00:00,Document,outbound
EMAIL_07090,SYN_P_0571,SYN_P_0999,2025-07-23 14:00:00,Request,outbound
EMAIL_07091,SYN_P_0488,SYN_P_0336,2025-11-18 05:00:00,Document,outbound
EMAIL_07092,SYN_P_0223,SYN_P_0186,2025-11-11 03:00:00,Delivery,inbound
EMAIL_07093,SYN_P_0596,SYN_P_0083,2024-10-06 02:00:00,Account,outbound
EMAIL_07094,SYN_P_0524,SYN_P_0293,2025-06-14 12:00:00,Meeting,outbound
EMAIL_07095,SYN_P_0601,SYN_P_0224,2024-09-19 15:00:00,Document,inbound
EMAIL_07096,SYN_P_1015,SYN_P_0629,2026-03-20 20:00:00,Account,outbound
EMAIL_07097,SYN_P_0780,SYN_P_0915,2026-02-04 05:00:00,Invoice,outbound
EMAIL_07098,SYN_P_0716,SYN_P_0202,2026-03-24 13:00:00,Document,outbound
EMAIL_07099,SYN_P_0247,SYN_P_0736,2025-04-09 09:00:00,Meeting,inbound
EMAIL_07100,SYN_P_0485,SYN_P_0488,2026-03-31 10:00:00,Document,inbound
EMAIL_07101,SYN_P_0638,SYN_P_0606,2026-06-21 06:00:00,Delivery,inbound
EMAIL_07102,SYN_P_0858,SYN_P_0337,2026-01-05 03:00:00,Invoice,inbound
EMAIL_07103,SYN_P_0966,SYN_P_0174,2025-10-22 19:00:00,Invoice,outbound
EMAIL_07104,SYN_P_0592,SYN_P_0511,2026-03-26 08:00:00,Invoice,outbound
EMAIL_07105,SYN_P_0912,SYN_P_0723,2024-11-27 05:00:00,Request,outbound
EMAIL_07106,SYN_P_1024,SYN_P_1027,2024-08-16 02:00:00,Document,outbound
EMAIL_07107,SYN_P_0247,SYN_P_0190,2024-11-10 00:00:00,Document,inbound
EMAIL_07108,SYN_P_0617,SYN_P_0464,2026-11-06 12:00:00,Account,inbound
EMAIL_07109,SYN_P_0829,SYN_P_0584,2026-10-20 11:00:00,Meeting,inbound
EMAIL_07110,SYN_P_0558,SYN_P_0105,2025-05-03 04:00:00,Account,outbound
EMAIL_07111,SYN_P_0710,SYN_P_0027,2025-05-10 00:00:00,Invoice,outbound
EMAIL_07112,SYN_P_0954,SYN_P_0196,2026-06-10 10:00:00,Meeting,outbound
EMAIL_07113,SYN_P_0875,SYN_P_0638,2026-01-13 13:00:00,Delivery,outbound
EMAIL_07114,SYN_P_0622,SYN_P_0458,2025-12-22 11:00:00,Request,inbound
EMAIL_07115,SYN_P_0734,SYN_P_0929,2026-02-09 06:00:00,Delivery,outbound
EMAIL_07116,SYN_P_0077,SYN_P_0401,2024-10-11 05:00:00,Document,outbound
EMAIL_07117,SYN_P_0986,SYN_P_0173,2025-01-30 03:00:00,Account,outbound
EMAIL_07118,SYN_P_0653,SYN_P_0635,2026-03-21 20:00:00,Document,inbound
EMAIL_07119,SYN_P_0308,SYN_P_0132,2024-09-29 08:00:00,Request,outbound
EMAIL_07120,SYN_P_0820,SYN_P_0975,2024-12-21 11:00:00,Account,outbound
EMAIL_07121,SYN_P_0567,SYN_P_0625,2025-11-20 05:00:00,Delivery,outbound
EMAIL_07122,SYN_P_0894,SYN_P_1010,2026-02-24 17:00:00,Meeting,outbound
EMAIL_07123,SYN_P_0233,SYN_P_0148,2026-10-03 19:00:00,Invoice,inbound
EMAIL_07124,SYN_P_1022,SYN_P_0128,2026-05-03 00:00:00,Meeting,inbound
EMAIL_07125,SYN_P_0578,SYN_P_0646,2024-12-19 23:00:00,Invoice,inbound
EMAIL_07126,SYN_P_0389,SYN_P_0404,2024-10-12 04:00:00,Request,inbound
EMAIL_07127,SYN_P_1014,SYN_P_0630,2025-09-10 05:00:00,Meeting,outbound
EMAIL_07128,SYN_P_0636,SYN_P_0971,2026-07-06 00:00:00,Account,outbound
EMAIL_07129,SYN_P_0902,SYN_P_0816,2024-01-10 09:00:00,Request,outbound
EMAIL_07130,SYN_P_0816,SYN_P_0205,2026-10-30 05:00:00,Account,outbound
EMAIL_07131,SYN_P_0541,SYN_P_0422,2024-04-11 23:00:00,Account,inbound
EMAIL_07132,SYN_P_0592,SYN_P_0180,2024-11-12 20:00:00,Account,outbound
EMAIL_07133,SYN_P_0040,SYN_P_0710,2024-06-24 11:00:00,Document,outbound
EMAIL_07134,SYN_P_0414,SYN_P_0478,2025-03-27 10:00:00,Meeting,outbound
EMAIL_07135,SYN_P_0924,SYN_P_0364,2025-06-10 18:00:00,Meeting,outbound
EMAIL_07136,SYN_P_0553,SYN_P_0212,2024-06-09 03:00:00,Meeting,outbound
EMAIL_07137,SYN_P_0639,SYN_P_0751,2024-09-21 00:00:00,Request,outbound
EMAIL_07138,SYN_P_0674,SYN_P_0218,2026-10-09 19:00:00,Invoice,inbound
EMAIL_07139,SYN_P_0445,SYN_P_0062,2025-04-21 16:00:00,Request,inbound
EMAIL_07140,SYN_P_0662,SYN_P_0129,2026-04-08 18:00:00,Meeting,outbound
EMAIL_07141,SYN_P_0447,SYN_P_0296,2025-08-23 04:00:00,Request,inbound
EMAIL_07142,SYN_P_0300,SYN_P_0461,2024-11-14 22:00:00,Request,inbound
EMAIL_07143,SYN_P_0183,SYN_P_0949,2024-10-08 10:00:00,Delivery,inbound
EMAIL_07144,SYN_P_0562,SYN_P_0747,2024-03-30 00:00:00,Account,outbound
EMAIL_07145,SYN_P_0363,SYN_P_0086,2026-09-22 12:00:00,Invoice,outbound
EMAIL_07146,SYN_P_0760,SYN_P_0741,2025-06-05 11:00:00,Invoice,inbound
EMAIL_07147,SYN_P_0695,SYN_P_0777,2025-10-17 11:00:00,Request,outbound
EMAIL_07148,SYN_P_0999,SYN_P_0682,2026-02-12 12:00:00,Document,inbound
EMAIL_07149,SYN_P_0047,SYN_P_0813,2025-11-22 21:00:00,Document,outbound
EMAIL_07150,SYN_P_0057,SYN_P_0116,2026-09-15 13:00:00,Account,outbound
EMAIL_07151,SYN_P_0973,SYN_P_0288,2024-07-25 02:00:00,Document,outbound
EMAIL_07152,SYN_P_1021,SYN_P_0529,2026-10-06 10:00:00,Invoice,outbound
EMAIL_07153,SYN_P_0028,SYN_P_0586,2025-12-05 22:00:00,Meeting,inbound
EMAIL_07154,SYN_P_0310,SYN_P_0008,2024-03-01 15:00:00,Invoice,inbound
EMAIL_07155,SYN_P_0887,SYN_P_0985,2025-05-17 17:00:00,Document,outbound
EMAIL_07156,SYN_P_0685,SYN_P_0902,2025-03-07 01:00:00,Invoice,inbound
EMAIL_07157,SYN_P_0365,SYN_P_0143,2026-03-21 15:00:00,Delivery,inbound
EMAIL_07158,SYN_P_0562,SYN_P_0675,2025-01-15 02:00:00,Account,outbound
EMAIL_07159,SYN_P_0142,SYN_P_0878,2026-10-30 18:00:00,Invoice,inbound
EMAIL_07160,SYN_P_0274,SYN_P_0970,2025-11-23 22:00:00,Request,inbound
EMAIL_07161,SYN_P_0768,SYN_P_0696,2025-06-26 20:00:00,Document,inbound
EMAIL_07162,SYN_P_0161,SYN_P_0919,2024-10-03 01:00:00,Document,inbound
EMAIL_07163,SYN_P_0501,SYN_P_0150,2024-08-23 07:00:00,Meeting,outbound
EMAIL_07164,SYN_P_0093,SYN_P_0978,2024-10-05 10:00:00,Request,outbound
EMAIL_07165,SYN_P_0979,SYN_P_1037,2026-10-14 18:00:00,Document,outbound
EMAIL_07166,SYN_P_0696,SYN_P_0074,2026-10-23 23:00:00,Account,inbound
EMAIL_07167,SYN_P_0865,SYN_P_0949,2026-01-07 11:00:00,Delivery,inbound
EMAIL_07168,SYN_P_0192,SYN_P_0607,2024-12-19 18:00:00,Invoice,outbound
EMAIL_07169,SYN_P_0823,SYN_P_0759,2025-06-10 13:00:00,Delivery,inbound
EMAIL_07170,SYN_P_0422,SYN_P_0429,2024-03-02 20:00:00,Account,outbound
EMAIL_07171,SYN_P_0779,SYN_P_0773,2026-09-02 00:00:00,Meeting,outbound
EMAIL_07172,SYN_P_0930,SYN_P_0529,2025-07-01 20:00:00,Invoice,inbound
EMAIL_07173,SYN_P_0347,SYN_P_0226,2024-03-13 21:00:00,Meeting,outbound
EMAIL_07174,SYN_P_0942,SYN_P_0618,2025-09-24 19:00:00,Request,outbound
EMAIL_07175,SYN_P_0077,SYN_P_1010,2025-07-16 13:00:00,Account,outbound
EMAIL_07176,SYN_P_1026,SYN_P_0254,2025-10-08 12:00:00,Account,outbound
EMAIL_07177,SYN_P_0599,SYN_P_0781,2025-07-30 19:00:00,Account,outbound
EMAIL_07178,SYN_P_0856,SYN_P_0842,2024-06-06 14:00:00,Request,inbound
EMAIL_07179,SYN_P_0722,SYN_P_0618,2026-03-09 04:00:00,Delivery,outbound
EMAIL_07180,SYN_P_0753,SYN_P_0434,2024-12-03 21:00:00,Document,outbound
EMAIL_07181,SYN_P_0397,SYN_P_0833,2026-10-07 20:00:00,Account,outbound
EMAIL_07182,SYN_P_1039,SYN_P_0200,2026-05-24 12:00:00,Invoice,inbound
EMAIL_07183,SYN_P_0589,SYN_P_0487,2025-01-08 07:00:00,Request,inbound
EMAIL_07184,SYN_P_0162,SYN_P_0750,2026-06-23 11:00:00,Meeting,outbound
EMAIL_07185,SYN_P_1001,SYN_P_0804,2024-01-24 13:00:00,Document,outbound
EMAIL_07186,SYN_P_0379,SYN_P_0827,2026-02-09 06:00:00,Request,outbound
EMAIL_07187,SYN_P_0109,SYN_P_0105,2025-03-11 05:00:00,Account,inbound
EMAIL_07188,SYN_P_0119,SYN_P_0260,2026-08-24 05:00:00,Meeting,outbound
EMAIL_07189,SYN_P_0141,SYN_P_0241,2024-12-14 02:00:00,Request,inbound
EMAIL_07190,SYN_P_0918,SYN_P_0857,2026-05-09 14:00:00,Delivery,inbound
EMAIL_07191,SYN_P_0792,SYN_P_0687,2025-03-29 00:00:00,Meeting,outbound
EMAIL_07192,SYN_P_0156,SYN_P_0324,2024-06-30 04:00:00,Delivery,inbound
EMAIL_07193,SYN_P_0525,SYN_P_0809,2026-05-03 08:00:00,Request,inbound
EMAIL_07194,SYN_P_0339,SYN_P_0385,2024-04-10 02:00:00,Meeting,inbound
EMAIL_07195,SYN_P_0375,SYN_P_0202,2025-01-25 22:00:00,Document,outbound
EMAIL_07196,SYN_P_0728,SYN_P_0488,2024-03-26 14:00:00,Account,outbound
EMAIL_07197,SYN_P_0039,SYN_P_0142,2025-10-15 07:00:00,Account,outbound
EMAIL_07198,SYN_P_0193,SYN_P_0660,2026-04-18 01:00:00,Request,inbound
EMAIL_07199,SYN_P_0354,SYN_P_0708,2025-11-22 19:00:00,Meeting,outbound
EMAIL_07200,SYN_P_1035,SYN_P_0821,2026-04-03 21:00:00,Delivery,inbound
EMAIL_07201,SYN_P_0388,SYN_P_0446,2026-08-03 07:00:00,Delivery,outbound
EMAIL_07202,SYN_P_0618,SYN_P_0155,2025-03-30 12:00:00,Delivery,inbound
EMAIL_07203,SYN_P_0458,SYN_P_0881,2024-05-09 08:00:00,Request,outbound
EMAIL_07204,SYN_P_0302,SYN_P_0659,2026-01-16 01:00:00,Meeting,inbound
EMAIL_07205,SYN_P_0995,SYN_P_0328,2026-08-24 00:00:00,Document,outbound
EMAIL_07206,SYN_P_0347,SYN_P_0850,2024-10-04 22:00:00,Meeting,inbound
EMAIL_07207,SYN_P_0174,SYN_P_0069,2026-01-20 04:00:00,Delivery,outbound
EMAIL_07208,SYN_P_0618,SYN_P_0309,2024-12-03 04:00:00,Delivery,inbound
EMAIL_07209,SYN_P_0720,SYN_P_0980,2025-07-19 19:00:00,Document,outbound
EMAIL_07210,SYN_P_0579,SYN_P_0087,2026-06-02 17:00:00,Account,outbound
EMAIL_07211,SYN_P_0860,SYN_P_0646,2026-03-05 02:00:00,Invoice,outbound
EMAIL_07212,SYN_P_0051,SYN_P_0021,2024-08-30 12:00:00,Request,outbound
EMAIL_07213,SYN_P_0052,SYN_P_0811,2024-07-08 01:00:00,Meeting,outbound
EMAIL_07214,SYN_P_0396,SYN_P_0459,2026-01-11 05:00:00,Account,inbound
EMAIL_07215,SYN_P_0195,SYN_P_0984,2026-09-30 18:00:00,Delivery,inbound
EMAIL_07216,SYN_P_0001,SYN_P_0861,2025-05-17 22:00:00,Delivery,outbound
EMAIL_07217,SYN_P_0271,SYN_P_0552,2025-10-06 05:00:00,Delivery,outbound
EMAIL_07218,SYN_P_0941,SYN_P_0494,2026-10-16 02:00:00,Request,inbound
EMAIL_07219,SYN_P_0320,SYN_P_0010,2026-03-29 09:00:00,Invoice,outbound
EMAIL_07220,SYN_P_0992,SYN_P_0552,2024-03-24 02:00:00,Invoice,inbound
EMAIL_07221,SYN_P_0591,SYN_P_0453,2025-08-11 09:00:00,Meeting,outbound
EMAIL_07222,SYN_P_0656,SYN_P_0877,2025-01-06 21:00:00,Invoice,inbound
EMAIL_07223,SYN_P_0771,SYN_P_0763,2024-09-03 01:00:00,Delivery,inbound
EMAIL_07224,SYN_P_0558,SYN_P_0770,2026-02-25 21:00:00,Invoice,outbound
EMAIL_07225,SYN_P_1031,SYN_P_0119,2024-12-09 05:00:00,Account,inbound
EMAIL_07226,SYN_P_0490,SYN_P_0554,2025-08-11 11:00:00,Account,inbound
EMAIL_07227,SYN_P_0909,SYN_P_0579,2026-10-08 10:00:00,Delivery,inbound
EMAIL_07228,SYN_P_0881,SYN_P_0576,2024-11-22 13:00:00,Delivery,inbound
EMAIL_07229,SYN_P_0070,SYN_P_0024,2026-04-08 13:00:00,Account,outbound
EMAIL_07230,SYN_P_0483,SYN_P_0731,2025-12-14 09:00:00,Delivery,inbound
EMAIL_07231,SYN_P_0735,SYN_P_0692,2024-09-30 08:00:00,Account,outbound
EMAIL_07232,SYN_P_0951,SYN_P_0391,2024-11-06 02:00:00,Request,outbound
EMAIL_07233,SYN_P_0258,SYN_P_0589,2026-02-14 02:00:00,Document,inbound
EMAIL_07234,SYN_P_0598,SYN_P_0396,2025-04-17 03:00:00,Meeting,inbound
EMAIL_07235,SYN_P_0317,SYN_P_0254,2025-04-15 03:00:00,Document,outbound
EMAIL_07236,SYN_P_0692,SYN_P_0552,2024-01-21 12:00:00,Meeting,outbound
EMAIL_07237,SYN_P_0866,SYN_P_0941,2026-05-10 00:00:00,Delivery,outbound
EMAIL_07238,SYN_P_0348,SYN_P_0936,2026-05-17 07:00:00,Delivery,inbound
EMAIL_07239,SYN_P_0591,SYN_P_0448,2024-12-26 02:00:00,Document,inbound
EMAIL_07240,SYN_P_0449,SYN_P_0251,2025-05-16 21:00:00,Document,outbound
EMAIL_07241,SYN_P_0125,SYN_P_0741,2024-05-10 20:00:00,Document,inbound
EMAIL_07242,SYN_P_0513,SYN_P_0497,2025-11-11 02:00:00,Document,inbound
EMAIL_07243,SYN_P_0045,SYN_P_0379,2025-04-24 20:00:00,Invoice,outbound
EMAIL_07244,SYN_P_0083,SYN_P_0769,2026-04-22 03:00:00,Account,outbound
EMAIL_07245,SYN_P_0664,SYN_P_0861,2026-03-07 08:00:00,Document,outbound
EMAIL_07246,SYN_P_0381,SYN_P_0739,2025-12-01 06:00:00,Account,inbound
EMAIL_07247,SYN_P_0845,SYN_P_0680,2026-08-24 17:00:00,Request,inbound
EMAIL_07248,SYN_P_0107,SYN_P_0210,2025-01-06 16:00:00,Request,outbound
EMAIL_07249,SYN_P_0712,SYN_P_0025,2024-08-04 02:00:00,Document,outbound
EMAIL_07250,SYN_P_0066,SYN_P_1016,2026-09-14 23:00:00,Invoice,outbound
EMAIL_07251,SYN_P_0182,SYN_P_0183,2025-07-10 18:00:00,Document,outbound
EMAIL_07252,SYN_P_0093,SYN_P_0998,2024-10-13 23:00:00,Delivery,outbound
EMAIL_07253,SYN_P_0418,SYN_P_0245,2026-04-14 01:00:00,Account,inbound
EMAIL_07254,SYN_P_0515,SYN_P_0594,2026-05-17 03:00:00,Request,outbound
EMAIL_07255,SYN_P_0908,SYN_P_0972,2026-06-19 01:00:00,Delivery,inbound
EMAIL_07256,SYN_P_0707,SYN_P_0223,2025-05-14 02:00:00,Delivery,outbound
EMAIL_07257,SYN_P_0094,SYN_P_0774,2025-09-19 17:00:00,Account,outbound
EMAIL_07258,SYN_P_0874,SYN_P_0253,2024-07-09 19:00:00,Meeting,outbound
EMAIL_07259,SYN_P_1003,SYN_P_0406,2025-10-01 23:00:00,Account,outbound
EMAIL_07260,SYN_P_0967,SYN_P_0962,2026-07-16 15:00:00,Account,inbound
EMAIL_07261,SYN_P_0779,SYN_P_0990,2025-11-02 19:00:00,Account,inbound
EMAIL_07262,SYN_P_0112,SYN_P_1017,2024-08-31 16:00:00,Delivery,inbound
EMAIL_07263,SYN_P_0015,SYN_P_0307,2025-09-29 08:00:00,Invoice,inbound
EMAIL_07264,SYN_P_0811,SYN_P_0947,2024-05-28 02:00:00,Request,outbound
EMAIL_07265,SYN_P_0180,SYN_P_0071,2026-06-13 02:00:00,Delivery,outbound
EMAIL_07266,SYN_P_0492,SYN_P_0075,2024-10-22 20:00:00,Invoice,inbound
EMAIL_07267,SYN_P_0872,SYN_P_0170,2026-07-17 19:00:00,Invoice,outbound
EMAIL_07268,SYN_P_0347,SYN_P_0431,2026-01-21 12:00:00,Delivery,outbound
EMAIL_07269,SYN_P_0652,SYN_P_0307,2024-11-12 08:00:00,Delivery,outbound
EMAIL_07270,SYN_P_0760,SYN_P_0772,2026-08-19 15:00:00,Meeting,inbound
EMAIL_07271,SYN_P_0810,SYN_P_0420,2024-12-30 06:00:00,Account,outbound
EMAIL_07272,SYN_P_0521,SYN_P_0698,2024-09-16 09:00:00,Document,outbound
EMAIL_07273,SYN_P_0284,SYN_P_0497,2026-10-14 22:00:00,Delivery,inbound
EMAIL_07274,SYN_P_0997,SYN_P_0933,2024-12-29 09:00:00,Account,inbound
EMAIL_07275,SYN_P_0590,SYN_P_0355,2024-12-19 06:00:00,Document,inbound
EMAIL_07276,SYN_P_0066,SYN_P_0821,2026-02-25 07:00:00,Account,outbound
EMAIL_07277,SYN_P_0996,SYN_P_0160,2026-04-04 07:00:00,Invoice,outbound
EMAIL_07278,SYN_P_0502,SYN_P_0906,2024-11-01 17:00:00,Invoice,inbound
EMAIL_07279,SYN_P_0253,SYN_P_0164,2024-01-25 10:00:00,Document,inbound
EMAIL_07280,SYN_P_0552,SYN_P_0418,2024-04-22 13:00:00,Document,outbound
EMAIL_07281,SYN_P_0310,SYN_P_0918,2025-10-16 17:00:00,Request,outbound
EMAIL_07282,SYN_P_0765,SYN_P_0031,2026-02-14 06:00:00,Account,outbound
EMAIL_07283,SYN_P_0473,SYN_P_0760,2026-02-12 17:00:00,Document,inbound
EMAIL_07284,SYN_P_0494,SYN_P_1037,2024-12-01 00:00:00,Delivery,outbound
EMAIL_07285,SYN_P_0135,SYN_P_0132,2026-11-05 16:00:00,Meeting,inbound
EMAIL_07286,SYN_P_0007,SYN_P_0900,2025-08-18 17:00:00,Document,outbound
EMAIL_07287,SYN_P_0041,SYN_P_0549,2024-09-22 19:00:00,Request,outbound
EMAIL_07288,SYN_P_0378,SYN_P_0909,2026-11-05 01:00:00,Meeting,outbound
EMAIL_07289,SYN_P_0772,SYN_P_0502,2024-12-14 20:00:00,Document,outbound
EMAIL_07290,SYN_P_0716,SYN_P_0501,2024-10-27 07:00:00,Document,outbound
EMAIL_07291,SYN_P_0383,SYN_P_0086,2025-03-13 13:00:00,Account,inbound
EMAIL_07292,SYN_P_0239,SYN_P_0797,2026-11-06 04:00:00,Delivery,inbound
EMAIL_07293,SYN_P_0740,SYN_P_0076,2025-11-28 08:00:00,Invoice,outbound
EMAIL_07294,SYN_P_0857,SYN_P_0328,2025-09-11 18:00:00,Delivery,inbound
EMAIL_07295,SYN_P_0264,SYN_P_0010,2025-12-23 13:00:00,Invoice,inbound
EMAIL_07296,SYN_P_0049,SYN_P_0421,2024-10-31 14:00:00,Delivery,inbound
EMAIL_07297,SYN_P_0165,SYN_P_0809,2024-02-11 15:00:00,Account,inbound
EMAIL_07298,SYN_P_0845,SYN_P_0466,2026-07-05 22:00:00,Document,inbound
EMAIL_07299,SYN_P_0957,SYN_P_0278,2025-01-04 22:00:00,Invoice,outbound
EMAIL_07300,SYN_P_0738,SYN_P_0462,2024-08-16 20:00:00,Meeting,outbound
EMAIL_07301,SYN_P_0705,SYN_P_0286,2026-08-04 22:00:00,Meeting,outbound
EMAIL_07302,SYN_P_0457,SYN_P_0729,2024-04-11 23:00:00,Meeting,outbound
EMAIL_07303,SYN_P_0425,SYN_P_0960,2025-01-22 17:00:00,Delivery,outbound
EMAIL_07304,SYN_P_0520,SYN_P_0167,2024-08-20 15:00:00,Invoice,outbound
EMAIL_07305,SYN_P_0496,SYN_P_0594,2026-07-15 02:00:00,Request,outbound
EMAIL_07306,SYN_P_0579,SYN_P_0566,2025-04-10 01:00:00,Document,inbound
EMAIL_07307,SYN_P_0763,SYN_P_0699,2025-10-03 08:00:00,Meeting,outbound
EMAIL_07308,SYN_P_0326,SYN_P_1008,2025-09-26 08:00:00,Invoice,outbound
EMAIL_07309,SYN_P_0715,SYN_P_0706,2025-11-02 08:00:00,Invoice,outbound
EMAIL_07310,SYN_P_0918,SYN_P_0332,2026-09-25 07:00:00,Document,outbound
EMAIL_07311,SYN_P_0673,SYN_P_0488,2024-05-03 14:00:00,Request,inbound
EMAIL_07312,SYN_P_0743,SYN_P_0250,2026-08-23 20:00:00,Account,outbound
EMAIL_07313,SYN_P_0790,SYN_P_0959,2024-01-16 21:00:00,Request,outbound
EMAIL_07314,SYN_P_0567,SYN_P_0769,2026-03-26 11:00:00,Document,inbound
EMAIL_07315,SYN_P_0577,SYN_P_0564,2026-03-07 20:00:00,Account,outbound
EMAIL_07316,SYN_P_0925,SYN_P_0922,2024-04-16 17:00:00,Invoice,inbound
EMAIL_07317,SYN_P_0353,SYN_P_0119,2025-03-20 20:00:00,Meeting,outbound
EMAIL_07318,SYN_P_0422,SYN_P_0625,2024-09-21 05:00:00,Delivery,inbound
EMAIL_07319,SYN_P_0132,SYN_P_0476,2025-04-19 07:00:00,Account,outbound
EMAIL_07320,SYN_P_0875,SYN_P_0060,2025-07-16 04:00:00,Meeting,outbound
EMAIL_07321,SYN_P_0059,SYN_P_1027,2025-03-29 04:00:00,Invoice,inbound
EMAIL_07322,SYN_P_0613,SYN_P_0776,2024-09-19 11:00:00,Delivery,outbound
EMAIL_07323,SYN_P_0354,SYN_P_0772,2024-09-02 12:00:00,Invoice,inbound
EMAIL_07324,SYN_P_0820,SYN_P_0083,2025-08-25 17:00:00,Account,inbound
EMAIL_07325,SYN_P_0122,SYN_P_0117,2025-05-21 05:00:00,Invoice,outbound
EMAIL_07326,SYN_P_0547,SYN_P_0543,2024-08-29 21:00:00,Request,inbound
EMAIL_07327,SYN_P_0653,SYN_P_0314,2025-04-05 03:00:00,Meeting,outbound
EMAIL_07328,SYN_P_0292,SYN_P_0146,2025-02-11 23:00:00,Account,inbound
EMAIL_07329,SYN_P_0496,SYN_P_0061,2024-10-12 19:00:00,Delivery,inbound
EMAIL_07330,SYN_P_0872,SYN_P_0725,2025-03-31 09:00:00,Account,inbound
EMAIL_07331,SYN_P_1027,SYN_P_0247,2025-05-09 11:00:00,Request,inbound
EMAIL_07332,SYN_P_0411,SYN_P_0735,2026-08-02 10:00:00,Invoice,outbound
EMAIL_07333,SYN_P_0143,SYN_P_0521,2026-08-21 21:00:00,Invoice,outbound
EMAIL_07334,SYN_P_0479,SYN_P_0510,2025-03-11 08:00:00,Invoice,inbound
EMAIL_07335,SYN_P_0029,SYN_P_0146,2026-10-06 12:00:00,Document,outbound
EMAIL_07336,SYN_P_0063,SYN_P_0700,2024-01-03 22:00:00,Document,inbound
EMAIL_07337,SYN_P_0791,SYN_P_0935,2024-08-25 01:00:00,Account,inbound
EMAIL_07338,SYN_P_0338,SYN_P_0479,2024-04-17 04:00:00,Invoice,outbound
EMAIL_07339,SYN_P_0056,SYN_P_0220,2025-07-20 00:00:00,Request,outbound
EMAIL_07340,SYN_P_0943,SYN_P_0070,2025-12-02 22:00:00,Invoice,outbound
EMAIL_07341,SYN_P_0512,SYN_P_0135,2026-09-03 19:00:00,Delivery,inbound
EMAIL_07342,SYN_P_0586,SYN_P_0782,2024-07-03 18:00:00,Delivery,outbound
EMAIL_07343,SYN_P_0431,SYN_P_0749,2025-07-03 08:00:00,Document,inbound
EMAIL_07344,SYN_P_0685,SYN_P_0276,2026-05-18 18:00:00,Delivery,outbound
EMAIL_07345,SYN_P_0157,SYN_P_0133,2024-12-23 19:00:00,Meeting,outbound
EMAIL_07346,SYN_P_0193,SYN_P_0685,2025-08-15 16:00:00,Meeting,inbound
EMAIL_07347,SYN_P_0797,SYN_P_0272,2025-07-22 02:00:00,Delivery,outbound
EMAIL_07348,SYN_P_1029,SYN_P_0869,2024-05-27 13:00:00,Account,outbound
EMAIL_07349,SYN_P_0036,SYN_P_0276,2026-03-05 05:00:00,Meeting,inbound
EMAIL_07350,SYN_P_1037,SYN_P_0168,2026-02-18 11:00:00,Account,outbound
EMAIL_07351,SYN_P_0047,SYN_P_0726,2026-08-21 04:00:00,Meeting,outbound
EMAIL_07352,SYN_P_0861,SYN_P_0721,2026-08-12 08:00:00,Meeting,inbound
EMAIL_07353,SYN_P_0562,SYN_P_0836,2026-05-17 12:00:00,Meeting,inbound
EMAIL_07354,SYN_P_0672,SYN_P_0261,2024-10-14 23:00:00,Request,outbound
EMAIL_07355,SYN_P_0502,SYN_P_0875,2025-11-03 21:00:00,Invoice,inbound
EMAIL_07356,SYN_P_0829,SYN_P_0959,2026-06-19 15:00:00,Document,inbound
EMAIL_07357,SYN_P_0955,SYN_P_1037,2024-05-15 12:00:00,Delivery,outbound
EMAIL_07358,SYN_P_0887,SYN_P_0470,2025-07-23 20:00:00,Invoice,inbound
EMAIL_07359,SYN_P_0383,SYN_P_0352,2025-10-18 10:00:00,Account,outbound
EMAIL_07360,SYN_P_0266,SYN_P_0374,2025-12-24 20:00:00,Invoice,inbound
EMAIL_07361,SYN_P_0899,SYN_P_0286,2025-01-29 04:00:00,Document,outbound
EMAIL_07362,SYN_P_0049,SYN_P_0758,2026-05-03 20:00:00,Meeting,outbound
EMAIL_07363,SYN_P_0928,SYN_P_0202,2026-04-29 01:00:00,Invoice,outbound
EMAIL_07364,SYN_P_0712,SYN_P_0408,2024-10-23 23:00:00,Document,outbound
EMAIL_07365,SYN_P_0390,SYN_P_0732,2025-07-30 19:00:00,Document,outbound
EMAIL_07366,SYN_P_0226,SYN_P_0719,2025-02-15 19:00:00,Document,inbound
EMAIL_07367,SYN_P_0373,SYN_P_0537,2026-08-19 00:00:00,Request,outbound
EMAIL_07368,SYN_P_0878,SYN_P_0584,2024-03-11 00:00:00,Request,outbound
EMAIL_07369,SYN_P_0973,SYN_P_0858,2026-05-14 02:00:00,Meeting,inbound
EMAIL_07370,SYN_P_0967,SYN_P_0773,2024-10-11 12:00:00,Request,inbound
EMAIL_07371,SYN_P_0457,SYN_P_0352,2024-04-08 14:00:00,Request,inbound
EMAIL_07372,SYN_P_0422,SYN_P_0749,2024-09-11 05:00:00,Delivery,inbound
EMAIL_07373,SYN_P_0300,SYN_P_0034,2024-10-11 19:00:00,Meeting,inbound
EMAIL_07374,SYN_P_0729,SYN_P_0185,2025-02-22 05:00:00,Invoice,outbound
EMAIL_07375,SYN_P_0085,SYN_P_0984,2024-06-04 11:00:00,Document,outbound
EMAIL_07376,SYN_P_0551,SYN_P_0293,2024-06-10 23:00:00,Document,outbound
EMAIL_07377,SYN_P_0146,SYN_P_0665,2024-02-28 20:00:00,Delivery,inbound
EMAIL_07378,SYN_P_0968,SYN_P_0864,2026-06-07 08:00:00,Account,inbound
EMAIL_07379,SYN_P_0938,SYN_P_0110,2024-12-02 16:00:00,Delivery,inbound
EMAIL_07380,SYN_P_0270,SYN_P_0364,2026-11-02 08:00:00,Delivery,outbound
EMAIL_07381,SYN_P_0317,SYN_P_0654,2024-02-14 10:00:00,Delivery,inbound
EMAIL_07382,SYN_P_0743,SYN_P_0012,2024-06-23 16:00:00,Document,outbound
EMAIL_07383,SYN_P_0081,SYN_P_0911,2025-06-11 23:00:00,Delivery,outbound
EMAIL_07384,SYN_P_0132,SYN_P_0462,2024-01-04 14:00:00,Document,inbound
EMAIL_07385,SYN_P_0135,SYN_P_0056,2025-10-20 23:00:00,Delivery,outbound
EMAIL_07386,SYN_P_0792,SYN_P_0489,2025-04-12 06:00:00,Meeting,outbound
EMAIL_07387,SYN_P_0107,SYN_P_0646,2025-06-09 13:00:00,Delivery,outbound
EMAIL_07388,SYN_P_0583,SYN_P_0289,2026-03-03 06:00:00,Request,inbound
EMAIL_07389,SYN_P_0722,SYN_P_0872,2024-12-10 05:00:00,Document,outbound
EMAIL_07390,SYN_P_0637,SYN_P_0990,2025-06-01 01:00:00,Meeting,outbound
EMAIL_07391,SYN_P_0914,SYN_P_0744,2026-09-18 15:00:00,Delivery,outbound
EMAIL_07392,SYN_P_0304,SYN_P_0934,2025-10-19 13:00:00,Request,inbound
EMAIL_07393,SYN_P_0327,SYN_P_0267,2025-04-28 20:00:00,Meeting,outbound
EMAIL_07394,SYN_P_0176,SYN_P_0582,2025-04-12 08:00:00,Meeting,inbound
EMAIL_07395,SYN_P_0349,SYN_P_0263,2025-06-13 11:00:00,Invoice,outbound
EMAIL_07396,SYN_P_0637,SYN_P_0785,2025-04-06 07:00:00,Invoice,outbound
EMAIL_07397,SYN_P_0292,SYN_P_0897,2024-07-10 10:00:00,Account,outbound
EMAIL_07398,SYN_P_0671,SYN_P_0383,2026-03-10 11:00:00,Account,inbound
EMAIL_07399,SYN_P_0331,SYN_P_0523,2026-11-02 15:00:00,Meeting,outbound
EMAIL_07400,SYN_P_0323,SYN_P_0249,2025-11-04 19:00:00,Account,inbound
EMAIL_07401,SYN_P_0972,SYN_P_0341,2024-09-06 22:00:00,Delivery,inbound
EMAIL_07402,SYN_P_0996,SYN_P_0294,2025-06-04 12:00:00,Invoice,inbound
EMAIL_07403,SYN_P_0989,SYN_P_0661,2025-08-09 20:00:00,Document,outbound
EMAIL_07404,SYN_P_0661,SYN_P_0648,2025-06-20 18:00:00,Delivery,inbound
EMAIL_07405,SYN_P_0989,SYN_P_0920,2025-08-06 17:00:00,Invoice,inbound
EMAIL_07406,SYN_P_0692,SYN_P_0637,2024-06-16 10:00:00,Request,outbound
EMAIL_07407,SYN_P_0917,SYN_P_0594,2024-09-04 06:00:00,Delivery,outbound
EMAIL_07408,SYN_P_0491,SYN_P_0641,2024-01-04 19:00:00,Invoice,inbound
EMAIL_07409,SYN_P_0567,SYN_P_0767,2024-07-22 02:00:00,Delivery,inbound
EMAIL_07410,SYN_P_0808,SYN_P_0541,2025-05-25 07:00:00,Request,inbound
EMAIL_07411,SYN_P_0065,SYN_P_0613,2024-05-14 02:00:00,Request,inbound
EMAIL_07412,SYN_P_0703,SYN_P_0678,2024-10-19 03:00:00,Invoice,outbound
EMAIL_07413,SYN_P_0340,SYN_P_0985,2025-08-13 08:00:00,Account,inbound
EMAIL_07414,SYN_P_0545,SYN_P_0985,2025-10-16 21:00:00,Meeting,inbound
EMAIL_07415,SYN_P_0230,SYN_P_0673,2025-03-05 21:00:00,Account,inbound
EMAIL_07416,SYN_P_0998,SYN_P_0239,2024-06-01 10:00:00,Request,outbound
EMAIL_07417,SYN_P_0758,SYN_P_0954,2025-11-30 17:00:00,Invoice,inbound
EMAIL_07418,SYN_P_0050,SYN_P_0332,2025-07-23 16:00:00,Request,inbound
EMAIL_07419,SYN_P_0916,SYN_P_0456,2025-08-02 19:00:00,Request,inbound
EMAIL_07420,SYN_P_0561,SYN_P_1015,2025-05-15 22:00:00,Delivery,inbound
EMAIL_07421,SYN_P_0714,SYN_P_0382,2026-04-11 18:00:00,Request,outbound
EMAIL_07422,SYN_P_1027,SYN_P_0569,2024-07-23 14:00:00,Account,outbound
EMAIL_07423,SYN_P_0050,SYN_P_0046,2026-08-01 06:00:00,Invoice,outbound
EMAIL_07424,SYN_P_0667,SYN_P_0852,2025-11-10 13:00:00,Meeting,inbound
EMAIL_07425,SYN_P_0292,SYN_P_0354,2026-04-20 03:00:00,Invoice,outbound
EMAIL_07426,SYN_P_0121,SYN_P_0401,2025-10-12 05:00:00,Invoice,inbound
EMAIL_07427,SYN_P_0002,SYN_P_0513,2025-07-22 05:00:00,Delivery,outbound
EMAIL_07428,SYN_P_0546,SYN_P_0747,2026-07-28 21:00:00,Account,outbound
EMAIL_07429,SYN_P_0066,SYN_P_0979,2026-09-23 19:00:00,Invoice,inbound
EMAIL_07430,SYN_P_0213,SYN_P_1002,2025-12-31 15:00:00,Delivery,outbound
EMAIL_07431,SYN_P_0532,SYN_P_0202,2024-12-13 22:00:00,Invoice,inbound
EMAIL_07432,SYN_P_0194,SYN_P_0925,2024-04-29 07:00:00,Delivery,outbound
EMAIL_07433,SYN_P_0732,SYN_P_0619,2026-08-11 04:00:00,Document,inbound
EMAIL_07434,SYN_P_0302,SYN_P_0982,2024-11-17 04:00:00,Account,outbound
EMAIL_07435,SYN_P_0718,SYN_P_0274,2024-12-25 13:00:00,Document,inbound
EMAIL_07436,SYN_P_0417,SYN_P_0006,2025-06-18 16:00:00,Request,inbound
EMAIL_07437,SYN_P_0441,SYN_P_0518,2025-03-17 06:00:00,Invoice,inbound
EMAIL_07438,SYN_P_0161,SYN_P_0708,2025-12-24 01:00:00,Meeting,outbound
EMAIL_07439,SYN_P_0786,SYN_P_0395,2026-08-21 11:00:00,Account,inbound
EMAIL_07440,SYN_P_0594,SYN_P_0257,2025-04-25 01:00:00,Account,outbound
EMAIL_07441,SYN_P_0471,SYN_P_0852,2026-01-18 08:00:00,Delivery,inbound
EMAIL_07442,SYN_P_0986,SYN_P_0201,2025-04-22 09:00:00,Delivery,outbound
EMAIL_07443,SYN_P_0010,SYN_P_0558,2026-04-09 08:00:00,Invoice,outbound
EMAIL_07444,SYN_P_0282,SYN_P_0461,2024-10-13 12:00:00,Request,outbound
EMAIL_07445,SYN_P_0844,SYN_P_0330,2026-08-23 22:00:00,Invoice,inbound
EMAIL_07446,SYN_P_0918,SYN_P_0937,2024-11-10 11:00:00,Account,inbound
EMAIL_07447,SYN_P_0364,SYN_P_0224,2025-02-28 12:00:00,Account,outbound
EMAIL_07448,SYN_P_0007,SYN_P_0459,2025-02-03 19:00:00,Account,outbound
EMAIL_07449,SYN_P_0214,SYN_P_0372,2026-10-05 13:00:00,Account,outbound
EMAIL_07450,SYN_P_0506,SYN_P_0387,2026-04-02 02:00:00,Delivery,inbound
EMAIL_07451,SYN_P_0051,SYN_P_0690,2026-04-04 19:00:00,Meeting,inbound
EMAIL_07452,SYN_P_0234,SYN_P_0422,2026-09-16 11:00:00,Meeting,outbound
EMAIL_07453,SYN_P_0284,SYN_P_0993,2025-01-19 15:00:00,Account,inbound
EMAIL_07454,SYN_P_0790,SYN_P_0071,2024-03-06 09:00:00,Document,inbound
EMAIL_07455,SYN_P_0184,SYN_P_0509,2026-08-14 08:00:00,Invoice,inbound
EMAIL_07456,SYN_P_0680,SYN_P_0885,2025-09-22 19:00:00,Account,inbound
EMAIL_07457,SYN_P_0202,SYN_P_0018,2024-12-06 09:00:00,Meeting,outbound
EMAIL_07458,SYN_P_0911,SYN_P_0653,2024-05-07 08:00:00,Document,outbound
EMAIL_07459,SYN_P_0846,SYN_P_0282,2025-03-20 06:00:00,Delivery,outbound
EMAIL_07460,SYN_P_0315,SYN_P_0443,2025-08-11 23:00:00,Invoice,inbound
EMAIL_07461,SYN_P_0951,SYN_P_0323,2024-01-24 21:00:00,Delivery,outbound
EMAIL_07462,SYN_P_0184,SYN_P_0224,2026-08-29 12:00:00,Document,inbound
EMAIL_07463,SYN_P_0269,SYN_P_0685,2025-02-02 00:00:00,Document,inbound
EMAIL_07464,SYN_P_0986,SYN_P_0839,2026-10-23 19:00:00,Invoice,outbound
EMAIL_07465,SYN_P_0369,SYN_P_0900,2024-05-31 12:00:00,Delivery,outbound
EMAIL_07466,SYN_P_0030,SYN_P_0013,2026-07-12 02:00:00,Account,outbound
EMAIL_07467,SYN_P_0654,SYN_P_0645,2024-05-15 17:00:00,Account,outbound
EMAIL_07468,SYN_P_0475,SYN_P_0747,2025-08-08 01:00:00,Request,inbound
EMAIL_07469,SYN_P_0770,SYN_P_0456,2025-02-09 18:00:00,Invoice,outbound
EMAIL_07470,SYN_P_0268,SYN_P_0951,2026-06-12 19:00:00,Account,inbound
EMAIL_07471,SYN_P_0474,SYN_P_0981,2026-05-06 17:00:00,Delivery,outbound
EMAIL_07472,SYN_P_0390,SYN_P_0012,2024-03-28 21:00:00,Delivery,outbound
EMAIL_07473,SYN_P_0093,SYN_P_0194,2026-05-18 16:00:00,Meeting,inbound
EMAIL_07474,SYN_P_0039,SYN_P_0105,2025-11-07 10:00:00,Account,outbound
EMAIL_07475,SYN_P_0641,SYN_P_1007,2024-01-12 02:00:00,Meeting,inbound
EMAIL_07476,SYN_P_0252,SYN_P_0962,2026-05-04 08:00:00,Request,outbound
EMAIL_07477,SYN_P_0228,SYN_P_0797,2026-03-30 13:00:00,Request,inbound
EMAIL_07478,SYN_P_1009,SYN_P_0942,2024-01-24 11:00:00,Request,outbound
EMAIL_07479,SYN_P_0918,SYN_P_0022,2024-05-09 22:00:00,Document,outbound
EMAIL_07480,SYN_P_0665,SYN_P_0907,2026-07-08 12:00:00,Account,inbound
EMAIL_07481,SYN_P_0854,SYN_P_0791,2024-03-17 08:00:00,Account,outbound
EMAIL_07482,SYN_P_0873,SYN_P_0199,2025-01-24 08:00:00,Delivery,inbound
EMAIL_07483,SYN_P_0386,SYN_P_0044,2025-06-01 15:00:00,Request,inbound
EMAIL_07484,SYN_P_0401,SYN_P_0245,2025-09-08 02:00:00,Delivery,outbound
EMAIL_07485,SYN_P_0120,SYN_P_0619,2024-06-21 18:00:00,Account,inbound
EMAIL_07486,SYN_P_0389,SYN_P_1032,2025-02-27 12:00:00,Document,inbound
EMAIL_07487,SYN_P_0511,SYN_P_0170,2025-07-27 01:00:00,Request,inbound
EMAIL_07488,SYN_P_0033,SYN_P_0384,2026-08-08 20:00:00,Meeting,outbound
EMAIL_07489,SYN_P_0160,SYN_P_0804,2026-09-21 03:00:00,Delivery,outbound
EMAIL_07490,SYN_P_0784,SYN_P_0311,2026-08-19 02:00:00,Invoice,inbound
EMAIL_07491,SYN_P_0296,SYN_P_0480,2025-11-29 05:00:00,Account,inbound
EMAIL_07492,SYN_P_0479,SYN_P_0762,2024-07-02 18:00:00,Request,inbound
EMAIL_07493,SYN_P_0238,SYN_P_0731,2026-02-14 06:00:00,Request,inbound
EMAIL_07494,SYN_P_1029,SYN_P_0794,2024-09-14 13:00:00,Document,inbound
EMAIL_07495,SYN_P_0001,SYN_P_0222,2026-01-26 13:00:00,Account,inbound
EMAIL_07496,SYN_P_0285,SYN_P_0901,2025-03-11 02:00:00,Meeting,inbound
EMAIL_07497,SYN_P_0844,SYN_P_0180,2025-10-08 05:00:00,Delivery,outbound
EMAIL_07498,SYN_P_0501,SYN_P_0177,2025-01-09 22:00:00,Request,inbound
EMAIL_07499,SYN_P_0298,SYN_P_0560,2024-09-13 22:00:00,Invoice,inbound
EMAIL_07500,SYN_P_0642,SYN_P_0826,2025-09-27 02:00:00,Account,inbound
EMAIL_07501,SYN_P_0271,SYN_P_0570,2026-02-21 19:00:00,Request,outbound
EMAIL_07502,SYN_P_0016,SYN_P_0487,2024-09-27 13:00:00,Document,inbound
EMAIL_07503,SYN_P_0499,SYN_P_0494,2024-07-16 21:00:00,Delivery,outbound
EMAIL_07504,SYN_P_0970,SYN_P_0300,2025-05-12 05:00:00,Account,inbound
EMAIL_07505,SYN_P_0335,SYN_P_0814,2025-12-12 11:00:00,Document,outbound
EMAIL_07506,SYN_P_0848,SYN_P_0037,2025-09-04 01:00:00,Invoice,inbound
EMAIL_07507,SYN_P_0269,SYN_P_0101,2026-07-03 00:00:00,Account,inbound
EMAIL_07508,SYN_P_0677,SYN_P_0240,2024-09-04 11:00:00,Request,inbound
EMAIL_07509,SYN_P_0868,SYN_P_0293,2025-07-17 02:00:00,Meeting,outbound
EMAIL_07510,SYN_P_0878,SYN_P_0652,2025-06-20 03:00:00,Document,inbound
EMAIL_07511,SYN_P_0784,SYN_P_0790,2025-07-01 16:00:00,Meeting,outbound
EMAIL_07512,SYN_P_0375,SYN_P_0251,2025-06-23 12:00:00,Delivery,inbound
EMAIL_07513,SYN_P_0866,SYN_P_0224,2024-06-03 22:00:00,Request,outbound
EMAIL_07514,SYN_P_0762,SYN_P_1010,2024-08-19 18:00:00,Delivery,outbound
EMAIL_07515,SYN_P_0224,SYN_P_0538,2026-08-13 06:00:00,Meeting,inbound
EMAIL_07516,SYN_P_0225,SYN_P_0684,2024-11-20 02:00:00,Meeting,outbound
EMAIL_07517,SYN_P_0396,SYN_P_0030,2024-01-14 04:00:00,Request,inbound
EMAIL_07518,SYN_P_0819,SYN_P_0855,2025-07-21 19:00:00,Delivery,inbound
EMAIL_07519,SYN_P_0248,SYN_P_0473,2025-08-28 20:00:00,Meeting,outbound
EMAIL_07520,SYN_P_0018,SYN_P_0080,2024-02-19 21:00:00,Document,outbound
EMAIL_07521,SYN_P_0239,SYN_P_0844,2025-03-10 05:00:00,Invoice,outbound
EMAIL_07522,SYN_P_0379,SYN_P_0562,2024-02-22 22:00:00,Request,outbound
EMAIL_07523,SYN_P_0795,SYN_P_0271,2025-11-27 09:00:00,Document,inbound
EMAIL_07524,SYN_P_0022,SYN_P_0936,2026-05-22 02:00:00,Delivery,outbound
EMAIL_07525,SYN_P_0868,SYN_P_0571,2024-08-16 18:00:00,Meeting,inbound
EMAIL_07526,SYN_P_0673,SYN_P_0521,2024-03-07 04:00:00,Document,inbound
EMAIL_07527,SYN_P_0123,SYN_P_0139,2025-07-03 22:00:00,Invoice,inbound
EMAIL_07528,SYN_P_0655,SYN_P_0741,2025-04-12 10:00:00,Account,inbound
EMAIL_07529,SYN_P_0994,SYN_P_0269,2025-09-11 21:00:00,Account,outbound
EMAIL_07530,SYN_P_0704,SYN_P_0847,2026-06-27 01:00:00,Request,outbound
EMAIL_07531,SYN_P_0848,SYN_P_0899,2024-06-16 20:00:00,Request,inbound
EMAIL_07532,SYN_P_0347,SYN_P_0048,2025-02-09 09:00:00,Account,inbound
EMAIL_07533,SYN_P_0587,SYN_P_0875,2026-04-24 19:00:00,Invoice,outbound
EMAIL_07534,SYN_P_0789,SYN_P_0615,2024-01-18 19:00:00,Account,outbound
EMAIL_07535,SYN_P_0048,SYN_P_0208,2026-09-12 11:00:00,Account,inbound
EMAIL_07536,SYN_P_0854,SYN_P_0466,2025-12-16 01:00:00,Document,inbound
EMAIL_07537,SYN_P_0595,SYN_P_0883,2026-04-25 11:00:00,Meeting,outbound
EMAIL_07538,SYN_P_0099,SYN_P_0854,2025-07-14 09:00:00,Document,inbound
EMAIL_07539,SYN_P_0064,SYN_P_0898,2025-09-09 04:00:00,Invoice,outbound
EMAIL_07540,SYN_P_0673,SYN_P_0262,2025-05-25 16:00:00,Invoice,outbound
EMAIL_07541,SYN_P_0445,SYN_P_1021,2024-10-11 01:00:00,Meeting,outbound
EMAIL_07542,SYN_P_0550,SYN_P_0320,2024-08-23 08:00:00,Account,outbound
EMAIL_07543,SYN_P_0785,SYN_P_0268,2026-02-21 04:00:00,Account,inbound
EMAIL_07544,SYN_P_0280,SYN_P_0921,2025-01-25 10:00:00,Document,inbound
EMAIL_07545,SYN_P_0318,SYN_P_0518,2025-08-26 13:00:00,Meeting,outbound
EMAIL_07546,SYN_P_0199,SYN_P_0693,2025-03-20 13:00:00,Meeting,outbound
EMAIL_07547,SYN_P_0506,SYN_P_0714,2026-04-05 18:00:00,Invoice,inbound
EMAIL_07548,SYN_P_0599,SYN_P_0242,2026-06-15 08:00:00,Request,inbound
EMAIL_07549,SYN_P_0633,SYN_P_0405,2026-03-24 23:00:00,Meeting,outbound
EMAIL_07550,SYN_P_0846,SYN_P_0944,2025-02-26 15:00:00,Meeting,inbound
EMAIL_07551,SYN_P_0558,SYN_P_0720,2025-10-10 10:00:00,Document,inbound
EMAIL_07552,SYN_P_0433,SYN_P_0237,2024-07-06 23:00:00,Request,outbound
EMAIL_07553,SYN_P_1030,SYN_P_0546,2025-09-28 06:00:00,Request,outbound
EMAIL_07554,SYN_P_0002,SYN_P_0110,2025-10-16 21:00:00,Meeting,outbound
EMAIL_07555,SYN_P_0321,SYN_P_0624,2026-01-28 10:00:00,Document,outbound
EMAIL_07556,SYN_P_0976,SYN_P_0198,2026-02-13 23:00:00,Delivery,inbound
EMAIL_07557,SYN_P_0142,SYN_P_0905,2024-02-01 04:00:00,Document,outbound
EMAIL_07558,SYN_P_0371,SYN_P_0385,2025-03-24 16:00:00,Account,outbound
EMAIL_07559,SYN_P_0143,SYN_P_0973,2024-11-12 06:00:00,Invoice,inbound
EMAIL_07560,SYN_P_0707,SYN_P_0030,2026-08-01 01:00:00,Delivery,outbound
EMAIL_07561,SYN_P_0482,SYN_P_0225,2024-03-13 21:00:00,Meeting,outbound
EMAIL_07562,SYN_P_1002,SYN_P_0472,2024-02-24 13:00:00,Meeting,outbound
EMAIL_07563,SYN_P_0283,SYN_P_0392,2025-07-14 12:00:00,Invoice,inbound
EMAIL_07564,SYN_P_0154,SYN_P_0898,2026-03-07 20:00:00,Document,outbound
EMAIL_07565,SYN_P_0848,SYN_P_0658,2026-02-21 19:00:00,Invoice,inbound
EMAIL_07566,SYN_P_0400,SYN_P_0365,2025-01-22 22:00:00,Meeting,outbound
EMAIL_07567,SYN_P_0716,SYN_P_0338,2024-11-26 18:00:00,Request,inbound
EMAIL_07568,SYN_P_0135,SYN_P_0120,2026-03-30 06:00:00,Request,outbound
EMAIL_07569,SYN_P_0091,SYN_P_0518,2026-11-05 00:00:00,Document,inbound
EMAIL_07570,SYN_P_1002,SYN_P_0362,2024-10-13 10:00:00,Account,outbound
EMAIL_07571,SYN_P_0613,SYN_P_0983,2024-01-29 00:00:00,Request,inbound
EMAIL_07572,SYN_P_1019,SYN_P_0045,2024-08-23 04:00:00,Request,inbound
EMAIL_07573,SYN_P_0382,SYN_P_0335,2026-08-14 10:00:00,Request,inbound
EMAIL_07574,SYN_P_0260,SYN_P_0650,2026-09-23 01:00:00,Delivery,outbound
EMAIL_07575,SYN_P_0773,SYN_P_0729,2025-08-11 06:00:00,Meeting,outbound
EMAIL_07576,SYN_P_0644,SYN_P_0466,2024-06-17 19:00:00,Document,outbound
EMAIL_07577,SYN_P_0374,SYN_P_0038,2025-12-31 22:00:00,Document,inbound
EMAIL_07578,SYN_P_0633,SYN_P_0992,2024-03-21 02:00:00,Account,inbound
EMAIL_07579,SYN_P_0370,SYN_P_0006,2024-05-02 13:00:00,Account,outbound
EMAIL_07580,SYN_P_0745,SYN_P_0252,2024-12-07 01:00:00,Invoice,inbound
EMAIL_07581,SYN_P_0231,SYN_P_0659,2026-01-08 17:00:00,Delivery,inbound
EMAIL_07582,SYN_P_0222,SYN_P_0893,2024-03-28 23:00:00,Request,outbound
EMAIL_07583,SYN_P_0862,SYN_P_0323,2026-07-15 05:00:00,Invoice,outbound
EMAIL_07584,SYN_P_0883,SYN_P_0797,2026-08-08 18:00:00,Meeting,inbound
EMAIL_07585,SYN_P_0693,SYN_P_0488,2026-08-24 23:00:00,Document,outbound
EMAIL_07586,SYN_P_0863,SYN_P_0407,2024-09-08 08:00:00,Invoice,outbound
EMAIL_07587,SYN_P_0343,SYN_P_0657,2025-03-14 03:00:00,Request,outbound
EMAIL_07588,SYN_P_0321,SYN_P_0915,2025-01-15 17:00:00,Delivery,inbound
EMAIL_07589,SYN_P_0540,SYN_P_0484,2025-03-06 09:00:00,Invoice,inbound
EMAIL_07590,SYN_P_0301,SYN_P_0811,2026-09-01 14:00:00,Document,inbound
EMAIL_07591,SYN_P_0820,SYN_P_0340,2026-07-17 07:00:00,Document,inbound
EMAIL_07592,SYN_P_0186,SYN_P_1021,2025-11-26 04:00:00,Delivery,inbound
EMAIL_07593,SYN_P_0340,SYN_P_0716,2026-07-20 13:00:00,Delivery,outbound
EMAIL_07594,SYN_P_0503,SYN_P_0218,2025-02-11 12:00:00,Request,inbound
EMAIL_07595,SYN_P_0053,SYN_P_0244,2025-04-07 18:00:00,Meeting,outbound
EMAIL_07596,SYN_P_0383,SYN_P_0468,2026-01-15 10:00:00,Meeting,outbound
EMAIL_07597,SYN_P_0965,SYN_P_0086,2026-08-13 19:00:00,Invoice,outbound
EMAIL_07598,SYN_P_0130,SYN_P_0302,2025-03-08 15:00:00,Delivery,outbound
EMAIL_07599,SYN_P_0912,SYN_P_0209,2026-04-05 14:00:00,Delivery,inbound
EMAIL_07600,SYN_P_1025,SYN_P_0213,2025-06-06 02:00:00,Invoice,outbound
EMAIL_07601,SYN_P_0006,SYN_P_0372,2024-12-11 05:00:00,Invoice,outbound
EMAIL_07602,SYN_P_1009,SYN_P_0255,2025-08-17 07:00:00,Request,outbound
EMAIL_07603,SYN_P_0483,SYN_P_0289,2026-02-04 14:00:00,Request,outbound
EMAIL_07604,SYN_P_0364,SYN_P_0443,2024-04-18 15:00:00,Account,outbound
EMAIL_07605,SYN_P_0103,SYN_P_0383,2026-06-21 07:00:00,Account,inbound
EMAIL_07606,SYN_P_0139,SYN_P_0792,2026-06-27 13:00:00,Document,inbound
EMAIL_07607,SYN_P_0694,SYN_P_0271,2026-05-07 21:00:00,Delivery,inbound
EMAIL_07608,SYN_P_0043,SYN_P_0614,2025-02-22 05:00:00,Request,outbound
EMAIL_07609,SYN_P_0728,SYN_P_0189,2026-05-10 05:00:00,Document,outbound
EMAIL_07610,SYN_P_1030,SYN_P_0061,2026-05-15 06:00:00,Document,inbound
EMAIL_07611,SYN_P_0742,SYN_P_1039,2026-11-04 22:00:00,Account,inbound
EMAIL_07612,SYN_P_0380,SYN_P_0198,2026-07-06 12:00:00,Delivery,inbound
EMAIL_07613,SYN_P_0202,SYN_P_0844,2026-05-31 11:00:00,Document,outbound
EMAIL_07614,SYN_P_0504,SYN_P_1002,2024-08-21 04:00:00,Document,inbound
EMAIL_07615,SYN_P_0970,SYN_P_0114,2025-01-01 06:00:00,Invoice,outbound
EMAIL_07616,SYN_P_0003,SYN_P_0868,2025-12-05 09:00:00,Meeting,inbound
EMAIL_07617,SYN_P_0707,SYN_P_0119,2024-10-18 05:00:00,Delivery,inbound
EMAIL_07618,SYN_P_0940,SYN_P_0320,2026-07-24 13:00:00,Delivery,inbound
EMAIL_07619,SYN_P_0457,SYN_P_0165,2026-09-05 12:00:00,Meeting,inbound
EMAIL_07620,SYN_P_0023,SYN_P_0197,2026-07-18 04:00:00,Invoice,inbound
EMAIL_07621,SYN_P_0102,SYN_P_0564,2025-05-18 16:00:00,Request,inbound
EMAIL_07622,SYN_P_0838,SYN_P_0957,2026-06-23 11:00:00,Meeting,inbound
EMAIL_07623,SYN_P_0324,SYN_P_0943,2025-09-26 21:00:00,Delivery,inbound
EMAIL_07624,SYN_P_0273,SYN_P_0739,2024-12-25 07:00:00,Invoice,inbound
EMAIL_07625,SYN_P_0454,SYN_P_0604,2026-04-18 09:00:00,Request,inbound
EMAIL_07626,SYN_P_0733,SYN_P_0309,2024-06-07 14:00:00,Delivery,inbound
EMAIL_07627,SYN_P_0341,SYN_P_0192,2025-11-20 14:00:00,Invoice,outbound
EMAIL_07628,SYN_P_0241,SYN_P_0681,2024-10-07 14:00:00,Delivery,inbound
EMAIL_07629,SYN_P_0311,SYN_P_0764,2024-05-31 20:00:00,Request,outbound
EMAIL_07630,SYN_P_0210,SYN_P_0395,2024-05-10 21:00:00,Document,outbound
EMAIL_07631,SYN_P_0856,SYN_P_0692,2024-03-04 23:00:00,Meeting,outbound
EMAIL_07632,SYN_P_0598,SYN_P_0874,2024-12-03 00:00:00,Account,outbound
EMAIL_07633,SYN_P_0865,SYN_P_0432,2026-02-16 17:00:00,Document,inbound
EMAIL_07634,SYN_P_0770,SYN_P_0062,2024-12-26 16:00:00,Request,outbound
EMAIL_07635,SYN_P_0500,SYN_P_0621,2024-09-04 02:00:00,Delivery,inbound
EMAIL_07636,SYN_P_0164,SYN_P_0137,2026-04-28 00:00:00,Meeting,inbound
EMAIL_07637,SYN_P_0061,SYN_P_0595,2024-09-02 10:00:00,Invoice,inbound
EMAIL_07638,SYN_P_0169,SYN_P_0972,2026-09-08 18:00:00,Invoice,outbound
EMAIL_07639,SYN_P_0377,SYN_P_0005,2026-07-25 08:00:00,Invoice,inbound
EMAIL_07640,SYN_P_1007,SYN_P_0038,2024-03-02 16:00:00,Delivery,outbound
EMAIL_07641,SYN_P_0095,SYN_P_0443,2026-04-13 11:00:00,Meeting,inbound
EMAIL_07642,SYN_P_0739,SYN_P_0872,2025-05-09 13:00:00,Delivery,outbound
EMAIL_07643,SYN_P_0775,SYN_P_0251,2025-01-02 13:00:00,Delivery,outbound
EMAIL_07644,SYN_P_0837,SYN_P_0187,2026-09-11 21:00:00,Delivery,inbound
EMAIL_07645,SYN_P_0925,SYN_P_0958,2025-04-28 23:00:00,Meeting,outbound
EMAIL_07646,SYN_P_0155,SYN_P_0720,2025-11-05 10:00:00,Invoice,inbound
EMAIL_07647,SYN_P_0362,SYN_P_0163,2026-03-19 00:00:00,Request,outbound
EMAIL_07648,SYN_P_0084,SYN_P_0511,2026-02-21 12:00:00,Invoice,inbound
EMAIL_07649,SYN_P_0959,SYN_P_0664,2024-09-05 07:00:00,Delivery,inbound
EMAIL_07650,SYN_P_0347,SYN_P_0986,2025-07-13 05:00:00,Delivery,inbound
EMAIL_07651,SYN_P_0626,SYN_P_0890,2025-03-11 22:00:00,Meeting,outbound
EMAIL_07652,SYN_P_0525,SYN_P_0011,2024-01-24 16:00:00,Account,inbound
EMAIL_07653,SYN_P_0842,SYN_P_0376,2026-05-08 06:00:00,Invoice,inbound
EMAIL_07654,SYN_P_0196,SYN_P_0640,2026-07-04 03:00:00,Document,inbound
EMAIL_07655,SYN_P_0198,SYN_P_0060,2025-04-14 05:00:00,Meeting,outbound
EMAIL_07656,SYN_P_0975,SYN_P_0896,2025-04-05 19:00:00,Delivery,inbound
EMAIL_07657,SYN_P_0410,SYN_P_0329,2025-09-26 03:00:00,Request,outbound
EMAIL_07658,SYN_P_0762,SYN_P_0151,2024-02-07 03:00:00,Request,outbound
EMAIL_07659,SYN_P_0866,SYN_P_0461,2024-09-12 05:00:00,Account,outbound
EMAIL_07660,SYN_P_0133,SYN_P_0726,2024-08-20 07:00:00,Meeting,outbound
EMAIL_07661,SYN_P_0064,SYN_P_0421,2025-07-08 07:00:00,Document,outbound
EMAIL_07662,SYN_P_0779,SYN_P_0224,2025-11-16 07:00:00,Request,outbound
EMAIL_07663,SYN_P_0020,SYN_P_0990,2026-07-22 21:00:00,Meeting,outbound
EMAIL_07664,SYN_P_0677,SYN_P_0481,2026-10-11 05:00:00,Document,inbound
EMAIL_07665,SYN_P_0933,SYN_P_0868,2026-09-19 11:00:00,Meeting,inbound
EMAIL_07666,SYN_P_0302,SYN_P_0817,2024-02-15 19:00:00,Meeting,outbound
EMAIL_07667,SYN_P_0913,SYN_P_0451,2025-12-13 11:00:00,Delivery,outbound
EMAIL_07668,SYN_P_0585,SYN_P_0425,2024-07-16 15:00:00,Invoice,inbound
EMAIL_07669,SYN_P_0450,SYN_P_0681,2024-03-31 22:00:00,Document,inbound
EMAIL_07670,SYN_P_0237,SYN_P_0955,2024-11-04 03:00:00,Delivery,inbound
EMAIL_07671,SYN_P_0235,SYN_P_0465,2024-05-31 17:00:00,Account,outbound
EMAIL_07672,SYN_P_0515,SYN_P_0368,2026-01-01 09:00:00,Invoice,outbound
EMAIL_07673,SYN_P_1024,SYN_P_0500,2026-01-14 07:00:00,Document,outbound
EMAIL_07674,SYN_P_0519,SYN_P_0927,2024-11-11 20:00:00,Request,outbound
EMAIL_07675,SYN_P_0934,SYN_P_0734,2025-11-28 00:00:00,Account,inbound
EMAIL_07676,SYN_P_0752,SYN_P_0159,2024-05-02 10:00:00,Invoice,inbound
EMAIL_07677,SYN_P_0361,SYN_P_0046,2026-10-08 03:00:00,Invoice,outbound
EMAIL_07678,SYN_P_0984,SYN_P_0178,2025-10-19 19:00:00,Delivery,outbound
EMAIL_07679,SYN_P_0923,SYN_P_0940,2025-03-22 14:00:00,Request,inbound
EMAIL_07680,SYN_P_0198,SYN_P_0846,2026-04-16 11:00:00,Invoice,outbound
EMAIL_07681,SYN_P_0544,SYN_P_0474,2025-12-11 00:00:00,Delivery,inbound
EMAIL_07682,SYN_P_0262,SYN_P_0549,2026-05-28 02:00:00,Request,outbound
EMAIL_07683,SYN_P_0197,SYN_P_1014,2025-09-10 09:00:00,Request,outbound
EMAIL_07684,SYN_P_0357,SYN_P_0666,2024-07-19 15:00:00,Meeting,inbound
EMAIL_07685,SYN_P_0972,SYN_P_0566,2025-05-22 20:00:00,Delivery,outbound
EMAIL_07686,SYN_P_0875,SYN_P_0627,2025-03-13 03:00:00,Account,inbound
EMAIL_07687,SYN_P_0845,SYN_P_1024,2025-11-20 22:00:00,Account,inbound
EMAIL_07688,SYN_P_0169,SYN_P_0558,2024-11-09 11:00:00,Invoice,inbound
EMAIL_07689,SYN_P_1001,SYN_P_0505,2026-11-05 08:00:00,Request,outbound
EMAIL_07690,SYN_P_0906,SYN_P_0788,2025-06-01 11:00:00,Account,outbound
EMAIL_07691,SYN_P_0153,SYN_P_0137,2025-03-28 07:00:00,Delivery,inbound
EMAIL_07692,SYN_P_0960,SYN_P_0057,2024-07-31 01:00:00,Request,outbound
EMAIL_07693,SYN_P_0759,SYN_P_0738,2026-03-20 20:00:00,Meeting,outbound
EMAIL_07694,SYN_P_0777,SYN_P_0547,2026-09-29 23:00:00,Document,inbound
EMAIL_07695,SYN_P_0690,SYN_P_0289,2026-03-23 22:00:00,Invoice,outbound
EMAIL_07696,SYN_P_0041,SYN_P_0571,2025-02-16 04:00:00,Meeting,outbound
EMAIL_07697,SYN_P_0855,SYN_P_0308,2024-09-12 07:00:00,Meeting,inbound
EMAIL_07698,SYN_P_0811,SYN_P_0994,2025-12-15 19:00:00,Invoice,outbound
EMAIL_07699,SYN_P_0052,SYN_P_0983,2024-06-26 05:00:00,Meeting,inbound
EMAIL_07700,SYN_P_0673,SYN_P_0997,2024-09-24 19:00:00,Document,inbound
EMAIL_07701,SYN_P_0390,SYN_P_0444,2024-01-13 03:00:00,Account,outbound
EMAIL_07702,SYN_P_0626,SYN_P_0589,2025-04-25 08:00:00,Invoice,outbound
EMAIL_07703,SYN_P_0931,SYN_P_0050,2024-11-09 09:00:00,Invoice,inbound
EMAIL_07704,SYN_P_0297,SYN_P_1014,2025-01-23 16:00:00,Invoice,inbound
EMAIL_07705,SYN_P_0082,SYN_P_0077,2024-02-06 15:00:00,Delivery,outbound
EMAIL_07706,SYN_P_0016,SYN_P_0615,2025-08-05 22:00:00,Document,outbound
EMAIL_07707,SYN_P_0365,SYN_P_0626,2025-01-17 19:00:00,Request,outbound
EMAIL_07708,SYN_P_0909,SYN_P_0236,2025-08-02 22:00:00,Account,outbound
EMAIL_07709,SYN_P_0345,SYN_P_0157,2025-06-13 21:00:00,Account,outbound
EMAIL_07710,SYN_P_0261,SYN_P_0456,2026-06-07 05:00:00,Document,outbound
EMAIL_07711,SYN_P_0954,SYN_P_0424,2026-01-18 01:00:00,Invoice,outbound
EMAIL_07712,SYN_P_0066,SYN_P_0671,2025-10-25 11:00:00,Account,inbound
EMAIL_07713,SYN_P_0228,SYN_P_0720,2026-07-08 11:00:00,Account,inbound
EMAIL_07714,SYN_P_0123,SYN_P_0921,2024-11-15 21:00:00,Account,inbound
EMAIL_07715,SYN_P_0742,SYN_P_0661,2026-04-05 19:00:00,Delivery,outbound
EMAIL_07716,SYN_P_0723,SYN_P_0973,2025-12-30 06:00:00,Invoice,outbound
EMAIL_07717,SYN_P_0148,SYN_P_0949,2025-01-08 06:00:00,Document,inbound
EMAIL_07718,SYN_P_0379,SYN_P_0838,2025-09-16 15:00:00,Invoice,outbound
EMAIL_07719,SYN_P_0601,SYN_P_0316,2026-06-05 04:00:00,Document,outbound
EMAIL_07720,SYN_P_0300,SYN_P_0204,2026-07-06 21:00:00,Document,inbound
EMAIL_07721,SYN_P_0002,SYN_P_0815,2024-08-25 04:00:00,Meeting,inbound
EMAIL_07722,SYN_P_0059,SYN_P_0030,2025-09-02 20:00:00,Meeting,outbound
EMAIL_07723,SYN_P_0390,SYN_P_1000,2026-02-23 08:00:00,Delivery,inbound
EMAIL_07724,SYN_P_0219,SYN_P_0915,2025-06-24 22:00:00,Meeting,inbound
EMAIL_07725,SYN_P_0913,SYN_P_0550,2026-01-07 18:00:00,Account,outbound
EMAIL_07726,SYN_P_0950,SYN_P_0172,2025-03-07 05:00:00,Document,outbound
EMAIL_07727,SYN_P_0476,SYN_P_0352,2025-11-19 18:00:00,Account,outbound
EMAIL_07728,SYN_P_0274,SYN_P_0637,2026-04-09 13:00:00,Document,inbound
EMAIL_07729,SYN_P_0196,SYN_P_0919,2024-06-18 19:00:00,Meeting,inbound
EMAIL_07730,SYN_P_0920,SYN_P_0960,2026-06-13 07:00:00,Delivery,outbound
EMAIL_07731,SYN_P_0313,SYN_P_0945,2024-05-04 14:00:00,Request,outbound
EMAIL_07732,SYN_P_1011,SYN_P_0351,2024-09-22 15:00:00,Request,outbound
EMAIL_07733,SYN_P_0023,SYN_P_0657,2026-08-18 22:00:00,Delivery,inbound
EMAIL_07734,SYN_P_0576,SYN_P_0409,2026-08-07 18:00:00,Request,outbound
EMAIL_07735,SYN_P_0718,SYN_P_0198,2026-08-30 21:00:00,Delivery,outbound
EMAIL_07736,SYN_P_0430,SYN_P_0848,2025-09-14 20:00:00,Document,outbound
EMAIL_07737,SYN_P_0675,SYN_P_0221,2024-05-24 12:00:00,Invoice,outbound
EMAIL_07738,SYN_P_0182,SYN_P_0888,2026-02-26 03:00:00,Delivery,outbound
EMAIL_07739,SYN_P_0051,SYN_P_0065,2025-05-04 21:00:00,Request,inbound
EMAIL_07740,SYN_P_0312,SYN_P_0640,2024-03-18 02:00:00,Delivery,outbound
EMAIL_07741,SYN_P_0733,SYN_P_0333,2025-04-01 04:00:00,Account,inbound
EMAIL_07742,SYN_P_0658,SYN_P_0621,2026-09-13 15:00:00,Invoice,outbound
EMAIL_07743,SYN_P_0972,SYN_P_0907,2025-06-05 07:00:00,Account,outbound
EMAIL_07744,SYN_P_0877,SYN_P_0358,2025-10-31 16:00:00,Request,outbound
EMAIL_07745,SYN_P_0422,SYN_P_0335,2026-06-01 22:00:00,Delivery,inbound
EMAIL_07746,SYN_P_0507,SYN_P_0779,2025-09-05 11:00:00,Account,inbound
EMAIL_07747,SYN_P_1004,SYN_P_0053,2024-11-18 10:00:00,Invoice,outbound
EMAIL_07748,SYN_P_0851,SYN_P_0224,2026-07-20 06:00:00,Invoice,inbound
EMAIL_07749,SYN_P_1035,SYN_P_0858,2025-11-25 07:00:00,Invoice,inbound
EMAIL_07750,SYN_P_0736,SYN_P_0877,2024-06-20 09:00:00,Account,inbound
EMAIL_07751,SYN_P_0287,SYN_P_0051,2024-02-18 19:00:00,Invoice,outbound
EMAIL_07752,SYN_P_0350,SYN_P_0069,2026-01-13 01:00:00,Meeting,outbound
EMAIL_07753,SYN_P_0552,SYN_P_0656,2025-08-25 21:00:00,Account,inbound
EMAIL_07754,SYN_P_0499,SYN_P_0332,2024-08-25 06:00:00,Invoice,outbound
EMAIL_07755,SYN_P_0785,SYN_P_0922,2026-01-14 05:00:00,Document,inbound
EMAIL_07756,SYN_P_0202,SYN_P_0739,2025-11-03 13:00:00,Request,outbound
EMAIL_07757,SYN_P_0991,SYN_P_0437,2024-12-21 04:00:00,Delivery,outbound
EMAIL_07758,SYN_P_0277,SYN_P_0634,2024-11-16 06:00:00,Delivery,inbound
EMAIL_07759,SYN_P_0005,SYN_P_0049,2024-02-11 04:00:00,Document,inbound
EMAIL_07760,SYN_P_0823,SYN_P_0143,2026-10-30 21:00:00,Meeting,outbound
EMAIL_07761,SYN_P_1028,SYN_P_0014,2025-08-31 01:00:00,Request,outbound
EMAIL_07762,SYN_P_0768,SYN_P_0874,2026-07-18 05:00:00,Document,inbound
EMAIL_07763,SYN_P_0258,SYN_P_0086,2026-07-24 21:00:00,Meeting,inbound
EMAIL_07764,SYN_P_0945,SYN_P_0958,2024-01-11 10:00:00,Invoice,outbound
EMAIL_07765,SYN_P_0698,SYN_P_0670,2024-03-09 13:00:00,Account,outbound
EMAIL_07766,SYN_P_0582,SYN_P_0099,2026-09-09 07:00:00,Delivery,inbound
EMAIL_07767,SYN_P_0376,SYN_P_0368,2025-06-22 01:00:00,Document,outbound
EMAIL_07768,SYN_P_0441,SYN_P_0581,2024-03-29 13:00:00,Request,outbound
EMAIL_07769,SYN_P_0055,SYN_P_0028,2024-08-29 09:00:00,Document,outbound
EMAIL_07770,SYN_P_0732,SYN_P_0617,2025-01-15 23:00:00,Account,inbound
EMAIL_07771,SYN_P_0776,SYN_P_0854,2026-03-08 11:00:00,Document,outbound
EMAIL_07772,SYN_P_0312,SYN_P_0630,2025-11-14 01:00:00,Document,inbound
EMAIL_07773,SYN_P_0736,SYN_P_0882,2024-12-14 17:00:00,Delivery,inbound
EMAIL_07774,SYN_P_0625,SYN_P_0310,2025-04-06 06:00:00,Request,outbound
EMAIL_07775,SYN_P_0029,SYN_P_0890,2026-02-27 02:00:00,Document,outbound
EMAIL_07776,SYN_P_0361,SYN_P_0509,2025-02-08 19:00:00,Delivery,outbound
EMAIL_07777,SYN_P_0372,SYN_P_0230,2026-03-01 03:00:00,Invoice,inbound
EMAIL_07778,SYN_P_0518,SYN_P_1030,2025-12-18 05:00:00,Document,outbound
EMAIL_07779,SYN_P_0442,SYN_P_0629,2025-10-29 20:00:00,Delivery,outbound
EMAIL_07780,SYN_P_0862,SYN_P_1013,2025-09-14 08:00:00,Invoice,inbound
EMAIL_07781,SYN_P_0872,SYN_P_0827,2026-10-17 06:00:00,Account,outbound
EMAIL_07782,SYN_P_0273,SYN_P_0001,2025-09-24 07:00:00,Account,inbound
EMAIL_07783,SYN_P_0306,SYN_P_0459,2026-07-06 20:00:00,Request,inbound
EMAIL_07784,SYN_P_0563,SYN_P_0305,2026-09-21 02:00:00,Meeting,inbound
EMAIL_07785,SYN_P_0584,SYN_P_0215,2025-07-19 03:00:00,Meeting,outbound
EMAIL_07786,SYN_P_0074,SYN_P_0741,2026-08-25 20:00:00,Account,inbound
EMAIL_07787,SYN_P_0425,SYN_P_1011,2026-08-25 17:00:00,Request,inbound
EMAIL_07788,SYN_P_0655,SYN_P_0485,2026-02-06 10:00:00,Request,outbound
EMAIL_07789,SYN_P_0332,SYN_P_0633,2024-09-02 06:00:00,Document,outbound
EMAIL_07790,SYN_P_0513,SYN_P_0710,2026-01-29 13:00:00,Delivery,outbound
EMAIL_07791,SYN_P_0152,SYN_P_1027,2025-07-14 09:00:00,Delivery,inbound
EMAIL_07792,SYN_P_0596,SYN_P_0527,2026-10-19 08:00:00,Invoice,inbound
EMAIL_07793,SYN_P_0001,SYN_P_0313,2025-11-13 23:00:00,Meeting,outbound
EMAIL_07794,SYN_P_0504,SYN_P_0070,2024-11-25 00:00:00,Meeting,inbound
EMAIL_07795,SYN_P_0520,SYN_P_0401,2024-07-02 10:00:00,Invoice,inbound
EMAIL_07796,SYN_P_0776,SYN_P_0538,2024-09-06 12:00:00,Delivery,outbound
EMAIL_07797,SYN_P_0678,SYN_P_0822,2025-03-05 22:00:00,Request,inbound
EMAIL_07798,SYN_P_0743,SYN_P_0382,2024-02-29 12:00:00,Account,outbound
EMAIL_07799,SYN_P_0403,SYN_P_1040,2026-09-19 13:00:00,Invoice,outbound
EMAIL_07800,SYN_P_0270,SYN_P_0506,2024-03-21 06:00:00,Account,inbound
EMAIL_07801,SYN_P_0548,SYN_P_0575,2025-09-15 23:00:00,Invoice,outbound
EMAIL_07802,SYN_P_0965,SYN_P_0350,2024-11-27 00:00:00,Document,outbound
EMAIL_07803,SYN_P_0195,SYN_P_0625,2026-05-09 02:00:00,Request,inbound
EMAIL_07804,SYN_P_0328,SYN_P_0794,2026-10-03 14:00:00,Account,outbound
EMAIL_07805,SYN_P_1012,SYN_P_0507,2024-03-16 01:00:00,Invoice,outbound
EMAIL_07806,SYN_P_0775,SYN_P_0221,2026-04-22 02:00:00,Invoice,inbound
EMAIL_07807,SYN_P_0237,SYN_P_0258,2026-07-05 22:00:00,Delivery,outbound
EMAIL_07808,SYN_P_0363,SYN_P_0867,2025-03-08 11:00:00,Invoice,outbound
EMAIL_07809,SYN_P_0406,SYN_P_0866,2026-02-08 02:00:00,Invoice,outbound
EMAIL_07810,SYN_P_0497,SYN_P_0089,2024-04-25 17:00:00,Request,inbound
EMAIL_07811,SYN_P_0442,SYN_P_0988,2025-04-17 01:00:00,Meeting,inbound
EMAIL_07812,SYN_P_0461,SYN_P_0606,2026-04-01 18:00:00,Document,outbound
EMAIL_07813,SYN_P_0999,SYN_P_0550,2025-04-27 23:00:00,Account,outbound
EMAIL_07814,SYN_P_0446,SYN_P_0676,2025-03-23 12:00:00,Request,outbound
EMAIL_07815,SYN_P_0249,SYN_P_0373,2026-02-01 17:00:00,Invoice,inbound
EMAIL_07816,SYN_P_0501,SYN_P_0257,2025-08-28 13:00:00,Invoice,inbound
EMAIL_07817,SYN_P_0572,SYN_P_0879,2026-07-31 13:00:00,Document,inbound
EMAIL_07818,SYN_P_0503,SYN_P_0001,2024-11-25 11:00:00,Request,outbound
EMAIL_07819,SYN_P_0837,SYN_P_0040,2026-06-30 16:00:00,Meeting,outbound
EMAIL_07820,SYN_P_0325,SYN_P_0579,2026-07-06 14:00:00,Account,outbound
EMAIL_07821,SYN_P_0252,SYN_P_0619,2025-05-15 16:00:00,Invoice,outbound
EMAIL_07822,SYN_P_0551,SYN_P_0061,2025-06-10 07:00:00,Delivery,outbound
EMAIL_07823,SYN_P_0043,SYN_P_0133,2025-09-09 11:00:00,Account,inbound
EMAIL_07824,SYN_P_1021,SYN_P_0401,2025-09-02 19:00:00,Meeting,outbound
EMAIL_07825,SYN_P_0926,SYN_P_0308,2024-11-21 23:00:00,Meeting,inbound
EMAIL_07826,SYN_P_0983,SYN_P_0801,2024-10-09 12:00:00,Meeting,outbound
EMAIL_07827,SYN_P_0440,SYN_P_0770,2026-01-02 08:00:00,Meeting,inbound
EMAIL_07828,SYN_P_0223,SYN_P_0015,2025-04-24 14:00:00,Invoice,inbound
EMAIL_07829,SYN_P_0538,SYN_P_0237,2024-02-02 06:00:00,Delivery,inbound
EMAIL_07830,SYN_P_0283,SYN_P_0615,2025-08-08 17:00:00,Request,inbound
EMAIL_07831,SYN_P_0525,SYN_P_0199,2025-12-21 14:00:00,Invoice,inbound
EMAIL_07832,SYN_P_0175,SYN_P_0105,2025-06-04 23:00:00,Request,outbound
EMAIL_07833,SYN_P_0898,SYN_P_0869,2024-04-21 20:00:00,Invoice,outbound
EMAIL_07834,SYN_P_0257,SYN_P_0511,2026-08-26 16:00:00,Delivery,outbound
EMAIL_07835,SYN_P_0619,SYN_P_0939,2024-07-07 16:00:00,Delivery,inbound
EMAIL_07836,SYN_P_0346,SYN_P_1021,2024-04-03 02:00:00,Delivery,inbound
EMAIL_07837,SYN_P_0892,SYN_P_0616,2025-08-14 14:00:00,Document,outbound
EMAIL_07838,SYN_P_0560,SYN_P_0922,2024-06-21 09:00:00,Delivery,inbound
EMAIL_07839,SYN_P_0937,SYN_P_0959,2025-08-29 03:00:00,Document,inbound
EMAIL_07840,SYN_P_0417,SYN_P_0929,2024-09-04 10:00:00,Document,outbound
EMAIL_07841,SYN_P_0419,SYN_P_1013,2024-09-12 18:00:00,Request,inbound
EMAIL_07842,SYN_P_0981,SYN_P_0693,2025-08-22 14:00:00,Delivery,outbound
EMAIL_07843,SYN_P_1028,SYN_P_0803,2025-10-21 18:00:00,Document,outbound
EMAIL_07844,SYN_P_0479,SYN_P_0934,2024-01-20 12:00:00,Request,outbound
EMAIL_07845,SYN_P_0043,SYN_P_0031,2025-01-29 02:00:00,Request,inbound
EMAIL_07846,SYN_P_0689,SYN_P_0679,2024-12-07 07:00:00,Invoice,outbound
EMAIL_07847,SYN_P_0154,SYN_P_0296,2025-06-25 20:00:00,Meeting,inbound
EMAIL_07848,SYN_P_0058,SYN_P_0772,2024-08-22 11:00:00,Delivery,outbound
EMAIL_07849,SYN_P_0043,SYN_P_0494,2026-04-21 09:00:00,Account,outbound
EMAIL_07850,SYN_P_0192,SYN_P_0323,2025-09-23 14:00:00,Request,outbound
EMAIL_07851,SYN_P_0907,SYN_P_0711,2025-01-13 12:00:00,Meeting,inbound
EMAIL_07852,SYN_P_0984,SYN_P_0291,2025-10-12 20:00:00,Account,outbound
EMAIL_07853,SYN_P_0243,SYN_P_1013,2024-11-21 22:00:00,Account,outbound
EMAIL_07854,SYN_P_0561,SYN_P_0708,2026-11-03 22:00:00,Account,outbound
EMAIL_07855,SYN_P_0680,SYN_P_0590,2024-02-29 13:00:00,Delivery,inbound
EMAIL_07856,SYN_P_0059,SYN_P_0460,2025-04-28 03:00:00,Invoice,inbound
EMAIL_07857,SYN_P_0704,SYN_P_0110,2026-10-29 17:00:00,Account,inbound
EMAIL_07858,SYN_P_0735,SYN_P_0186,2024-01-25 15:00:00,Account,outbound
EMAIL_07859,SYN_P_0166,SYN_P_0084,2026-02-14 22:00:00,Meeting,inbound
EMAIL_07860,SYN_P_0404,SYN_P_0368,2024-04-26 09:00:00,Document,inbound
EMAIL_07861,SYN_P_0006,SYN_P_0960,2025-10-08 20:00:00,Account,inbound
EMAIL_07862,SYN_P_0979,SYN_P_0930,2025-12-10 06:00:00,Request,inbound
EMAIL_07863,SYN_P_0400,SYN_P_0896,2024-02-12 16:00:00,Meeting,inbound
EMAIL_07864,SYN_P_0786,SYN_P_0950,2025-02-08 22:00:00,Document,inbound
EMAIL_07865,SYN_P_0734,SYN_P_0700,2026-04-24 10:00:00,Request,inbound
EMAIL_07866,SYN_P_0529,SYN_P_0096,2025-02-17 19:00:00,Request,inbound
EMAIL_07867,SYN_P_0109,SYN_P_0905,2026-05-13 09:00:00,Invoice,inbound
EMAIL_07868,SYN_P_0238,SYN_P_0116,2026-09-05 18:00:00,Document,outbound
EMAIL_07869,SYN_P_0019,SYN_P_0396,2026-07-10 16:00:00,Request,inbound
EMAIL_07870,SYN_P_0575,SYN_P_0764,2026-04-15 17:00:00,Meeting,outbound
EMAIL_07871,SYN_P_0690,SYN_P_0036,2024-10-18 01:00:00,Delivery,inbound
EMAIL_07872,SYN_P_0137,SYN_P_0808,2026-03-06 18:00:00,Delivery,outbound
EMAIL_07873,SYN_P_1039,SYN_P_0728,2024-11-20 04:00:00,Document,inbound
EMAIL_07874,SYN_P_0989,SYN_P_0106,2026-01-17 22:00:00,Request,inbound
EMAIL_07875,SYN_P_0377,SYN_P_0042,2024-03-14 22:00:00,Account,inbound
EMAIL_07876,SYN_P_0396,SYN_P_0056,2026-01-28 17:00:00,Meeting,inbound
EMAIL_07877,SYN_P_0037,SYN_P_0826,2026-07-09 22:00:00,Request,inbound
EMAIL_07878,SYN_P_0699,SYN_P_0122,2024-07-10 22:00:00,Account,outbound
EMAIL_07879,SYN_P_0260,SYN_P_0741,2024-09-04 23:00:00,Request,inbound
EMAIL_07880,SYN_P_0150,SYN_P_0551,2024-12-13 00:00:00,Invoice,inbound
EMAIL_07881,SYN_P_0369,SYN_P_0121,2025-04-22 00:00:00,Account,inbound
EMAIL_07882,SYN_P_0793,SYN_P_0325,2026-03-16 04:00:00,Delivery,outbound
EMAIL_07883,SYN_P_0353,SYN_P_0099,2024-09-24 09:00:00,Delivery,outbound
EMAIL_07884,SYN_P_0299,SYN_P_0784,2026-03-05 09:00:00,Delivery,outbound
EMAIL_07885,SYN_P_0658,SYN_P_0300,2025-03-15 01:00:00,Meeting,inbound
EMAIL_07886,SYN_P_0464,SYN_P_0073,2025-06-14 07:00:00,Account,inbound
EMAIL_07887,SYN_P_0482,SYN_P_0368,2024-05-15 11:00:00,Document,inbound
EMAIL_07888,SYN_P_0550,SYN_P_0771,2024-02-21 13:00:00,Account,outbound
EMAIL_07889,SYN_P_0831,SYN_P_0459,2026-05-12 17:00:00,Invoice,outbound
EMAIL_07890,SYN_P_0996,SYN_P_0909,2024-10-15 04:00:00,Request,inbound
EMAIL_07891,SYN_P_0556,SYN_P_0268,2025-01-07 11:00:00,Document,inbound
EMAIL_07892,SYN_P_0482,SYN_P_0636,2026-03-01 17:00:00,Delivery,outbound
EMAIL_07893,SYN_P_0266,SYN_P_0562,2024-12-03 12:00:00,Invoice,inbound
EMAIL_07894,SYN_P_1034,SYN_P_0931,2025-02-08 00:00:00,Request,inbound
EMAIL_07895,SYN_P_0567,SYN_P_0470,2026-04-02 13:00:00,Account,inbound
EMAIL_07896,SYN_P_0556,SYN_P_0347,2025-02-25 12:00:00,Request,inbound
EMAIL_07897,SYN_P_0960,SYN_P_0069,2025-08-21 09:00:00,Request,inbound
EMAIL_07898,SYN_P_0065,SYN_P_0316,2024-06-25 23:00:00,Meeting,inbound
EMAIL_07899,SYN_P_0048,SYN_P_0155,2026-03-22 12:00:00,Request,inbound
EMAIL_07900,SYN_P_0492,SYN_P_0266,2026-01-13 19:00:00,Request,inbound
EMAIL_07901,SYN_P_0998,SYN_P_0634,2026-01-16 14:00:00,Invoice,outbound
EMAIL_07902,SYN_P_0505,SYN_P_0820,2024-10-15 21:00:00,Delivery,inbound
EMAIL_07903,SYN_P_0829,SYN_P_0108,2024-08-29 22:00:00,Account,outbound
EMAIL_07904,SYN_P_0269,SYN_P_0398,2026-01-18 22:00:00,Document,inbound
EMAIL_07905,SYN_P_0242,SYN_P_0672,2025-06-16 04:00:00,Invoice,outbound
EMAIL_07906,SYN_P_0714,SYN_P_0081,2025-07-11 21:00:00,Delivery,outbound
EMAIL_07907,SYN_P_0734,SYN_P_0338,2026-08-11 12:00:00,Request,inbound
EMAIL_07908,SYN_P_0319,SYN_P_0546,2024-04-28 09:00:00,Meeting,outbound
EMAIL_07909,SYN_P_0935,SYN_P_0577,2025-07-06 01:00:00,Request,outbound
EMAIL_07910,SYN_P_0151,SYN_P_0491,2024-08-31 14:00:00,Request,inbound
EMAIL_07911,SYN_P_0005,SYN_P_0397,2025-12-02 10:00:00,Invoice,inbound
EMAIL_07912,SYN_P_0751,SYN_P_0659,2025-10-06 14:00:00,Meeting,inbound
EMAIL_07913,SYN_P_0652,SYN_P_0560,2026-10-17 22:00:00,Invoice,inbound
EMAIL_07914,SYN_P_0774,SYN_P_0028,2024-07-07 07:00:00,Invoice,inbound
EMAIL_07915,SYN_P_0687,SYN_P_0904,2025-12-06 01:00:00,Account,inbound
EMAIL_07916,SYN_P_0439,SYN_P_0876,2024-05-03 18:00:00,Account,outbound
EMAIL_07917,SYN_P_0625,SYN_P_0245,2024-11-21 02:00:00,Meeting,inbound
EMAIL_07918,SYN_P_0750,SYN_P_0682,2024-02-20 03:00:00,Invoice,outbound
EMAIL_07919,SYN_P_0213,SYN_P_0852,2025-02-25 22:00:00,Document,outbound
EMAIL_07920,SYN_P_0177,SYN_P_0113,2024-02-27 09:00:00,Document,outbound
EMAIL_07921,SYN_P_0111,SYN_P_0942,2024-05-19 21:00:00,Request,inbound
EMAIL_07922,SYN_P_0797,SYN_P_0814,2026-02-12 21:00:00,Delivery,inbound
EMAIL_07923,SYN_P_0612,SYN_P_0074,2024-08-09 15:00:00,Document,inbound
EMAIL_07924,SYN_P_0228,SYN_P_1027,2026-06-27 20:00:00,Meeting,outbound
EMAIL_07925,SYN_P_0378,SYN_P_0431,2026-09-28 01:00:00,Document,inbound
EMAIL_07926,SYN_P_0221,SYN_P_0437,2025-01-07 15:00:00,Request,outbound
EMAIL_07927,SYN_P_0891,SYN_P_0586,2025-12-08 12:00:00,Meeting,outbound
EMAIL_07928,SYN_P_0601,SYN_P_0381,2025-08-02 13:00:00,Invoice,inbound
EMAIL_07929,SYN_P_0794,SYN_P_0404,2026-02-06 16:00:00,Account,outbound
EMAIL_07930,SYN_P_0102,SYN_P_0289,2026-10-29 02:00:00,Request,outbound
EMAIL_07931,SYN_P_0223,SYN_P_0724,2026-03-01 12:00:00,Document,outbound
EMAIL_07932,SYN_P_0841,SYN_P_0093,2026-07-31 23:00:00,Account,inbound
EMAIL_07933,SYN_P_0769,SYN_P_0208,2024-07-02 14:00:00,Account,inbound
EMAIL_07934,SYN_P_0519,SYN_P_0221,2026-07-03 13:00:00,Meeting,outbound
EMAIL_07935,SYN_P_0283,SYN_P_0848,2026-04-11 21:00:00,Invoice,outbound
EMAIL_07936,SYN_P_0821,SYN_P_0570,2026-01-18 15:00:00,Document,outbound
EMAIL_07937,SYN_P_0287,SYN_P_0589,2025-02-24 16:00:00,Request,outbound
EMAIL_07938,SYN_P_0641,SYN_P_0185,2026-08-21 22:00:00,Document,outbound
EMAIL_07939,SYN_P_0646,SYN_P_0597,2024-12-14 08:00:00,Meeting,inbound
EMAIL_07940,SYN_P_0544,SYN_P_0917,2025-04-23 06:00:00,Document,outbound
EMAIL_07941,SYN_P_0642,SYN_P_0015,2025-07-14 13:00:00,Request,inbound
EMAIL_07942,SYN_P_0768,SYN_P_0235,2025-06-02 03:00:00,Delivery,outbound
EMAIL_07943,SYN_P_0979,SYN_P_0767,2025-07-09 05:00:00,Invoice,inbound
EMAIL_07944,SYN_P_0760,SYN_P_0643,2024-12-04 01:00:00,Request,inbound
EMAIL_07945,SYN_P_0382,SYN_P_0150,2026-10-25 21:00:00,Document,inbound
EMAIL_07946,SYN_P_0429,SYN_P_0455,2026-06-03 20:00:00,Delivery,inbound
EMAIL_07947,SYN_P_0238,SYN_P_0127,2025-09-19 20:00:00,Request,outbound
EMAIL_07948,SYN_P_0172,SYN_P_0567,2024-06-04 20:00:00,Delivery,inbound
EMAIL_07949,SYN_P_0341,SYN_P_0695,2024-05-28 22:00:00,Delivery,outbound
EMAIL_07950,SYN_P_0220,SYN_P_0623,2025-12-02 02:00:00,Delivery,inbound
EMAIL_07951,SYN_P_0703,SYN_P_0322,2025-01-12 08:00:00,Meeting,outbound
EMAIL_07952,SYN_P_0503,SYN_P_0564,2025-05-25 11:00:00,Meeting,outbound
EMAIL_07953,SYN_P_0903,SYN_P_0383,2025-08-03 03:00:00,Meeting,outbound
EMAIL_07954,SYN_P_0465,SYN_P_1018,2026-09-04 05:00:00,Document,outbound
EMAIL_07955,SYN_P_0557,SYN_P_0318,2024-03-27 17:00:00,Meeting,outbound
EMAIL_07956,SYN_P_0923,SYN_P_0381,2024-09-16 23:00:00,Document,outbound
EMAIL_07957,SYN_P_0399,SYN_P_0527,2025-05-09 08:00:00,Account,outbound
EMAIL_07958,SYN_P_0939,SYN_P_0345,2024-05-10 14:00:00,Delivery,outbound
EMAIL_07959,SYN_P_0491,SYN_P_0467,2025-01-12 23:00:00,Document,outbound
EMAIL_07960,SYN_P_0992,SYN_P_0071,2026-09-22 10:00:00,Request,outbound
EMAIL_07961,SYN_P_0819,SYN_P_0460,2026-04-28 05:00:00,Meeting,inbound
EMAIL_07962,SYN_P_0742,SYN_P_0372,2025-07-25 18:00:00,Invoice,outbound
EMAIL_07963,SYN_P_0159,SYN_P_0519,2024-09-28 02:00:00,Invoice,outbound
EMAIL_07964,SYN_P_0296,SYN_P_0508,2024-01-25 23:00:00,Meeting,outbound
EMAIL_07965,SYN_P_0327,SYN_P_0970,2024-09-19 09:00:00,Delivery,inbound
EMAIL_07966,SYN_P_0185,SYN_P_0555,2025-03-09 04:00:00,Document,inbound
EMAIL_07967,SYN_P_0908,SYN_P_0764,2024-04-15 16:00:00,Account,inbound
EMAIL_07968,SYN_P_0671,SYN_P_0098,2026-08-03 19:00:00,Invoice,inbound
EMAIL_07969,SYN_P_0115,SYN_P_0531,2024-04-20 10:00:00,Delivery,inbound
EMAIL_07970,SYN_P_0087,SYN_P_0179,2025-10-16 00:00:00,Meeting,outbound
EMAIL_07971,SYN_P_0812,SYN_P_0288,2024-05-13 01:00:00,Meeting,outbound
EMAIL_07972,SYN_P_0431,SYN_P_0449,2025-03-06 20:00:00,Delivery,outbound
EMAIL_07973,SYN_P_0096,SYN_P_0362,2024-01-17 13:00:00,Invoice,outbound
EMAIL_07974,SYN_P_0391,SYN_P_0790,2026-05-03 12:00:00,Meeting,outbound
EMAIL_07975,SYN_P_0103,SYN_P_0077,2026-07-05 08:00:00,Account,inbound
EMAIL_07976,SYN_P_0071,SYN_P_0913,2024-01-06 09:00:00,Account,outbound
EMAIL_07977,SYN_P_0265,SYN_P_0426,2025-10-29 08:00:00,Account,outbound
EMAIL_07978,SYN_P_0095,SYN_P_0526,2025-06-20 01:00:00,Document,outbound
EMAIL_07979,SYN_P_0040,SYN_P_0474,2024-08-30 18:00:00,Account,inbound
EMAIL_07980,SYN_P_0400,SYN_P_0430,2025-05-06 06:00:00,Invoice,outbound
EMAIL_07981,SYN_P_0049,SYN_P_0827,2026-06-22 14:00:00,Document,inbound
EMAIL_07982,SYN_P_0937,SYN_P_0706,2025-04-30 02:00:00,Meeting,outbound
EMAIL_07983,SYN_P_0944,SYN_P_0979,2024-07-07 02:00:00,Request,inbound
EMAIL_07984,SYN_P_0247,SYN_P_0824,2025-11-26 14:00:00,Request,inbound
EMAIL_07985,SYN_P_0359,SYN_P_0105,2025-10-16 16:00:00,Document,inbound
EMAIL_07986,SYN_P_0033,SYN_P_0791,2025-02-10 19:00:00,Delivery,inbound
EMAIL_07987,SYN_P_0868,SYN_P_0831,2024-06-12 00:00:00,Delivery,inbound
EMAIL_07988,SYN_P_0916,SYN_P_0575,2024-01-10 11:00:00,Account,outbound
EMAIL_07989,SYN_P_0064,SYN_P_0836,2026-08-19 11:00:00,Meeting,outbound
EMAIL_07990,SYN_P_0044,SYN_P_1005,2025-02-27 19:00:00,Account,outbound
EMAIL_07991,SYN_P_0939,SYN_P_0580,2024-05-23 17:00:00,Delivery,outbound
EMAIL_07992,SYN_P_0731,SYN_P_0257,2025-03-15 01:00:00,Account,outbound
EMAIL_07993,SYN_P_0683,SYN_P_0521,2026-09-01 14:00:00,Delivery,outbound
EMAIL_07994,SYN_P_0127,SYN_P_0296,2026-03-28 17:00:00,Document,outbound
EMAIL_07995,SYN_P_0754,SYN_P_0756,2025-09-14 22:00:00,Meeting,inbound
EMAIL_07996,SYN_P_0709,SYN_P_0714,2024-04-07 18:00:00,Account,outbound
EMAIL_07997,SYN_P_0951,SYN_P_0318,2026-01-28 10:00:00,Request,outbound
EMAIL_07998,SYN_P_0295,SYN_P_0265,2025-11-09 01:00:00,Account,outbound
EMAIL_07999,SYN_P_0129,SYN_P_0930,2026-01-30 20:00:00,Request,inbound
EMAIL_08000,SYN_P_0805,SYN_P_0905,2025-09-06 16:00:00,Request,inbound
EMAIL_08001,SYN_P_0544,SYN_P_0593,2025-07-14 19:00:00,Delivery,inbound
EMAIL_08002,SYN_P_0119,SYN_P_1040,2025-09-22 11:00:00,Document,outbound
EMAIL_08003,SYN_P_0075,SYN_P_0140,2024-10-06 11:00:00,Meeting,outbound
EMAIL_08004,SYN_P_0940,SYN_P_0873,2024-09-01 13:00:00,Invoice,outbound
EMAIL_08005,SYN_P_0576,SYN_P_0967,2024-06-26 01:00:00,Invoice,outbound
EMAIL_08006,SYN_P_0989,SYN_P_1031,2026-01-06 11:00:00,Delivery,outbound
EMAIL_08007,SYN_P_0956,SYN_P_0789,2026-02-28 19:00:00,Account,inbound
EMAIL_08008,SYN_P_0725,SYN_P_0810,2024-01-16 21:00:00,Invoice,inbound
EMAIL_08009,SYN_P_0505,SYN_P_0681,2024-05-20 18:00:00,Meeting,inbound
EMAIL_08010,SYN_P_0668,SYN_P_0622,2025-01-16 23:00:00,Account,inbound
EMAIL_08011,SYN_P_0031,SYN_P_0961,2024-09-09 03:00:00,Invoice,inbound
EMAIL_08012,SYN_P_0572,SYN_P_0819,2026-09-23 13:00:00,Invoice,outbound
EMAIL_08013,SYN_P_0153,SYN_P_0881,2025-04-28 06:00:00,Request,inbound
EMAIL_08014,SYN_P_0474,SYN_P_0112,2025-11-02 21:00:00,Request,inbound
EMAIL_08015,SYN_P_0487,SYN_P_0707,2024-07-29 21:00:00,Account,inbound
EMAIL_08016,SYN_P_0073,SYN_P_0977,2026-08-23 15:00:00,Document,outbound
EMAIL_08017,SYN_P_0756,SYN_P_0114,2025-07-22 21:00:00,Document,outbound
EMAIL_08018,SYN_P_0229,SYN_P_0465,2024-08-30 20:00:00,Meeting,outbound
EMAIL_08019,SYN_P_0478,SYN_P_0874,2024-12-25 19:00:00,Delivery,outbound
EMAIL_08020,SYN_P_0040,SYN_P_0559,2024-11-19 11:00:00,Request,outbound
EMAIL_08021,SYN_P_0637,SYN_P_0955,2024-05-16 11:00:00,Invoice,outbound
EMAIL_08022,SYN_P_0602,SYN_P_0745,2026-04-19 22:00:00,Meeting,outbound
EMAIL_08023,SYN_P_0599,SYN_P_0075,2024-08-29 01:00:00,Request,outbound
EMAIL_08024,SYN_P_0780,SYN_P_1037,2025-01-11 09:00:00,Account,outbound
EMAIL_08025,SYN_P_0182,SYN_P_0214,2025-08-16 13:00:00,Request,outbound
EMAIL_08026,SYN_P_0926,SYN_P_0841,2025-03-26 04:00:00,Request,inbound
EMAIL_08027,SYN_P_0404,SYN_P_0946,2026-02-03 06:00:00,Invoice,inbound
EMAIL_08028,SYN_P_0464,SYN_P_0327,2025-04-10 15:00:00,Document,inbound
EMAIL_08029,SYN_P_0689,SYN_P_0940,2026-02-19 06:00:00,Account,outbound
EMAIL_08030,SYN_P_1029,SYN_P_0553,2025-04-17 15:00:00,Delivery,inbound
EMAIL_08031,SYN_P_0828,SYN_P_0676,2026-08-07 12:00:00,Request,inbound
EMAIL_08032,SYN_P_0586,SYN_P_0942,2025-10-24 17:00:00,Document,inbound
EMAIL_08033,SYN_P_0689,SYN_P_0031,2025-12-20 19:00:00,Account,outbound
EMAIL_08034,SYN_P_0896,SYN_P_0215,2025-02-27 22:00:00,Invoice,inbound
EMAIL_08035,SYN_P_0624,SYN_P_0666,2026-10-08 13:00:00,Invoice,outbound
EMAIL_08036,SYN_P_0142,SYN_P_0647,2024-12-14 18:00:00,Delivery,outbound
EMAIL_08037,SYN_P_0461,SYN_P_0090,2026-02-06 07:00:00,Request,outbound
EMAIL_08038,SYN_P_0426,SYN_P_0475,2024-05-19 23:00:00,Document,inbound
EMAIL_08039,SYN_P_0207,SYN_P_0032,2026-11-03 09:00:00,Delivery,outbound
EMAIL_08040,SYN_P_0025,SYN_P_0880,2026-05-04 03:00:00,Document,outbound
EMAIL_08041,SYN_P_0420,SYN_P_0457,2024-05-29 16:00:00,Document,inbound
EMAIL_08042,SYN_P_0965,SYN_P_0544,2025-11-18 11:00:00,Document,outbound
EMAIL_08043,SYN_P_0050,SYN_P_0253,2026-05-27 13:00:00,Invoice,inbound
EMAIL_08044,SYN_P_0697,SYN_P_0523,2024-12-18 10:00:00,Document,inbound
EMAIL_08045,SYN_P_0992,SYN_P_0194,2025-09-14 19:00:00,Invoice,inbound
EMAIL_08046,SYN_P_0902,SYN_P_0519,2024-07-26 05:00:00,Account,inbound
EMAIL_08047,SYN_P_0813,SYN_P_0105,2026-01-27 21:00:00,Invoice,outbound
EMAIL_08048,SYN_P_0184,SYN_P_0488,2026-05-28 08:00:00,Account,outbound
EMAIL_08049,SYN_P_0707,SYN_P_0844,2026-05-23 03:00:00,Delivery,outbound
EMAIL_08050,SYN_P_0479,SYN_P_0857,2026-03-25 07:00:00,Document,inbound
EMAIL_08051,SYN_P_0840,SYN_P_0065,2024-08-30 05:00:00,Document,inbound
EMAIL_08052,SYN_P_0624,SYN_P_0881,2024-01-23 17:00:00,Delivery,outbound
EMAIL_08053,SYN_P_0067,SYN_P_0223,2024-09-05 11:00:00,Account,inbound
EMAIL_08054,SYN_P_0900,SYN_P_0980,2024-09-06 04:00:00,Document,inbound
EMAIL_08055,SYN_P_0465,SYN_P_0920,2026-11-05 16:00:00,Invoice,inbound
EMAIL_08056,SYN_P_0259,SYN_P_0773,2026-04-03 10:00:00,Account,outbound
EMAIL_08057,SYN_P_0593,SYN_P_0957,2024-09-26 04:00:00,Document,inbound
EMAIL_08058,SYN_P_0201,SYN_P_0612,2024-01-20 07:00:00,Document,inbound
EMAIL_08059,SYN_P_0963,SYN_P_0262,2025-07-23 05:00:00,Account,outbound
EMAIL_08060,SYN_P_0158,SYN_P_0557,2025-06-12 15:00:00,Invoice,inbound
EMAIL_08061,SYN_P_1017,SYN_P_0868,2026-06-24 13:00:00,Meeting,inbound
EMAIL_08062,SYN_P_1001,SYN_P_0572,2026-04-03 19:00:00,Invoice,outbound
EMAIL_08063,SYN_P_0839,SYN_P_0336,2025-08-11 09:00:00,Request,inbound
EMAIL_08064,SYN_P_0744,SYN_P_0815,2026-02-09 05:00:00,Invoice,outbound
EMAIL_08065,SYN_P_0447,SYN_P_0565,2024-11-29 22:00:00,Invoice,outbound
EMAIL_08066,SYN_P_0966,SYN_P_0313,2024-04-15 17:00:00,Delivery,inbound
EMAIL_08067,SYN_P_0851,SYN_P_0890,2024-02-15 22:00:00,Document,outbound
EMAIL_08068,SYN_P_0960,SYN_P_0082,2025-01-01 20:00:00,Document,outbound
EMAIL_08069,SYN_P_0066,SYN_P_0614,2024-04-23 12:00:00,Delivery,outbound
EMAIL_08070,SYN_P_0786,SYN_P_1034,2024-02-08 21:00:00,Delivery,inbound
EMAIL_08071,SYN_P_0380,SYN_P_1026,2026-02-28 18:00:00,Request,inbound
EMAIL_08072,SYN_P_0256,SYN_P_0251,2024-02-28 00:00:00,Account,inbound
EMAIL_08073,SYN_P_0893,SYN_P_0507,2024-10-23 15:00:00,Invoice,outbound
EMAIL_08074,SYN_P_0787,SYN_P_0181,2024-04-03 18:00:00,Document,inbound
EMAIL_08075,SYN_P_0630,SYN_P_0890,2026-09-18 14:00:00,Invoice,inbound
EMAIL_08076,SYN_P_0760,SYN_P_0794,2024-04-30 14:00:00,Account,outbound
EMAIL_08077,SYN_P_0353,SYN_P_0201,2026-04-13 15:00:00,Account,outbound
EMAIL_08078,SYN_P_0017,SYN_P_0221,2026-02-05 05:00:00,Request,outbound
EMAIL_08079,SYN_P_0870,SYN_P_0884,2025-11-27 10:00:00,Delivery,inbound
EMAIL_08080,SYN_P_0933,SYN_P_0453,2026-03-04 15:00:00,Document,inbound
EMAIL_08081,SYN_P_0031,SYN_P_0052,2024-04-17 19:00:00,Meeting,outbound
EMAIL_08082,SYN_P_0359,SYN_P_0184,2026-10-25 11:00:00,Meeting,outbound
EMAIL_08083,SYN_P_0482,SYN_P_0965,2025-04-21 10:00:00,Account,outbound
EMAIL_08084,SYN_P_0770,SYN_P_0064,2024-10-17 04:00:00,Invoice,outbound
EMAIL_08085,SYN_P_0454,SYN_P_0841,2024-11-12 22:00:00,Request,outbound
EMAIL_08086,SYN_P_0434,SYN_P_0550,2026-10-16 15:00:00,Document,inbound
EMAIL_08087,SYN_P_0532,SYN_P_0238,2024-11-09 03:00:00,Request,outbound
EMAIL_08088,SYN_P_0556,SYN_P_0424,2024-08-14 20:00:00,Account,outbound
EMAIL_08089,SYN_P_0346,SYN_P_0699,2026-01-15 04:00:00,Account,inbound
EMAIL_08090,SYN_P_0247,SYN_P_0588,2024-02-28 07:00:00,Invoice,inbound
EMAIL_08091,SYN_P_0940,SYN_P_0867,2024-06-04 07:00:00,Delivery,outbound
EMAIL_08092,SYN_P_0297,SYN_P_0589,2024-09-26 01:00:00,Request,outbound
EMAIL_08093,SYN_P_0644,SYN_P_0144,2025-01-17 02:00:00,Document,inbound
EMAIL_08094,SYN_P_0291,SYN_P_0925,2025-07-07 07:00:00,Meeting,outbound
EMAIL_08095,SYN_P_0326,SYN_P_0668,2026-01-06 17:00:00,Meeting,inbound
EMAIL_08096,SYN_P_0830,SYN_P_0666,2025-02-14 19:00:00,Account,inbound
EMAIL_08097,SYN_P_0354,SYN_P_0850,2024-06-24 09:00:00,Delivery,outbound
EMAIL_08098,SYN_P_0061,SYN_P_0217,2025-06-21 13:00:00,Request,inbound
EMAIL_08099,SYN_P_0778,SYN_P_0949,2026-11-03 13:00:00,Delivery,inbound
EMAIL_08100,SYN_P_0670,SYN_P_0369,2026-02-13 03:00:00,Document,inbound
EMAIL_08101,SYN_P_0971,SYN_P_0252,2024-06-16 04:00:00,Delivery,outbound
EMAIL_08102,SYN_P_0904,SYN_P_0341,2024-10-18 07:00:00,Account,outbound
EMAIL_08103,SYN_P_0591,SYN_P_0357,2026-02-19 06:00:00,Delivery,outbound
EMAIL_08104,SYN_P_0112,SYN_P_0576,2024-01-13 06:00:00,Request,inbound
EMAIL_08105,SYN_P_0427,SYN_P_0921,2026-06-06 21:00:00,Account,outbound
EMAIL_08106,SYN_P_0489,SYN_P_0721,2026-01-27 19:00:00,Account,outbound
EMAIL_08107,SYN_P_0695,SYN_P_0528,2024-09-01 21:00:00,Document,outbound
EMAIL_08108,SYN_P_0628,SYN_P_0293,2026-10-06 10:00:00,Account,inbound
EMAIL_08109,SYN_P_0373,SYN_P_1030,2024-06-25 02:00:00,Account,inbound
EMAIL_08110,SYN_P_0034,SYN_P_0709,2024-09-18 14:00:00,Document,inbound
EMAIL_08111,SYN_P_0650,SYN_P_0090,2024-04-18 00:00:00,Delivery,outbound
EMAIL_08112,SYN_P_0233,SYN_P_0989,2026-08-08 16:00:00,Request,outbound
EMAIL_08113,SYN_P_0250,SYN_P_0536,2024-06-08 13:00:00,Delivery,outbound
EMAIL_08114,SYN_P_0170,SYN_P_0066,2026-10-28 02:00:00,Request,inbound
EMAIL_08115,SYN_P_0884,SYN_P_0299,2024-11-26 17:00:00,Invoice,outbound
EMAIL_08116,SYN_P_0093,SYN_P_1018,2025-01-06 06:00:00,Delivery,outbound
EMAIL_08117,SYN_P_0251,SYN_P_0746,2025-09-17 11:00:00,Account,inbound
EMAIL_08118,SYN_P_0460,SYN_P_0068,2025-09-29 22:00:00,Account,inbound
EMAIL_08119,SYN_P_0965,SYN_P_0704,2025-03-19 13:00:00,Request,outbound
EMAIL_08120,SYN_P_0432,SYN_P_0361,2026-04-15 15:00:00,Meeting,inbound
EMAIL_08121,SYN_P_0309,SYN_P_1008,2026-05-02 16:00:00,Request,outbound
EMAIL_08122,SYN_P_0817,SYN_P_0664,2026-10-10 14:00:00,Document,inbound
EMAIL_08123,SYN_P_0208,SYN_P_0501,2025-09-12 18:00:00,Document,inbound
EMAIL_08124,SYN_P_0818,SYN_P_0975,2025-04-15 17:00:00,Invoice,outbound
EMAIL_08125,SYN_P_0530,SYN_P_0154,2026-02-02 06:00:00,Delivery,outbound
EMAIL_08126,SYN_P_0305,SYN_P_0014,2024-08-23 18:00:00,Account,outbound
EMAIL_08127,SYN_P_0003,SYN_P_0753,2026-10-15 07:00:00,Meeting,outbound
EMAIL_08128,SYN_P_0892,SYN_P_0668,2025-10-09 06:00:00,Document,inbound
EMAIL_08129,SYN_P_0736,SYN_P_0198,2025-07-07 14:00:00,Request,inbound
EMAIL_08130,SYN_P_0641,SYN_P_0566,2026-04-28 12:00:00,Invoice,inbound
EMAIL_08131,SYN_P_0382,SYN_P_0476,2024-12-25 03:00:00,Meeting,outbound
EMAIL_08132,SYN_P_0256,SYN_P_1003,2026-08-02 23:00:00,Account,inbound
EMAIL_08133,SYN_P_0315,SYN_P_0790,2025-03-27 01:00:00,Document,inbound
EMAIL_08134,SYN_P_0703,SYN_P_0771,2025-12-10 11:00:00,Account,inbound
EMAIL_08135,SYN_P_0795,SYN_P_0009,2024-10-18 05:00:00,Delivery,inbound
EMAIL_08136,SYN_P_0126,SYN_P_0513,2026-07-12 12:00:00,Delivery,inbound
EMAIL_08137,SYN_P_0411,SYN_P_0466,2025-06-05 06:00:00,Account,inbound
EMAIL_08138,SYN_P_0880,SYN_P_0806,2026-07-12 12:00:00,Meeting,outbound
EMAIL_08139,SYN_P_0582,SYN_P_0661,2024-09-04 10:00:00,Document,outbound
EMAIL_08140,SYN_P_1011,SYN_P_0302,2026-10-01 10:00:00,Account,outbound
EMAIL_08141,SYN_P_0217,SYN_P_0701,2025-10-21 05:00:00,Meeting,outbound
EMAIL_08142,SYN_P_0490,SYN_P_0038,2024-06-16 15:00:00,Meeting,inbound
EMAIL_08143,SYN_P_0064,SYN_P_0145,2024-04-12 01:00:00,Delivery,outbound
EMAIL_08144,SYN_P_0335,SYN_P_0127,2026-07-04 22:00:00,Invoice,inbound
EMAIL_08145,SYN_P_0623,SYN_P_0797,2024-05-07 06:00:00,Meeting,inbound
EMAIL_08146,SYN_P_0625,SYN_P_0930,2025-11-12 22:00:00,Document,outbound
EMAIL_08147,SYN_P_0757,SYN_P_0100,2025-07-09 06:00:00,Delivery,outbound
EMAIL_08148,SYN_P_0923,SYN_P_0566,2024-05-21 02:00:00,Delivery,inbound
EMAIL_08149,SYN_P_0712,SYN_P_0586,2025-10-04 17:00:00,Document,inbound
EMAIL_08150,SYN_P_0314,SYN_P_0700,2026-07-03 23:00:00,Document,outbound
EMAIL_08151,SYN_P_0061,SYN_P_0131,2025-09-01 12:00:00,Document,outbound
EMAIL_08152,SYN_P_0037,SYN_P_0212,2024-07-25 20:00:00,Meeting,inbound
EMAIL_08153,SYN_P_0297,SYN_P_0575,2026-05-27 20:00:00,Invoice,outbound
EMAIL_08154,SYN_P_0851,SYN_P_0116,2024-04-04 12:00:00,Document,inbound
EMAIL_08155,SYN_P_0750,SYN_P_0888,2026-04-14 02:00:00,Meeting,inbound
EMAIL_08156,SYN_P_0833,SYN_P_0545,2024-03-11 02:00:00,Invoice,inbound
EMAIL_08157,SYN_P_0430,SYN_P_0549,2024-01-03 04:00:00,Delivery,outbound
EMAIL_08158,SYN_P_0748,SYN_P_0970,2025-06-29 23:00:00,Invoice,outbound
EMAIL_08159,SYN_P_0857,SYN_P_0714,2024-09-14 05:00:00,Delivery,outbound
EMAIL_08160,SYN_P_0898,SYN_P_0876,2024-03-01 15:00:00,Request,outbound
EMAIL_08161,SYN_P_0774,SYN_P_0950,2024-11-14 02:00:00,Invoice,outbound
EMAIL_08162,SYN_P_0504,SYN_P_0418,2026-07-07 12:00:00,Account,inbound
EMAIL_08163,SYN_P_0352,SYN_P_0529,2026-03-05 20:00:00,Delivery,outbound
EMAIL_08164,SYN_P_0392,SYN_P_0470,2025-05-12 09:00:00,Request,outbound
EMAIL_08165,SYN_P_0841,SYN_P_0084,2025-02-25 04:00:00,Document,outbound
EMAIL_08166,SYN_P_0734,SYN_P_0350,2024-09-21 16:00:00,Document,inbound
EMAIL_08167,SYN_P_0578,SYN_P_0899,2025-09-27 09:00:00,Request,inbound
EMAIL_08168,SYN_P_0119,SYN_P_0431,2024-06-13 12:00:00,Account,inbound
EMAIL_08169,SYN_P_0757,SYN_P_0357,2026-10-21 15:00:00,Request,outbound
EMAIL_08170,SYN_P_0846,SYN_P_0266,2024-05-09 04:00:00,Request,inbound
EMAIL_08171,SYN_P_0057,SYN_P_0696,2026-09-09 15:00:00,Invoice,inbound
EMAIL_08172,SYN_P_0435,SYN_P_0628,2025-03-12 19:00:00,Invoice,inbound
EMAIL_08173,SYN_P_0754,SYN_P_0673,2026-02-22 06:00:00,Invoice,outbound
EMAIL_08174,SYN_P_0530,SYN_P_0632,2026-01-31 13:00:00,Delivery,outbound
EMAIL_08175,SYN_P_0580,SYN_P_0652,2026-07-08 12:00:00,Document,inbound
EMAIL_08176,SYN_P_0226,SYN_P_0815,2025-11-29 13:00:00,Delivery,outbound
EMAIL_08177,SYN_P_0607,SYN_P_0496,2026-03-17 16:00:00,Request,inbound
EMAIL_08178,SYN_P_0127,SYN_P_0808,2026-08-26 20:00:00,Account,outbound
EMAIL_08179,SYN_P_0627,SYN_P_0629,2026-09-13 02:00:00,Delivery,inbound
EMAIL_08180,SYN_P_0395,SYN_P_0726,2025-11-15 08:00:00,Request,inbound
EMAIL_08181,SYN_P_0916,SYN_P_0728,2024-01-29 22:00:00,Account,outbound
EMAIL_08182,SYN_P_0886,SYN_P_0582,2024-07-23 20:00:00,Delivery,inbound
EMAIL_08183,SYN_P_0749,SYN_P_0639,2026-08-20 12:00:00,Request,inbound
EMAIL_08184,SYN_P_0773,SYN_P_0680,2026-09-25 16:00:00,Invoice,outbound
EMAIL_08185,SYN_P_0761,SYN_P_0806,2025-07-25 22:00:00,Request,inbound
EMAIL_08186,SYN_P_0185,SYN_P_1019,2024-04-28 01:00:00,Account,outbound
EMAIL_08187,SYN_P_0502,SYN_P_0862,2025-10-20 03:00:00,Account,inbound
EMAIL_08188,SYN_P_0567,SYN_P_0968,2025-02-11 12:00:00,Meeting,outbound
EMAIL_08189,SYN_P_0679,SYN_P_0539,2024-10-30 19:00:00,Meeting,inbound
EMAIL_08190,SYN_P_0940,SYN_P_0978,2024-12-23 14:00:00,Delivery,outbound
EMAIL_08191,SYN_P_0906,SYN_P_0896,2025-12-12 17:00:00,Account,inbound
EMAIL_08192,SYN_P_0317,SYN_P_0161,2026-03-16 19:00:00,Invoice,outbound
EMAIL_08193,SYN_P_0532,SYN_P_0145,2024-12-02 11:00:00,Delivery,outbound
EMAIL_08194,SYN_P_0818,SYN_P_0690,2025-08-26 07:00:00,Request,outbound
EMAIL_08195,SYN_P_0156,SYN_P_0838,2024-02-10 04:00:00,Delivery,inbound
EMAIL_08196,SYN_P_0201,SYN_P_0626,2025-04-13 08:00:00,Account,inbound
EMAIL_08197,SYN_P_0210,SYN_P_0112,2025-09-15 18:00:00,Request,outbound
EMAIL_08198,SYN_P_0754,SYN_P_0028,2026-04-23 04:00:00,Document,outbound
EMAIL_08199,SYN_P_0683,SYN_P_0704,2024-10-13 22:00:00,Request,outbound
EMAIL_08200,SYN_P_0780,SYN_P_0200,2024-08-29 23:00:00,Document,inbound
EMAIL_08201,SYN_P_0913,SYN_P_0302,2024-03-31 18:00:00,Delivery,inbound
EMAIL_08202,SYN_P_0913,SYN_P_0692,2026-02-19 00:00:00,Document,outbound
EMAIL_08203,SYN_P_0002,SYN_P_0598,2026-06-13 12:00:00,Request,inbound
EMAIL_08204,SYN_P_1027,SYN_P_0956,2024-01-16 09:00:00,Request,inbound
EMAIL_08205,SYN_P_0320,SYN_P_0808,2024-12-02 08:00:00,Account,inbound
EMAIL_08206,SYN_P_0825,SYN_P_0602,2024-06-19 03:00:00,Account,outbound
EMAIL_08207,SYN_P_0817,SYN_P_0337,2025-03-09 18:00:00,Delivery,inbound
EMAIL_08208,SYN_P_0546,SYN_P_0512,2025-06-24 13:00:00,Document,outbound
EMAIL_08209,SYN_P_0807,SYN_P_0506,2025-11-09 11:00:00,Invoice,outbound
EMAIL_08210,SYN_P_0921,SYN_P_0719,2025-05-12 09:00:00,Meeting,outbound
EMAIL_08211,SYN_P_0848,SYN_P_0549,2024-09-22 13:00:00,Account,inbound
EMAIL_08212,SYN_P_0205,SYN_P_0789,2026-03-05 05:00:00,Invoice,outbound
EMAIL_08213,SYN_P_0998,SYN_P_0390,2025-10-30 22:00:00,Meeting,inbound
EMAIL_08214,SYN_P_0690,SYN_P_0263,2024-08-03 11:00:00,Meeting,inbound
EMAIL_08215,SYN_P_0392,SYN_P_0719,2024-05-22 06:00:00,Request,inbound
EMAIL_08216,SYN_P_0228,SYN_P_0166,2024-04-07 22:00:00,Document,inbound
EMAIL_08217,SYN_P_0786,SYN_P_0720,2026-10-23 17:00:00,Account,inbound
EMAIL_08218,SYN_P_0099,SYN_P_0590,2024-02-10 09:00:00,Meeting,outbound
EMAIL_08219,SYN_P_0801,SYN_P_0052,2025-01-14 05:00:00,Meeting,outbound
EMAIL_08220,SYN_P_0356,SYN_P_0115,2025-03-14 09:00:00,Account,inbound
EMAIL_08221,SYN_P_0068,SYN_P_0017,2026-05-11 23:00:00,Account,inbound
EMAIL_08222,SYN_P_0041,SYN_P_0091,2026-01-15 17:00:00,Delivery,outbound
EMAIL_08223,SYN_P_0824,SYN_P_0849,2026-01-24 17:00:00,Meeting,outbound
EMAIL_08224,SYN_P_0476,SYN_P_0272,2025-06-28 08:00:00,Invoice,outbound
EMAIL_08225,SYN_P_0941,SYN_P_0136,2024-02-04 12:00:00,Document,inbound
EMAIL_08226,SYN_P_0575,SYN_P_0839,2026-05-25 17:00:00,Document,outbound
EMAIL_08227,SYN_P_0789,SYN_P_0454,2024-08-04 23:00:00,Delivery,inbound
EMAIL_08228,SYN_P_0535,SYN_P_0070,2025-12-22 23:00:00,Delivery,outbound
EMAIL_08229,SYN_P_0401,SYN_P_0661,2025-08-26 16:00:00,Account,outbound
EMAIL_08230,SYN_P_0286,SYN_P_0438,2024-01-04 14:00:00,Request,inbound
EMAIL_08231,SYN_P_0393,SYN_P_0183,2025-12-10 19:00:00,Document,inbound
EMAIL_08232,SYN_P_0817,SYN_P_0816,2024-07-22 13:00:00,Invoice,inbound
EMAIL_08233,SYN_P_0578,SYN_P_0566,2026-04-02 18:00:00,Invoice,outbound
EMAIL_08234,SYN_P_0627,SYN_P_0530,2026-05-24 12:00:00,Request,inbound
EMAIL_08235,SYN_P_0322,SYN_P_0785,2025-01-10 23:00:00,Request,inbound
EMAIL_08236,SYN_P_0364,SYN_P_0685,2026-04-14 20:00:00,Request,inbound
EMAIL_08237,SYN_P_0421,SYN_P_0928,2026-09-18 23:00:00,Delivery,inbound
EMAIL_08238,SYN_P_0868,SYN_P_0359,2025-09-29 22:00:00,Request,inbound
EMAIL_08239,SYN_P_0664,SYN_P_0493,2025-09-13 10:00:00,Request,inbound
EMAIL_08240,SYN_P_0253,SYN_P_0133,2026-11-04 08:00:00,Request,inbound
EMAIL_08241,SYN_P_0694,SYN_P_0830,2024-02-21 13:00:00,Meeting,outbound
EMAIL_08242,SYN_P_0074,SYN_P_0384,2024-06-21 11:00:00,Document,inbound
EMAIL_08243,SYN_P_0695,SYN_P_0803,2024-04-07 23:00:00,Meeting,inbound
EMAIL_08244,SYN_P_0668,SYN_P_0405,2024-01-16 03:00:00,Invoice,outbound
EMAIL_08245,SYN_P_0831,SYN_P_0439,2025-05-05 20:00:00,Meeting,inbound
EMAIL_08246,SYN_P_0785,SYN_P_0228,2024-02-25 05:00:00,Delivery,inbound
EMAIL_08247,SYN_P_0181,SYN_P_0469,2025-10-04 03:00:00,Request,inbound
EMAIL_08248,SYN_P_0067,SYN_P_0175,2025-01-20 05:00:00,Account,inbound
EMAIL_08249,SYN_P_0320,SYN_P_0411,2025-12-30 07:00:00,Account,outbound
EMAIL_08250,SYN_P_0627,SYN_P_0165,2025-11-21 10:00:00,Invoice,outbound
EMAIL_08251,SYN_P_0129,SYN_P_0025,2024-06-07 03:00:00,Invoice,outbound
EMAIL_08252,SYN_P_0023,SYN_P_0762,2025-02-13 10:00:00,Account,inbound
EMAIL_08253,SYN_P_0565,SYN_P_0371,2026-06-20 11:00:00,Document,inbound
EMAIL_08254,SYN_P_0456,SYN_P_0109,2026-11-07 04:00:00,Document,inbound
EMAIL_08255,SYN_P_0468,SYN_P_0126,2024-01-29 05:00:00,Document,inbound
EMAIL_08256,SYN_P_0826,SYN_P_0796,2025-04-26 03:00:00,Delivery,inbound
EMAIL_08257,SYN_P_0587,SYN_P_0368,2024-01-10 08:00:00,Account,inbound
EMAIL_08258,SYN_P_0167,SYN_P_0644,2025-05-17 17:00:00,Document,outbound
EMAIL_08259,SYN_P_0640,SYN_P_0242,2024-11-29 21:00:00,Account,outbound
EMAIL_08260,SYN_P_0084,SYN_P_0492,2026-01-09 00:00:00,Invoice,outbound
EMAIL_08261,SYN_P_0732,SYN_P_0214,2026-06-06 06:00:00,Request,inbound
EMAIL_08262,SYN_P_0437,SYN_P_0404,2024-10-16 05:00:00,Document,outbound
EMAIL_08263,SYN_P_0988,SYN_P_0338,2026-08-02 12:00:00,Document,inbound
EMAIL_08264,SYN_P_0332,SYN_P_0133,2025-08-22 10:00:00,Request,inbound
EMAIL_08265,SYN_P_0829,SYN_P_0968,2025-09-17 20:00:00,Invoice,outbound
EMAIL_08266,SYN_P_0630,SYN_P_0515,2026-06-05 12:00:00,Delivery,outbound
EMAIL_08267,SYN_P_0865,SYN_P_0197,2025-12-02 17:00:00,Document,inbound
EMAIL_08268,SYN_P_0705,SYN_P_0739,2024-10-31 02:00:00,Invoice,outbound
EMAIL_08269,SYN_P_0296,SYN_P_0345,2026-09-05 10:00:00,Delivery,inbound
EMAIL_08270,SYN_P_0845,SYN_P_0776,2026-06-08 18:00:00,Document,inbound
EMAIL_08271,SYN_P_0819,SYN_P_0433,2025-07-26 05:00:00,Delivery,outbound
EMAIL_08272,SYN_P_0549,SYN_P_0721,2026-08-18 17:00:00,Request,inbound
EMAIL_08273,SYN_P_0643,SYN_P_0171,2024-12-31 10:00:00,Meeting,inbound
EMAIL_08274,SYN_P_0304,SYN_P_0522,2026-08-27 12:00:00,Invoice,inbound
EMAIL_08275,SYN_P_0819,SYN_P_0615,2025-03-07 00:00:00,Request,inbound
EMAIL_08276,SYN_P_0093,SYN_P_0805,2025-04-21 09:00:00,Invoice,inbound
EMAIL_08277,SYN_P_0532,SYN_P_0398,2024-03-03 12:00:00,Document,outbound
EMAIL_08278,SYN_P_0883,SYN_P_0253,2024-08-30 12:00:00,Account,inbound
EMAIL_08279,SYN_P_0839,SYN_P_0164,2025-02-21 08:00:00,Meeting,outbound
EMAIL_08280,SYN_P_0905,SYN_P_0816,2026-01-15 03:00:00,Request,inbound
EMAIL_08281,SYN_P_0489,SYN_P_0329,2026-04-08 13:00:00,Document,outbound
EMAIL_08282,SYN_P_0488,SYN_P_0808,2026-06-12 02:00:00,Invoice,outbound
EMAIL_08283,SYN_P_0707,SYN_P_0640,2024-03-12 16:00:00,Account,outbound
EMAIL_08284,SYN_P_0702,SYN_P_0831,2025-03-07 23:00:00,Delivery,inbound
EMAIL_08285,SYN_P_0319,SYN_P_0789,2025-04-13 22:00:00,Meeting,outbound
EMAIL_08286,SYN_P_0797,SYN_P_0120,2025-12-15 13:00:00,Request,inbound
EMAIL_08287,SYN_P_0058,SYN_P_0343,2024-11-28 01:00:00,Delivery,inbound
EMAIL_08288,SYN_P_0791,SYN_P_0946,2024-02-25 11:00:00,Request,outbound
EMAIL_08289,SYN_P_0037,SYN_P_0243,2026-02-07 00:00:00,Invoice,inbound
EMAIL_08290,SYN_P_0635,SYN_P_0160,2026-05-27 11:00:00,Meeting,outbound
EMAIL_08291,SYN_P_0826,SYN_P_0156,2026-07-12 15:00:00,Delivery,inbound
EMAIL_08292,SYN_P_0018,SYN_P_0436,2025-08-05 09:00:00,Account,outbound
EMAIL_08293,SYN_P_0357,SYN_P_0531,2026-06-17 15:00:00,Meeting,outbound
EMAIL_08294,SYN_P_0889,SYN_P_0496,2026-02-02 16:00:00,Meeting,outbound
EMAIL_08295,SYN_P_0560,SYN_P_0897,2026-10-21 01:00:00,Request,inbound
EMAIL_08296,SYN_P_0179,SYN_P_0846,2026-10-04 05:00:00,Document,outbound
EMAIL_08297,SYN_P_0042,SYN_P_0580,2024-07-11 19:00:00,Delivery,inbound
EMAIL_08298,SYN_P_0859,SYN_P_1030,2025-11-30 00:00:00,Meeting,inbound
EMAIL_08299,SYN_P_0115,SYN_P_0580,2024-08-12 13:00:00,Account,inbound
EMAIL_08300,SYN_P_0655,SYN_P_1009,2026-10-02 21:00:00,Account,outbound
EMAIL_08301,SYN_P_0433,SYN_P_0494,2026-08-26 20:00:00,Account,outbound
EMAIL_08302,SYN_P_0879,SYN_P_0169,2025-05-08 08:00:00,Meeting,inbound
EMAIL_08303,SYN_P_0327,SYN_P_0464,2025-12-20 04:00:00,Account,outbound
EMAIL_08304,SYN_P_0805,SYN_P_0687,2026-06-13 18:00:00,Invoice,inbound
EMAIL_08305,SYN_P_0755,SYN_P_0852,2025-04-22 09:00:00,Account,outbound
EMAIL_08306,SYN_P_0076,SYN_P_0482,2025-05-02 14:00:00,Delivery,outbound
EMAIL_08307,SYN_P_0793,SYN_P_0492,2025-04-12 07:00:00,Delivery,inbound
EMAIL_08308,SYN_P_0958,SYN_P_1038,2026-01-18 21:00:00,Account,outbound
EMAIL_08309,SYN_P_0284,SYN_P_0895,2026-06-14 08:00:00,Document,outbound
EMAIL_08310,SYN_P_0965,SYN_P_0789,2024-10-19 16:00:00,Delivery,inbound
EMAIL_08311,SYN_P_0656,SYN_P_0686,2024-03-23 10:00:00,Meeting,inbound
EMAIL_08312,SYN_P_0362,SYN_P_0535,2025-12-18 12:00:00,Document,outbound
EMAIL_08313,SYN_P_0574,SYN_P_0159,2024-05-13 15:00:00,Meeting,outbound
EMAIL_08314,SYN_P_0302,SYN_P_0753,2025-04-30 03:00:00,Meeting,inbound
EMAIL_08315,SYN_P_0538,SYN_P_0894,2026-06-23 04:00:00,Invoice,inbound
EMAIL_08316,SYN_P_0872,SYN_P_1019,2024-08-10 15:00:00,Account,outbound
EMAIL_08317,SYN_P_0250,SYN_P_0306,2024-12-29 09:00:00,Account,inbound
EMAIL_08318,SYN_P_0163,SYN_P_0449,2024-12-08 19:00:00,Delivery,outbound
EMAIL_08319,SYN_P_0508,SYN_P_0070,2025-10-30 17:00:00,Invoice,outbound
EMAIL_08320,SYN_P_0906,SYN_P_0257,2026-09-25 05:00:00,Meeting,outbound
EMAIL_08321,SYN_P_0688,SYN_P_0995,2024-11-09 13:00:00,Invoice,inbound
EMAIL_08322,SYN_P_0502,SYN_P_0553,2026-01-09 22:00:00,Delivery,inbound
EMAIL_08323,SYN_P_0189,SYN_P_0929,2024-11-06 23:00:00,Account,inbound
EMAIL_08324,SYN_P_0557,SYN_P_0332,2024-05-15 18:00:00,Account,outbound
EMAIL_08325,SYN_P_0682,SYN_P_0593,2026-05-14 07:00:00,Request,outbound
EMAIL_08326,SYN_P_0445,SYN_P_0831,2024-01-20 19:00:00,Meeting,outbound
EMAIL_08327,SYN_P_0408,SYN_P_0352,2025-10-17 17:00:00,Account,outbound
EMAIL_08328,SYN_P_0250,SYN_P_0837,2025-07-28 17:00:00,Meeting,outbound
EMAIL_08329,SYN_P_0020,SYN_P_0286,2026-03-27 21:00:00,Account,outbound
EMAIL_08330,SYN_P_0553,SYN_P_0565,2025-05-30 17:00:00,Account,outbound
EMAIL_08331,SYN_P_0140,SYN_P_0088,2026-07-27 01:00:00,Request,inbound
EMAIL_08332,SYN_P_0405,SYN_P_0251,2025-10-26 20:00:00,Meeting,inbound
EMAIL_08333,SYN_P_0424,SYN_P_1035,2026-09-25 10:00:00,Request,outbound
EMAIL_08334,SYN_P_0744,SYN_P_1013,2026-03-19 19:00:00,Meeting,outbound
EMAIL_08335,SYN_P_0505,SYN_P_0503,2025-07-03 13:00:00,Meeting,outbound
EMAIL_08336,SYN_P_0051,SYN_P_1040,2025-12-20 16:00:00,Request,outbound
EMAIL_08337,SYN_P_0366,SYN_P_1006,2025-08-23 10:00:00,Delivery,inbound
EMAIL_08338,SYN_P_0019,SYN_P_0532,2025-10-01 09:00:00,Invoice,inbound
EMAIL_08339,SYN_P_0690,SYN_P_0995,2024-05-19 07:00:00,Meeting,inbound
EMAIL_08340,SYN_P_0910,SYN_P_0629,2024-09-14 02:00:00,Meeting,inbound
EMAIL_08341,SYN_P_0999,SYN_P_0684,2026-10-06 16:00:00,Request,outbound
EMAIL_08342,SYN_P_0324,SYN_P_0124,2025-07-21 12:00:00,Meeting,inbound
EMAIL_08343,SYN_P_0061,SYN_P_0614,2025-09-14 04:00:00,Document,outbound
EMAIL_08344,SYN_P_0780,SYN_P_0392,2025-04-25 17:00:00,Document,inbound
EMAIL_08345,SYN_P_0186,SYN_P_0681,2024-03-01 07:00:00,Account,inbound
EMAIL_08346,SYN_P_0488,SYN_P_0987,2024-04-26 09:00:00,Delivery,inbound
EMAIL_08347,SYN_P_0831,SYN_P_0644,2025-11-14 21:00:00,Invoice,outbound
EMAIL_08348,SYN_P_0158,SYN_P_0397,2024-01-23 20:00:00,Document,inbound
EMAIL_08349,SYN_P_0163,SYN_P_0967,2025-12-15 10:00:00,Meeting,inbound
EMAIL_08350,SYN_P_0049,SYN_P_0720,2024-05-21 20:00:00,Request,inbound
EMAIL_08351,SYN_P_0619,SYN_P_0383,2024-06-22 00:00:00,Invoice,outbound
EMAIL_08352,SYN_P_0167,SYN_P_0994,2024-07-29 15:00:00,Request,inbound
EMAIL_08353,SYN_P_0071,SYN_P_0400,2025-08-11 06:00:00,Document,inbound
EMAIL_08354,SYN_P_0664,SYN_P_0067,2024-12-30 02:00:00,Invoice,inbound
EMAIL_08355,SYN_P_0917,SYN_P_0223,2026-07-13 13:00:00,Delivery,inbound
EMAIL_08356,SYN_P_0779,SYN_P_0278,2025-02-16 06:00:00,Meeting,inbound
EMAIL_08357,SYN_P_0546,SYN_P_0141,2024-07-11 05:00:00,Invoice,outbound
EMAIL_08358,SYN_P_0300,SYN_P_0867,2024-07-24 07:00:00,Request,inbound
EMAIL_08359,SYN_P_0025,SYN_P_0515,2026-06-30 20:00:00,Invoice,outbound
EMAIL_08360,SYN_P_0272,SYN_P_0691,2025-12-31 05:00:00,Meeting,outbound
EMAIL_08361,SYN_P_0282,SYN_P_0436,2025-12-29 22:00:00,Document,outbound
EMAIL_08362,SYN_P_0924,SYN_P_0643,2026-06-22 02:00:00,Delivery,outbound
EMAIL_08363,SYN_P_0763,SYN_P_0200,2025-04-20 15:00:00,Account,inbound
EMAIL_08364,SYN_P_0553,SYN_P_0018,2025-09-02 06:00:00,Meeting,inbound
EMAIL_08365,SYN_P_0238,SYN_P_0227,2025-11-06 11:00:00,Account,inbound
EMAIL_08366,SYN_P_0772,SYN_P_0640,2024-03-01 14:00:00,Document,inbound
EMAIL_08367,SYN_P_0913,SYN_P_1002,2025-02-13 09:00:00,Invoice,inbound
EMAIL_08368,SYN_P_0881,SYN_P_0580,2026-07-01 19:00:00,Request,inbound
EMAIL_08369,SYN_P_0248,SYN_P_0767,2025-10-12 11:00:00,Document,outbound
EMAIL_08370,SYN_P_0835,SYN_P_0819,2024-06-20 18:00:00,Request,outbound
EMAIL_08371,SYN_P_0700,SYN_P_0874,2025-05-15 23:00:00,Request,inbound
EMAIL_08372,SYN_P_0920,SYN_P_0752,2025-06-15 16:00:00,Invoice,inbound
EMAIL_08373,SYN_P_0894,SYN_P_0977,2026-04-13 20:00:00,Document,outbound
EMAIL_08374,SYN_P_0856,SYN_P_0158,2025-02-24 19:00:00,Request,outbound
EMAIL_08375,SYN_P_0766,SYN_P_0208,2025-12-07 16:00:00,Request,outbound
EMAIL_08376,SYN_P_0941,SYN_P_0093,2024-01-08 06:00:00,Invoice,outbound
EMAIL_08377,SYN_P_0778,SYN_P_0195,2024-07-28 06:00:00,Invoice,outbound
EMAIL_08378,SYN_P_0751,SYN_P_0219,2026-04-30 10:00:00,Account,inbound
EMAIL_08379,SYN_P_0106,SYN_P_0722,2024-04-22 17:00:00,Invoice,outbound
EMAIL_08380,SYN_P_0773,SYN_P_0280,2025-12-07 12:00:00,Request,inbound
EMAIL_08381,SYN_P_0348,SYN_P_0054,2026-04-22 10:00:00,Document,inbound
EMAIL_08382,SYN_P_0225,SYN_P_0029,2026-10-15 20:00:00,Invoice,outbound
EMAIL_08383,SYN_P_0117,SYN_P_0614,2026-10-26 19:00:00,Request,outbound
EMAIL_08384,SYN_P_0202,SYN_P_0753,2026-07-29 13:00:00,Account,inbound
EMAIL_08385,SYN_P_0230,SYN_P_0497,2026-07-17 14:00:00,Account,inbound
EMAIL_08386,SYN_P_0545,SYN_P_0439,2024-09-09 22:00:00,Meeting,outbound
EMAIL_08387,SYN_P_0359,SYN_P_0117,2024-04-13 03:00:00,Invoice,inbound
EMAIL_08388,SYN_P_0538,SYN_P_0909,2025-11-13 00:00:00,Delivery,inbound
EMAIL_08389,SYN_P_0631,SYN_P_0259,2024-04-23 19:00:00,Meeting,outbound
EMAIL_08390,SYN_P_0986,SYN_P_0233,2024-09-05 07:00:00,Document,outbound
EMAIL_08391,SYN_P_0802,SYN_P_0456,2026-02-24 12:00:00,Account,inbound
EMAIL_08392,SYN_P_0235,SYN_P_0797,2024-06-22 07:00:00,Meeting,outbound
EMAIL_08393,SYN_P_0640,SYN_P_0621,2024-04-10 22:00:00,Request,outbound
EMAIL_08394,SYN_P_0671,SYN_P_0715,2024-10-12 10:00:00,Delivery,inbound
EMAIL_08395,SYN_P_0395,SYN_P_0392,2024-06-10 09:00:00,Invoice,outbound
EMAIL_08396,SYN_P_0244,SYN_P_0342,2024-11-26 12:00:00,Meeting,inbound
EMAIL_08397,SYN_P_0489,SYN_P_0765,2025-12-12 21:00:00,Account,inbound
EMAIL_08398,SYN_P_0914,SYN_P_0990,2024-08-16 04:00:00,Delivery,outbound
EMAIL_08399,SYN_P_0013,SYN_P_0262,2024-03-16 13:00:00,Invoice,inbound
EMAIL_08400,SYN_P_0021,SYN_P_0082,2025-12-28 15:00:00,Request,outbound
EMAIL_08401,SYN_P_0441,SYN_P_0934,2025-06-09 03:00:00,Invoice,outbound
EMAIL_08402,SYN_P_0131,SYN_P_0648,2024-01-05 06:00:00,Delivery,outbound
EMAIL_08403,SYN_P_0855,SYN_P_0248,2024-03-03 07:00:00,Request,outbound
EMAIL_08404,SYN_P_0895,SYN_P_0337,2024-05-04 09:00:00,Meeting,outbound
EMAIL_08405,SYN_P_0138,SYN_P_0621,2024-12-29 14:00:00,Document,outbound
EMAIL_08406,SYN_P_0034,SYN_P_0526,2026-06-09 16:00:00,Meeting,outbound
EMAIL_08407,SYN_P_1036,SYN_P_0102,2024-02-20 03:00:00,Document,outbound
EMAIL_08408,SYN_P_0767,SYN_P_0562,2025-02-25 11:00:00,Meeting,inbound
EMAIL_08409,SYN_P_0507,SYN_P_0305,2025-07-24 23:00:00,Meeting,inbound
EMAIL_08410,SYN_P_0346,SYN_P_0803,2025-09-13 04:00:00,Invoice,inbound
EMAIL_08411,SYN_P_0280,SYN_P_0845,2025-07-12 02:00:00,Invoice,outbound
EMAIL_08412,SYN_P_0846,SYN_P_0773,2024-10-28 05:00:00,Document,outbound
EMAIL_08413,SYN_P_0734,SYN_P_0885,2024-09-13 02:00:00,Document,inbound
EMAIL_08414,SYN_P_0395,SYN_P_0612,2024-12-27 19:00:00,Document,outbound
EMAIL_08415,SYN_P_0405,SYN_P_0622,2024-11-17 23:00:00,Delivery,outbound
EMAIL_08416,SYN_P_0639,SYN_P_0219,2025-02-01 02:00:00,Account,inbound
EMAIL_08417,SYN_P_0755,SYN_P_0328,2025-09-05 12:00:00,Invoice,outbound
EMAIL_08418,SYN_P_0829,SYN_P_0970,2024-07-22 04:00:00,Delivery,outbound
EMAIL_08419,SYN_P_0673,SYN_P_0755,2026-07-08 18:00:00,Delivery,outbound
EMAIL_08420,SYN_P_0428,SYN_P_0467,2025-03-26 16:00:00,Account,outbound
EMAIL_08421,SYN_P_0032,SYN_P_0029,2025-08-08 20:00:00,Meeting,inbound
EMAIL_08422,SYN_P_1029,SYN_P_0071,2024-10-18 02:00:00,Delivery,inbound
EMAIL_08423,SYN_P_0642,SYN_P_0060,2025-07-07 08:00:00,Document,inbound
EMAIL_08424,SYN_P_0204,SYN_P_0224,2026-02-27 12:00:00,Document,outbound
EMAIL_08425,SYN_P_0332,SYN_P_0083,2024-05-02 20:00:00,Invoice,inbound
EMAIL_08426,SYN_P_0068,SYN_P_0578,2025-02-12 12:00:00,Request,inbound
EMAIL_08427,SYN_P_0400,SYN_P_0979,2024-10-10 20:00:00,Account,outbound
EMAIL_08428,SYN_P_0989,SYN_P_0064,2025-04-24 23:00:00,Invoice,outbound
EMAIL_08429,SYN_P_0419,SYN_P_0257,2025-08-07 23:00:00,Document,outbound
EMAIL_08430,SYN_P_0606,SYN_P_0730,2026-04-28 13:00:00,Account,outbound
EMAIL_08431,SYN_P_0675,SYN_P_0165,2024-12-13 00:00:00,Delivery,inbound
EMAIL_08432,SYN_P_0599,SYN_P_0370,2025-06-01 07:00:00,Meeting,inbound
EMAIL_08433,SYN_P_0921,SYN_P_0169,2026-03-23 22:00:00,Document,inbound
EMAIL_08434,SYN_P_0368,SYN_P_1011,2026-11-02 23:00:00,Document,inbound
EMAIL_08435,SYN_P_1005,SYN_P_0700,2026-03-06 21:00:00,Delivery,outbound
EMAIL_08436,SYN_P_0688,SYN_P_0190,2024-09-20 19:00:00,Meeting,outbound
EMAIL_08437,SYN_P_0744,SYN_P_1037,2025-04-05 12:00:00,Meeting,inbound
EMAIL_08438,SYN_P_0271,SYN_P_0186,2026-10-19 00:00:00,Document,inbound
EMAIL_08439,SYN_P_0206,SYN_P_0123,2026-10-24 23:00:00,Request,inbound
EMAIL_08440,SYN_P_0536,SYN_P_0705,2026-10-08 00:00:00,Request,outbound
EMAIL_08441,SYN_P_0608,SYN_P_0203,2024-06-11 03:00:00,Invoice,inbound
EMAIL_08442,SYN_P_0454,SYN_P_0198,2026-04-23 05:00:00,Request,outbound
EMAIL_08443,SYN_P_0515,SYN_P_0868,2026-06-11 18:00:00,Account,outbound
EMAIL_08444,SYN_P_0215,SYN_P_0804,2026-06-15 13:00:00,Meeting,outbound
EMAIL_08445,SYN_P_0298,SYN_P_0441,2024-05-27 10:00:00,Meeting,inbound
EMAIL_08446,SYN_P_0023,SYN_P_0375,2024-12-26 11:00:00,Request,inbound
EMAIL_08447,SYN_P_0111,SYN_P_0005,2026-09-08 20:00:00,Document,outbound
EMAIL_08448,SYN_P_0432,SYN_P_0018,2026-03-26 02:00:00,Document,outbound
EMAIL_08449,SYN_P_0716,SYN_P_0612,2024-09-12 02:00:00,Invoice,outbound
EMAIL_08450,SYN_P_0008,SYN_P_0391,2024-08-08 03:00:00,Account,outbound
EMAIL_08451,SYN_P_0467,SYN_P_0957,2025-11-19 20:00:00,Request,outbound
EMAIL_08452,SYN_P_1014,SYN_P_0605,2025-12-17 02:00:00,Delivery,inbound
EMAIL_08453,SYN_P_0285,SYN_P_0476,2025-01-03 22:00:00,Invoice,outbound
EMAIL_08454,SYN_P_0679,SYN_P_0138,2026-07-08 20:00:00,Meeting,outbound
EMAIL_08455,SYN_P_0319,SYN_P_0078,2024-01-09 02:00:00,Document,outbound
EMAIL_08456,SYN_P_0595,SYN_P_0396,2024-12-11 00:00:00,Meeting,inbound
EMAIL_08457,SYN_P_0960,SYN_P_0617,2025-10-10 22:00:00,Delivery,inbound
EMAIL_08458,SYN_P_0136,SYN_P_0537,2025-05-29 07:00:00,Invoice,outbound
EMAIL_08459,SYN_P_0576,SYN_P_0228,2025-12-18 08:00:00,Invoice,outbound
EMAIL_08460,SYN_P_0382,SYN_P_0283,2026-10-24 21:00:00,Delivery,outbound
EMAIL_08461,SYN_P_0499,SYN_P_0654,2026-10-04 22:00:00,Invoice,outbound
EMAIL_08462,SYN_P_0410,SYN_P_0259,2026-06-19 00:00:00,Account,inbound
EMAIL_08463,SYN_P_0259,SYN_P_0732,2025-04-30 10:00:00,Delivery,outbound
EMAIL_08464,SYN_P_0299,SYN_P_0808,2026-08-20 16:00:00,Meeting,inbound
EMAIL_08465,SYN_P_0866,SYN_P_0725,2026-01-31 14:00:00,Document,outbound
EMAIL_08466,SYN_P_0928,SYN_P_0527,2024-03-15 00:00:00,Document,inbound
EMAIL_08467,SYN_P_0588,SYN_P_0443,2025-04-16 18:00:00,Account,inbound
EMAIL_08468,SYN_P_0495,SYN_P_0875,2024-09-09 20:00:00,Delivery,inbound
EMAIL_08469,SYN_P_0540,SYN_P_0683,2025-12-21 20:00:00,Invoice,outbound
EMAIL_08470,SYN_P_0625,SYN_P_0585,2025-09-08 22:00:00,Delivery,inbound
EMAIL_08471,SYN_P_0774,SYN_P_0766,2024-02-12 20:00:00,Invoice,outbound
EMAIL_08472,SYN_P_0581,SYN_P_0974,2024-10-21 16:00:00,Request,inbound
EMAIL_08473,SYN_P_0119,SYN_P_0558,2025-12-16 19:00:00,Meeting,inbound
EMAIL_08474,SYN_P_0550,SYN_P_0176,2024-08-20 22:00:00,Request,inbound
EMAIL_08475,SYN_P_0110,SYN_P_0137,2026-04-30 18:00:00,Document,inbound
EMAIL_08476,SYN_P_0581,SYN_P_0569,2025-02-15 22:00:00,Account,outbound
EMAIL_08477,SYN_P_0267,SYN_P_0341,2026-04-14 20:00:00,Account,inbound
EMAIL_08478,SYN_P_0391,SYN_P_0027,2024-04-15 23:00:00,Document,outbound
EMAIL_08479,SYN_P_0399,SYN_P_0660,2026-06-21 10:00:00,Invoice,outbound
EMAIL_08480,SYN_P_0286,SYN_P_0921,2025-04-14 18:00:00,Meeting,inbound
EMAIL_08481,SYN_P_0126,SYN_P_1028,2024-07-21 05:00:00,Invoice,outbound
EMAIL_08482,SYN_P_0135,SYN_P_0613,2024-02-17 05:00:00,Request,inbound
EMAIL_08483,SYN_P_0729,SYN_P_0564,2026-09-10 15:00:00,Delivery,inbound
EMAIL_08484,SYN_P_0579,SYN_P_0685,2025-04-24 01:00:00,Invoice,outbound
EMAIL_08485,SYN_P_0490,SYN_P_0115,2025-09-19 10:00:00,Document,outbound
EMAIL_08486,SYN_P_0902,SYN_P_0011,2024-08-14 02:00:00,Delivery,inbound
EMAIL_08487,SYN_P_0362,SYN_P_1024,2026-02-14 02:00:00,Delivery,inbound
EMAIL_08488,SYN_P_0704,SYN_P_0855,2025-09-17 10:00:00,Account,inbound
EMAIL_08489,SYN_P_0844,SYN_P_0921,2024-09-13 00:00:00,Meeting,outbound
EMAIL_08490,SYN_P_0517,SYN_P_0580,2025-10-18 09:00:00,Request,inbound
EMAIL_08491,SYN_P_0545,SYN_P_0889,2026-02-11 19:00:00,Account,inbound
EMAIL_08492,SYN_P_0458,SYN_P_0048,2026-06-15 11:00:00,Document,outbound
EMAIL_08493,SYN_P_0119,SYN_P_0438,2026-06-26 09:00:00,Document,outbound
EMAIL_08494,SYN_P_0389,SYN_P_0094,2025-07-14 17:00:00,Delivery,outbound
EMAIL_08495,SYN_P_0592,SYN_P_0269,2025-11-03 03:00:00,Meeting,outbound
EMAIL_08496,SYN_P_0451,SYN_P_0709,2026-05-04 03:00:00,Delivery,inbound
EMAIL_08497,SYN_P_0604,SYN_P_0829,2024-02-05 15:00:00,Delivery,outbound
EMAIL_08498,SYN_P_0112,SYN_P_1027,2025-02-04 17:00:00,Delivery,outbound
EMAIL_08499,SYN_P_0945,SYN_P_0858,2025-03-28 22:00:00,Delivery,outbound
EMAIL_08500,SYN_P_0358,SYN_P_0968,2025-05-15 13:00:00,Meeting,inbound
EMAIL_08501,SYN_P_0734,SYN_P_0143,2025-04-13 01:00:00,Delivery,inbound
EMAIL_08502,SYN_P_0403,SYN_P_0043,2024-09-23 05:00:00,Document,inbound
EMAIL_08503,SYN_P_0404,SYN_P_0509,2024-07-07 00:00:00,Document,outbound
EMAIL_08504,SYN_P_0014,SYN_P_0464,2024-11-07 14:00:00,Meeting,inbound
EMAIL_08505,SYN_P_0553,SYN_P_0275,2024-05-13 06:00:00,Request,outbound
EMAIL_08506,SYN_P_0037,SYN_P_0069,2026-11-04 02:00:00,Request,outbound
EMAIL_08507,SYN_P_0563,SYN_P_0404,2025-03-06 20:00:00,Invoice,inbound
EMAIL_08508,SYN_P_0682,SYN_P_0278,2026-05-31 07:00:00,Meeting,inbound
EMAIL_08509,SYN_P_0935,SYN_P_1038,2026-01-06 15:00:00,Document,outbound
EMAIL_08510,SYN_P_0076,SYN_P_0712,2026-07-17 06:00:00,Request,outbound
EMAIL_08511,SYN_P_0473,SYN_P_0376,2024-06-29 09:00:00,Meeting,outbound
EMAIL_08512,SYN_P_0124,SYN_P_0834,2026-07-31 14:00:00,Request,inbound
EMAIL_08513,SYN_P_0765,SYN_P_0504,2026-09-23 10:00:00,Invoice,inbound
EMAIL_08514,SYN_P_0147,SYN_P_0560,2026-04-09 11:00:00,Account,inbound
EMAIL_08515,SYN_P_0791,SYN_P_0044,2024-09-17 01:00:00,Invoice,inbound
EMAIL_08516,SYN_P_0225,SYN_P_0136,2024-06-23 16:00:00,Meeting,inbound
EMAIL_08517,SYN_P_0503,SYN_P_0869,2024-08-15 01:00:00,Meeting,inbound
EMAIL_08518,SYN_P_0825,SYN_P_0916,2024-09-18 12:00:00,Request,inbound
EMAIL_08519,SYN_P_1003,SYN_P_0829,2026-07-17 08:00:00,Meeting,outbound
EMAIL_08520,SYN_P_0501,SYN_P_1015,2026-01-07 01:00:00,Account,outbound
EMAIL_08521,SYN_P_0965,SYN_P_0612,2024-01-09 01:00:00,Request,outbound
EMAIL_08522,SYN_P_0372,SYN_P_0795,2024-06-07 09:00:00,Invoice,outbound
EMAIL_08523,SYN_P_0430,SYN_P_0357,2025-10-18 16:00:00,Request,inbound
EMAIL_08524,SYN_P_0764,SYN_P_0265,2026-03-17 22:00:00,Document,outbound
EMAIL_08525,SYN_P_0280,SYN_P_0499,2025-08-02 13:00:00,Request,outbound
EMAIL_08526,SYN_P_1005,SYN_P_0766,2025-06-30 07:00:00,Request,outbound
EMAIL_08527,SYN_P_0903,SYN_P_0487,2025-01-05 03:00:00,Delivery,inbound
EMAIL_08528,SYN_P_0294,SYN_P_1025,2025-05-06 20:00:00,Meeting,outbound
EMAIL_08529,SYN_P_0157,SYN_P_0130,2026-01-22 18:00:00,Invoice,outbound
EMAIL_08530,SYN_P_1020,SYN_P_0946,2025-12-11 23:00:00,Request,inbound
EMAIL_08531,SYN_P_0623,SYN_P_0221,2024-01-08 11:00:00,Delivery,inbound
EMAIL_08532,SYN_P_0692,SYN_P_0158,2026-09-21 05:00:00,Account,outbound
EMAIL_08533,SYN_P_0017,SYN_P_0118,2026-04-06 04:00:00,Meeting,outbound
EMAIL_08534,SYN_P_1013,SYN_P_0686,2024-08-12 01:00:00,Account,outbound
EMAIL_08535,SYN_P_0076,SYN_P_0553,2026-03-11 16:00:00,Invoice,inbound
EMAIL_08536,SYN_P_0978,SYN_P_0628,2026-07-22 07:00:00,Delivery,inbound
EMAIL_08537,SYN_P_0060,SYN_P_0016,2024-09-03 05:00:00,Request,outbound
EMAIL_08538,SYN_P_0379,SYN_P_0035,2025-03-20 01:00:00,Invoice,inbound
EMAIL_08539,SYN_P_0861,SYN_P_0348,2026-03-14 14:00:00,Meeting,inbound
EMAIL_08540,SYN_P_0502,SYN_P_0005,2026-05-30 16:00:00,Delivery,inbound
EMAIL_08541,SYN_P_1025,SYN_P_0055,2024-12-03 05:00:00,Account,inbound
EMAIL_08542,SYN_P_0537,SYN_P_0641,2026-09-16 07:00:00,Document,outbound
EMAIL_08543,SYN_P_0301,SYN_P_0507,2025-05-28 17:00:00,Document,outbound
EMAIL_08544,SYN_P_0750,SYN_P_0359,2026-08-22 03:00:00,Delivery,inbound
EMAIL_08545,SYN_P_1011,SYN_P_0773,2025-09-24 09:00:00,Account,outbound
EMAIL_08546,SYN_P_0374,SYN_P_0953,2026-10-14 20:00:00,Document,outbound
EMAIL_08547,SYN_P_0192,SYN_P_0225,2025-06-27 10:00:00,Delivery,inbound
EMAIL_08548,SYN_P_0599,SYN_P_0989,2024-07-26 20:00:00,Delivery,inbound
EMAIL_08549,SYN_P_0382,SYN_P_0100,2024-09-18 00:00:00,Delivery,outbound
EMAIL_08550,SYN_P_0326,SYN_P_0200,2026-04-01 23:00:00,Meeting,outbound
EMAIL_08551,SYN_P_0246,SYN_P_0955,2024-12-23 14:00:00,Meeting,outbound
EMAIL_08552,SYN_P_0919,SYN_P_0026,2026-08-14 11:00:00,Delivery,outbound
EMAIL_08553,SYN_P_0079,SYN_P_0446,2024-01-30 01:00:00,Document,outbound
EMAIL_08554,SYN_P_0891,SYN_P_0544,2026-02-03 16:00:00,Account,outbound
EMAIL_08555,SYN_P_0442,SYN_P_0635,2024-02-25 00:00:00,Account,outbound
EMAIL_08556,SYN_P_0235,SYN_P_0859,2024-04-19 14:00:00,Document,outbound
EMAIL_08557,SYN_P_0209,SYN_P_0168,2026-08-23 06:00:00,Delivery,outbound
EMAIL_08558,SYN_P_0304,SYN_P_0264,2024-03-09 12:00:00,Request,inbound
EMAIL_08559,SYN_P_1024,SYN_P_0267,2026-05-16 21:00:00,Document,outbound
EMAIL_08560,SYN_P_0421,SYN_P_0589,2026-02-01 19:00:00,Request,outbound
EMAIL_08561,SYN_P_1019,SYN_P_0206,2026-10-16 02:00:00,Request,outbound
EMAIL_08562,SYN_P_0255,SYN_P_0888,2026-07-29 12:00:00,Request,inbound
EMAIL_08563,SYN_P_0163,SYN_P_0448,2024-07-20 07:00:00,Document,outbound
EMAIL_08564,SYN_P_0076,SYN_P_0423,2026-08-29 10:00:00,Account,inbound
EMAIL_08565,SYN_P_0941,SYN_P_0368,2025-01-12 15:00:00,Account,outbound
EMAIL_08566,SYN_P_0848,SYN_P_1011,2024-11-19 15:00:00,Request,outbound
EMAIL_08567,SYN_P_0305,SYN_P_0807,2024-12-24 06:00:00,Account,inbound
EMAIL_08568,SYN_P_0962,SYN_P_1014,2025-08-10 20:00:00,Request,inbound
EMAIL_08569,SYN_P_0505,SYN_P_0095,2024-08-11 07:00:00,Request,inbound
EMAIL_08570,SYN_P_0297,SYN_P_0386,2024-03-22 10:00:00,Document,outbound
EMAIL_08571,SYN_P_0987,SYN_P_0632,2026-05-10 03:00:00,Request,inbound
EMAIL_08572,SYN_P_0792,SYN_P_0838,2024-02-11 12:00:00,Request,inbound
EMAIL_08573,SYN_P_0856,SYN_P_0062,2026-09-04 01:00:00,Account,inbound
EMAIL_08574,SYN_P_0114,SYN_P_0047,2026-02-24 04:00:00,Invoice,outbound
EMAIL_08575,SYN_P_0447,SYN_P_0043,2024-09-08 06:00:00,Invoice,outbound
EMAIL_08576,SYN_P_1021,SYN_P_0658,2026-09-11 15:00:00,Request,inbound
EMAIL_08577,SYN_P_0105,SYN_P_0971,2026-01-18 05:00:00,Account,outbound
EMAIL_08578,SYN_P_0269,SYN_P_0819,2024-12-09 01:00:00,Account,outbound
EMAIL_08579,SYN_P_0377,SYN_P_0099,2024-09-11 11:00:00,Account,inbound
EMAIL_08580,SYN_P_0335,SYN_P_0234,2025-02-12 10:00:00,Document,outbound
EMAIL_08581,SYN_P_0833,SYN_P_0705,2024-02-11 13:00:00,Meeting,inbound
EMAIL_08582,SYN_P_0424,SYN_P_0066,2024-04-16 11:00:00,Invoice,outbound
EMAIL_08583,SYN_P_0175,SYN_P_1039,2024-10-20 18:00:00,Meeting,outbound
EMAIL_08584,SYN_P_0482,SYN_P_0420,2024-07-18 19:00:00,Delivery,outbound
EMAIL_08585,SYN_P_0712,SYN_P_0077,2025-10-07 07:00:00,Account,outbound
EMAIL_08586,SYN_P_0648,SYN_P_0675,2025-02-15 06:00:00,Request,outbound
EMAIL_08587,SYN_P_1013,SYN_P_0105,2026-05-05 12:00:00,Meeting,inbound
EMAIL_08588,SYN_P_0160,SYN_P_0265,2024-01-25 01:00:00,Meeting,inbound
EMAIL_08589,SYN_P_0086,SYN_P_0103,2024-10-23 10:00:00,Delivery,outbound
EMAIL_08590,SYN_P_0342,SYN_P_0424,2026-03-04 02:00:00,Meeting,inbound
EMAIL_08591,SYN_P_0501,SYN_P_0919,2025-05-16 02:00:00,Delivery,outbound
EMAIL_08592,SYN_P_0795,SYN_P_0514,2024-04-29 22:00:00,Account,inbound
EMAIL_08593,SYN_P_0454,SYN_P_0492,2025-02-22 14:00:00,Meeting,outbound
EMAIL_08594,SYN_P_0143,SYN_P_0032,2024-04-06 02:00:00,Document,outbound
EMAIL_08595,SYN_P_0842,SYN_P_0084,2025-01-17 06:00:00,Account,outbound
EMAIL_08596,SYN_P_0640,SYN_P_0541,2025-10-16 16:00:00,Meeting,inbound
EMAIL_08597,SYN_P_0103,SYN_P_0439,2024-09-06 04:00:00,Document,inbound
EMAIL_08598,SYN_P_0388,SYN_P_0639,2024-01-14 01:00:00,Delivery,outbound
EMAIL_08599,SYN_P_0354,SYN_P_0250,2026-06-19 20:00:00,Invoice,outbound
EMAIL_08600,SYN_P_0959,SYN_P_0303,2025-05-21 19:00:00,Document,inbound
EMAIL_08601,SYN_P_0121,SYN_P_0849,2026-09-08 15:00:00,Account,inbound
EMAIL_08602,SYN_P_1014,SYN_P_0434,2025-04-16 16:00:00,Account,inbound
EMAIL_08603,SYN_P_0668,SYN_P_0510,2024-04-16 10:00:00,Delivery,inbound
EMAIL_08604,SYN_P_0288,SYN_P_0747,2025-07-10 03:00:00,Invoice,outbound
EMAIL_08605,SYN_P_0742,SYN_P_0487,2025-08-12 16:00:00,Invoice,outbound
EMAIL_08606,SYN_P_0956,SYN_P_0866,2026-09-19 07:00:00,Meeting,outbound
EMAIL_08607,SYN_P_0906,SYN_P_0469,2024-05-22 20:00:00,Delivery,outbound
EMAIL_08608,SYN_P_0061,SYN_P_0623,2024-01-11 02:00:00,Request,inbound
EMAIL_08609,SYN_P_0555,SYN_P_0756,2025-01-25 23:00:00,Document,outbound
EMAIL_08610,SYN_P_0023,SYN_P_0449,2026-09-28 06:00:00,Document,outbound
EMAIL_08611,SYN_P_0048,SYN_P_0974,2025-07-12 16:00:00,Request,outbound
EMAIL_08612,SYN_P_0573,SYN_P_0333,2025-09-14 20:00:00,Meeting,inbound
EMAIL_08613,SYN_P_0442,SYN_P_0470,2024-08-05 00:00:00,Delivery,outbound
EMAIL_08614,SYN_P_0398,SYN_P_0210,2026-08-18 14:00:00,Request,inbound
EMAIL_08615,SYN_P_0235,SYN_P_0236,2026-06-26 15:00:00,Request,outbound
EMAIL_08616,SYN_P_0508,SYN_P_0250,2024-05-13 02:00:00,Request,inbound
EMAIL_08617,SYN_P_0706,SYN_P_0734,2026-02-16 12:00:00,Delivery,inbound
EMAIL_08618,SYN_P_0634,SYN_P_0108,2024-06-26 17:00:00,Account,outbound
EMAIL_08619,SYN_P_0723,SYN_P_0609,2026-02-02 10:00:00,Invoice,outbound
EMAIL_08620,SYN_P_0758,SYN_P_0845,2024-04-25 12:00:00,Delivery,outbound
EMAIL_08621,SYN_P_0335,SYN_P_0426,2024-06-13 15:00:00,Delivery,inbound
EMAIL_08622,SYN_P_0464,SYN_P_0872,2025-11-01 07:00:00,Meeting,inbound
EMAIL_08623,SYN_P_0451,SYN_P_0134,2025-08-29 00:00:00,Meeting,outbound
EMAIL_08624,SYN_P_0897,SYN_P_0607,2026-08-20 05:00:00,Delivery,inbound
EMAIL_08625,SYN_P_0173,SYN_P_0554,2025-04-30 04:00:00,Account,outbound
EMAIL_08626,SYN_P_1039,SYN_P_0944,2025-08-11 03:00:00,Document,outbound
EMAIL_08627,SYN_P_0894,SYN_P_0314,2025-07-30 02:00:00,Account,outbound
EMAIL_08628,SYN_P_0145,SYN_P_0751,2025-11-24 12:00:00,Account,inbound
EMAIL_08629,SYN_P_0630,SYN_P_0656,2026-09-19 01:00:00,Request,inbound
EMAIL_08630,SYN_P_0035,SYN_P_0928,2026-08-27 09:00:00,Document,inbound
EMAIL_08631,SYN_P_0181,SYN_P_0652,2024-04-29 08:00:00,Delivery,outbound
EMAIL_08632,SYN_P_0861,SYN_P_0035,2024-05-14 14:00:00,Invoice,inbound
EMAIL_08633,SYN_P_0216,SYN_P_0588,2024-01-15 19:00:00,Account,inbound
EMAIL_08634,SYN_P_0643,SYN_P_0566,2025-02-14 18:00:00,Delivery,outbound
EMAIL_08635,SYN_P_0651,SYN_P_0185,2026-01-11 07:00:00,Request,inbound
EMAIL_08636,SYN_P_0761,SYN_P_0146,2024-12-02 07:00:00,Meeting,inbound
EMAIL_08637,SYN_P_0558,SYN_P_0760,2026-08-31 05:00:00,Meeting,outbound
EMAIL_08638,SYN_P_0048,SYN_P_0432,2026-03-24 08:00:00,Invoice,inbound
EMAIL_08639,SYN_P_0008,SYN_P_0325,2025-08-14 19:00:00,Document,inbound
EMAIL_08640,SYN_P_0035,SYN_P_0774,2024-02-28 18:00:00,Document,inbound
EMAIL_08641,SYN_P_0847,SYN_P_0700,2026-09-28 00:00:00,Invoice,inbound
EMAIL_08642,SYN_P_0865,SYN_P_0780,2026-06-15 19:00:00,Invoice,outbound
EMAIL_08643,SYN_P_0059,SYN_P_0184,2025-06-17 10:00:00,Request,outbound
EMAIL_08644,SYN_P_0443,SYN_P_0446,2024-12-14 09:00:00,Account,outbound
EMAIL_08645,SYN_P_0086,SYN_P_0535,2024-09-04 20:00:00,Meeting,inbound
EMAIL_08646,SYN_P_0709,SYN_P_0468,2024-05-09 01:00:00,Account,inbound
EMAIL_08647,SYN_P_0234,SYN_P_0750,2026-05-03 22:00:00,Document,outbound
EMAIL_08648,SYN_P_0277,SYN_P_0263,2024-06-29 21:00:00,Request,outbound
EMAIL_08649,SYN_P_0726,SYN_P_0475,2024-06-21 07:00:00,Delivery,inbound
EMAIL_08650,SYN_P_0477,SYN_P_0657,2026-01-01 13:00:00,Document,outbound
EMAIL_08651,SYN_P_0571,SYN_P_0767,2024-07-17 06:00:00,Request,outbound
EMAIL_08652,SYN_P_0283,SYN_P_0810,2024-03-27 19:00:00,Delivery,outbound
EMAIL_08653,SYN_P_0504,SYN_P_0835,2024-10-31 01:00:00,Document,outbound
EMAIL_08654,SYN_P_0033,SYN_P_0013,2026-01-20 13:00:00,Document,outbound
EMAIL_08655,SYN_P_0926,SYN_P_0202,2026-06-10 16:00:00,Invoice,inbound
EMAIL_08656,SYN_P_0022,SYN_P_0611,2024-04-08 21:00:00,Invoice,inbound
EMAIL_08657,SYN_P_0332,SYN_P_0691,2024-04-19 03:00:00,Delivery,outbound
EMAIL_08658,SYN_P_0239,SYN_P_0331,2024-03-02 12:00:00,Invoice,outbound
EMAIL_08659,SYN_P_0485,SYN_P_0186,2025-07-13 01:00:00,Account,outbound
EMAIL_08660,SYN_P_0842,SYN_P_0047,2025-10-03 17:00:00,Invoice,outbound
EMAIL_08661,SYN_P_0386,SYN_P_0978,2026-10-27 06:00:00,Request,inbound
EMAIL_08662,SYN_P_0739,SYN_P_0157,2024-05-03 03:00:00,Account,inbound
EMAIL_08663,SYN_P_0164,SYN_P_0306,2026-11-02 21:00:00,Meeting,inbound
EMAIL_08664,SYN_P_0149,SYN_P_0231,2024-05-29 15:00:00,Document,outbound
EMAIL_08665,SYN_P_0569,SYN_P_0693,2025-08-05 16:00:00,Delivery,outbound
EMAIL_08666,SYN_P_1026,SYN_P_0021,2026-07-26 14:00:00,Invoice,outbound
EMAIL_08667,SYN_P_0349,SYN_P_0275,2026-10-03 08:00:00,Invoice,outbound
EMAIL_08668,SYN_P_0791,SYN_P_0988,2025-01-21 00:00:00,Document,inbound
EMAIL_08669,SYN_P_0182,SYN_P_0377,2025-06-10 00:00:00,Meeting,inbound
EMAIL_08670,SYN_P_0496,SYN_P_0982,2025-09-07 16:00:00,Account,outbound
EMAIL_08671,SYN_P_0106,SYN_P_0546,2025-10-04 20:00:00,Request,inbound
EMAIL_08672,SYN_P_0726,SYN_P_0627,2026-11-02 11:00:00,Invoice,inbound
EMAIL_08673,SYN_P_0898,SYN_P_0592,2026-09-19 15:00:00,Account,inbound
EMAIL_08674,SYN_P_0142,SYN_P_0846,2024-06-12 14:00:00,Request,outbound
EMAIL_08675,SYN_P_0507,SYN_P_0621,2025-01-30 17:00:00,Account,outbound
EMAIL_08676,SYN_P_0153,SYN_P_1038,2026-05-13 12:00:00,Delivery,inbound
EMAIL_08677,SYN_P_0707,SYN_P_0007,2024-09-23 03:00:00,Invoice,inbound
EMAIL_08678,SYN_P_0246,SYN_P_0269,2024-11-11 02:00:00,Account,inbound
EMAIL_08679,SYN_P_0848,SYN_P_0597,2025-06-24 04:00:00,Meeting,outbound
EMAIL_08680,SYN_P_0869,SYN_P_0889,2025-03-25 06:00:00,Delivery,inbound
EMAIL_08681,SYN_P_0724,SYN_P_0963,2025-09-20 05:00:00,Meeting,inbound
EMAIL_08682,SYN_P_0144,SYN_P_0005,2024-07-14 07:00:00,Request,outbound
EMAIL_08683,SYN_P_0601,SYN_P_0069,2026-08-01 00:00:00,Delivery,inbound
EMAIL_08684,SYN_P_0121,SYN_P_0425,2026-08-01 14:00:00,Meeting,inbound
EMAIL_08685,SYN_P_0554,SYN_P_0341,2026-09-02 00:00:00,Delivery,outbound
EMAIL_08686,SYN_P_0159,SYN_P_0403,2024-01-12 14:00:00,Delivery,outbound
EMAIL_08687,SYN_P_0038,SYN_P_0899,2025-09-16 04:00:00,Document,inbound
EMAIL_08688,SYN_P_0405,SYN_P_0770,2025-04-20 21:00:00,Account,outbound
EMAIL_08689,SYN_P_0255,SYN_P_0818,2026-09-14 17:00:00,Request,outbound
EMAIL_08690,SYN_P_0792,SYN_P_0465,2024-03-29 09:00:00,Delivery,outbound
EMAIL_08691,SYN_P_0553,SYN_P_0059,2025-04-17 02:00:00,Delivery,inbound
EMAIL_08692,SYN_P_0353,SYN_P_0967,2025-03-03 10:00:00,Document,outbound
EMAIL_08693,SYN_P_0466,SYN_P_0980,2024-07-22 14:00:00,Invoice,outbound
EMAIL_08694,SYN_P_0764,SYN_P_0407,2026-04-01 08:00:00,Account,outbound
EMAIL_08695,SYN_P_0496,SYN_P_0090,2025-07-04 03:00:00,Meeting,outbound
EMAIL_08696,SYN_P_0692,SYN_P_0486,2026-06-29 04:00:00,Request,inbound
EMAIL_08697,SYN_P_1025,SYN_P_1012,2024-08-14 15:00:00,Document,inbound
EMAIL_08698,SYN_P_0073,SYN_P_0082,2025-07-13 18:00:00,Document,inbound
EMAIL_08699,SYN_P_0286,SYN_P_0570,2025-05-23 23:00:00,Meeting,outbound
EMAIL_08700,SYN_P_1039,SYN_P_0844,2026-08-15 17:00:00,Delivery,inbound
EMAIL_08701,SYN_P_0686,SYN_P_0268,2025-03-04 06:00:00,Request,outbound
EMAIL_08702,SYN_P_0365,SYN_P_0431,2025-10-23 08:00:00,Meeting,outbound
EMAIL_08703,SYN_P_1012,SYN_P_0517,2025-05-18 12:00:00,Invoice,outbound
EMAIL_08704,SYN_P_1034,SYN_P_0162,2024-11-14 19:00:00,Delivery,inbound
EMAIL_08705,SYN_P_0140,SYN_P_0183,2025-10-23 13:00:00,Document,inbound
EMAIL_08706,SYN_P_0111,SYN_P_0973,2026-07-19 17:00:00,Account,outbound
EMAIL_08707,SYN_P_0941,SYN_P_0042,2025-09-20 10:00:00,Document,outbound
EMAIL_08708,SYN_P_0900,SYN_P_0644,2025-07-19 17:00:00,Invoice,inbound
EMAIL_08709,SYN_P_0071,SYN_P_0132,2024-09-16 15:00:00,Meeting,inbound
EMAIL_08710,SYN_P_0305,SYN_P_0905,2026-03-25 18:00:00,Delivery,inbound
EMAIL_08711,SYN_P_0202,SYN_P_0785,2026-05-06 13:00:00,Document,outbound
EMAIL_08712,SYN_P_0198,SYN_P_0378,2024-04-10 05:00:00,Delivery,outbound
EMAIL_08713,SYN_P_0227,SYN_P_0635,2025-10-20 06:00:00,Delivery,outbound
EMAIL_08714,SYN_P_0867,SYN_P_0530,2025-11-03 23:00:00,Account,inbound
EMAIL_08715,SYN_P_0685,SYN_P_0676,2024-07-19 18:00:00,Document,outbound
EMAIL_08716,SYN_P_0007,SYN_P_0827,2025-11-29 23:00:00,Document,outbound
EMAIL_08717,SYN_P_0454,SYN_P_0055,2024-11-06 13:00:00,Document,outbound
EMAIL_08718,SYN_P_0150,SYN_P_0635,2025-06-05 10:00:00,Document,outbound
EMAIL_08719,SYN_P_0205,SYN_P_0383,2026-05-19 01:00:00,Document,outbound
EMAIL_08720,SYN_P_0123,SYN_P_0640,2025-11-12 07:00:00,Invoice,outbound
EMAIL_08721,SYN_P_1007,SYN_P_0757,2026-07-04 12:00:00,Invoice,outbound
EMAIL_08722,SYN_P_0373,SYN_P_0593,2025-01-03 14:00:00,Delivery,inbound
EMAIL_08723,SYN_P_0749,SYN_P_0843,2026-01-08 21:00:00,Invoice,inbound
EMAIL_08724,SYN_P_0667,SYN_P_0461,2026-07-04 04:00:00,Meeting,inbound
EMAIL_08725,SYN_P_0192,SYN_P_0290,2024-08-01 01:00:00,Request,outbound
EMAIL_08726,SYN_P_0171,SYN_P_0917,2024-06-23 06:00:00,Meeting,inbound
EMAIL_08727,SYN_P_0636,SYN_P_0167,2025-01-09 04:00:00,Meeting,outbound
EMAIL_08728,SYN_P_0338,SYN_P_0245,2024-09-29 07:00:00,Document,inbound
EMAIL_08729,SYN_P_0352,SYN_P_0900,2026-02-19 12:00:00,Invoice,inbound
EMAIL_08730,SYN_P_0932,SYN_P_0667,2026-09-27 22:00:00,Invoice,outbound
EMAIL_08731,SYN_P_0226,SYN_P_0323,2024-12-08 09:00:00,Delivery,inbound
EMAIL_08732,SYN_P_0441,SYN_P_0980,2026-03-07 12:00:00,Account,outbound
EMAIL_08733,SYN_P_0539,SYN_P_0260,2025-11-05 11:00:00,Document,inbound
EMAIL_08734,SYN_P_0871,SYN_P_0801,2026-09-04 12:00:00,Meeting,outbound
EMAIL_08735,SYN_P_0566,SYN_P_0653,2025-01-06 03:00:00,Document,inbound
EMAIL_08736,SYN_P_0216,SYN_P_0714,2026-05-16 14:00:00,Document,inbound
EMAIL_08737,SYN_P_0002,SYN_P_0803,2025-10-31 03:00:00,Request,outbound
EMAIL_08738,SYN_P_0109,SYN_P_0855,2026-10-18 05:00:00,Account,outbound
EMAIL_08739,SYN_P_0357,SYN_P_0237,2026-02-28 10:00:00,Meeting,inbound
EMAIL_08740,SYN_P_0022,SYN_P_0459,2025-05-30 05:00:00,Invoice,outbound
EMAIL_08741,SYN_P_0857,SYN_P_0418,2025-03-11 12:00:00,Request,inbound
EMAIL_08742,SYN_P_0927,SYN_P_0213,2024-08-08 21:00:00,Document,inbound
EMAIL_08743,SYN_P_0922,SYN_P_0564,2025-11-15 17:00:00,Meeting,inbound
EMAIL_08744,SYN_P_0880,SYN_P_0426,2025-05-28 00:00:00,Invoice,inbound
EMAIL_08745,SYN_P_0369,SYN_P_0049,2026-02-01 14:00:00,Account,outbound
EMAIL_08746,SYN_P_0053,SYN_P_0332,2025-03-18 22:00:00,Request,outbound
EMAIL_08747,SYN_P_0781,SYN_P_0208,2026-01-09 22:00:00,Account,outbound
EMAIL_08748,SYN_P_0858,SYN_P_0983,2026-09-29 23:00:00,Delivery,inbound
EMAIL_08749,SYN_P_0298,SYN_P_0940,2026-08-22 22:00:00,Request,inbound
EMAIL_08750,SYN_P_0298,SYN_P_0034,2025-09-30 13:00:00,Document,inbound
EMAIL_08751,SYN_P_0399,SYN_P_1011,2025-07-04 07:00:00,Request,inbound
EMAIL_08752,SYN_P_0272,SYN_P_0556,2025-03-12 21:00:00,Meeting,inbound
EMAIL_08753,SYN_P_0253,SYN_P_0478,2024-11-16 10:00:00,Invoice,inbound
EMAIL_08754,SYN_P_0527,SYN_P_0351,2025-08-09 08:00:00,Request,inbound
EMAIL_08755,SYN_P_0732,SYN_P_0995,2024-06-25 13:00:00,Account,outbound
EMAIL_08756,SYN_P_0882,SYN_P_0552,2026-03-09 23:00:00,Account,outbound
EMAIL_08757,SYN_P_0589,SYN_P_0760,2025-01-27 15:00:00,Invoice,outbound
EMAIL_08758,SYN_P_0924,SYN_P_0547,2025-04-24 08:00:00,Request,outbound
EMAIL_08759,SYN_P_0027,SYN_P_0720,2026-03-20 19:00:00,Delivery,outbound
EMAIL_08760,SYN_P_0252,SYN_P_0303,2024-06-20 15:00:00,Account,inbound
EMAIL_08761,SYN_P_1029,SYN_P_0048,2024-05-06 06:00:00,Document,outbound
EMAIL_08762,SYN_P_0294,SYN_P_0780,2024-08-30 10:00:00,Delivery,outbound
EMAIL_08763,SYN_P_0488,SYN_P_0506,2024-10-16 06:00:00,Document,inbound
EMAIL_08764,SYN_P_0364,SYN_P_0379,2025-03-20 22:00:00,Account,inbound
EMAIL_08765,SYN_P_0204,SYN_P_1012,2024-11-29 16:00:00,Meeting,inbound
EMAIL_08766,SYN_P_0476,SYN_P_0843,2025-12-08 09:00:00,Account,outbound
EMAIL_08767,SYN_P_0537,SYN_P_0380,2024-10-23 06:00:00,Delivery,inbound
EMAIL_08768,SYN_P_1035,SYN_P_0262,2025-07-31 18:00:00,Invoice,outbound
EMAIL_08769,SYN_P_0557,SYN_P_0286,2025-05-20 08:00:00,Account,inbound
EMAIL_08770,SYN_P_0739,SYN_P_0631,2026-03-06 15:00:00,Invoice,inbound
EMAIL_08771,SYN_P_0922,SYN_P_1006,2025-05-03 22:00:00,Invoice,outbound
EMAIL_08772,SYN_P_0370,SYN_P_0544,2024-11-12 09:00:00,Document,outbound
EMAIL_08773,SYN_P_0014,SYN_P_0074,2024-09-12 16:00:00,Account,outbound
EMAIL_08774,SYN_P_0943,SYN_P_0695,2026-09-24 08:00:00,Account,inbound
EMAIL_08775,SYN_P_0267,SYN_P_0950,2025-11-05 15:00:00,Request,inbound
EMAIL_08776,SYN_P_0920,SYN_P_0085,2025-04-14 02:00:00,Invoice,outbound
EMAIL_08777,SYN_P_0054,SYN_P_0147,2026-04-24 08:00:00,Delivery,inbound
EMAIL_08778,SYN_P_0818,SYN_P_0259,2024-04-18 12:00:00,Meeting,outbound
EMAIL_08779,SYN_P_0520,SYN_P_0400,2025-09-15 23:00:00,Account,inbound
EMAIL_08780,SYN_P_0027,SYN_P_0528,2024-07-23 19:00:00,Request,inbound
EMAIL_08781,SYN_P_0335,SYN_P_0535,2024-07-15 13:00:00,Delivery,outbound
EMAIL_08782,SYN_P_0201,SYN_P_0946,2024-03-17 23:00:00,Delivery,outbound
EMAIL_08783,SYN_P_0124,SYN_P_0545,2026-03-22 13:00:00,Invoice,outbound
EMAIL_08784,SYN_P_0716,SYN_P_0479,2025-03-18 00:00:00,Document,inbound
EMAIL_08785,SYN_P_0540,SYN_P_1012,2026-08-30 12:00:00,Meeting,outbound
EMAIL_08786,SYN_P_0760,SYN_P_0142,2026-11-02 15:00:00,Document,inbound
EMAIL_08787,SYN_P_0208,SYN_P_0408,2025-12-26 21:00:00,Account,inbound
EMAIL_08788,SYN_P_0951,SYN_P_0282,2025-11-13 12:00:00,Delivery,inbound
EMAIL_08789,SYN_P_0920,SYN_P_0843,2025-10-05 00:00:00,Delivery,inbound
EMAIL_08790,SYN_P_0352,SYN_P_0667,2026-08-20 07:00:00,Account,outbound
EMAIL_08791,SYN_P_0268,SYN_P_0833,2026-07-21 08:00:00,Meeting,inbound
EMAIL_08792,SYN_P_0953,SYN_P_0864,2024-02-02 02:00:00,Invoice,inbound
EMAIL_08793,SYN_P_0052,SYN_P_0887,2026-04-04 21:00:00,Account,inbound
EMAIL_08794,SYN_P_0285,SYN_P_0926,2025-04-18 23:00:00,Invoice,inbound
EMAIL_08795,SYN_P_0335,SYN_P_0152,2026-06-01 23:00:00,Delivery,outbound
EMAIL_08796,SYN_P_0332,SYN_P_0080,2025-05-13 06:00:00,Delivery,outbound
EMAIL_08797,SYN_P_0185,SYN_P_0631,2024-09-29 20:00:00,Account,outbound
EMAIL_08798,SYN_P_0315,SYN_P_0558,2025-12-22 00:00:00,Meeting,inbound
EMAIL_08799,SYN_P_0338,SYN_P_0743,2024-12-23 16:00:00,Document,inbound
EMAIL_08800,SYN_P_0957,SYN_P_0588,2025-03-16 02:00:00,Invoice,outbound
EMAIL_08801,SYN_P_0533,SYN_P_0731,2026-08-03 22:00:00,Account,outbound
EMAIL_08802,SYN_P_1016,SYN_P_0322,2024-09-13 03:00:00,Invoice,outbound
EMAIL_08803,SYN_P_0521,SYN_P_0979,2025-12-30 08:00:00,Account,outbound
EMAIL_08804,SYN_P_0883,SYN_P_1019,2026-05-09 16:00:00,Account,inbound
EMAIL_08805,SYN_P_0040,SYN_P_0293,2025-07-07 23:00:00,Document,outbound
EMAIL_08806,SYN_P_0383,SYN_P_0621,2025-11-25 20:00:00,Document,outbound
EMAIL_08807,SYN_P_0734,SYN_P_0110,2024-04-06 10:00:00,Delivery,inbound
EMAIL_08808,SYN_P_0207,SYN_P_0422,2026-04-08 11:00:00,Meeting,outbound
EMAIL_08809,SYN_P_0503,SYN_P_0368,2026-09-01 04:00:00,Invoice,outbound
EMAIL_08810,SYN_P_0986,SYN_P_0004,2025-04-09 18:00:00,Account,outbound
EMAIL_08811,SYN_P_0877,SYN_P_0394,2026-09-29 14:00:00,Delivery,inbound
EMAIL_08812,SYN_P_0894,SYN_P_0889,2025-06-25 10:00:00,Request,inbound
EMAIL_08813,SYN_P_0291,SYN_P_1009,2024-01-30 14:00:00,Delivery,outbound
EMAIL_08814,SYN_P_0693,SYN_P_0258,2026-09-05 03:00:00,Meeting,outbound
EMAIL_08815,SYN_P_0328,SYN_P_0866,2025-03-19 13:00:00,Document,outbound
EMAIL_08816,SYN_P_0797,SYN_P_0698,2025-02-21 10:00:00,Account,inbound
EMAIL_08817,SYN_P_0744,SYN_P_0666,2025-08-19 03:00:00,Document,outbound
EMAIL_08818,SYN_P_0575,SYN_P_0151,2025-06-13 08:00:00,Document,inbound
EMAIL_08819,SYN_P_0522,SYN_P_0257,2024-07-06 16:00:00,Document,outbound
EMAIL_08820,SYN_P_0502,SYN_P_0234,2024-07-05 05:00:00,Request,outbound
EMAIL_08821,SYN_P_0018,SYN_P_0099,2025-12-14 18:00:00,Delivery,outbound
EMAIL_08822,SYN_P_0083,SYN_P_0046,2025-01-17 14:00:00,Account,outbound
EMAIL_08823,SYN_P_0924,SYN_P_1009,2025-06-05 09:00:00,Meeting,outbound
EMAIL_08824,SYN_P_0904,SYN_P_1000,2025-01-25 12:00:00,Meeting,inbound
EMAIL_08825,SYN_P_0836,SYN_P_0348,2025-02-01 17:00:00,Meeting,inbound
EMAIL_08826,SYN_P_0329,SYN_P_0293,2024-01-07 11:00:00,Invoice,inbound
EMAIL_08827,SYN_P_0650,SYN_P_0622,2026-11-05 15:00:00,Account,inbound
EMAIL_08828,SYN_P_0180,SYN_P_0066,2026-05-05 03:00:00,Document,inbound
EMAIL_08829,SYN_P_0872,SYN_P_0370,2025-04-12 05:00:00,Request,outbound
EMAIL_08830,SYN_P_0209,SYN_P_0123,2024-04-15 01:00:00,Account,outbound
EMAIL_08831,SYN_P_0153,SYN_P_0633,2026-09-16 12:00:00,Meeting,outbound
EMAIL_08832,SYN_P_0589,SYN_P_0490,2024-04-11 09:00:00,Document,outbound
EMAIL_08833,SYN_P_0929,SYN_P_0119,2024-11-28 18:00:00,Delivery,inbound
EMAIL_08834,SYN_P_0984,SYN_P_0490,2025-07-06 21:00:00,Account,inbound
EMAIL_08835,SYN_P_0890,SYN_P_0341,2025-04-03 04:00:00,Meeting,outbound
EMAIL_08836,SYN_P_0820,SYN_P_0299,2024-05-11 04:00:00,Invoice,outbound
EMAIL_08837,SYN_P_0955,SYN_P_0906,2025-02-26 16:00:00,Meeting,inbound
EMAIL_08838,SYN_P_0497,SYN_P_0905,2024-01-18 13:00:00,Delivery,outbound
EMAIL_08839,SYN_P_1037,SYN_P_0751,2026-02-23 09:00:00,Document,inbound
EMAIL_08840,SYN_P_0025,SYN_P_0827,2026-10-01 19:00:00,Meeting,outbound
EMAIL_08841,SYN_P_0564,SYN_P_0034,2025-07-28 01:00:00,Meeting,inbound
EMAIL_08842,SYN_P_0232,SYN_P_0709,2026-01-06 16:00:00,Delivery,inbound
EMAIL_08843,SYN_P_0770,SYN_P_0839,2025-08-01 01:00:00,Account,inbound
EMAIL_08844,SYN_P_0662,SYN_P_0599,2025-02-05 16:00:00,Document,outbound
EMAIL_08845,SYN_P_0488,SYN_P_0088,2024-02-24 05:00:00,Request,inbound
EMAIL_08846,SYN_P_0813,SYN_P_0069,2025-02-11 08:00:00,Document,inbound
EMAIL_08847,SYN_P_0576,SYN_P_0586,2025-11-07 16:00:00,Account,outbound
EMAIL_08848,SYN_P_0465,SYN_P_1000,2026-11-05 16:00:00,Document,inbound
EMAIL_08849,SYN_P_0183,SYN_P_0155,2024-09-15 00:00:00,Delivery,inbound
EMAIL_08850,SYN_P_0892,SYN_P_0998,2024-10-03 07:00:00,Account,outbound
EMAIL_08851,SYN_P_0971,SYN_P_0390,2026-03-25 10:00:00,Request,outbound
EMAIL_08852,SYN_P_0679,SYN_P_0707,2026-07-18 20:00:00,Document,inbound
EMAIL_08853,SYN_P_0545,SYN_P_0539,2026-07-22 07:00:00,Account,outbound
EMAIL_08854,SYN_P_0394,SYN_P_0267,2024-03-08 17:00:00,Delivery,inbound
EMAIL_08855,SYN_P_0502,SYN_P_0114,2025-01-22 10:00:00,Meeting,outbound
EMAIL_08856,SYN_P_0119,SYN_P_0660,2024-09-18 22:00:00,Document,inbound
EMAIL_08857,SYN_P_0297,SYN_P_0370,2024-01-14 20:00:00,Invoice,outbound
EMAIL_08858,SYN_P_0686,SYN_P_0294,2024-08-11 10:00:00,Invoice,inbound
EMAIL_08859,SYN_P_0346,SYN_P_0946,2024-03-20 04:00:00,Invoice,outbound
EMAIL_08860,SYN_P_0165,SYN_P_0760,2026-11-06 12:00:00,Delivery,inbound
EMAIL_08861,SYN_P_0857,SYN_P_0151,2025-02-14 12:00:00,Invoice,outbound
EMAIL_08862,SYN_P_0640,SYN_P_1001,2025-01-28 01:00:00,Invoice,inbound
EMAIL_08863,SYN_P_0333,SYN_P_0863,2024-06-09 08:00:00,Invoice,outbound
EMAIL_08864,SYN_P_0546,SYN_P_0231,2026-03-04 19:00:00,Meeting,inbound
EMAIL_08865,SYN_P_0025,SYN_P_0656,2024-05-12 02:00:00,Invoice,outbound
EMAIL_08866,SYN_P_0143,SYN_P_0458,2026-07-26 03:00:00,Document,outbound
EMAIL_08867,SYN_P_0798,SYN_P_0664,2024-05-23 07:00:00,Meeting,outbound
EMAIL_08868,SYN_P_0537,SYN_P_0354,2026-03-09 02:00:00,Delivery,inbound
EMAIL_08869,SYN_P_0322,SYN_P_0205,2026-07-15 20:00:00,Invoice,inbound
EMAIL_08870,SYN_P_0539,SYN_P_0362,2025-06-06 08:00:00,Invoice,inbound
EMAIL_08871,SYN_P_0277,SYN_P_0713,2024-03-30 03:00:00,Account,inbound
EMAIL_08872,SYN_P_0835,SYN_P_0984,2024-03-21 19:00:00,Request,outbound
EMAIL_08873,SYN_P_0839,SYN_P_0789,2024-02-22 06:00:00,Delivery,outbound
EMAIL_08874,SYN_P_0856,SYN_P_0572,2024-12-25 01:00:00,Account,outbound
EMAIL_08875,SYN_P_1035,SYN_P_0970,2025-02-28 10:00:00,Account,inbound
EMAIL_08876,SYN_P_0381,SYN_P_0908,2025-10-20 02:00:00,Delivery,outbound
EMAIL_08877,SYN_P_0705,SYN_P_0583,2024-02-11 07:00:00,Account,outbound
EMAIL_08878,SYN_P_0458,SYN_P_0613,2024-10-02 22:00:00,Invoice,outbound
EMAIL_08879,SYN_P_0298,SYN_P_0978,2024-11-23 08:00:00,Invoice,outbound
EMAIL_08880,SYN_P_0988,SYN_P_0897,2026-04-17 22:00:00,Document,outbound
EMAIL_08881,SYN_P_0125,SYN_P_0254,2024-02-04 05:00:00,Account,outbound
EMAIL_08882,SYN_P_0378,SYN_P_0383,2025-04-01 16:00:00,Document,outbound
EMAIL_08883,SYN_P_0585,SYN_P_0074,2024-12-05 09:00:00,Document,inbound
EMAIL_08884,SYN_P_0627,SYN_P_0133,2025-11-10 05:00:00,Request,inbound
EMAIL_08885,SYN_P_0733,SYN_P_0698,2024-11-05 04:00:00,Account,inbound
EMAIL_08886,SYN_P_0041,SYN_P_0617,2024-11-11 15:00:00,Document,outbound
EMAIL_08887,SYN_P_0667,SYN_P_0342,2024-05-04 05:00:00,Document,outbound
EMAIL_08888,SYN_P_0031,SYN_P_0188,2024-09-08 15:00:00,Request,outbound
EMAIL_08889,SYN_P_1011,SYN_P_0160,2024-11-30 11:00:00,Request,inbound
EMAIL_08890,SYN_P_0762,SYN_P_0073,2026-08-27 00:00:00,Invoice,inbound
EMAIL_08891,SYN_P_0800,SYN_P_0439,2024-04-14 17:00:00,Request,outbound
EMAIL_08892,SYN_P_0376,SYN_P_0602,2025-08-06 15:00:00,Invoice,inbound
EMAIL_08893,SYN_P_0481,SYN_P_0551,2026-04-01 02:00:00,Invoice,inbound
EMAIL_08894,SYN_P_0084,SYN_P_0698,2025-02-07 14:00:00,Invoice,inbound
EMAIL_08895,SYN_P_0085,SYN_P_0308,2026-03-10 09:00:00,Request,inbound
EMAIL_08896,SYN_P_0443,SYN_P_0803,2026-03-12 19:00:00,Meeting,inbound
EMAIL_08897,SYN_P_0986,SYN_P_0629,2026-01-10 17:00:00,Request,outbound
EMAIL_08898,SYN_P_1004,SYN_P_1036,2024-05-30 20:00:00,Invoice,outbound
EMAIL_08899,SYN_P_0350,SYN_P_0134,2026-02-01 10:00:00,Delivery,outbound
EMAIL_08900,SYN_P_0431,SYN_P_0724,2026-05-08 18:00:00,Invoice,inbound
EMAIL_08901,SYN_P_0727,SYN_P_0360,2025-12-20 03:00:00,Document,inbound
EMAIL_08902,SYN_P_0439,SYN_P_0721,2026-01-23 14:00:00,Meeting,outbound
EMAIL_08903,SYN_P_0909,SYN_P_0723,2024-04-05 13:00:00,Request,inbound
EMAIL_08904,SYN_P_0575,SYN_P_0256,2026-04-12 00:00:00,Invoice,outbound
EMAIL_08905,SYN_P_0180,SYN_P_0034,2024-10-18 04:00:00,Meeting,inbound
EMAIL_08906,SYN_P_0469,SYN_P_0873,2025-02-24 09:00:00,Account,outbound
EMAIL_08907,SYN_P_0678,SYN_P_0198,2024-08-22 10:00:00,Invoice,outbound
EMAIL_08908,SYN_P_0590,SYN_P_0937,2025-12-17 06:00:00,Account,inbound
EMAIL_08909,SYN_P_0712,SYN_P_0963,2024-12-09 06:00:00,Invoice,inbound
EMAIL_08910,SYN_P_0211,SYN_P_0655,2026-06-21 00:00:00,Invoice,inbound
EMAIL_08911,SYN_P_0935,SYN_P_0706,2025-09-05 20:00:00,Account,inbound
EMAIL_08912,SYN_P_0371,SYN_P_0106,2026-01-04 05:00:00,Request,inbound
EMAIL_08913,SYN_P_0655,SYN_P_0804,2025-02-10 19:00:00,Account,inbound
EMAIL_08914,SYN_P_0157,SYN_P_0333,2024-03-20 09:00:00,Request,inbound
EMAIL_08915,SYN_P_1001,SYN_P_0512,2024-07-16 06:00:00,Document,outbound
EMAIL_08916,SYN_P_0778,SYN_P_0443,2025-06-14 00:00:00,Invoice,inbound
EMAIL_08917,SYN_P_0624,SYN_P_0465,2025-12-14 01:00:00,Account,inbound
EMAIL_08918,SYN_P_0221,SYN_P_0030,2026-01-05 20:00:00,Meeting,inbound
EMAIL_08919,SYN_P_0087,SYN_P_0214,2025-08-21 04:00:00,Delivery,inbound
EMAIL_08920,SYN_P_0167,SYN_P_0064,2026-10-21 17:00:00,Meeting,outbound
EMAIL_08921,SYN_P_0929,SYN_P_0554,2024-02-08 21:00:00,Document,inbound
EMAIL_08922,SYN_P_0895,SYN_P_0937,2024-09-01 13:00:00,Account,outbound
EMAIL_08923,SYN_P_0169,SYN_P_0295,2025-12-12 23:00:00,Request,outbound
EMAIL_08924,SYN_P_0705,SYN_P_0159,2024-06-12 00:00:00,Document,inbound
EMAIL_08925,SYN_P_0702,SYN_P_0542,2025-04-26 00:00:00,Account,outbound
EMAIL_08926,SYN_P_0388,SYN_P_0214,2024-07-18 08:00:00,Invoice,outbound
EMAIL_08927,SYN_P_0589,SYN_P_0695,2025-12-19 10:00:00,Request,inbound
EMAIL_08928,SYN_P_0625,SYN_P_0303,2024-12-04 11:00:00,Request,outbound
EMAIL_08929,SYN_P_0293,SYN_P_0351,2024-07-11 19:00:00,Invoice,inbound
EMAIL_08930,SYN_P_0541,SYN_P_0188,2024-12-06 07:00:00,Invoice,inbound
EMAIL_08931,SYN_P_0977,SYN_P_0122,2024-04-27 03:00:00,Meeting,outbound
EMAIL_08932,SYN_P_0175,SYN_P_0670,2025-12-26 14:00:00,Document,outbound
EMAIL_08933,SYN_P_0627,SYN_P_0775,2024-10-13 10:00:00,Delivery,inbound
EMAIL_08934,SYN_P_0465,SYN_P_0487,2024-01-06 01:00:00,Meeting,inbound
EMAIL_08935,SYN_P_0481,SYN_P_0315,2024-03-30 13:00:00,Document,inbound
EMAIL_08936,SYN_P_0969,SYN_P_0189,2025-12-15 23:00:00,Account,inbound
EMAIL_08937,SYN_P_0512,SYN_P_0315,2026-02-11 13:00:00,Delivery,inbound
EMAIL_08938,SYN_P_0845,SYN_P_0274,2025-12-31 21:00:00,Document,inbound
EMAIL_08939,SYN_P_0206,SYN_P_0420,2026-06-05 05:00:00,Document,outbound
EMAIL_08940,SYN_P_0947,SYN_P_0027,2026-07-16 20:00:00,Request,inbound
EMAIL_08941,SYN_P_0158,SYN_P_0110,2024-07-31 12:00:00,Delivery,outbound
EMAIL_08942,SYN_P_0627,SYN_P_0162,2026-07-27 05:00:00,Delivery,outbound
EMAIL_08943,SYN_P_0882,SYN_P_0945,2025-12-30 20:00:00,Document,outbound
EMAIL_08944,SYN_P_0140,SYN_P_0325,2025-08-01 02:00:00,Request,inbound
EMAIL_08945,SYN_P_0110,SYN_P_0557,2025-06-11 02:00:00,Meeting,inbound
EMAIL_08946,SYN_P_0750,SYN_P_0428,2025-11-25 06:00:00,Request,outbound
EMAIL_08947,SYN_P_0056,SYN_P_0772,2026-06-26 23:00:00,Delivery,outbound
EMAIL_08948,SYN_P_0304,SYN_P_0375,2026-08-06 20:00:00,Invoice,inbound
EMAIL_08949,SYN_P_0491,SYN_P_0925,2024-08-08 22:00:00,Document,outbound
EMAIL_08950,SYN_P_0077,SYN_P_0931,2024-02-24 00:00:00,Account,outbound
EMAIL_08951,SYN_P_0887,SYN_P_0955,2025-08-05 23:00:00,Account,outbound
EMAIL_08952,SYN_P_0178,SYN_P_0596,2025-09-15 02:00:00,Document,outbound
EMAIL_08953,SYN_P_0458,SYN_P_1009,2024-02-13 16:00:00,Document,inbound
EMAIL_08954,SYN_P_0495,SYN_P_0043,2026-08-08 14:00:00,Delivery,outbound
EMAIL_08955,SYN_P_0485,SYN_P_0623,2024-10-04 22:00:00,Invoice,inbound
EMAIL_08956,SYN_P_0315,SYN_P_1012,2026-04-22 04:00:00,Request,outbound
EMAIL_08957,SYN_P_0456,SYN_P_0480,2026-06-16 10:00:00,Meeting,inbound
EMAIL_08958,SYN_P_0816,SYN_P_0412,2024-11-10 23:00:00,Invoice,inbound
EMAIL_08959,SYN_P_0142,SYN_P_0489,2025-12-04 05:00:00,Document,outbound
EMAIL_08960,SYN_P_0404,SYN_P_0583,2024-08-16 07:00:00,Account,outbound
EMAIL_08961,SYN_P_1040,SYN_P_0053,2026-10-02 12:00:00,Account,inbound
EMAIL_08962,SYN_P_0552,SYN_P_0752,2024-12-30 13:00:00,Invoice,outbound
EMAIL_08963,SYN_P_0467,SYN_P_0323,2026-01-13 17:00:00,Invoice,outbound
EMAIL_08964,SYN_P_0745,SYN_P_0223,2024-02-21 02:00:00,Meeting,inbound
EMAIL_08965,SYN_P_0845,SYN_P_0175,2024-12-26 23:00:00,Invoice,outbound
EMAIL_08966,SYN_P_0200,SYN_P_0667,2024-01-17 13:00:00,Account,outbound
EMAIL_08967,SYN_P_0213,SYN_P_0523,2024-08-20 02:00:00,Document,inbound
EMAIL_08968,SYN_P_0778,SYN_P_0765,2025-04-16 18:00:00,Account,inbound
EMAIL_08969,SYN_P_0533,SYN_P_0636,2026-07-06 12:00:00,Document,inbound
EMAIL_08970,SYN_P_0040,SYN_P_0175,2026-03-02 15:00:00,Account,inbound
EMAIL_08971,SYN_P_0364,SYN_P_0735,2025-10-08 14:00:00,Invoice,outbound
EMAIL_08972,SYN_P_0952,SYN_P_0625,2026-06-21 23:00:00,Account,inbound
EMAIL_08973,SYN_P_0683,SYN_P_0949,2024-04-19 01:00:00,Account,outbound
EMAIL_08974,SYN_P_0906,SYN_P_0028,2024-11-21 16:00:00,Request,outbound
EMAIL_08975,SYN_P_0929,SYN_P_0790,2025-06-17 17:00:00,Document,inbound
EMAIL_08976,SYN_P_0842,SYN_P_0517,2024-06-23 04:00:00,Document,outbound
EMAIL_08977,SYN_P_0997,SYN_P_0863,2025-01-03 14:00:00,Delivery,inbound
EMAIL_08978,SYN_P_0369,SYN_P_0307,2024-12-09 20:00:00,Account,outbound
EMAIL_08979,SYN_P_0064,SYN_P_1016,2026-01-25 10:00:00,Delivery,outbound
EMAIL_08980,SYN_P_0636,SYN_P_0072,2026-04-19 19:00:00,Meeting,outbound
EMAIL_08981,SYN_P_0983,SYN_P_0947,2026-11-02 19:00:00,Request,inbound
EMAIL_08982,SYN_P_0953,SYN_P_0123,2026-07-21 10:00:00,Account,outbound
EMAIL_08983,SYN_P_0703,SYN_P_0619,2026-11-04 04:00:00,Document,inbound
EMAIL_08984,SYN_P_0627,SYN_P_0404,2024-07-11 00:00:00,Delivery,outbound
EMAIL_08985,SYN_P_0304,SYN_P_0744,2026-09-22 06:00:00,Invoice,outbound
EMAIL_08986,SYN_P_0477,SYN_P_0759,2025-12-11 15:00:00,Account,outbound
EMAIL_08987,SYN_P_0169,SYN_P_0597,2026-03-24 13:00:00,Request,inbound
EMAIL_08988,SYN_P_0494,SYN_P_0953,2025-03-03 04:00:00,Document,outbound
EMAIL_08989,SYN_P_0989,SYN_P_0159,2025-12-16 10:00:00,Account,outbound
EMAIL_08990,SYN_P_0478,SYN_P_0799,2025-01-02 04:00:00,Document,outbound
EMAIL_08991,SYN_P_0177,SYN_P_0558,2024-07-15 04:00:00,Request,outbound
EMAIL_08992,SYN_P_0154,SYN_P_0649,2024-06-24 11:00:00,Account,outbound
EMAIL_08993,SYN_P_0760,SYN_P_0296,2025-01-21 23:00:00,Account,inbound
EMAIL_08994,SYN_P_0408,SYN_P_0916,2024-04-17 09:00:00,Account,inbound
EMAIL_08995,SYN_P_0723,SYN_P_0277,2025-01-25 03:00:00,Delivery,outbound
EMAIL_08996,SYN_P_0749,SYN_P_0005,2026-04-23 18:00:00,Invoice,outbound
EMAIL_08997,SYN_P_0038,SYN_P_0705,2026-05-05 02:00:00,Request,inbound
EMAIL_08998,SYN_P_1024,SYN_P_0407,2024-04-18 14:00:00,Document,outbound
EMAIL_08999,SYN_P_0389,SYN_P_0799,2025-01-19 21:00:00,Request,inbound
EMAIL_09000,SYN_P_0414,SYN_P_0814,2025-06-13 10:00:00,Document,outbound
EMAIL_09001,SYN_P_0081,SYN_P_0131,2024-12-28 15:00:00,Request,outbound
EMAIL_09002,SYN_P_0855,SYN_P_0886,2025-01-11 19:00:00,Delivery,inbound
EMAIL_09003,SYN_P_0015,SYN_P_0850,2024-02-15 01:00:00,Account,outbound
EMAIL_09004,SYN_P_0846,SYN_P_0025,2026-04-25 12:00:00,Delivery,inbound
EMAIL_09005,SYN_P_0927,SYN_P_0197,2024-12-04 23:00:00,Account,outbound
EMAIL_09006,SYN_P_0231,SYN_P_0558,2025-10-15 16:00:00,Request,outbound
EMAIL_09007,SYN_P_1031,SYN_P_0115,2024-05-14 02:00:00,Delivery,inbound
EMAIL_09008,SYN_P_0533,SYN_P_0516,2024-07-01 09:00:00,Meeting,outbound
EMAIL_09009,SYN_P_0187,SYN_P_0123,2026-03-15 08:00:00,Delivery,outbound
EMAIL_09010,SYN_P_0687,SYN_P_0442,2026-07-07 17:00:00,Request,outbound
EMAIL_09011,SYN_P_0025,SYN_P_0334,2024-02-27 00:00:00,Document,outbound
EMAIL_09012,SYN_P_0884,SYN_P_0283,2024-06-24 11:00:00,Document,outbound
EMAIL_09013,SYN_P_0478,SYN_P_0205,2024-08-24 22:00:00,Invoice,outbound
EMAIL_09014,SYN_P_0422,SYN_P_0001,2024-09-23 08:00:00,Request,inbound
EMAIL_09015,SYN_P_0651,SYN_P_0392,2026-09-19 17:00:00,Meeting,inbound
EMAIL_09016,SYN_P_0641,SYN_P_0465,2026-09-02 12:00:00,Request,outbound
EMAIL_09017,SYN_P_0203,SYN_P_0320,2025-02-26 19:00:00,Invoice,outbound
EMAIL_09018,SYN_P_0575,SYN_P_1026,2026-10-21 01:00:00,Request,outbound
EMAIL_09019,SYN_P_0507,SYN_P_0232,2024-12-04 02:00:00,Request,inbound
EMAIL_09020,SYN_P_0581,SYN_P_0429,2024-12-19 16:00:00,Request,outbound
EMAIL_09021,SYN_P_0474,SYN_P_0436,2024-06-03 02:00:00,Document,inbound
EMAIL_09022,SYN_P_0724,SYN_P_0678,2025-08-26 11:00:00,Invoice,inbound
EMAIL_09023,SYN_P_0178,SYN_P_0906,2024-05-26 00:00:00,Meeting,inbound
EMAIL_09024,SYN_P_0085,SYN_P_0839,2026-04-06 17:00:00,Request,outbound
EMAIL_09025,SYN_P_0076,SYN_P_0379,2026-08-11 05:00:00,Account,inbound
EMAIL_09026,SYN_P_0020,SYN_P_0663,2024-10-16 01:00:00,Meeting,inbound
EMAIL_09027,SYN_P_0126,SYN_P_0902,2024-10-14 22:00:00,Meeting,inbound
EMAIL_09028,SYN_P_0285,SYN_P_0877,2025-07-13 10:00:00,Document,inbound
EMAIL_09029,SYN_P_0678,SYN_P_0062,2026-07-30 05:00:00,Request,inbound
EMAIL_09030,SYN_P_0518,SYN_P_0959,2024-07-06 09:00:00,Account,inbound
EMAIL_09031,SYN_P_0277,SYN_P_0585,2025-04-23 09:00:00,Document,inbound
EMAIL_09032,SYN_P_0972,SYN_P_1035,2024-01-26 07:00:00,Meeting,outbound
EMAIL_09033,SYN_P_0159,SYN_P_0219,2025-06-20 15:00:00,Request,outbound
EMAIL_09034,SYN_P_0788,SYN_P_0840,2026-10-31 00:00:00,Request,inbound
EMAIL_09035,SYN_P_0182,SYN_P_0060,2025-11-13 13:00:00,Document,inbound
EMAIL_09036,SYN_P_0515,SYN_P_0431,2026-09-04 02:00:00,Document,outbound
EMAIL_09037,SYN_P_0952,SYN_P_0492,2026-01-14 22:00:00,Meeting,outbound
EMAIL_09038,SYN_P_0312,SYN_P_0070,2024-07-08 02:00:00,Invoice,outbound
EMAIL_09039,SYN_P_0503,SYN_P_0923,2025-11-25 12:00:00,Account,inbound
EMAIL_09040,SYN_P_0252,SYN_P_0399,2025-12-26 21:00:00,Document,inbound
EMAIL_09041,SYN_P_0349,SYN_P_1026,2024-03-07 06:00:00,Account,outbound
EMAIL_09042,SYN_P_0862,SYN_P_0535,2026-10-08 15:00:00,Delivery,outbound
EMAIL_09043,SYN_P_0237,SYN_P_0596,2024-09-27 17:00:00,Request,inbound
EMAIL_09044,SYN_P_0924,SYN_P_0880,2025-05-29 22:00:00,Delivery,outbound
EMAIL_09045,SYN_P_0524,SYN_P_0515,2026-01-10 22:00:00,Delivery,inbound
EMAIL_09046,SYN_P_0276,SYN_P_0285,2024-03-21 08:00:00,Account,outbound
EMAIL_09047,SYN_P_0052,SYN_P_0600,2026-09-24 09:00:00,Account,inbound
EMAIL_09048,SYN_P_0285,SYN_P_0772,2025-08-16 13:00:00,Invoice,inbound
EMAIL_09049,SYN_P_0851,SYN_P_0588,2024-01-20 01:00:00,Request,inbound
EMAIL_09050,SYN_P_0014,SYN_P_0714,2025-09-03 04:00:00,Account,outbound
EMAIL_09051,SYN_P_0722,SYN_P_0984,2025-03-09 10:00:00,Document,inbound
EMAIL_09052,SYN_P_0752,SYN_P_0550,2024-06-10 07:00:00,Invoice,inbound
EMAIL_09053,SYN_P_0611,SYN_P_0109,2026-08-20 04:00:00,Account,outbound
EMAIL_09054,SYN_P_0233,SYN_P_0476,2025-07-16 15:00:00,Meeting,inbound
EMAIL_09055,SYN_P_0280,SYN_P_0371,2024-11-30 02:00:00,Delivery,outbound
EMAIL_09056,SYN_P_0733,SYN_P_0669,2026-10-18 00:00:00,Document,outbound
EMAIL_09057,SYN_P_0427,SYN_P_0942,2024-07-10 19:00:00,Account,inbound
EMAIL_09058,SYN_P_0804,SYN_P_0595,2025-05-23 19:00:00,Account,outbound
EMAIL_09059,SYN_P_0674,SYN_P_0573,2026-10-24 01:00:00,Delivery,outbound
EMAIL_09060,SYN_P_0007,SYN_P_0183,2026-02-24 12:00:00,Invoice,outbound
EMAIL_09061,SYN_P_0839,SYN_P_0439,2024-11-11 09:00:00,Invoice,inbound
EMAIL_09062,SYN_P_0936,SYN_P_0530,2025-09-22 10:00:00,Account,outbound
EMAIL_09063,SYN_P_0928,SYN_P_0816,2026-01-20 20:00:00,Meeting,inbound
EMAIL_09064,SYN_P_0785,SYN_P_0819,2025-12-07 18:00:00,Delivery,inbound
EMAIL_09065,SYN_P_0715,SYN_P_0237,2026-03-20 04:00:00,Meeting,outbound
EMAIL_09066,SYN_P_0377,SYN_P_0135,2025-05-10 14:00:00,Account,inbound
EMAIL_09067,SYN_P_0260,SYN_P_0785,2024-07-14 21:00:00,Request,outbound
EMAIL_09068,SYN_P_0729,SYN_P_0269,2026-02-05 20:00:00,Document,outbound
EMAIL_09069,SYN_P_0247,SYN_P_0937,2024-07-13 07:00:00,Request,outbound
EMAIL_09070,SYN_P_0402,SYN_P_0576,2026-01-31 03:00:00,Delivery,outbound
EMAIL_09071,SYN_P_0921,SYN_P_0148,2024-04-29 02:00:00,Request,inbound
EMAIL_09072,SYN_P_0529,SYN_P_0484,2025-07-09 07:00:00,Document,inbound
EMAIL_09073,SYN_P_0556,SYN_P_0336,2024-03-16 14:00:00,Request,inbound
EMAIL_09074,SYN_P_0764,SYN_P_0185,2026-11-02 13:00:00,Document,inbound
EMAIL_09075,SYN_P_0932,SYN_P_0694,2025-09-05 09:00:00,Document,outbound
EMAIL_09076,SYN_P_0108,SYN_P_0163,2024-02-18 07:00:00,Delivery,inbound
EMAIL_09077,SYN_P_0331,SYN_P_0758,2026-04-02 09:00:00,Invoice,outbound
EMAIL_09078,SYN_P_0875,SYN_P_0601,2025-08-23 01:00:00,Invoice,inbound
EMAIL_09079,SYN_P_0004,SYN_P_0716,2025-02-23 11:00:00,Delivery,outbound
EMAIL_09080,SYN_P_0128,SYN_P_0908,2026-02-25 21:00:00,Invoice,outbound
EMAIL_09081,SYN_P_0731,SYN_P_0597,2026-06-18 08:00:00,Meeting,outbound
EMAIL_09082,SYN_P_0949,SYN_P_1009,2024-06-18 05:00:00,Account,inbound
EMAIL_09083,SYN_P_0755,SYN_P_0935,2026-08-06 17:00:00,Account,outbound
EMAIL_09084,SYN_P_0547,SYN_P_0841,2024-07-29 18:00:00,Account,inbound
EMAIL_09085,SYN_P_0384,SYN_P_0133,2024-05-25 21:00:00,Delivery,outbound
EMAIL_09086,SYN_P_0334,SYN_P_0668,2026-09-02 17:00:00,Request,inbound
EMAIL_09087,SYN_P_0138,SYN_P_0321,2026-05-05 19:00:00,Meeting,outbound
EMAIL_09088,SYN_P_0546,SYN_P_0949,2024-11-25 20:00:00,Delivery,inbound
EMAIL_09089,SYN_P_0018,SYN_P_0410,2025-06-29 09:00:00,Account,inbound
EMAIL_09090,SYN_P_0662,SYN_P_0639,2026-06-07 23:00:00,Delivery,outbound
EMAIL_09091,SYN_P_0631,SYN_P_0309,2025-11-20 06:00:00,Document,outbound
EMAIL_09092,SYN_P_0046,SYN_P_0367,2025-09-20 10:00:00,Invoice,inbound
EMAIL_09093,SYN_P_0810,SYN_P_0877,2026-06-16 14:00:00,Delivery,inbound
EMAIL_09094,SYN_P_0665,SYN_P_1039,2024-06-04 18:00:00,Document,outbound
EMAIL_09095,SYN_P_0058,SYN_P_0453,2025-10-31 04:00:00,Invoice,outbound
EMAIL_09096,SYN_P_0631,SYN_P_0545,2024-08-30 04:00:00,Account,outbound
EMAIL_09097,SYN_P_0002,SYN_P_0175,2025-09-12 18:00:00,Invoice,inbound
EMAIL_09098,SYN_P_0668,SYN_P_0884,2025-09-13 11:00:00,Invoice,outbound
EMAIL_09099,SYN_P_0164,SYN_P_0771,2025-12-19 23:00:00,Account,outbound
EMAIL_09100,SYN_P_0471,SYN_P_0778,2024-01-03 04:00:00,Account,outbound
EMAIL_09101,SYN_P_0230,SYN_P_0196,2025-11-04 01:00:00,Account,inbound
EMAIL_09102,SYN_P_1006,SYN_P_1026,2026-07-18 18:00:00,Invoice,outbound
EMAIL_09103,SYN_P_0683,SYN_P_0457,2026-06-18 14:00:00,Invoice,outbound
EMAIL_09104,SYN_P_0573,SYN_P_0638,2026-04-21 08:00:00,Delivery,inbound
EMAIL_09105,SYN_P_0248,SYN_P_0805,2026-08-07 15:00:00,Meeting,outbound
EMAIL_09106,SYN_P_0188,SYN_P_0841,2025-05-15 21:00:00,Request,inbound
EMAIL_09107,SYN_P_0107,SYN_P_0695,2025-02-08 23:00:00,Document,outbound
EMAIL_09108,SYN_P_0986,SYN_P_0999,2024-03-22 03:00:00,Document,inbound
EMAIL_09109,SYN_P_0676,SYN_P_0725,2024-01-04 17:00:00,Request,inbound
EMAIL_09110,SYN_P_0601,SYN_P_0281,2024-09-30 06:00:00,Meeting,inbound
EMAIL_09111,SYN_P_0661,SYN_P_0505,2025-02-14 10:00:00,Request,inbound
EMAIL_09112,SYN_P_0766,SYN_P_0745,2026-08-09 22:00:00,Meeting,inbound
EMAIL_09113,SYN_P_0164,SYN_P_0759,2024-08-24 21:00:00,Delivery,outbound
EMAIL_09114,SYN_P_0867,SYN_P_0100,2025-02-10 12:00:00,Invoice,inbound
EMAIL_09115,SYN_P_0489,SYN_P_1027,2024-06-28 08:00:00,Invoice,inbound
EMAIL_09116,SYN_P_0207,SYN_P_0913,2026-11-03 15:00:00,Account,outbound
EMAIL_09117,SYN_P_0655,SYN_P_0400,2026-08-24 01:00:00,Meeting,inbound
EMAIL_09118,SYN_P_0017,SYN_P_0338,2024-09-09 20:00:00,Document,outbound
EMAIL_09119,SYN_P_0283,SYN_P_0584,2025-05-25 09:00:00,Document,outbound
EMAIL_09120,SYN_P_0813,SYN_P_0684,2025-01-01 21:00:00,Delivery,inbound
EMAIL_09121,SYN_P_0303,SYN_P_0033,2025-04-01 20:00:00,Account,inbound
EMAIL_09122,SYN_P_0080,SYN_P_0849,2026-07-30 09:00:00,Meeting,inbound
EMAIL_09123,SYN_P_0863,SYN_P_0661,2024-05-16 15:00:00,Delivery,inbound
EMAIL_09124,SYN_P_0997,SYN_P_0422,2026-01-24 19:00:00,Document,inbound
EMAIL_09125,SYN_P_0852,SYN_P_0812,2025-08-21 17:00:00,Request,outbound
EMAIL_09126,SYN_P_0525,SYN_P_0791,2024-11-05 14:00:00,Delivery,inbound
EMAIL_09127,SYN_P_0347,SYN_P_0467,2024-02-23 06:00:00,Invoice,inbound
EMAIL_09128,SYN_P_0361,SYN_P_0469,2025-03-26 20:00:00,Invoice,outbound
EMAIL_09129,SYN_P_0095,SYN_P_0830,2026-06-03 18:00:00,Meeting,inbound
EMAIL_09130,SYN_P_0630,SYN_P_0764,2025-09-05 00:00:00,Request,outbound
EMAIL_09131,SYN_P_0018,SYN_P_0346,2025-09-13 21:00:00,Request,outbound
EMAIL_09132,SYN_P_0185,SYN_P_0510,2024-12-24 04:00:00,Meeting,inbound
EMAIL_09133,SYN_P_0466,SYN_P_0155,2024-10-08 20:00:00,Account,outbound
EMAIL_09134,SYN_P_0122,SYN_P_1027,2024-08-16 21:00:00,Request,inbound
EMAIL_09135,SYN_P_0027,SYN_P_0693,2024-12-19 22:00:00,Document,inbound
EMAIL_09136,SYN_P_0261,SYN_P_0326,2024-07-24 15:00:00,Account,inbound
EMAIL_09137,SYN_P_1024,SYN_P_0323,2026-10-11 20:00:00,Account,outbound
EMAIL_09138,SYN_P_0593,SYN_P_0363,2025-10-20 10:00:00,Account,inbound
EMAIL_09139,SYN_P_0630,SYN_P_0044,2025-01-06 05:00:00,Document,inbound
EMAIL_09140,SYN_P_0755,SYN_P_0754,2025-09-18 06:00:00,Invoice,inbound
EMAIL_09141,SYN_P_0814,SYN_P_0440,2025-12-04 09:00:00,Delivery,outbound
EMAIL_09142,SYN_P_0022,SYN_P_0921,2025-04-26 13:00:00,Account,outbound
EMAIL_09143,SYN_P_0849,SYN_P_0420,2024-04-18 20:00:00,Account,inbound
EMAIL_09144,SYN_P_0451,SYN_P_0680,2025-08-11 10:00:00,Meeting,outbound
EMAIL_09145,SYN_P_0602,SYN_P_0286,2026-03-09 09:00:00,Document,outbound
EMAIL_09146,SYN_P_0453,SYN_P_1019,2026-06-27 23:00:00,Delivery,outbound
EMAIL_09147,SYN_P_0208,SYN_P_0813,2025-05-06 08:00:00,Account,outbound
EMAIL_09148,SYN_P_0090,SYN_P_0701,2026-10-07 20:00:00,Invoice,outbound
EMAIL_09149,SYN_P_0614,SYN_P_0154,2024-10-27 04:00:00,Invoice,outbound
EMAIL_09150,SYN_P_0795,SYN_P_0950,2025-08-14 04:00:00,Invoice,outbound
EMAIL_09151,SYN_P_1021,SYN_P_0719,2026-08-22 13:00:00,Delivery,outbound
EMAIL_09152,SYN_P_0840,SYN_P_0271,2024-01-11 00:00:00,Meeting,inbound
EMAIL_09153,SYN_P_0427,SYN_P_0732,2025-08-05 15:00:00,Delivery,inbound
EMAIL_09154,SYN_P_0304,SYN_P_0276,2026-09-16 08:00:00,Delivery,outbound
EMAIL_09155,SYN_P_0656,SYN_P_0030,2026-03-07 19:00:00,Account,outbound
EMAIL_09156,SYN_P_0099,SYN_P_0291,2025-06-23 21:00:00,Document,inbound
EMAIL_09157,SYN_P_0205,SYN_P_0297,2024-05-16 15:00:00,Meeting,outbound
EMAIL_09158,SYN_P_0081,SYN_P_0086,2026-09-20 09:00:00,Document,outbound
EMAIL_09159,SYN_P_0853,SYN_P_1028,2026-08-29 02:00:00,Request,outbound
EMAIL_09160,SYN_P_0412,SYN_P_0882,2025-06-04 04:00:00,Delivery,outbound
EMAIL_09161,SYN_P_0314,SYN_P_0471,2026-10-26 09:00:00,Document,inbound
EMAIL_09162,SYN_P_0828,SYN_P_0321,2026-06-17 19:00:00,Document,inbound
EMAIL_09163,SYN_P_0053,SYN_P_0286,2026-10-02 18:00:00,Request,inbound
EMAIL_09164,SYN_P_0210,SYN_P_0165,2025-07-29 05:00:00,Request,inbound
EMAIL_09165,SYN_P_0268,SYN_P_0831,2024-03-16 05:00:00,Document,outbound
EMAIL_09166,SYN_P_0463,SYN_P_0300,2026-01-17 01:00:00,Account,inbound
EMAIL_09167,SYN_P_0833,SYN_P_0285,2024-06-19 14:00:00,Document,inbound
EMAIL_09168,SYN_P_0341,SYN_P_0909,2024-04-03 10:00:00,Document,inbound
EMAIL_09169,SYN_P_0019,SYN_P_0161,2025-06-13 14:00:00,Request,outbound
EMAIL_09170,SYN_P_0210,SYN_P_0408,2026-01-19 02:00:00,Invoice,inbound
EMAIL_09171,SYN_P_0808,SYN_P_0986,2026-08-19 17:00:00,Invoice,outbound
EMAIL_09172,SYN_P_0866,SYN_P_0995,2024-06-18 05:00:00,Invoice,outbound
EMAIL_09173,SYN_P_0977,SYN_P_0098,2026-06-19 15:00:00,Request,inbound
EMAIL_09174,SYN_P_0634,SYN_P_0409,2025-12-05 04:00:00,Document,outbound
EMAIL_09175,SYN_P_0741,SYN_P_0596,2024-05-12 13:00:00,Meeting,outbound
EMAIL_09176,SYN_P_0939,SYN_P_0073,2026-02-21 22:00:00,Delivery,inbound
EMAIL_09177,SYN_P_0897,SYN_P_0399,2024-12-15 01:00:00,Account,inbound
EMAIL_09178,SYN_P_0721,SYN_P_0641,2025-01-28 05:00:00,Meeting,inbound
EMAIL_09179,SYN_P_0183,SYN_P_0736,2024-06-06 10:00:00,Delivery,inbound
EMAIL_09180,SYN_P_0515,SYN_P_0398,2025-11-20 01:00:00,Request,outbound
EMAIL_09181,SYN_P_0847,SYN_P_0590,2025-06-17 04:00:00,Delivery,outbound
EMAIL_09182,SYN_P_0577,SYN_P_0929,2024-03-15 01:00:00,Meeting,inbound
EMAIL_09183,SYN_P_0544,SYN_P_0382,2024-10-29 02:00:00,Request,outbound
EMAIL_09184,SYN_P_0350,SYN_P_0188,2025-11-12 02:00:00,Meeting,outbound
EMAIL_09185,SYN_P_0413,SYN_P_0776,2026-09-07 01:00:00,Invoice,inbound
EMAIL_09186,SYN_P_0421,SYN_P_0825,2026-01-23 10:00:00,Meeting,outbound
EMAIL_09187,SYN_P_0632,SYN_P_0674,2024-02-25 02:00:00,Invoice,outbound
EMAIL_09188,SYN_P_0554,SYN_P_0435,2026-05-21 16:00:00,Delivery,outbound
EMAIL_09189,SYN_P_0679,SYN_P_0757,2026-09-25 22:00:00,Request,outbound
EMAIL_09190,SYN_P_0848,SYN_P_0537,2026-09-03 02:00:00,Delivery,inbound
EMAIL_09191,SYN_P_0102,SYN_P_0264,2026-04-19 10:00:00,Invoice,outbound
EMAIL_09192,SYN_P_0662,SYN_P_0329,2024-02-21 22:00:00,Meeting,outbound
EMAIL_09193,SYN_P_0835,SYN_P_0272,2026-08-19 09:00:00,Invoice,outbound
EMAIL_09194,SYN_P_0307,SYN_P_0698,2026-11-03 18:00:00,Account,outbound
EMAIL_09195,SYN_P_0328,SYN_P_0242,2024-08-12 14:00:00,Delivery,inbound
EMAIL_09196,SYN_P_0315,SYN_P_0813,2024-02-18 14:00:00,Delivery,inbound
EMAIL_09197,SYN_P_0120,SYN_P_0510,2024-08-08 19:00:00,Request,outbound
EMAIL_09198,SYN_P_0920,SYN_P_0021,2026-04-06 08:00:00,Delivery,outbound
EMAIL_09199,SYN_P_0214,SYN_P_0814,2026-08-24 02:00:00,Request,inbound
EMAIL_09200,SYN_P_0558,SYN_P_0723,2024-05-02 07:00:00,Account,inbound
EMAIL_09201,SYN_P_0068,SYN_P_0416,2025-05-23 22:00:00,Account,outbound
EMAIL_09202,SYN_P_0561,SYN_P_0631,2024-01-25 08:00:00,Document,inbound
EMAIL_09203,SYN_P_0155,SYN_P_0138,2025-09-07 11:00:00,Request,outbound
EMAIL_09204,SYN_P_1017,SYN_P_0573,2026-03-12 21:00:00,Document,inbound
EMAIL_09205,SYN_P_0724,SYN_P_0680,2024-01-14 06:00:00,Account,inbound
EMAIL_09206,SYN_P_0779,SYN_P_0525,2026-10-19 22:00:00,Request,inbound
EMAIL_09207,SYN_P_0682,SYN_P_0969,2025-12-15 03:00:00,Meeting,inbound
EMAIL_09208,SYN_P_0809,SYN_P_0716,2026-10-12 19:00:00,Delivery,outbound
EMAIL_09209,SYN_P_0985,SYN_P_0191,2024-03-25 22:00:00,Delivery,outbound
EMAIL_09210,SYN_P_0543,SYN_P_0741,2026-10-04 09:00:00,Document,outbound
EMAIL_09211,SYN_P_0045,SYN_P_0314,2024-02-19 01:00:00,Delivery,inbound
EMAIL_09212,SYN_P_0771,SYN_P_0219,2025-03-19 15:00:00,Invoice,inbound
EMAIL_09213,SYN_P_0876,SYN_P_0083,2024-08-09 02:00:00,Request,inbound
EMAIL_09214,SYN_P_0306,SYN_P_0568,2024-10-29 02:00:00,Delivery,outbound
EMAIL_09215,SYN_P_1010,SYN_P_0296,2026-04-20 03:00:00,Delivery,inbound
EMAIL_09216,SYN_P_0903,SYN_P_0353,2024-07-23 14:00:00,Invoice,inbound
EMAIL_09217,SYN_P_0807,SYN_P_0115,2025-07-10 10:00:00,Delivery,inbound
EMAIL_09218,SYN_P_0693,SYN_P_0709,2024-09-21 09:00:00,Request,outbound
EMAIL_09219,SYN_P_0844,SYN_P_0553,2025-12-04 02:00:00,Invoice,inbound
EMAIL_09220,SYN_P_0842,SYN_P_0867,2025-03-15 16:00:00,Delivery,inbound
EMAIL_09221,SYN_P_0443,SYN_P_1028,2026-07-05 02:00:00,Request,inbound
EMAIL_09222,SYN_P_0897,SYN_P_0478,2024-08-17 16:00:00,Meeting,inbound
EMAIL_09223,SYN_P_0068,SYN_P_0484,2025-03-19 08:00:00,Meeting,inbound
EMAIL_09224,SYN_P_0398,SYN_P_0659,2024-06-21 19:00:00,Account,inbound
EMAIL_09225,SYN_P_0374,SYN_P_0931,2026-03-08 14:00:00,Account,inbound
EMAIL_09226,SYN_P_0688,SYN_P_0628,2025-08-07 05:00:00,Delivery,inbound
EMAIL_09227,SYN_P_0434,SYN_P_0092,2026-02-03 19:00:00,Document,inbound
EMAIL_09228,SYN_P_0223,SYN_P_0469,2026-09-10 07:00:00,Account,outbound
EMAIL_09229,SYN_P_0908,SYN_P_0529,2026-05-18 01:00:00,Document,inbound
EMAIL_09230,SYN_P_0956,SYN_P_0254,2025-04-10 02:00:00,Account,outbound
EMAIL_09231,SYN_P_0446,SYN_P_0444,2026-09-25 02:00:00,Document,inbound
EMAIL_09232,SYN_P_0949,SYN_P_0528,2024-01-23 18:00:00,Request,inbound
EMAIL_09233,SYN_P_0162,SYN_P_0384,2024-01-01 16:00:00,Meeting,inbound
EMAIL_09234,SYN_P_0769,SYN_P_0754,2025-09-10 07:00:00,Meeting,inbound
EMAIL_09235,SYN_P_0932,SYN_P_0152,2024-08-26 06:00:00,Invoice,inbound
EMAIL_09236,SYN_P_0170,SYN_P_0723,2025-01-06 09:00:00,Invoice,outbound
EMAIL_09237,SYN_P_0694,SYN_P_0948,2025-03-17 20:00:00,Meeting,outbound
EMAIL_09238,SYN_P_0174,SYN_P_0953,2025-12-14 10:00:00,Delivery,outbound
EMAIL_09239,SYN_P_0312,SYN_P_0418,2024-10-10 19:00:00,Invoice,outbound
EMAIL_09240,SYN_P_0508,SYN_P_0676,2026-03-06 04:00:00,Document,inbound
EMAIL_09241,SYN_P_0622,SYN_P_0578,2026-03-09 02:00:00,Meeting,inbound
EMAIL_09242,SYN_P_0252,SYN_P_0483,2026-06-16 00:00:00,Invoice,inbound
EMAIL_09243,SYN_P_0911,SYN_P_0323,2025-10-26 07:00:00,Invoice,inbound
EMAIL_09244,SYN_P_0722,SYN_P_0319,2024-10-14 19:00:00,Invoice,outbound
EMAIL_09245,SYN_P_0257,SYN_P_0428,2026-09-14 22:00:00,Account,inbound
EMAIL_09246,SYN_P_0227,SYN_P_0431,2025-09-18 03:00:00,Invoice,inbound
EMAIL_09247,SYN_P_0078,SYN_P_0617,2024-03-02 10:00:00,Delivery,inbound
EMAIL_09248,SYN_P_0296,SYN_P_0195,2026-01-14 18:00:00,Request,outbound
EMAIL_09249,SYN_P_0894,SYN_P_0021,2024-10-05 16:00:00,Meeting,inbound
EMAIL_09250,SYN_P_0283,SYN_P_0529,2025-12-28 15:00:00,Account,inbound
EMAIL_09251,SYN_P_0653,SYN_P_0494,2025-01-05 03:00:00,Request,inbound
EMAIL_09252,SYN_P_0197,SYN_P_0485,2025-08-02 19:00:00,Account,inbound
EMAIL_09253,SYN_P_0453,SYN_P_0219,2026-06-05 11:00:00,Request,outbound
EMAIL_09254,SYN_P_0073,SYN_P_0661,2025-08-05 21:00:00,Document,inbound
EMAIL_09255,SYN_P_0345,SYN_P_0898,2024-10-15 00:00:00,Invoice,outbound
EMAIL_09256,SYN_P_0279,SYN_P_0032,2024-05-24 13:00:00,Delivery,outbound
EMAIL_09257,SYN_P_0663,SYN_P_0510,2026-01-21 13:00:00,Account,inbound
EMAIL_09258,SYN_P_0539,SYN_P_0884,2024-02-11 13:00:00,Invoice,outbound
EMAIL_09259,SYN_P_1027,SYN_P_0090,2026-07-15 19:00:00,Document,outbound
EMAIL_09260,SYN_P_0854,SYN_P_0653,2024-01-03 05:00:00,Account,inbound
EMAIL_09261,SYN_P_0813,SYN_P_1032,2026-09-16 01:00:00,Invoice,inbound
EMAIL_09262,SYN_P_0529,SYN_P_1032,2025-11-27 04:00:00,Meeting,inbound
EMAIL_09263,SYN_P_0939,SYN_P_0347,2024-03-06 19:00:00,Invoice,outbound
EMAIL_09264,SYN_P_0327,SYN_P_0660,2025-08-06 12:00:00,Account,inbound
EMAIL_09265,SYN_P_0768,SYN_P_0008,2026-10-12 21:00:00,Delivery,inbound
EMAIL_09266,SYN_P_0536,SYN_P_0867,2025-05-10 06:00:00,Account,inbound
EMAIL_09267,SYN_P_0260,SYN_P_0040,2026-07-01 19:00:00,Request,inbound
EMAIL_09268,SYN_P_0983,SYN_P_0644,2024-11-17 05:00:00,Request,outbound
EMAIL_09269,SYN_P_0556,SYN_P_0381,2024-11-14 18:00:00,Account,inbound
EMAIL_09270,SYN_P_1006,SYN_P_0650,2026-10-05 00:00:00,Delivery,inbound
EMAIL_09271,SYN_P_0694,SYN_P_0935,2025-07-10 18:00:00,Request,outbound
EMAIL_09272,SYN_P_0894,SYN_P_0558,2024-09-12 21:00:00,Delivery,outbound
EMAIL_09273,SYN_P_0190,SYN_P_0208,2026-05-16 09:00:00,Invoice,outbound
EMAIL_09274,SYN_P_0606,SYN_P_0285,2026-07-01 19:00:00,Request,outbound
EMAIL_09275,SYN_P_0883,SYN_P_0196,2024-09-25 03:00:00,Invoice,inbound
EMAIL_09276,SYN_P_0513,SYN_P_0109,2025-02-13 12:00:00,Account,outbound
EMAIL_09277,SYN_P_0959,SYN_P_0426,2025-06-09 09:00:00,Meeting,inbound
EMAIL_09278,SYN_P_0950,SYN_P_0447,2026-05-05 05:00:00,Request,inbound
EMAIL_09279,SYN_P_0676,SYN_P_0979,2024-03-21 22:00:00,Delivery,outbound
EMAIL_09280,SYN_P_0420,SYN_P_0040,2025-03-16 12:00:00,Invoice,inbound
EMAIL_09281,SYN_P_0328,SYN_P_0972,2026-06-10 13:00:00,Account,inbound
EMAIL_09282,SYN_P_0121,SYN_P_0027,2024-04-03 00:00:00,Account,inbound
EMAIL_09283,SYN_P_0781,SYN_P_0800,2025-04-29 06:00:00,Invoice,outbound
EMAIL_09284,SYN_P_0547,SYN_P_0034,2026-04-12 22:00:00,Document,outbound
EMAIL_09285,SYN_P_0638,SYN_P_0257,2024-06-28 10:00:00,Invoice,outbound
EMAIL_09286,SYN_P_0964,SYN_P_0191,2024-12-31 00:00:00,Request,inbound
EMAIL_09287,SYN_P_0304,SYN_P_0176,2025-09-01 09:00:00,Meeting,outbound
EMAIL_09288,SYN_P_0370,SYN_P_0051,2025-05-13 16:00:00,Document,outbound
EMAIL_09289,SYN_P_0464,SYN_P_0496,2024-01-23 00:00:00,Meeting,inbound
EMAIL_09290,SYN_P_0518,SYN_P_0893,2024-09-29 02:00:00,Delivery,inbound
EMAIL_09291,SYN_P_0950,SYN_P_0437,2026-06-04 15:00:00,Document,outbound
EMAIL_09292,SYN_P_0898,SYN_P_0619,2026-10-03 12:00:00,Delivery,outbound
EMAIL_09293,SYN_P_0225,SYN_P_0871,2025-06-15 21:00:00,Delivery,outbound
EMAIL_09294,SYN_P_0640,SYN_P_0916,2025-04-09 16:00:00,Account,outbound
EMAIL_09295,SYN_P_0147,SYN_P_0001,2026-03-24 10:00:00,Account,outbound
EMAIL_09296,SYN_P_0290,SYN_P_1015,2024-10-23 06:00:00,Meeting,inbound
EMAIL_09297,SYN_P_0461,SYN_P_0522,2025-09-05 16:00:00,Meeting,inbound
EMAIL_09298,SYN_P_0190,SYN_P_0157,2025-01-21 18:00:00,Delivery,outbound
EMAIL_09299,SYN_P_0332,SYN_P_0514,2026-06-23 16:00:00,Request,inbound
EMAIL_09300,SYN_P_0354,SYN_P_0179,2024-11-16 08:00:00,Account,outbound
EMAIL_09301,SYN_P_0795,SYN_P_0106,2025-08-24 20:00:00,Delivery,inbound
EMAIL_09302,SYN_P_0922,SYN_P_0102,2026-03-02 10:00:00,Meeting,inbound
EMAIL_09303,SYN_P_0785,SYN_P_0333,2024-02-02 06:00:00,Account,outbound
EMAIL_09304,SYN_P_0321,SYN_P_0623,2025-07-08 07:00:00,Meeting,inbound
EMAIL_09305,SYN_P_0219,SYN_P_0686,2025-10-13 09:00:00,Document,inbound
EMAIL_09306,SYN_P_0216,SYN_P_0984,2026-08-31 09:00:00,Account,inbound
EMAIL_09307,SYN_P_0304,SYN_P_0466,2024-09-27 08:00:00,Invoice,inbound
EMAIL_09308,SYN_P_1002,SYN_P_0277,2025-10-15 08:00:00,Invoice,inbound
EMAIL_09309,SYN_P_0016,SYN_P_0965,2025-09-22 08:00:00,Meeting,inbound
EMAIL_09310,SYN_P_0875,SYN_P_0520,2024-01-04 05:00:00,Request,inbound
EMAIL_09311,SYN_P_0621,SYN_P_0699,2025-05-23 09:00:00,Invoice,inbound
EMAIL_09312,SYN_P_0943,SYN_P_0685,2024-10-21 12:00:00,Document,outbound
EMAIL_09313,SYN_P_0604,SYN_P_0638,2024-11-22 07:00:00,Request,outbound
EMAIL_09314,SYN_P_0740,SYN_P_0605,2024-08-23 13:00:00,Document,inbound
EMAIL_09315,SYN_P_0706,SYN_P_0488,2025-12-28 08:00:00,Meeting,outbound
EMAIL_09316,SYN_P_0323,SYN_P_0956,2026-03-13 16:00:00,Delivery,inbound
EMAIL_09317,SYN_P_0946,SYN_P_0678,2025-06-18 21:00:00,Invoice,inbound
EMAIL_09318,SYN_P_0779,SYN_P_0395,2026-04-25 00:00:00,Request,outbound
EMAIL_09319,SYN_P_0686,SYN_P_1038,2025-10-18 12:00:00,Request,outbound
EMAIL_09320,SYN_P_0125,SYN_P_0418,2024-05-18 02:00:00,Request,outbound
EMAIL_09321,SYN_P_0847,SYN_P_0408,2025-08-04 04:00:00,Request,outbound
EMAIL_09322,SYN_P_0309,SYN_P_1040,2024-02-26 20:00:00,Delivery,inbound
EMAIL_09323,SYN_P_0724,SYN_P_0471,2024-10-13 20:00:00,Request,inbound
EMAIL_09324,SYN_P_1021,SYN_P_0830,2026-02-09 20:00:00,Document,outbound
EMAIL_09325,SYN_P_0944,SYN_P_0556,2026-03-13 20:00:00,Document,inbound
EMAIL_09326,SYN_P_0832,SYN_P_0126,2026-05-05 12:00:00,Meeting,inbound
EMAIL_09327,SYN_P_0568,SYN_P_0964,2025-07-11 09:00:00,Request,outbound
EMAIL_09328,SYN_P_0088,SYN_P_0824,2024-10-22 14:00:00,Delivery,inbound
EMAIL_09329,SYN_P_0522,SYN_P_0350,2026-05-27 09:00:00,Account,outbound
EMAIL_09330,SYN_P_0075,SYN_P_0209,2024-06-04 13:00:00,Delivery,outbound
EMAIL_09331,SYN_P_0817,SYN_P_0169,2024-02-05 23:00:00,Invoice,outbound
EMAIL_09332,SYN_P_0421,SYN_P_0676,2026-07-08 10:00:00,Document,inbound
EMAIL_09333,SYN_P_0322,SYN_P_0845,2026-06-10 01:00:00,Account,inbound
EMAIL_09334,SYN_P_0192,SYN_P_0706,2025-02-14 19:00:00,Request,outbound
EMAIL_09335,SYN_P_0293,SYN_P_1034,2025-07-06 02:00:00,Delivery,inbound
EMAIL_09336,SYN_P_0964,SYN_P_0447,2025-12-18 00:00:00,Delivery,outbound
EMAIL_09337,SYN_P_0420,SYN_P_0160,2024-10-28 18:00:00,Account,inbound
EMAIL_09338,SYN_P_0358,SYN_P_0332,2025-07-16 22:00:00,Meeting,outbound
EMAIL_09339,SYN_P_0400,SYN_P_0482,2024-12-15 13:00:00,Invoice,inbound
EMAIL_09340,SYN_P_0443,SYN_P_0996,2024-10-22 12:00:00,Document,inbound
EMAIL_09341,SYN_P_0471,SYN_P_0763,2024-09-03 21:00:00,Document,inbound
EMAIL_09342,SYN_P_0031,SYN_P_0867,2024-07-29 10:00:00,Delivery,inbound
EMAIL_09343,SYN_P_0229,SYN_P_0637,2026-01-21 02:00:00,Invoice,inbound
EMAIL_09344,SYN_P_0304,SYN_P_0715,2025-05-24 15:00:00,Document,outbound
EMAIL_09345,SYN_P_0591,SYN_P_1034,2025-07-08 23:00:00,Meeting,outbound
EMAIL_09346,SYN_P_0766,SYN_P_0451,2026-04-17 05:00:00,Invoice,inbound
EMAIL_09347,SYN_P_0406,SYN_P_0662,2025-11-02 22:00:00,Invoice,inbound
EMAIL_09348,SYN_P_0045,SYN_P_0076,2026-02-11 07:00:00,Account,inbound
EMAIL_09349,SYN_P_0974,SYN_P_0600,2024-11-11 11:00:00,Document,inbound
EMAIL_09350,SYN_P_0213,SYN_P_0920,2024-06-03 04:00:00,Meeting,inbound
EMAIL_09351,SYN_P_0932,SYN_P_0414,2024-06-20 02:00:00,Delivery,outbound
EMAIL_09352,SYN_P_0455,SYN_P_0643,2025-04-05 13:00:00,Request,inbound
EMAIL_09353,SYN_P_0520,SYN_P_0830,2026-08-29 07:00:00,Delivery,inbound
EMAIL_09354,SYN_P_0973,SYN_P_1015,2026-02-14 02:00:00,Meeting,inbound
EMAIL_09355,SYN_P_0779,SYN_P_0364,2025-03-20 10:00:00,Invoice,inbound
EMAIL_09356,SYN_P_0074,SYN_P_0894,2024-04-13 02:00:00,Meeting,inbound
EMAIL_09357,SYN_P_0633,SYN_P_0325,2025-09-14 07:00:00,Account,outbound
EMAIL_09358,SYN_P_0002,SYN_P_1034,2024-08-20 07:00:00,Meeting,inbound
EMAIL_09359,SYN_P_0315,SYN_P_0467,2025-05-24 11:00:00,Request,inbound
EMAIL_09360,SYN_P_0899,SYN_P_0933,2025-04-15 18:00:00,Meeting,inbound
EMAIL_09361,SYN_P_0432,SYN_P_0826,2024-09-14 13:00:00,Request,inbound
EMAIL_09362,SYN_P_0356,SYN_P_0233,2024-02-15 09:00:00,Account,inbound
EMAIL_09363,SYN_P_0009,SYN_P_0029,2026-03-26 06:00:00,Meeting,inbound
EMAIL_09364,SYN_P_0004,SYN_P_0088,2026-06-18 23:00:00,Delivery,outbound
EMAIL_09365,SYN_P_0631,SYN_P_0098,2025-07-20 20:00:00,Invoice,outbound
EMAIL_09366,SYN_P_0006,SYN_P_0522,2025-08-25 07:00:00,Meeting,outbound
EMAIL_09367,SYN_P_0163,SYN_P_0131,2025-07-02 09:00:00,Document,inbound
EMAIL_09368,SYN_P_0308,SYN_P_1024,2026-05-05 18:00:00,Invoice,inbound
EMAIL_09369,SYN_P_0043,SYN_P_0134,2025-11-29 22:00:00,Meeting,outbound
EMAIL_09370,SYN_P_0281,SYN_P_0581,2025-07-14 10:00:00,Invoice,inbound
EMAIL_09371,SYN_P_0461,SYN_P_0313,2024-06-09 06:00:00,Account,inbound
EMAIL_09372,SYN_P_0110,SYN_P_0688,2026-07-27 18:00:00,Invoice,inbound
EMAIL_09373,SYN_P_0018,SYN_P_0379,2025-12-19 22:00:00,Delivery,inbound
EMAIL_09374,SYN_P_1012,SYN_P_0536,2025-12-12 16:00:00,Delivery,inbound
EMAIL_09375,SYN_P_0178,SYN_P_0656,2026-02-11 17:00:00,Request,inbound
EMAIL_09376,SYN_P_0414,SYN_P_0628,2024-02-05 09:00:00,Meeting,outbound
EMAIL_09377,SYN_P_0414,SYN_P_0088,2026-09-09 14:00:00,Meeting,outbound
EMAIL_09378,SYN_P_0319,SYN_P_1012,2024-10-02 15:00:00,Meeting,outbound
EMAIL_09379,SYN_P_0401,SYN_P_0934,2025-02-18 09:00:00,Request,outbound
EMAIL_09380,SYN_P_0047,SYN_P_0790,2025-03-16 21:00:00,Delivery,outbound
EMAIL_09381,SYN_P_0215,SYN_P_0316,2025-04-01 10:00:00,Invoice,outbound
EMAIL_09382,SYN_P_0861,SYN_P_0972,2026-10-11 00:00:00,Delivery,outbound
EMAIL_09383,SYN_P_0184,SYN_P_1010,2025-11-14 21:00:00,Delivery,outbound
EMAIL_09384,SYN_P_0464,SYN_P_1012,2026-10-31 14:00:00,Invoice,inbound
EMAIL_09385,SYN_P_0842,SYN_P_0522,2026-07-30 12:00:00,Account,outbound
EMAIL_09386,SYN_P_0570,SYN_P_0085,2025-03-21 19:00:00,Account,inbound
EMAIL_09387,SYN_P_0209,SYN_P_0926,2024-10-09 22:00:00,Delivery,inbound
EMAIL_09388,SYN_P_0164,SYN_P_0179,2024-03-14 19:00:00,Invoice,inbound
EMAIL_09389,SYN_P_0284,SYN_P_0563,2024-10-04 22:00:00,Document,inbound
EMAIL_09390,SYN_P_0937,SYN_P_0723,2026-08-10 17:00:00,Delivery,inbound
EMAIL_09391,SYN_P_0684,SYN_P_0223,2026-06-15 06:00:00,Account,outbound
EMAIL_09392,SYN_P_0716,SYN_P_0459,2024-04-10 09:00:00,Invoice,inbound
EMAIL_09393,SYN_P_0634,SYN_P_1005,2026-06-09 06:00:00,Invoice,outbound
EMAIL_09394,SYN_P_0380,SYN_P_0893,2025-05-22 09:00:00,Document,inbound
EMAIL_09395,SYN_P_0303,SYN_P_0431,2024-02-27 21:00:00,Request,outbound
EMAIL_09396,SYN_P_0241,SYN_P_0525,2025-09-04 21:00:00,Account,outbound
EMAIL_09397,SYN_P_0989,SYN_P_0946,2026-09-24 14:00:00,Request,outbound
EMAIL_09398,SYN_P_0670,SYN_P_0727,2025-10-18 21:00:00,Invoice,inbound
EMAIL_09399,SYN_P_0018,SYN_P_0114,2025-09-14 14:00:00,Invoice,inbound
EMAIL_09400,SYN_P_0945,SYN_P_0679,2025-06-12 16:00:00,Delivery,inbound
EMAIL_09401,SYN_P_0089,SYN_P_0919,2026-03-22 18:00:00,Invoice,outbound
EMAIL_09402,SYN_P_0906,SYN_P_0032,2025-05-23 14:00:00,Account,inbound
EMAIL_09403,SYN_P_0172,SYN_P_0023,2026-08-10 22:00:00,Account,inbound
EMAIL_09404,SYN_P_0388,SYN_P_0110,2024-08-20 22:00:00,Delivery,outbound
EMAIL_09405,SYN_P_0876,SYN_P_0388,2026-03-01 17:00:00,Invoice,inbound
EMAIL_09406,SYN_P_0748,SYN_P_0653,2025-04-20 17:00:00,Meeting,outbound
EMAIL_09407,SYN_P_1013,SYN_P_0273,2026-05-15 05:00:00,Document,inbound
EMAIL_09408,SYN_P_0788,SYN_P_0885,2024-09-10 12:00:00,Meeting,outbound
EMAIL_09409,SYN_P_0654,SYN_P_0289,2024-11-01 18:00:00,Meeting,inbound
EMAIL_09410,SYN_P_0466,SYN_P_0126,2024-07-11 21:00:00,Document,inbound
EMAIL_09411,SYN_P_0837,SYN_P_0242,2026-09-18 15:00:00,Delivery,outbound
EMAIL_09412,SYN_P_0138,SYN_P_0696,2024-08-03 22:00:00,Invoice,inbound
EMAIL_09413,SYN_P_0743,SYN_P_0017,2025-07-04 01:00:00,Account,inbound
EMAIL_09414,SYN_P_0563,SYN_P_0293,2025-03-08 16:00:00,Meeting,outbound
EMAIL_09415,SYN_P_0427,SYN_P_0074,2025-03-05 11:00:00,Request,inbound
EMAIL_09416,SYN_P_0043,SYN_P_1034,2025-03-31 05:00:00,Document,outbound
EMAIL_09417,SYN_P_0544,SYN_P_0190,2025-09-27 18:00:00,Meeting,inbound
EMAIL_09418,SYN_P_0951,SYN_P_0874,2026-09-09 19:00:00,Delivery,inbound
EMAIL_09419,SYN_P_0581,SYN_P_0672,2024-07-06 10:00:00,Delivery,outbound
EMAIL_09420,SYN_P_0571,SYN_P_0631,2026-08-02 14:00:00,Delivery,outbound
EMAIL_09421,SYN_P_0487,SYN_P_1010,2026-11-04 03:00:00,Delivery,inbound
EMAIL_09422,SYN_P_0447,SYN_P_0002,2025-10-31 16:00:00,Delivery,outbound
EMAIL_09423,SYN_P_0403,SYN_P_0660,2025-11-30 11:00:00,Delivery,inbound
EMAIL_09424,SYN_P_0214,SYN_P_0019,2026-10-16 16:00:00,Document,outbound
EMAIL_09425,SYN_P_0461,SYN_P_1020,2024-08-28 10:00:00,Account,inbound
EMAIL_09426,SYN_P_0989,SYN_P_0411,2024-09-08 06:00:00,Delivery,outbound
EMAIL_09427,SYN_P_0507,SYN_P_0542,2024-08-25 09:00:00,Request,inbound
EMAIL_09428,SYN_P_0242,SYN_P_0983,2025-03-18 03:00:00,Delivery,outbound
EMAIL_09429,SYN_P_0523,SYN_P_0890,2026-08-17 15:00:00,Invoice,outbound
EMAIL_09430,SYN_P_0436,SYN_P_0200,2024-01-07 01:00:00,Meeting,outbound
EMAIL_09431,SYN_P_0001,SYN_P_0102,2024-03-04 00:00:00,Document,inbound
EMAIL_09432,SYN_P_0606,SYN_P_0418,2026-08-02 04:00:00,Document,outbound
EMAIL_09433,SYN_P_0100,SYN_P_1019,2025-12-23 17:00:00,Delivery,inbound
EMAIL_09434,SYN_P_0047,SYN_P_0239,2024-01-23 11:00:00,Document,inbound
EMAIL_09435,SYN_P_0483,SYN_P_0644,2026-07-14 09:00:00,Request,outbound
EMAIL_09436,SYN_P_1032,SYN_P_0603,2024-12-21 13:00:00,Request,outbound
EMAIL_09437,SYN_P_0491,SYN_P_0464,2024-01-01 03:00:00,Invoice,inbound
EMAIL_09438,SYN_P_0269,SYN_P_0764,2024-02-17 16:00:00,Request,outbound
EMAIL_09439,SYN_P_0847,SYN_P_0851,2026-05-15 10:00:00,Meeting,inbound
EMAIL_09440,SYN_P_0939,SYN_P_0437,2024-09-13 16:00:00,Account,inbound
EMAIL_09441,SYN_P_0660,SYN_P_0278,2026-08-11 20:00:00,Invoice,inbound
EMAIL_09442,SYN_P_0795,SYN_P_0673,2026-07-28 03:00:00,Account,outbound
EMAIL_09443,SYN_P_0550,SYN_P_0588,2024-01-17 07:00:00,Request,outbound
EMAIL_09444,SYN_P_0433,SYN_P_0658,2024-07-01 06:00:00,Meeting,outbound
EMAIL_09445,SYN_P_0030,SYN_P_1023,2024-05-10 17:00:00,Meeting,outbound
EMAIL_09446,SYN_P_0243,SYN_P_0435,2026-10-17 18:00:00,Request,inbound
EMAIL_09447,SYN_P_0804,SYN_P_0703,2026-07-28 03:00:00,Request,inbound
EMAIL_09448,SYN_P_0895,SYN_P_0041,2025-03-02 13:00:00,Document,inbound
EMAIL_09449,SYN_P_0268,SYN_P_0213,2026-06-15 01:00:00,Meeting,inbound
EMAIL_09450,SYN_P_0375,SYN_P_0007,2024-02-10 04:00:00,Document,outbound
EMAIL_09451,SYN_P_0072,SYN_P_0529,2025-04-28 05:00:00,Delivery,outbound
EMAIL_09452,SYN_P_0649,SYN_P_0537,2024-05-23 17:00:00,Meeting,inbound
EMAIL_09453,SYN_P_0062,SYN_P_0973,2025-08-16 08:00:00,Account,inbound
EMAIL_09454,SYN_P_0251,SYN_P_0249,2025-07-27 18:00:00,Invoice,inbound
EMAIL_09455,SYN_P_0043,SYN_P_0829,2026-06-23 04:00:00,Invoice,outbound
EMAIL_09456,SYN_P_0573,SYN_P_0226,2026-01-09 02:00:00,Delivery,inbound
EMAIL_09457,SYN_P_0823,SYN_P_0139,2026-04-01 09:00:00,Request,inbound
EMAIL_09458,SYN_P_0163,SYN_P_0564,2024-12-22 16:00:00,Meeting,outbound
EMAIL_09459,SYN_P_0165,SYN_P_1009,2025-09-01 03:00:00,Account,outbound
EMAIL_09460,SYN_P_0794,SYN_P_0948,2024-11-01 23:00:00,Meeting,outbound
EMAIL_09461,SYN_P_0285,SYN_P_0393,2024-03-21 04:00:00,Invoice,outbound
EMAIL_09462,SYN_P_0394,SYN_P_0942,2024-03-08 14:00:00,Delivery,outbound
EMAIL_09463,SYN_P_0909,SYN_P_0522,2025-04-03 20:00:00,Meeting,inbound
EMAIL_09464,SYN_P_0184,SYN_P_0894,2024-05-25 11:00:00,Invoice,outbound
EMAIL_09465,SYN_P_0875,SYN_P_0553,2024-05-28 21:00:00,Document,outbound
EMAIL_09466,SYN_P_0082,SYN_P_0017,2024-07-08 18:00:00,Request,inbound
EMAIL_09467,SYN_P_0369,SYN_P_0584,2025-10-16 16:00:00,Document,outbound
EMAIL_09468,SYN_P_0214,SYN_P_0240,2024-04-28 02:00:00,Account,outbound
EMAIL_09469,SYN_P_0281,SYN_P_0460,2025-11-16 12:00:00,Invoice,inbound
EMAIL_09470,SYN_P_0194,SYN_P_0198,2026-08-29 08:00:00,Invoice,outbound
EMAIL_09471,SYN_P_0090,SYN_P_0454,2026-02-01 11:00:00,Meeting,outbound
EMAIL_09472,SYN_P_0483,SYN_P_0032,2026-01-08 10:00:00,Delivery,inbound
EMAIL_09473,SYN_P_0407,SYN_P_0300,2024-05-17 05:00:00,Account,inbound
EMAIL_09474,SYN_P_0593,SYN_P_0464,2024-06-15 06:00:00,Account,inbound
EMAIL_09475,SYN_P_0639,SYN_P_0382,2024-06-15 10:00:00,Meeting,inbound
EMAIL_09476,SYN_P_0715,SYN_P_0616,2024-05-16 17:00:00,Delivery,outbound
EMAIL_09477,SYN_P_0506,SYN_P_0987,2026-06-25 16:00:00,Delivery,inbound
EMAIL_09478,SYN_P_0686,SYN_P_0433,2026-07-04 19:00:00,Account,outbound
EMAIL_09479,SYN_P_0004,SYN_P_0431,2025-11-01 18:00:00,Meeting,outbound
EMAIL_09480,SYN_P_0959,SYN_P_0674,2025-05-22 09:00:00,Meeting,inbound
EMAIL_09481,SYN_P_0401,SYN_P_0621,2026-08-10 10:00:00,Invoice,outbound
EMAIL_09482,SYN_P_0553,SYN_P_0018,2026-07-27 18:00:00,Delivery,outbound
EMAIL_09483,SYN_P_0366,SYN_P_0263,2026-08-13 05:00:00,Meeting,outbound
EMAIL_09484,SYN_P_0466,SYN_P_0060,2025-07-14 10:00:00,Invoice,outbound
EMAIL_09485,SYN_P_0893,SYN_P_0331,2024-05-10 10:00:00,Invoice,outbound
EMAIL_09486,SYN_P_0204,SYN_P_0056,2024-02-22 18:00:00,Invoice,outbound
EMAIL_09487,SYN_P_0605,SYN_P_0135,2025-12-30 06:00:00,Invoice,inbound
EMAIL_09488,SYN_P_0452,SYN_P_0957,2024-07-04 01:00:00,Document,outbound
EMAIL_09489,SYN_P_0761,SYN_P_0772,2025-09-04 07:00:00,Invoice,outbound
EMAIL_09490,SYN_P_0286,SYN_P_0063,2026-06-05 07:00:00,Delivery,outbound
EMAIL_09491,SYN_P_0432,SYN_P_0046,2024-04-09 04:00:00,Delivery,outbound
EMAIL_09492,SYN_P_0008,SYN_P_0791,2025-10-03 23:00:00,Request,inbound
EMAIL_09493,SYN_P_0478,SYN_P_1021,2024-11-09 00:00:00,Delivery,inbound
EMAIL_09494,SYN_P_0783,SYN_P_0080,2024-08-14 11:00:00,Meeting,outbound
EMAIL_09495,SYN_P_0660,SYN_P_0415,2024-10-30 09:00:00,Request,outbound
EMAIL_09496,SYN_P_0943,SYN_P_0595,2024-07-27 08:00:00,Invoice,inbound
EMAIL_09497,SYN_P_0395,SYN_P_0772,2026-10-30 13:00:00,Document,inbound
EMAIL_09498,SYN_P_0539,SYN_P_0863,2025-05-04 02:00:00,Request,inbound
EMAIL_09499,SYN_P_0517,SYN_P_0671,2025-09-26 18:00:00,Delivery,inbound
EMAIL_09500,SYN_P_0365,SYN_P_0766,2025-09-03 12:00:00,Document,inbound
EMAIL_09501,SYN_P_0845,SYN_P_0244,2024-03-11 02:00:00,Request,outbound
EMAIL_09502,SYN_P_0604,SYN_P_0941,2025-12-12 13:00:00,Request,outbound
EMAIL_09503,SYN_P_0003,SYN_P_0504,2025-02-10 13:00:00,Document,inbound
EMAIL_09504,SYN_P_0508,SYN_P_0083,2026-04-08 19:00:00,Invoice,outbound
EMAIL_09505,SYN_P_0380,SYN_P_0205,2026-02-02 04:00:00,Invoice,inbound
EMAIL_09506,SYN_P_0396,SYN_P_0914,2026-05-25 18:00:00,Account,outbound
EMAIL_09507,SYN_P_0186,SYN_P_0833,2024-10-31 15:00:00,Document,outbound
EMAIL_09508,SYN_P_0455,SYN_P_0036,2024-03-22 18:00:00,Document,outbound
EMAIL_09509,SYN_P_0508,SYN_P_0161,2026-02-05 00:00:00,Request,outbound
EMAIL_09510,SYN_P_0925,SYN_P_0234,2026-06-23 23:00:00,Meeting,inbound
EMAIL_09511,SYN_P_0270,SYN_P_1036,2025-09-27 14:00:00,Account,outbound
EMAIL_09512,SYN_P_0572,SYN_P_0939,2024-07-09 04:00:00,Document,outbound
EMAIL_09513,SYN_P_0463,SYN_P_0308,2026-03-12 06:00:00,Meeting,outbound
EMAIL_09514,SYN_P_0505,SYN_P_0335,2025-06-20 18:00:00,Delivery,outbound
EMAIL_09515,SYN_P_0879,SYN_P_0399,2026-07-27 19:00:00,Meeting,inbound
EMAIL_09516,SYN_P_0457,SYN_P_0394,2026-01-08 05:00:00,Account,inbound
EMAIL_09517,SYN_P_0308,SYN_P_0436,2025-11-10 19:00:00,Account,inbound
EMAIL_09518,SYN_P_0802,SYN_P_0130,2025-01-30 05:00:00,Meeting,outbound
EMAIL_09519,SYN_P_0302,SYN_P_0854,2025-10-10 17:00:00,Invoice,outbound
EMAIL_09520,SYN_P_0528,SYN_P_0038,2025-07-08 08:00:00,Document,inbound
EMAIL_09521,SYN_P_0177,SYN_P_0302,2026-10-01 18:00:00,Invoice,inbound
EMAIL_09522,SYN_P_0686,SYN_P_0291,2025-05-25 07:00:00,Document,inbound
EMAIL_09523,SYN_P_1037,SYN_P_0594,2026-05-06 06:00:00,Invoice,outbound
EMAIL_09524,SYN_P_0041,SYN_P_0985,2024-07-29 13:00:00,Document,outbound
EMAIL_09525,SYN_P_0796,SYN_P_0057,2025-05-19 14:00:00,Account,inbound
EMAIL_09526,SYN_P_0930,SYN_P_0297,2026-08-21 02:00:00,Delivery,outbound
EMAIL_09527,SYN_P_0564,SYN_P_0150,2025-12-22 11:00:00,Delivery,outbound
EMAIL_09528,SYN_P_0498,SYN_P_0770,2026-03-07 20:00:00,Request,outbound
EMAIL_09529,SYN_P_0484,SYN_P_0492,2026-01-10 05:00:00,Meeting,outbound
EMAIL_09530,SYN_P_0470,SYN_P_0831,2025-11-30 07:00:00,Delivery,outbound
EMAIL_09531,SYN_P_0975,SYN_P_0144,2026-04-02 22:00:00,Invoice,inbound
EMAIL_09532,SYN_P_0869,SYN_P_0651,2025-11-16 23:00:00,Delivery,outbound
EMAIL_09533,SYN_P_0574,SYN_P_0475,2024-02-17 09:00:00,Meeting,inbound
EMAIL_09534,SYN_P_0764,SYN_P_0027,2026-04-09 02:00:00,Document,inbound
EMAIL_09535,SYN_P_0952,SYN_P_0587,2026-05-07 18:00:00,Request,inbound
EMAIL_09536,SYN_P_0646,SYN_P_0483,2024-08-27 02:00:00,Invoice,outbound
EMAIL_09537,SYN_P_0122,SYN_P_0502,2024-04-12 23:00:00,Account,inbound
EMAIL_09538,SYN_P_0612,SYN_P_0317,2025-12-31 18:00:00,Meeting,outbound
EMAIL_09539,SYN_P_0226,SYN_P_0095,2025-02-01 03:00:00,Account,inbound
EMAIL_09540,SYN_P_0449,SYN_P_0889,2024-10-25 15:00:00,Document,outbound
EMAIL_09541,SYN_P_0061,SYN_P_0360,2026-01-26 13:00:00,Delivery,outbound
EMAIL_09542,SYN_P_0177,SYN_P_0865,2025-05-24 04:00:00,Account,inbound
EMAIL_09543,SYN_P_0002,SYN_P_0664,2025-01-04 03:00:00,Invoice,outbound
EMAIL_09544,SYN_P_0193,SYN_P_0411,2026-02-01 03:00:00,Meeting,outbound
EMAIL_09545,SYN_P_0362,SYN_P_0214,2025-07-01 01:00:00,Invoice,inbound
EMAIL_09546,SYN_P_0172,SYN_P_0923,2026-02-13 22:00:00,Request,outbound
EMAIL_09547,SYN_P_0932,SYN_P_0590,2024-03-26 10:00:00,Meeting,inbound
EMAIL_09548,SYN_P_0835,SYN_P_0752,2024-11-12 22:00:00,Invoice,outbound
EMAIL_09549,SYN_P_0603,SYN_P_0594,2025-10-07 07:00:00,Account,inbound
EMAIL_09550,SYN_P_0025,SYN_P_0044,2024-09-23 13:00:00,Meeting,inbound
EMAIL_09551,SYN_P_0743,SYN_P_0516,2024-04-30 20:00:00,Request,outbound
EMAIL_09552,SYN_P_0474,SYN_P_0620,2025-08-15 08:00:00,Document,outbound
EMAIL_09553,SYN_P_0420,SYN_P_0366,2024-07-16 18:00:00,Account,inbound
EMAIL_09554,SYN_P_0359,SYN_P_0772,2026-01-18 07:00:00,Document,inbound
EMAIL_09555,SYN_P_0081,SYN_P_0716,2025-05-07 13:00:00,Delivery,inbound
EMAIL_09556,SYN_P_0161,SYN_P_0544,2024-05-11 19:00:00,Meeting,outbound
EMAIL_09557,SYN_P_0418,SYN_P_0707,2026-09-29 05:00:00,Document,outbound
EMAIL_09558,SYN_P_0016,SYN_P_0793,2025-04-27 06:00:00,Request,outbound
EMAIL_09559,SYN_P_0543,SYN_P_1001,2026-10-12 14:00:00,Delivery,inbound
EMAIL_09560,SYN_P_0894,SYN_P_0165,2024-03-23 02:00:00,Request,inbound
EMAIL_09561,SYN_P_1018,SYN_P_0172,2024-04-21 06:00:00,Account,outbound
EMAIL_09562,SYN_P_0954,SYN_P_0436,2025-07-29 21:00:00,Invoice,outbound
EMAIL_09563,SYN_P_0363,SYN_P_0686,2026-05-31 23:00:00,Document,inbound
EMAIL_09564,SYN_P_0124,SYN_P_0566,2025-12-20 05:00:00,Invoice,outbound
EMAIL_09565,SYN_P_0054,SYN_P_0676,2024-10-01 06:00:00,Delivery,outbound
EMAIL_09566,SYN_P_0770,SYN_P_0144,2024-03-13 22:00:00,Delivery,inbound
EMAIL_09567,SYN_P_0425,SYN_P_0952,2026-06-07 02:00:00,Invoice,outbound
EMAIL_09568,SYN_P_0435,SYN_P_0262,2024-09-07 23:00:00,Account,outbound
EMAIL_09569,SYN_P_0399,SYN_P_0480,2026-08-11 22:00:00,Delivery,outbound
EMAIL_09570,SYN_P_0031,SYN_P_0888,2024-02-05 08:00:00,Invoice,outbound
EMAIL_09571,SYN_P_0048,SYN_P_0055,2024-06-29 07:00:00,Invoice,inbound
EMAIL_09572,SYN_P_0448,SYN_P_0587,2024-07-27 01:00:00,Document,outbound
EMAIL_09573,SYN_P_0519,SYN_P_0832,2025-01-21 17:00:00,Invoice,outbound
EMAIL_09574,SYN_P_0376,SYN_P_0168,2024-03-19 02:00:00,Account,outbound
EMAIL_09575,SYN_P_0235,SYN_P_0840,2026-07-15 18:00:00,Meeting,inbound
EMAIL_09576,SYN_P_0746,SYN_P_0574,2024-07-26 16:00:00,Delivery,outbound
EMAIL_09577,SYN_P_0239,SYN_P_0991,2024-03-08 07:00:00,Request,inbound
EMAIL_09578,SYN_P_0750,SYN_P_0198,2024-07-29 19:00:00,Delivery,outbound
EMAIL_09579,SYN_P_0143,SYN_P_0586,2024-12-19 18:00:00,Delivery,inbound
EMAIL_09580,SYN_P_0412,SYN_P_0753,2024-10-13 01:00:00,Account,outbound
EMAIL_09581,SYN_P_0790,SYN_P_0292,2025-08-18 22:00:00,Account,outbound
EMAIL_09582,SYN_P_0324,SYN_P_0651,2026-02-05 17:00:00,Invoice,outbound
EMAIL_09583,SYN_P_0231,SYN_P_0651,2024-06-29 15:00:00,Invoice,outbound
EMAIL_09584,SYN_P_0375,SYN_P_0703,2025-02-09 02:00:00,Document,inbound
EMAIL_09585,SYN_P_0552,SYN_P_0771,2026-09-18 00:00:00,Document,outbound
EMAIL_09586,SYN_P_0553,SYN_P_0063,2025-01-05 20:00:00,Request,inbound
EMAIL_09587,SYN_P_0208,SYN_P_0731,2026-08-30 05:00:00,Document,outbound
EMAIL_09588,SYN_P_0010,SYN_P_0032,2024-09-22 20:00:00,Meeting,inbound
EMAIL_09589,SYN_P_0853,SYN_P_0273,2026-04-09 18:00:00,Delivery,inbound
EMAIL_09590,SYN_P_0748,SYN_P_0052,2025-07-02 12:00:00,Request,inbound
EMAIL_09591,SYN_P_1018,SYN_P_0964,2024-06-27 00:00:00,Meeting,inbound
EMAIL_09592,SYN_P_0303,SYN_P_0464,2026-03-06 16:00:00,Meeting,inbound
EMAIL_09593,SYN_P_0106,SYN_P_0352,2024-11-13 22:00:00,Invoice,outbound
EMAIL_09594,SYN_P_0405,SYN_P_0726,2024-05-09 09:00:00,Delivery,outbound
EMAIL_09595,SYN_P_1021,SYN_P_0806,2026-09-27 07:00:00,Request,outbound
EMAIL_09596,SYN_P_0517,SYN_P_0224,2024-01-31 14:00:00,Request,inbound
EMAIL_09597,SYN_P_0972,SYN_P_0275,2024-10-05 22:00:00,Request,outbound
EMAIL_09598,SYN_P_0619,SYN_P_0515,2026-09-25 00:00:00,Meeting,inbound
EMAIL_09599,SYN_P_0986,SYN_P_0287,2024-03-28 22:00:00,Request,outbound
EMAIL_09600,SYN_P_0809,SYN_P_0935,2026-08-28 07:00:00,Meeting,inbound
EMAIL_09601,SYN_P_0250,SYN_P_0476,2025-11-19 06:00:00,Delivery,outbound
EMAIL_09602,SYN_P_0678,SYN_P_0977,2025-08-07 17:00:00,Invoice,outbound
EMAIL_09603,SYN_P_0675,SYN_P_0368,2024-04-10 05:00:00,Meeting,inbound
EMAIL_09604,SYN_P_0562,SYN_P_0575,2024-04-22 00:00:00,Meeting,inbound
EMAIL_09605,SYN_P_0606,SYN_P_0904,2024-09-10 23:00:00,Request,inbound
EMAIL_09606,SYN_P_0241,SYN_P_0248,2025-02-12 11:00:00,Invoice,outbound
EMAIL_09607,SYN_P_0715,SYN_P_0126,2024-06-26 08:00:00,Account,outbound
EMAIL_09608,SYN_P_0224,SYN_P_0568,2025-11-16 21:00:00,Delivery,inbound
EMAIL_09609,SYN_P_0132,SYN_P_0866,2026-07-23 09:00:00,Invoice,inbound
EMAIL_09610,SYN_P_0593,SYN_P_0101,2024-01-03 18:00:00,Invoice,inbound
EMAIL_09611,SYN_P_0432,SYN_P_0162,2024-04-19 04:00:00,Account,outbound
EMAIL_09612,SYN_P_0407,SYN_P_0397,2024-02-04 15:00:00,Invoice,outbound
EMAIL_09613,SYN_P_0364,SYN_P_0315,2026-03-11 06:00:00,Meeting,inbound
EMAIL_09614,SYN_P_0406,SYN_P_0077,2024-03-27 20:00:00,Document,inbound
EMAIL_09615,SYN_P_0443,SYN_P_0597,2026-02-09 11:00:00,Meeting,outbound
EMAIL_09616,SYN_P_0944,SYN_P_0429,2025-12-06 22:00:00,Meeting,inbound
EMAIL_09617,SYN_P_0790,SYN_P_0695,2025-03-22 22:00:00,Document,outbound
EMAIL_09618,SYN_P_0291,SYN_P_0515,2024-08-23 14:00:00,Request,inbound
EMAIL_09619,SYN_P_0341,SYN_P_0741,2026-02-20 02:00:00,Document,outbound
EMAIL_09620,SYN_P_0797,SYN_P_0470,2025-07-27 06:00:00,Delivery,outbound
EMAIL_09621,SYN_P_0844,SYN_P_0981,2025-08-30 22:00:00,Account,inbound
EMAIL_09622,SYN_P_0425,SYN_P_0302,2024-03-23 17:00:00,Document,outbound
EMAIL_09623,SYN_P_0347,SYN_P_0770,2025-06-04 09:00:00,Request,outbound
EMAIL_09624,SYN_P_0571,SYN_P_0223,2026-03-25 23:00:00,Request,outbound
EMAIL_09625,SYN_P_1023,SYN_P_0246,2026-01-08 13:00:00,Invoice,inbound
EMAIL_09626,SYN_P_1027,SYN_P_0328,2025-08-29 04:00:00,Account,outbound
EMAIL_09627,SYN_P_0543,SYN_P_1034,2025-01-20 04:00:00,Request,outbound
EMAIL_09628,SYN_P_0537,SYN_P_0307,2024-07-09 05:00:00,Delivery,outbound
EMAIL_09629,SYN_P_0086,SYN_P_0378,2025-06-20 16:00:00,Document,inbound
EMAIL_09630,SYN_P_0982,SYN_P_0663,2025-03-17 16:00:00,Meeting,outbound
EMAIL_09631,SYN_P_0802,SYN_P_0790,2024-01-03 15:00:00,Request,inbound
EMAIL_09632,SYN_P_0667,SYN_P_0114,2024-06-14 06:00:00,Document,outbound
EMAIL_09633,SYN_P_0288,SYN_P_0244,2026-08-26 03:00:00,Meeting,inbound
EMAIL_09634,SYN_P_0302,SYN_P_0624,2026-01-03 22:00:00,Delivery,inbound
EMAIL_09635,SYN_P_0321,SYN_P_0653,2024-12-25 13:00:00,Account,inbound
EMAIL_09636,SYN_P_0293,SYN_P_0342,2025-07-12 15:00:00,Request,inbound
EMAIL_09637,SYN_P_0368,SYN_P_0793,2024-04-13 07:00:00,Request,inbound
EMAIL_09638,SYN_P_0844,SYN_P_0690,2024-08-28 08:00:00,Invoice,outbound
EMAIL_09639,SYN_P_0385,SYN_P_0024,2025-03-20 03:00:00,Delivery,outbound
EMAIL_09640,SYN_P_0964,SYN_P_0954,2024-12-21 20:00:00,Invoice,outbound
EMAIL_09641,SYN_P_0576,SYN_P_1004,2024-09-19 08:00:00,Meeting,inbound
EMAIL_09642,SYN_P_0137,SYN_P_0498,2026-02-04 19:00:00,Request,inbound
EMAIL_09643,SYN_P_0734,SYN_P_0838,2025-05-10 08:00:00,Meeting,outbound
EMAIL_09644,SYN_P_0252,SYN_P_0313,2026-05-02 19:00:00,Document,outbound
EMAIL_09645,SYN_P_0934,SYN_P_0426,2024-10-08 00:00:00,Request,outbound
EMAIL_09646,SYN_P_0771,SYN_P_1040,2026-10-01 18:00:00,Meeting,outbound
EMAIL_09647,SYN_P_0226,SYN_P_0217,2026-04-24 02:00:00,Account,inbound
EMAIL_09648,SYN_P_0294,SYN_P_0559,2025-03-31 07:00:00,Meeting,inbound
EMAIL_09649,SYN_P_0768,SYN_P_0321,2026-04-04 00:00:00,Meeting,inbound
EMAIL_09650,SYN_P_0063,SYN_P_0861,2024-03-28 07:00:00,Document,outbound
EMAIL_09651,SYN_P_0430,SYN_P_1028,2026-08-10 11:00:00,Account,outbound
EMAIL_09652,SYN_P_0048,SYN_P_0802,2026-10-13 23:00:00,Meeting,inbound
EMAIL_09653,SYN_P_0677,SYN_P_0796,2025-08-29 22:00:00,Invoice,inbound
EMAIL_09654,SYN_P_0935,SYN_P_0519,2026-06-28 21:00:00,Request,outbound
EMAIL_09655,SYN_P_0592,SYN_P_0577,2024-02-18 23:00:00,Account,inbound
EMAIL_09656,SYN_P_0165,SYN_P_0366,2026-01-07 22:00:00,Request,outbound
EMAIL_09657,SYN_P_0731,SYN_P_0397,2025-12-10 00:00:00,Account,outbound
EMAIL_09658,SYN_P_0980,SYN_P_0330,2024-06-08 06:00:00,Meeting,outbound
EMAIL_09659,SYN_P_0592,SYN_P_0660,2025-11-08 06:00:00,Meeting,outbound
EMAIL_09660,SYN_P_0525,SYN_P_0119,2026-11-06 20:00:00,Meeting,inbound
EMAIL_09661,SYN_P_0922,SYN_P_0277,2026-06-17 22:00:00,Account,inbound
EMAIL_09662,SYN_P_0649,SYN_P_0869,2024-12-31 18:00:00,Document,inbound
EMAIL_09663,SYN_P_1004,SYN_P_0020,2025-03-12 12:00:00,Delivery,inbound
EMAIL_09664,SYN_P_0684,SYN_P_0062,2025-08-10 00:00:00,Delivery,outbound
EMAIL_09665,SYN_P_0122,SYN_P_0231,2024-09-28 00:00:00,Account,inbound
EMAIL_09666,SYN_P_0733,SYN_P_0976,2026-08-04 16:00:00,Request,outbound
EMAIL_09667,SYN_P_0965,SYN_P_0750,2026-10-07 06:00:00,Meeting,outbound
EMAIL_09668,SYN_P_0063,SYN_P_0925,2024-05-13 22:00:00,Document,inbound
EMAIL_09669,SYN_P_0137,SYN_P_0371,2025-05-02 04:00:00,Meeting,outbound
EMAIL_09670,SYN_P_0905,SYN_P_0718,2026-06-03 21:00:00,Invoice,outbound
EMAIL_09671,SYN_P_0378,SYN_P_0992,2024-07-03 16:00:00,Account,inbound
EMAIL_09672,SYN_P_0144,SYN_P_0367,2024-07-30 01:00:00,Meeting,outbound
EMAIL_09673,SYN_P_0223,SYN_P_0114,2025-11-27 19:00:00,Account,outbound
EMAIL_09674,SYN_P_0026,SYN_P_0131,2024-04-24 15:00:00,Request,outbound
EMAIL_09675,SYN_P_0131,SYN_P_0756,2025-02-06 01:00:00,Invoice,outbound
EMAIL_09676,SYN_P_0087,SYN_P_0852,2025-04-19 06:00:00,Meeting,outbound
EMAIL_09677,SYN_P_0552,SYN_P_0789,2026-04-29 04:00:00,Request,outbound
EMAIL_09678,SYN_P_0518,SYN_P_0284,2024-01-02 22:00:00,Document,inbound
EMAIL_09679,SYN_P_0261,SYN_P_0014,2025-03-20 08:00:00,Delivery,inbound
EMAIL_09680,SYN_P_0642,SYN_P_0432,2026-06-19 18:00:00,Account,inbound
EMAIL_09681,SYN_P_0711,SYN_P_0397,2026-04-25 07:00:00,Invoice,inbound
EMAIL_09682,SYN_P_0599,SYN_P_0653,2024-05-02 08:00:00,Invoice,inbound
EMAIL_09683,SYN_P_0580,SYN_P_0367,2025-01-18 09:00:00,Document,inbound
EMAIL_09684,SYN_P_0167,SYN_P_0718,2025-11-12 15:00:00,Document,inbound
EMAIL_09685,SYN_P_0221,SYN_P_0236,2025-02-20 12:00:00,Account,inbound
EMAIL_09686,SYN_P_0206,SYN_P_0296,2026-08-29 20:00:00,Invoice,outbound
EMAIL_09687,SYN_P_0971,SYN_P_0267,2025-04-25 21:00:00,Meeting,inbound
EMAIL_09688,SYN_P_0699,SYN_P_0428,2025-03-25 00:00:00,Document,inbound
EMAIL_09689,SYN_P_0155,SYN_P_1035,2025-12-02 12:00:00,Account,outbound
EMAIL_09690,SYN_P_0875,SYN_P_0200,2025-06-24 18:00:00,Document,inbound
EMAIL_09691,SYN_P_0316,SYN_P_1032,2026-06-05 20:00:00,Meeting,inbound
EMAIL_09692,SYN_P_0283,SYN_P_0074,2025-09-19 17:00:00,Account,outbound
EMAIL_09693,SYN_P_0480,SYN_P_0860,2025-05-25 09:00:00,Delivery,inbound
EMAIL_09694,SYN_P_0897,SYN_P_0635,2025-01-23 19:00:00,Request,outbound
EMAIL_09695,SYN_P_0836,SYN_P_0756,2025-01-10 15:00:00,Meeting,outbound
EMAIL_09696,SYN_P_0135,SYN_P_0892,2026-01-16 03:00:00,Delivery,outbound
EMAIL_09697,SYN_P_0342,SYN_P_0903,2024-11-22 11:00:00,Document,inbound
EMAIL_09698,SYN_P_0401,SYN_P_0150,2026-07-30 04:00:00,Delivery,outbound
EMAIL_09699,SYN_P_0189,SYN_P_0274,2025-05-23 18:00:00,Delivery,outbound
EMAIL_09700,SYN_P_0930,SYN_P_0585,2026-01-15 21:00:00,Account,inbound
EMAIL_09701,SYN_P_0456,SYN_P_0650,2025-10-11 04:00:00,Document,inbound
EMAIL_09702,SYN_P_0850,SYN_P_0116,2025-04-16 21:00:00,Request,outbound
EMAIL_09703,SYN_P_0127,SYN_P_0360,2026-11-03 11:00:00,Invoice,inbound
EMAIL_09704,SYN_P_0156,SYN_P_0268,2025-09-04 00:00:00,Document,outbound
EMAIL_09705,SYN_P_0389,SYN_P_0910,2025-05-03 01:00:00,Invoice,inbound
EMAIL_09706,SYN_P_0764,SYN_P_0614,2024-05-05 10:00:00,Invoice,inbound
EMAIL_09707,SYN_P_0505,SYN_P_0253,2024-09-27 02:00:00,Delivery,inbound
EMAIL_09708,SYN_P_0316,SYN_P_0957,2025-08-09 18:00:00,Delivery,inbound
EMAIL_09709,SYN_P_0047,SYN_P_0940,2026-10-31 12:00:00,Invoice,inbound
EMAIL_09710,SYN_P_0191,SYN_P_0557,2026-04-21 13:00:00,Meeting,outbound
EMAIL_09711,SYN_P_0701,SYN_P_0937,2024-09-11 23:00:00,Account,inbound
EMAIL_09712,SYN_P_0743,SYN_P_0728,2025-07-18 11:00:00,Request,inbound
EMAIL_09713,SYN_P_0001,SYN_P_0515,2024-08-01 06:00:00,Delivery,outbound
EMAIL_09714,SYN_P_0768,SYN_P_0275,2024-03-05 23:00:00,Invoice,outbound
EMAIL_09715,SYN_P_1029,SYN_P_0130,2025-10-20 04:00:00,Request,outbound
EMAIL_09716,SYN_P_0720,SYN_P_0026,2024-05-12 18:00:00,Delivery,outbound
EMAIL_09717,SYN_P_0947,SYN_P_1030,2026-10-11 01:00:00,Delivery,inbound
EMAIL_09718,SYN_P_0279,SYN_P_0836,2025-02-14 16:00:00,Document,inbound
EMAIL_09719,SYN_P_0300,SYN_P_0370,2025-04-06 04:00:00,Document,inbound
EMAIL_09720,SYN_P_0073,SYN_P_0595,2024-07-10 23:00:00,Delivery,outbound
EMAIL_09721,SYN_P_0041,SYN_P_0784,2024-05-18 15:00:00,Invoice,inbound
EMAIL_09722,SYN_P_0241,SYN_P_0272,2025-04-28 07:00:00,Invoice,inbound
EMAIL_09723,SYN_P_0822,SYN_P_0057,2024-10-30 06:00:00,Request,outbound
EMAIL_09724,SYN_P_0608,SYN_P_0940,2025-03-28 18:00:00,Request,inbound
EMAIL_09725,SYN_P_0413,SYN_P_0141,2024-02-13 08:00:00,Invoice,outbound
EMAIL_09726,SYN_P_0036,SYN_P_0360,2025-05-25 18:00:00,Delivery,outbound
EMAIL_09727,SYN_P_0290,SYN_P_0332,2026-01-22 12:00:00,Document,inbound
EMAIL_09728,SYN_P_0539,SYN_P_0589,2025-09-13 03:00:00,Invoice,inbound
EMAIL_09729,SYN_P_0082,SYN_P_0402,2026-10-13 04:00:00,Delivery,inbound
EMAIL_09730,SYN_P_0116,SYN_P_0966,2026-09-18 19:00:00,Document,outbound
EMAIL_09731,SYN_P_0075,SYN_P_0128,2026-01-24 19:00:00,Document,inbound
EMAIL_09732,SYN_P_0759,SYN_P_0385,2025-05-06 14:00:00,Invoice,inbound
EMAIL_09733,SYN_P_0198,SYN_P_0171,2025-05-14 04:00:00,Invoice,inbound
EMAIL_09734,SYN_P_0649,SYN_P_0250,2024-09-23 11:00:00,Invoice,inbound
EMAIL_09735,SYN_P_0318,SYN_P_0310,2024-10-13 15:00:00,Delivery,inbound
EMAIL_09736,SYN_P_0628,SYN_P_0177,2024-11-15 23:00:00,Delivery,inbound
EMAIL_09737,SYN_P_0266,SYN_P_0554,2026-03-01 00:00:00,Account,outbound
EMAIL_09738,SYN_P_0776,SYN_P_0055,2026-09-21 20:00:00,Invoice,outbound
EMAIL_09739,SYN_P_0010,SYN_P_0680,2025-10-11 21:00:00,Account,outbound
EMAIL_09740,SYN_P_0353,SYN_P_0906,2026-09-04 16:00:00,Account,inbound
EMAIL_09741,SYN_P_0310,SYN_P_0740,2026-05-25 08:00:00,Account,inbound
EMAIL_09742,SYN_P_0357,SYN_P_0603,2026-08-29 18:00:00,Meeting,outbound
EMAIL_09743,SYN_P_0827,SYN_P_0323,2025-08-14 17:00:00,Meeting,outbound
EMAIL_09744,SYN_P_1004,SYN_P_0921,2026-03-02 21:00:00,Account,outbound
EMAIL_09745,SYN_P_0175,SYN_P_0621,2026-09-04 00:00:00,Request,inbound
EMAIL_09746,SYN_P_0018,SYN_P_0772,2025-03-11 03:00:00,Invoice,outbound
EMAIL_09747,SYN_P_0586,SYN_P_0518,2025-09-15 09:00:00,Delivery,inbound
EMAIL_09748,SYN_P_0724,SYN_P_0291,2024-01-21 23:00:00,Invoice,inbound
EMAIL_09749,SYN_P_0224,SYN_P_0312,2026-07-16 00:00:00,Invoice,outbound
EMAIL_09750,SYN_P_0733,SYN_P_0207,2025-04-02 05:00:00,Document,outbound
EMAIL_09751,SYN_P_0958,SYN_P_0568,2025-05-24 09:00:00,Invoice,inbound
EMAIL_09752,SYN_P_0131,SYN_P_0804,2025-10-02 06:00:00,Meeting,outbound
EMAIL_09753,SYN_P_0407,SYN_P_0360,2026-04-12 08:00:00,Document,outbound
EMAIL_09754,SYN_P_0137,SYN_P_0496,2026-09-10 06:00:00,Document,inbound
EMAIL_09755,SYN_P_0094,SYN_P_0935,2026-07-13 12:00:00,Invoice,outbound
EMAIL_09756,SYN_P_0836,SYN_P_0110,2025-12-12 20:00:00,Meeting,outbound
EMAIL_09757,SYN_P_0500,SYN_P_0876,2025-12-19 06:00:00,Invoice,outbound
EMAIL_09758,SYN_P_0552,SYN_P_0403,2026-08-19 16:00:00,Meeting,inbound
EMAIL_09759,SYN_P_0286,SYN_P_0313,2025-09-25 21:00:00,Meeting,inbound
EMAIL_09760,SYN_P_0250,SYN_P_0759,2026-02-20 06:00:00,Request,inbound
EMAIL_09761,SYN_P_0875,SYN_P_0910,2024-02-22 11:00:00,Meeting,inbound
EMAIL_09762,SYN_P_0269,SYN_P_0463,2025-01-15 06:00:00,Account,outbound
EMAIL_09763,SYN_P_0608,SYN_P_0028,2024-03-30 17:00:00,Request,inbound
EMAIL_09764,SYN_P_0503,SYN_P_0095,2024-06-27 10:00:00,Request,outbound
EMAIL_09765,SYN_P_0694,SYN_P_0426,2026-10-23 07:00:00,Delivery,inbound
EMAIL_09766,SYN_P_0697,SYN_P_0972,2025-06-08 09:00:00,Request,outbound
EMAIL_09767,SYN_P_0034,SYN_P_0559,2026-05-06 00:00:00,Document,inbound
EMAIL_09768,SYN_P_0969,SYN_P_1008,2025-03-07 05:00:00,Invoice,inbound
EMAIL_09769,SYN_P_0004,SYN_P_0571,2026-09-26 12:00:00,Request,inbound
EMAIL_09770,SYN_P_0724,SYN_P_0304,2024-08-23 14:00:00,Document,outbound
EMAIL_09771,SYN_P_0888,SYN_P_0248,2025-05-21 08:00:00,Invoice,inbound
EMAIL_09772,SYN_P_0100,SYN_P_1002,2026-03-20 01:00:00,Meeting,outbound
EMAIL_09773,SYN_P_0477,SYN_P_1013,2026-05-31 08:00:00,Meeting,outbound
EMAIL_09774,SYN_P_0586,SYN_P_0665,2026-02-08 20:00:00,Delivery,inbound
EMAIL_09775,SYN_P_0919,SYN_P_1031,2026-08-29 06:00:00,Meeting,inbound
EMAIL_09776,SYN_P_0372,SYN_P_0352,2024-10-14 02:00:00,Meeting,inbound
EMAIL_09777,SYN_P_1003,SYN_P_0169,2026-06-23 03:00:00,Invoice,inbound
EMAIL_09778,SYN_P_0381,SYN_P_0940,2026-03-28 00:00:00,Delivery,inbound
EMAIL_09779,SYN_P_0047,SYN_P_0781,2025-11-12 17:00:00,Meeting,outbound
EMAIL_09780,SYN_P_0040,SYN_P_0946,2025-10-02 02:00:00,Request,outbound
EMAIL_09781,SYN_P_0874,SYN_P_0975,2025-08-23 14:00:00,Delivery,inbound
EMAIL_09782,SYN_P_0550,SYN_P_0368,2025-05-01 22:00:00,Invoice,outbound
EMAIL_09783,SYN_P_0549,SYN_P_0579,2024-02-17 08:00:00,Document,inbound
EMAIL_09784,SYN_P_0139,SYN_P_0113,2024-12-20 16:00:00,Request,outbound
EMAIL_09785,SYN_P_0843,SYN_P_1032,2025-09-17 06:00:00,Request,outbound
EMAIL_09786,SYN_P_0714,SYN_P_0507,2024-12-15 16:00:00,Account,outbound
EMAIL_09787,SYN_P_0105,SYN_P_0637,2024-11-14 18:00:00,Account,outbound
EMAIL_09788,SYN_P_0547,SYN_P_0659,2025-03-29 00:00:00,Invoice,outbound
EMAIL_09789,SYN_P_0594,SYN_P_0754,2026-04-11 10:00:00,Request,inbound
EMAIL_09790,SYN_P_0290,SYN_P_0008,2024-06-23 23:00:00,Delivery,outbound
EMAIL_09791,SYN_P_0363,SYN_P_0852,2024-03-06 10:00:00,Invoice,outbound
EMAIL_09792,SYN_P_0341,SYN_P_0617,2025-08-05 04:00:00,Account,inbound
EMAIL_09793,SYN_P_0123,SYN_P_0822,2026-05-23 15:00:00,Request,outbound
EMAIL_09794,SYN_P_0631,SYN_P_0977,2026-02-21 10:00:00,Request,inbound
EMAIL_09795,SYN_P_0633,SYN_P_0014,2025-06-22 08:00:00,Delivery,outbound
EMAIL_09796,SYN_P_0326,SYN_P_0184,2024-10-02 23:00:00,Account,inbound
EMAIL_09797,SYN_P_0474,SYN_P_0690,2025-03-29 03:00:00,Invoice,outbound
EMAIL_09798,SYN_P_0994,SYN_P_0219,2025-04-04 12:00:00,Account,inbound
EMAIL_09799,SYN_P_0950,SYN_P_0245,2024-07-17 22:00:00,Request,outbound
EMAIL_09800,SYN_P_0832,SYN_P_0211,2024-03-20 14:00:00,Delivery,inbound
EMAIL_09801,SYN_P_0108,SYN_P_0178,2026-08-19 13:00:00,Request,inbound
EMAIL_09802,SYN_P_0234,SYN_P_0506,2025-01-31 19:00:00,Request,outbound
EMAIL_09803,SYN_P_0668,SYN_P_0166,2026-07-07 16:00:00,Document,inbound
EMAIL_09804,SYN_P_0771,SYN_P_0638,2025-02-26 01:00:00,Account,outbound
EMAIL_09805,SYN_P_0350,SYN_P_0930,2024-06-19 03:00:00,Document,inbound
EMAIL_09806,SYN_P_0259,SYN_P_0383,2026-02-19 10:00:00,Document,outbound
EMAIL_09807,SYN_P_0016,SYN_P_0858,2025-12-21 03:00:00,Document,outbound
EMAIL_09808,SYN_P_0259,SYN_P_0040,2024-06-14 17:00:00,Delivery,inbound
EMAIL_09809,SYN_P_0268,SYN_P_0626,2024-05-20 10:00:00,Meeting,inbound
EMAIL_09810,SYN_P_0200,SYN_P_1024,2026-07-02 10:00:00,Document,inbound
EMAIL_09811,SYN_P_0210,SYN_P_0593,2025-10-03 10:00:00,Document,inbound
EMAIL_09812,SYN_P_0105,SYN_P_0994,2025-10-05 13:00:00,Invoice,outbound
EMAIL_09813,SYN_P_0510,SYN_P_0001,2025-06-23 07:00:00,Account,outbound
EMAIL_09814,SYN_P_0321,SYN_P_0783,2025-10-17 02:00:00,Invoice,inbound
EMAIL_09815,SYN_P_0096,SYN_P_0943,2025-10-31 01:00:00,Document,inbound
EMAIL_09816,SYN_P_0771,SYN_P_0967,2024-08-15 17:00:00,Meeting,outbound
EMAIL_09817,SYN_P_0697,SYN_P_0357,2024-08-01 11:00:00,Delivery,outbound
EMAIL_09818,SYN_P_0011,SYN_P_0081,2025-06-29 00:00:00,Account,inbound
EMAIL_09819,SYN_P_0453,SYN_P_0630,2026-10-03 04:00:00,Document,outbound
EMAIL_09820,SYN_P_0449,SYN_P_0381,2025-06-20 12:00:00,Account,outbound
EMAIL_09821,SYN_P_0046,SYN_P_0563,2026-09-20 11:00:00,Invoice,inbound
EMAIL_09822,SYN_P_0378,SYN_P_0367,2025-08-14 05:00:00,Invoice,inbound
EMAIL_09823,SYN_P_0930,SYN_P_0750,2026-04-19 14:00:00,Invoice,outbound
EMAIL_09824,SYN_P_0310,SYN_P_0774,2025-11-20 00:00:00,Meeting,outbound
EMAIL_09825,SYN_P_0406,SYN_P_0624,2025-10-13 15:00:00,Account,outbound
EMAIL_09826,SYN_P_0858,SYN_P_0643,2025-07-06 20:00:00,Meeting,outbound
EMAIL_09827,SYN_P_0418,SYN_P_0775,2025-08-28 22:00:00,Document,inbound
EMAIL_09828,SYN_P_0230,SYN_P_0902,2026-10-04 17:00:00,Invoice,outbound
EMAIL_09829,SYN_P_0172,SYN_P_0806,2024-12-08 00:00:00,Delivery,outbound
EMAIL_09830,SYN_P_0486,SYN_P_0465,2024-02-28 11:00:00,Account,inbound
EMAIL_09831,SYN_P_0582,SYN_P_0031,2026-10-29 08:00:00,Delivery,outbound
EMAIL_09832,SYN_P_0884,SYN_P_0780,2026-02-07 14:00:00,Request,inbound
EMAIL_09833,SYN_P_0384,SYN_P_0153,2026-08-27 16:00:00,Meeting,inbound
EMAIL_09834,SYN_P_0992,SYN_P_0811,2026-08-29 04:00:00,Document,inbound
EMAIL_09835,SYN_P_0696,SYN_P_0847,2025-11-15 21:00:00,Invoice,inbound
EMAIL_09836,SYN_P_0411,SYN_P_0126,2026-10-27 21:00:00,Delivery,outbound
EMAIL_09837,SYN_P_0183,SYN_P_0570,2025-09-04 12:00:00,Request,inbound
EMAIL_09838,SYN_P_0660,SYN_P_0548,2025-05-11 18:00:00,Invoice,inbound
EMAIL_09839,SYN_P_0854,SYN_P_0969,2026-08-04 03:00:00,Delivery,inbound
EMAIL_09840,SYN_P_0724,SYN_P_0243,2025-02-03 01:00:00,Invoice,inbound
EMAIL_09841,SYN_P_0644,SYN_P_0081,2024-05-10 14:00:00,Document,outbound
EMAIL_09842,SYN_P_0454,SYN_P_0937,2026-04-23 14:00:00,Invoice,inbound
EMAIL_09843,SYN_P_0553,SYN_P_0658,2025-08-22 00:00:00,Request,outbound
EMAIL_09844,SYN_P_0798,SYN_P_0883,2025-10-03 00:00:00,Invoice,inbound
EMAIL_09845,SYN_P_0022,SYN_P_0496,2025-03-22 21:00:00,Document,outbound
EMAIL_09846,SYN_P_0440,SYN_P_0707,2026-08-09 22:00:00,Delivery,outbound
EMAIL_09847,SYN_P_0076,SYN_P_1038,2026-07-30 09:00:00,Request,outbound
EMAIL_09848,SYN_P_0855,SYN_P_0590,2024-05-30 15:00:00,Document,inbound
EMAIL_09849,SYN_P_0318,SYN_P_0448,2025-03-24 09:00:00,Delivery,outbound
EMAIL_09850,SYN_P_0896,SYN_P_0417,2025-07-04 08:00:00,Invoice,inbound
EMAIL_09851,SYN_P_0229,SYN_P_0510,2025-09-20 21:00:00,Meeting,outbound
EMAIL_09852,SYN_P_0878,SYN_P_0026,2026-05-31 05:00:00,Meeting,outbound
EMAIL_09853,SYN_P_1010,SYN_P_0136,2025-10-01 13:00:00,Document,outbound
EMAIL_09854,SYN_P_0157,SYN_P_0383,2025-12-02 14:00:00,Meeting,outbound
EMAIL_09855,SYN_P_0021,SYN_P_0873,2024-11-15 20:00:00,Account,inbound
EMAIL_09856,SYN_P_0811,SYN_P_0155,2025-09-28 21:00:00,Meeting,outbound
EMAIL_09857,SYN_P_0641,SYN_P_0116,2024-02-11 02:00:00,Invoice,inbound
EMAIL_09858,SYN_P_0307,SYN_P_0197,2024-06-01 00:00:00,Account,inbound
EMAIL_09859,SYN_P_0531,SYN_P_0511,2025-09-25 03:00:00,Meeting,inbound
EMAIL_09860,SYN_P_0293,SYN_P_0637,2024-11-06 19:00:00,Document,inbound
EMAIL_09861,SYN_P_0916,SYN_P_0373,2026-05-01 17:00:00,Invoice,outbound
EMAIL_09862,SYN_P_0072,SYN_P_0279,2025-03-19 21:00:00,Meeting,outbound
EMAIL_09863,SYN_P_0110,SYN_P_0259,2024-10-23 20:00:00,Request,inbound
EMAIL_09864,SYN_P_0145,SYN_P_0843,2024-01-10 06:00:00,Meeting,outbound
EMAIL_09865,SYN_P_0214,SYN_P_0692,2026-02-14 05:00:00,Delivery,outbound
EMAIL_09866,SYN_P_0102,SYN_P_0210,2026-04-24 12:00:00,Delivery,inbound
EMAIL_09867,SYN_P_0449,SYN_P_0714,2025-10-27 16:00:00,Request,outbound
EMAIL_09868,SYN_P_0360,SYN_P_0352,2024-12-04 01:00:00,Delivery,inbound
EMAIL_09869,SYN_P_0321,SYN_P_0398,2024-04-08 14:00:00,Meeting,inbound
EMAIL_09870,SYN_P_0864,SYN_P_0926,2024-02-17 07:00:00,Account,outbound
EMAIL_09871,SYN_P_0142,SYN_P_1018,2024-01-14 08:00:00,Delivery,inbound
EMAIL_09872,SYN_P_0518,SYN_P_0047,2024-12-24 23:00:00,Invoice,outbound
EMAIL_09873,SYN_P_0637,SYN_P_0546,2024-07-05 22:00:00,Delivery,inbound
EMAIL_09874,SYN_P_0305,SYN_P_0277,2024-10-02 14:00:00,Account,inbound
EMAIL_09875,SYN_P_0582,SYN_P_0134,2026-10-19 05:00:00,Account,outbound
EMAIL_09876,SYN_P_0265,SYN_P_0428,2026-06-10 14:00:00,Invoice,inbound
EMAIL_09877,SYN_P_0115,SYN_P_0562,2024-01-20 15:00:00,Document,inbound
EMAIL_09878,SYN_P_0842,SYN_P_0710,2026-06-10 19:00:00,Document,outbound
EMAIL_09879,SYN_P_0090,SYN_P_0309,2026-09-24 15:00:00,Account,outbound
EMAIL_09880,SYN_P_0815,SYN_P_0851,2024-09-19 08:00:00,Account,outbound
EMAIL_09881,SYN_P_0814,SYN_P_0218,2025-06-06 10:00:00,Request,inbound
EMAIL_09882,SYN_P_0935,SYN_P_0632,2025-11-13 20:00:00,Delivery,outbound
EMAIL_09883,SYN_P_0296,SYN_P_0831,2025-01-28 08:00:00,Account,outbound
EMAIL_09884,SYN_P_0686,SYN_P_0877,2024-06-25 05:00:00,Request,outbound
EMAIL_09885,SYN_P_0463,SYN_P_0843,2025-09-17 13:00:00,Request,inbound
EMAIL_09886,SYN_P_0621,SYN_P_0373,2025-07-28 17:00:00,Account,outbound
EMAIL_09887,SYN_P_0572,SYN_P_0843,2026-07-16 16:00:00,Document,outbound
EMAIL_09888,SYN_P_0619,SYN_P_0150,2025-01-28 06:00:00,Account,outbound
EMAIL_09889,SYN_P_0626,SYN_P_0831,2024-12-16 12:00:00,Account,outbound
EMAIL_09890,SYN_P_0593,SYN_P_0972,2025-01-21 03:00:00,Invoice,outbound
EMAIL_09891,SYN_P_1001,SYN_P_0380,2024-07-17 03:00:00,Request,inbound
EMAIL_09892,SYN_P_0536,SYN_P_0547,2024-07-06 09:00:00,Delivery,outbound
EMAIL_09893,SYN_P_0946,SYN_P_0102,2026-07-31 19:00:00,Delivery,outbound
EMAIL_09894,SYN_P_0331,SYN_P_0378,2024-07-30 11:00:00,Invoice,outbound
EMAIL_09895,SYN_P_0387,SYN_P_0476,2026-11-04 11:00:00,Meeting,inbound
EMAIL_09896,SYN_P_0089,SYN_P_0592,2025-06-15 00:00:00,Delivery,outbound
EMAIL_09897,SYN_P_0269,SYN_P_0037,2026-07-09 23:00:00,Document,outbound
EMAIL_09898,SYN_P_0427,SYN_P_0221,2025-12-19 19:00:00,Request,inbound
EMAIL_09899,SYN_P_0861,SYN_P_0856,2025-10-16 14:00:00,Meeting,outbound
EMAIL_09900,SYN_P_0322,SYN_P_0597,2025-05-29 08:00:00,Request,outbound
EMAIL_09901,SYN_P_0416,SYN_P_0574,2026-10-24 20:00:00,Document,outbound
EMAIL_09902,SYN_P_0102,SYN_P_1028,2025-08-25 21:00:00,Meeting,outbound
EMAIL_09903,SYN_P_0236,SYN_P_0473,2026-03-13 23:00:00,Request,inbound
EMAIL_09904,SYN_P_0213,SYN_P_0651,2024-12-31 06:00:00,Request,inbound
EMAIL_09905,SYN_P_0098,SYN_P_0698,2024-01-26 18:00:00,Invoice,outbound
EMAIL_09906,SYN_P_0231,SYN_P_0376,2024-08-09 23:00:00,Account,inbound
EMAIL_09907,SYN_P_0786,SYN_P_0892,2024-05-13 03:00:00,Account,outbound
EMAIL_09908,SYN_P_0219,SYN_P_0436,2025-02-28 01:00:00,Meeting,inbound
EMAIL_09909,SYN_P_0642,SYN_P_0826,2026-06-13 03:00:00,Request,outbound
EMAIL_09910,SYN_P_0007,SYN_P_0446,2024-08-13 20:00:00,Delivery,outbound
EMAIL_09911,SYN_P_0710,SYN_P_0929,2025-11-08 02:00:00,Meeting,outbound
EMAIL_09912,SYN_P_0703,SYN_P_0970,2026-06-01 10:00:00,Account,outbound
EMAIL_09913,SYN_P_0505,SYN_P_0118,2025-04-02 06:00:00,Invoice,outbound
EMAIL_09914,SYN_P_0340,SYN_P_0661,2026-04-21 15:00:00,Document,outbound
EMAIL_09915,SYN_P_0628,SYN_P_0743,2026-06-26 00:00:00,Document,inbound
EMAIL_09916,SYN_P_0351,SYN_P_0643,2024-02-23 10:00:00,Meeting,outbound
EMAIL_09917,SYN_P_0645,SYN_P_0205,2024-04-22 23:00:00,Document,inbound
EMAIL_09918,SYN_P_0957,SYN_P_0409,2024-09-16 21:00:00,Meeting,outbound
EMAIL_09919,SYN_P_0501,SYN_P_0270,2025-11-24 18:00:00,Document,inbound
EMAIL_09920,SYN_P_0521,SYN_P_0398,2026-10-20 16:00:00,Account,outbound
EMAIL_09921,SYN_P_0713,SYN_P_0638,2024-06-22 21:00:00,Document,inbound
EMAIL_09922,SYN_P_0229,SYN_P_0412,2026-01-25 12:00:00,Invoice,inbound
EMAIL_09923,SYN_P_0437,SYN_P_0516,2025-10-28 12:00:00,Delivery,outbound
EMAIL_09924,SYN_P_0861,SYN_P_0093,2024-05-15 06:00:00,Request,inbound
EMAIL_09925,SYN_P_0844,SYN_P_0409,2024-06-16 01:00:00,Request,outbound
EMAIL_09926,SYN_P_0812,SYN_P_0589,2025-09-11 10:00:00,Delivery,inbound
EMAIL_09927,SYN_P_0362,SYN_P_0254,2026-10-16 19:00:00,Request,outbound
EMAIL_09928,SYN_P_0898,SYN_P_0213,2026-03-21 12:00:00,Request,inbound
EMAIL_09929,SYN_P_0051,SYN_P_0250,2024-03-20 06:00:00,Account,outbound
EMAIL_09930,SYN_P_0674,SYN_P_0859,2024-05-29 07:00:00,Meeting,inbound
EMAIL_09931,SYN_P_0426,SYN_P_0283,2025-04-05 02:00:00,Request,outbound
EMAIL_09932,SYN_P_0424,SYN_P_0296,2024-11-02 10:00:00,Meeting,inbound
EMAIL_09933,SYN_P_0051,SYN_P_0854,2025-04-11 10:00:00,Meeting,outbound
EMAIL_09934,SYN_P_0128,SYN_P_0142,2026-09-30 17:00:00,Request,outbound
EMAIL_09935,SYN_P_0246,SYN_P_0141,2024-05-03 02:00:00,Delivery,inbound
EMAIL_09936,SYN_P_1009,SYN_P_0885,2025-07-29 21:00:00,Request,outbound
EMAIL_09937,SYN_P_0127,SYN_P_0286,2025-03-20 09:00:00,Account,inbound
EMAIL_09938,SYN_P_0310,SYN_P_0964,2024-06-23 20:00:00,Account,outbound
EMAIL_09939,SYN_P_0466,SYN_P_0285,2024-05-25 14:00:00,Request,inbound
EMAIL_09940,SYN_P_0470,SYN_P_1036,2024-02-28 11:00:00,Document,outbound
EMAIL_09941,SYN_P_0010,SYN_P_0539,2024-11-14 21:00:00,Meeting,outbound
EMAIL_09942,SYN_P_0630,SYN_P_1023,2025-05-30 17:00:00,Request,inbound
EMAIL_09943,SYN_P_0624,SYN_P_0253,2024-10-03 23:00:00,Request,inbound
EMAIL_09944,SYN_P_0636,SYN_P_0466,2026-03-24 20:00:00,Account,inbound
EMAIL_09945,SYN_P_0205,SYN_P_0971,2024-02-11 18:00:00,Invoice,outbound
EMAIL_09946,SYN_P_0148,SYN_P_0174,2026-03-09 18:00:00,Delivery,outbound
EMAIL_09947,SYN_P_0557,SYN_P_0133,2025-05-20 21:00:00,Document,outbound
EMAIL_09948,SYN_P_0492,SYN_P_0243,2024-09-06 16:00:00,Document,inbound
EMAIL_09949,SYN_P_0248,SYN_P_0179,2025-06-17 20:00:00,Delivery,outbound
EMAIL_09950,SYN_P_0629,SYN_P_1025,2026-03-11 00:00:00,Account,outbound
EMAIL_09951,SYN_P_0420,SYN_P_0571,2026-05-18 02:00:00,Request,outbound
EMAIL_09952,SYN_P_0582,SYN_P_0741,2024-11-05 10:00:00,Delivery,outbound
EMAIL_09953,SYN_P_0506,SYN_P_0774,2026-09-23 00:00:00,Document,outbound
EMAIL_09954,SYN_P_0727,SYN_P_0995,2024-12-06 19:00:00,Account,outbound
EMAIL_09955,SYN_P_0135,SYN_P_1039,2026-05-31 21:00:00,Invoice,outbound
EMAIL_09956,SYN_P_0035,SYN_P_0617,2025-09-08 23:00:00,Account,outbound
EMAIL_09957,SYN_P_0742,SYN_P_1027,2025-02-02 01:00:00,Meeting,inbound
EMAIL_09958,SYN_P_0168,SYN_P_1025,2026-09-13 17:00:00,Account,inbound
EMAIL_09959,SYN_P_0764,SYN_P_0275,2026-09-11 05:00:00,Delivery,inbound
EMAIL_09960,SYN_P_1007,SYN_P_0565,2026-08-07 01:00:00,Account,inbound
EMAIL_09961,SYN_P_0559,SYN_P_0072,2026-01-18 07:00:00,Delivery,inbound
EMAIL_09962,SYN_P_0643,SYN_P_0778,2025-01-03 09:00:00,Account,inbound
EMAIL_09963,SYN_P_0050,SYN_P_0084,2026-06-10 18:00:00,Meeting,inbound
EMAIL_09964,SYN_P_0672,SYN_P_0891,2026-08-17 03:00:00,Request,inbound
EMAIL_09965,SYN_P_0102,SYN_P_0173,2024-02-19 01:00:00,Invoice,inbound
EMAIL_09966,SYN_P_0748,SYN_P_0259,2026-06-03 13:00:00,Meeting,inbound
EMAIL_09967,SYN_P_0211,SYN_P_0890,2024-10-21 22:00:00,Request,inbound
EMAIL_09968,SYN_P_0277,SYN_P_0817,2026-08-31 13:00:00,Invoice,outbound
EMAIL_09969,SYN_P_0982,SYN_P_0081,2026-05-21 06:00:00,Delivery,inbound
EMAIL_09970,SYN_P_0805,SYN_P_0156,2026-02-13 17:00:00,Delivery,outbound
EMAIL_09971,SYN_P_0069,SYN_P_0173,2024-05-28 13:00:00,Delivery,inbound
EMAIL_09972,SYN_P_0282,SYN_P_1035,2025-03-17 23:00:00,Meeting,outbound
EMAIL_09973,SYN_P_0826,SYN_P_0657,2026-05-18 16:00:00,Account,inbound
EMAIL_09974,SYN_P_0121,SYN_P_0659,2025-05-27 13:00:00,Account,outbound
EMAIL_09975,SYN_P_0802,SYN_P_0650,2024-01-17 04:00:00,Document,inbound
EMAIL_09976,SYN_P_0172,SYN_P_0568,2026-02-15 23:00:00,Meeting,inbound
EMAIL_09977,SYN_P_0822,SYN_P_0180,2024-01-05 20:00:00,Delivery,inbound
EMAIL_09978,SYN_P_0581,SYN_P_0223,2025-05-28 16:00:00,Meeting,inbound
EMAIL_09979,SYN_P_0271,SYN_P_0587,2024-02-19 14:00:00,Delivery,inbound
EMAIL_09980,SYN_P_0553,SYN_P_0554,2026-07-10 09:00:00,Account,outbound
EMAIL_09981,SYN_P_0103,SYN_P_0169,2026-05-05 00:00:00,Invoice,outbound
EMAIL_09982,SYN_P_0488,SYN_P_0965,2026-06-03 16:00:00,Delivery,outbound
EMAIL_09983,SYN_P_0781,SYN_P_0747,2024-08-08 05:00:00,Meeting,outbound
EMAIL_09984,SYN_P_0801,SYN_P_0675,2025-01-07 04:00:00,Meeting,inbound
EMAIL_09985,SYN_P_0129,SYN_P_0151,2024-04-04 17:00:00,Invoice,inbound
EMAIL_09986,SYN_P_0391,SYN_P_0970,2025-08-11 03:00:00,Document,outbound
EMAIL_09987,SYN_P_0417,SYN_P_0601,2024-10-09 09:00:00,Account,outbound
EMAIL_09988,SYN_P_0784,SYN_P_0817,2025-06-01 11:00:00,Meeting,inbound
EMAIL_09989,SYN_P_0074,SYN_P_0835,2025-08-17 22:00:00,Account,outbound
EMAIL_09990,SYN_P_0155,SYN_P_0968,2024-05-20 19:00:00,Meeting,inbound
EMAIL_09991,SYN_P_0631,SYN_P_0551,2024-02-20 07:00:00,Request,outbound
EMAIL_09992,SYN_P_0823,SYN_P_0689,2025-04-08 18:00:00,Document,inbound
EMAIL_09993,SYN_P_0439,SYN_P_0599,2025-06-05 15:00:00,Delivery,inbound
EMAIL_09994,SYN_P_0953,SYN_P_0417,2024-08-31 22:00:00,Meeting,outbound
EMAIL_09995,SYN_P_0925,SYN_P_0315,2026-09-14 18:00:00,Meeting,outbound
EMAIL_09996,SYN_P_0760,SYN_P_0649,2024-07-25 00:00:00,Document,outbound
EMAIL_09997,SYN_P_0370,SYN_P_0770,2024-11-22 23:00:00,Document,inbound
EMAIL_09998,SYN_P_0964,SYN_P_0705,2025-08-21 22:00:00,Meeting,outbound
EMAIL_09999,SYN_P_0154,SYN_P_0457,2024-09-24 08:00:00,Request,inbound
EMAIL_10000,SYN_P_0355,SYN_P_0299,2025-02-13 10:00:00,Delivery,inbound
