transaction_id,sender_account_id,receiver_account_id,timestamp,amount,transaction_type
TXN_00001,ACC_0434,ACC_0113,2024-05-25 11:00:00,426584.25,UPI
TXN_00002,ACC_0864,ACC_0050,2026-09-12 09:00:00,20707.84,NEFT
TXN_00003,ACC_0245,ACC_0957,2024-08-26 19:00:00,461743.29,NEFT
TXN_00004,ACC_0141,ACC_0801,2026-01-12 09:00:00,195135.59,RTGS
TXN_00005,ACC_0980,ACC_0312,2026-08-30 19:00:00,425127.01,RTGS
TXN_00006,ACC_0849,ACC_0644,2026-01-07 14:00:00,163332.0,NEFT
TXN_00007,ACC_0090,ACC_0460,2024-08-09 12:00:00,435413.19,RTGS
TXN_00008,ACC_0285,ACC_0811,2024-09-19 09:00:00,425611.39,UPI
TXN_00009,ACC_0829,ACC_0992,2025-07-14 16:00:00,37634.98,IMPS
TXN_00010,ACC_0028,ACC_0252,2025-07-13 03:00:00,117022.4,RTGS
TXN_00011,ACC_0948,ACC_0789,2025-05-24 10:00:00,80291.06,UPI
TXN_00012,ACC_0556,ACC_0342,2025-11-05 08:00:00,278957.41,RTGS
TXN_00013,ACC_0387,ACC_0725,2025-12-01 18:00:00,424666.51,IMPS
TXN_00014,ACC_0889,ACC_0250,2024-09-06 08:00:00,392877.43,RTGS
TXN_00015,ACC_0934,ACC_0574,2025-08-11 13:00:00,316851.7,RTGS
TXN_00016,ACC_0307,ACC_1030,2024-08-08 21:00:00,435058.82,UPI
TXN_00017,ACC_0483,ACC_0587,2025-02-14 16:00:00,206097.53,RTGS
TXN_00018,ACC_0069,ACC_0210,2026-09-17 18:00:00,183757.12,UPI
TXN_00019,ACC_0115,ACC_0976,2026-02-12 08:00:00,154788.65,NEFT
TXN_00020,ACC_0773,ACC_0808,2026-02-01 00:00:00,14699.74,NEFT
TXN_00021,ACC_0335,ACC_0025,2025-12-26 03:00:00,63397.72,NEFT
TXN_00022,ACC_0007,ACC_0507,2026-06-01 12:00:00,362099.22,UPI
TXN_00023,ACC_0924,ACC_0364,2026-01-20 03:00:00,417791.21,IMPS
TXN_00024,ACC_0624,ACC_0766,2024-12-01 21:00:00,134550.19,IMPS
TXN_00025,ACC_0863,ACC_0086,2024-12-11 19:00:00,205886.39,RTGS
TXN_00026,ACC_0641,ACC_0022,2026-06-02 06:00:00,317567.72,RTGS
TXN_00027,ACC_0380,ACC_0307,2025-09-04 03:00:00,355476.02,UPI
TXN_00028,ACC_1029,ACC_0489,2024-06-02 02:00:00,443888.6,NEFT
TXN_00029,ACC_0169,ACC_0831,2024-04-13 07:00:00,165139.56,UPI
TXN_00030,ACC_0199,ACC_0682,2026-02-07 14:00:00,279853.64,RTGS
TXN_00031,ACC_0386,ACC_0573,2025-04-11 22:00:00,71556.85,UPI
TXN_00032,ACC_0677,ACC_0010,2025-05-08 23:00:00,166760.79,UPI
TXN_00033,ACC_0054,ACC_0564,2025-04-25 17:00:00,142069.42,RTGS
TXN_00034,ACC_1024,ACC_0696,2025-12-31 14:00:00,441337.53,NEFT
TXN_00035,ACC_0511,ACC_0809,2025-08-18 17:00:00,336124.33,UPI
TXN_00036,ACC_0749,ACC_0203,2024-05-16 23:00:00,264572.66,RTGS
TXN_00037,ACC_0824,ACC_0206,2024-08-28 23:00:00,277075.52,IMPS
TXN_00038,ACC_0045,ACC_0753,2026-06-23 23:00:00,333534.4,NEFT
TXN_00039,ACC_0852,ACC_0580,2024-03-12 07:00:00,276919.82,NEFT
TXN_00040,ACC_0101,ACC_0437,2025-10-28 08:00:00,18927.8,NEFT
TXN_00041,ACC_0206,ACC_0669,2024-01-31 13:00:00,150530.31,NEFT
TXN_00042,ACC_0272,ACC_0680,2025-01-13 04:00:00,389031.17,UPI
TXN_00043,ACC_0290,ACC_0364,2024-03-16 00:00:00,120068.67,UPI
TXN_00044,ACC_0845,ACC_0121,2024-05-17 03:00:00,427312.64,RTGS
TXN_00045,ACC_0084,ACC_0218,2025-03-15 00:00:00,161064.19,NEFT
TXN_00046,ACC_0731,ACC_0309,2025-08-21 18:00:00,190991.04,RTGS
TXN_00047,ACC_0395,ACC_0780,2026-04-12 06:00:00,87684.19,NEFT
TXN_00048,ACC_0401,ACC_0858,2025-01-27 05:00:00,390790.74,UPI
TXN_00049,ACC_0702,ACC_0257,2024-10-30 21:00:00,4213.85,UPI
TXN_00050,ACC_0799,ACC_0026,2026-09-21 04:00:00,55355.5,RTGS
TXN_00051,ACC_1014,ACC_0452,2026-10-12 00:00:00,221956.76,UPI
TXN_00052,ACC_0038,ACC_0161,2026-10-27 06:00:00,322950.09,RTGS
TXN_00053,ACC_0761,ACC_0508,2025-09-24 18:00:00,491623.38,NEFT
TXN_00054,ACC_0755,ACC_0035,2025-09-07 04:00:00,27834.07,UPI
TXN_00055,ACC_0114,ACC_0890,2025-04-27 16:00:00,340908.11,NEFT
TXN_00056,ACC_0539,ACC_0454,2024-08-25 17:00:00,3102.83,IMPS
TXN_00057,ACC_0056,ACC_0420,2025-07-10 00:00:00,431309.57,NEFT
TXN_00058,ACC_0612,ACC_0656,2025-12-18 05:00:00,81705.21,IMPS
TXN_00059,ACC_0313,ACC_0270,2025-11-17 17:00:00,409785.57,IMPS
TXN_00060,ACC_0319,ACC_0615,2025-09-06 18:00:00,499495.04,RTGS
TXN_00061,ACC_0163,ACC_0095,2024-08-06 03:00:00,49738.99,NEFT
TXN_00062,ACC_0319,ACC_0628,2026-08-13 09:00:00,417411.13,UPI
TXN_00063,ACC_0668,ACC_0795,2025-02-04 13:00:00,54088.84,UPI
TXN_00064,ACC_0868,ACC_0712,2025-06-12 02:00:00,460900.53,UPI
TXN_00065,ACC_0926,ACC_0650,2026-04-14 17:00:00,258507.03,UPI
TXN_00066,ACC_1005,ACC_0104,2026-01-15 12:00:00,318427.59,UPI
TXN_00067,ACC_0221,ACC_0438,2026-02-21 05:00:00,455014.26,NEFT
TXN_00068,ACC_0749,ACC_0104,2026-05-14 02:00:00,222989.92,NEFT
TXN_00069,ACC_0230,ACC_0797,2025-01-13 08:00:00,471525.78,NEFT
TXN_00070,ACC_0061,ACC_0884,2025-01-10 18:00:00,330622.17,NEFT
TXN_00071,ACC_0880,ACC_0458,2026-10-06 02:00:00,101858.64,NEFT
TXN_00072,ACC_0314,ACC_0545,2025-10-12 07:00:00,141022.19,IMPS
TXN_00073,ACC_0095,ACC_0965,2025-03-15 06:00:00,485432.34,RTGS
TXN_00074,ACC_0902,ACC_0684,2026-07-09 14:00:00,439186.52,RTGS
TXN_00075,ACC_0816,ACC_0911,2025-07-04 01:00:00,215910.9,RTGS
TXN_00076,ACC_0795,ACC_0092,2026-05-31 02:00:00,74595.18,IMPS
TXN_00077,ACC_0564,ACC_0733,2026-04-01 10:00:00,391858.97,NEFT
TXN_00078,ACC_0243,ACC_0127,2026-08-11 19:00:00,65996.49,UPI
TXN_00079,ACC_0771,ACC_0136,2025-03-29 16:00:00,14962.72,NEFT
TXN_00080,ACC_0656,ACC_0469,2025-03-28 17:00:00,123650.02,IMPS
TXN_00081,ACC_0712,ACC_0002,2024-04-21 05:00:00,484959.33,NEFT
TXN_00082,ACC_0239,ACC_0149,2025-07-08 21:00:00,255613.37,RTGS
TXN_00083,ACC_0108,ACC_0240,2025-12-30 19:00:00,40466.27,RTGS
TXN_00084,ACC_0937,ACC_0827,2025-08-04 19:00:00,57386.31,UPI
TXN_00085,ACC_0280,ACC_0336,2026-07-17 10:00:00,42450.71,IMPS
TXN_00086,ACC_0278,ACC_0203,2026-09-29 04:00:00,63871.02,NEFT
TXN_00087,ACC_0107,ACC_1040,2024-10-18 12:00:00,84719.22,UPI
TXN_00088,ACC_0520,ACC_0722,2026-10-07 11:00:00,224899.82,IMPS
TXN_00089,ACC_0545,ACC_0894,2025-08-05 00:00:00,283233.89,NEFT
TXN_00090,ACC_0475,ACC_0669,2025-05-11 12:00:00,11720.93,RTGS
TXN_00091,ACC_1008,ACC_0221,2024-04-26 02:00:00,110415.63,NEFT
TXN_00092,ACC_0224,ACC_0865,2026-07-06 16:00:00,68776.72,UPI
TXN_00093,ACC_0678,ACC_1002,2025-11-01 02:00:00,306365.5,RTGS
TXN_00094,ACC_0911,ACC_0205,2026-03-15 11:00:00,112698.83,RTGS
TXN_00095,ACC_0037,ACC_0492,2026-10-16 22:00:00,450175.76,RTGS
TXN_00096,ACC_0319,ACC_0312,2024-08-15 07:00:00,40988.41,IMPS
TXN_00097,ACC_0028,ACC_1024,2024-06-07 00:00:00,192260.39,UPI
TXN_00098,ACC_0908,ACC_0194,2024-03-18 07:00:00,360055.09,NEFT
TXN_00099,ACC_0123,ACC_0349,2025-04-02 12:00:00,276140.63,NEFT
TXN_00100,ACC_0187,ACC_0526,2025-12-02 15:00:00,98166.29,RTGS
TXN_00101,ACC_0147,ACC_0995,2025-07-22 12:00:00,30594.07,UPI
TXN_00102,ACC_0910,ACC_0832,2024-09-28 22:00:00,391891.34,IMPS
TXN_00103,ACC_0682,ACC_0603,2024-06-04 19:00:00,186693.33,IMPS
TXN_00104,ACC_0060,ACC_0474,2024-08-17 01:00:00,88685.02,IMPS
TXN_00105,ACC_0653,ACC_0609,2024-07-11 02:00:00,282010.91,RTGS
TXN_00106,ACC_0002,ACC_0942,2024-12-22 16:00:00,228293.86,IMPS
TXN_00107,ACC_0501,ACC_0011,2025-04-28 08:00:00,413461.27,NEFT
TXN_00108,ACC_0825,ACC_0549,2024-10-23 04:00:00,321496.03,RTGS
TXN_00109,ACC_0628,ACC_0619,2025-09-13 15:00:00,488737.41,UPI
TXN_00110,ACC_0424,ACC_0422,2026-03-02 18:00:00,266089.01,RTGS
TXN_00111,ACC_0245,ACC_0505,2026-07-06 18:00:00,52943.02,NEFT
TXN_00112,ACC_1023,ACC_0704,2025-04-30 17:00:00,260276.27,IMPS
TXN_00113,ACC_0793,ACC_0084,2025-05-01 15:00:00,426704.01,UPI
TXN_00114,ACC_1036,ACC_0384,2026-01-04 22:00:00,150461.74,IMPS
TXN_00115,ACC_1036,ACC_0860,2025-07-13 04:00:00,494129.61,IMPS
TXN_00116,ACC_0633,ACC_0431,2025-10-07 00:00:00,305762.49,NEFT
TXN_00117,ACC_0855,ACC_0145,2025-01-11 15:00:00,70517.08,IMPS
TXN_00118,ACC_0668,ACC_0237,2026-05-17 22:00:00,203643.71,NEFT
TXN_00119,ACC_0417,ACC_0664,2025-01-22 14:00:00,68364.56,IMPS
TXN_00120,ACC_0112,ACC_0001,2026-11-05 19:00:00,250067.82,IMPS
TXN_00121,ACC_0251,ACC_0983,2026-02-19 17:00:00,278534.17,RTGS
TXN_00122,ACC_0448,ACC_1010,2025-08-03 08:00:00,375396.42,IMPS
TXN_00123,ACC_0012,ACC_0471,2026-05-21 15:00:00,27837.58,UPI
TXN_00124,ACC_0543,ACC_0500,2025-05-19 16:00:00,36215.0,RTGS
TXN_00125,ACC_0711,ACC_0773,2026-08-02 21:00:00,275734.39,NEFT
TXN_00126,ACC_0916,ACC_0451,2026-05-29 15:00:00,179068.56,NEFT
TXN_00127,ACC_0745,ACC_0738,2026-05-08 09:00:00,180421.7,IMPS
TXN_00128,ACC_0690,ACC_0519,2025-01-18 00:00:00,135673.13,IMPS
TXN_00129,ACC_0377,ACC_0040,2025-07-13 23:00:00,648.82,IMPS
TXN_00130,ACC_0674,ACC_0303,2024-02-24 07:00:00,366167.78,NEFT
TXN_00131,ACC_0370,ACC_0631,2025-08-08 18:00:00,96139.59,RTGS
TXN_00132,ACC_0798,ACC_0239,2025-11-02 21:00:00,376661.16,NEFT
TXN_00133,ACC_0868,ACC_0230,2026-07-25 23:00:00,444400.29,RTGS
TXN_00134,ACC_0638,ACC_0323,2025-12-21 20:00:00,130858.75,UPI
TXN_00135,ACC_0197,ACC_0466,2025-10-17 15:00:00,203591.57,RTGS
TXN_00136,ACC_0614,ACC_0942,2026-03-29 03:00:00,23563.79,UPI
TXN_00137,ACC_0607,ACC_0996,2026-09-18 10:00:00,212283.24,NEFT
TXN_00138,ACC_0196,ACC_0814,2026-08-28 00:00:00,195961.45,UPI
TXN_00139,ACC_0569,ACC_0132,2026-04-13 18:00:00,270537.12,NEFT
TXN_00140,ACC_0174,ACC_0587,2025-12-30 04:00:00,351319.09,IMPS
TXN_00141,ACC_0924,ACC_0580,2024-02-04 19:00:00,215598.55,UPI
TXN_00142,ACC_0562,ACC_1017,2025-12-27 10:00:00,342182.78,RTGS
TXN_00143,ACC_0046,ACC_0001,2026-07-27 11:00:00,241167.17,NEFT
TXN_00144,ACC_0903,ACC_0444,2026-05-06 07:00:00,18723.24,IMPS
TXN_00145,ACC_0500,ACC_0472,2026-06-13 17:00:00,294734.93,IMPS
TXN_00146,ACC_0077,ACC_0804,2025-12-05 00:00:00,459939.76,UPI
TXN_00147,ACC_0036,ACC_0407,2024-02-29 02:00:00,347298.89,IMPS
TXN_00148,ACC_0916,ACC_0169,2025-11-01 17:00:00,155778.31,UPI
TXN_00149,ACC_0237,ACC_0328,2026-07-09 20:00:00,152203.79,RTGS
TXN_00150,ACC_0463,ACC_0647,2025-03-02 23:00:00,247971.81,NEFT
TXN_00151,ACC_0434,ACC_0765,2026-02-12 11:00:00,445145.67,NEFT
TXN_00152,ACC_0179,ACC_0399,2024-08-03 02:00:00,461435.76,NEFT
TXN_00153,ACC_0846,ACC_0072,2026-07-05 15:00:00,350688.26,NEFT
TXN_00154,ACC_0703,ACC_0727,2024-08-19 01:00:00,190220.94,UPI
TXN_00155,ACC_0475,ACC_0944,2024-05-11 04:00:00,101080.55,IMPS
TXN_00156,ACC_0729,ACC_0558,2025-02-09 00:00:00,120408.17,NEFT
TXN_00157,ACC_0357,ACC_0216,2024-11-24 09:00:00,84738.42,IMPS
TXN_00158,ACC_0482,ACC_0967,2025-01-11 04:00:00,31906.1,UPI
TXN_00159,ACC_0380,ACC_0919,2025-12-07 21:00:00,120751.42,RTGS
TXN_00160,ACC_0591,ACC_0186,2025-03-10 09:00:00,271095.3,IMPS
TXN_00161,ACC_0019,ACC_0387,2025-07-02 04:00:00,196667.05,UPI
TXN_00162,ACC_0888,ACC_0302,2025-10-04 02:00:00,115986.17,UPI
TXN_00163,ACC_0028,ACC_0047,2024-09-17 04:00:00,381966.4,UPI
TXN_00164,ACC_0771,ACC_0444,2026-05-27 16:00:00,269800.6,IMPS
TXN_00165,ACC_0406,ACC_0612,2025-01-24 06:00:00,397516.93,IMPS
TXN_00166,ACC_0427,ACC_0085,2024-09-21 11:00:00,115759.63,UPI
TXN_00167,ACC_0466,ACC_0013,2026-01-09 02:00:00,325852.01,RTGS
TXN_00168,ACC_0869,ACC_1016,2026-08-16 22:00:00,307586.68,UPI
TXN_00169,ACC_0044,ACC_0042,2025-09-18 19:00:00,230044.81,UPI
TXN_00170,ACC_0710,ACC_0613,2025-05-23 14:00:00,378699.6,NEFT
TXN_00171,ACC_0567,ACC_0243,2026-09-24 20:00:00,477815.54,IMPS
TXN_00172,ACC_0468,ACC_0487,2025-05-31 16:00:00,11927.79,IMPS
TXN_00173,ACC_0152,ACC_0372,2025-11-24 00:00:00,33485.0,UPI
TXN_00174,ACC_0508,ACC_0404,2026-08-13 11:00:00,489612.77,NEFT
TXN_00175,ACC_0863,ACC_0467,2025-02-21 07:00:00,85991.69,NEFT
TXN_00176,ACC_0552,ACC_0087,2025-09-05 21:00:00,184888.67,NEFT
TXN_00177,ACC_0779,ACC_0350,2026-01-27 21:00:00,389499.43,RTGS
TXN_00178,ACC_0084,ACC_0174,2026-04-12 23:00:00,295291.48,RTGS
TXN_00179,ACC_0500,ACC_0209,2026-01-07 10:00:00,237392.58,IMPS
TXN_00180,ACC_0099,ACC_0770,2026-08-31 12:00:00,406587.67,UPI
TXN_00181,ACC_0005,ACC_0768,2025-07-10 20:00:00,141912.01,UPI
TXN_00182,ACC_0293,ACC_0201,2025-01-19 05:00:00,448485.42,NEFT
TXN_00183,ACC_0671,ACC_0409,2024-01-03 13:00:00,192817.72,UPI
TXN_00184,ACC_1028,ACC_1037,2025-04-11 14:00:00,27218.72,IMPS
TXN_00185,ACC_0950,ACC_0552,2025-05-30 09:00:00,27266.79,IMPS
TXN_00186,ACC_0502,ACC_0304,2026-09-23 19:00:00,389297.31,IMPS
TXN_00187,ACC_0902,ACC_0368,2025-10-08 18:00:00,434861.18,IMPS
TXN_00188,ACC_0178,ACC_0309,2025-07-09 13:00:00,494134.47,NEFT
TXN_00189,ACC_0723,ACC_0172,2024-08-07 15:00:00,55663.46,IMPS
TXN_00190,ACC_0905,ACC_0631,2026-03-06 11:00:00,253526.76,NEFT
TXN_00191,ACC_1036,ACC_0503,2025-09-03 04:00:00,245028.86,UPI
TXN_00192,ACC_0864,ACC_0423,2026-08-01 05:00:00,162007.76,NEFT
TXN_00193,ACC_0850,ACC_0920,2025-10-12 18:00:00,57470.6,RTGS
TXN_00194,ACC_0776,ACC_0024,2024-01-06 16:00:00,367791.06,RTGS
TXN_00195,ACC_0965,ACC_0598,2025-09-06 08:00:00,241060.2,RTGS
TXN_00196,ACC_0647,ACC_0280,2024-11-20 02:00:00,21453.61,UPI
TXN_00197,ACC_0129,ACC_0746,2024-03-13 15:00:00,171465.95,NEFT
TXN_00198,ACC_0852,ACC_0240,2026-02-28 22:00:00,152990.66,UPI
TXN_00199,ACC_0625,ACC_0207,2024-08-22 10:00:00,59388.5,IMPS
TXN_00200,ACC_0039,ACC_0065,2024-06-29 19:00:00,487581.04,IMPS
TXN_00201,ACC_0063,ACC_0692,2026-01-12 21:00:00,453289.55,IMPS
TXN_00202,ACC_0137,ACC_0195,2025-06-26 14:00:00,15487.72,NEFT
TXN_00203,ACC_0080,ACC_0898,2026-06-29 17:00:00,82276.42,UPI
TXN_00204,ACC_0649,ACC_0033,2024-09-11 17:00:00,447185.89,RTGS
TXN_00205,ACC_0189,ACC_0195,2025-02-19 01:00:00,18557.55,NEFT
TXN_00206,ACC_0001,ACC_0029,2025-04-22 11:00:00,377124.84,RTGS
TXN_00207,ACC_0992,ACC_0857,2024-06-16 11:00:00,102917.06,IMPS
TXN_00208,ACC_0306,ACC_1021,2024-02-20 08:00:00,203452.72,RTGS
TXN_00209,ACC_0903,ACC_0351,2026-01-21 05:00:00,120479.14,UPI
TXN_00210,ACC_0027,ACC_0063,2026-04-16 17:00:00,37557.39,NEFT
TXN_00211,ACC_0380,ACC_0125,2024-04-23 13:00:00,493855.38,RTGS
TXN_00212,ACC_0148,ACC_0239,2024-11-11 16:00:00,186601.52,NEFT
TXN_00213,ACC_0962,ACC_0591,2026-06-27 18:00:00,376098.83,UPI
TXN_00214,ACC_0826,ACC_0849,2026-04-29 11:00:00,285901.04,RTGS
TXN_00215,ACC_0363,ACC_0158,2024-11-08 14:00:00,372142.67,IMPS
TXN_00216,ACC_0340,ACC_0188,2025-05-06 17:00:00,63065.68,RTGS
TXN_00217,ACC_0006,ACC_0115,2026-05-09 01:00:00,270210.3,IMPS
TXN_00218,ACC_0152,ACC_0713,2026-05-02 19:00:00,127565.49,NEFT
TXN_00219,ACC_0270,ACC_0988,2025-03-23 21:00:00,149058.87,IMPS
TXN_00220,ACC_0916,ACC_0842,2026-09-11 09:00:00,394313.99,UPI
TXN_00221,ACC_0632,ACC_0023,2025-10-21 04:00:00,289119.77,RTGS
TXN_00222,ACC_0522,ACC_0150,2026-07-22 10:00:00,403404.45,NEFT
TXN_00223,ACC_0416,ACC_0836,2025-11-05 02:00:00,484413.14,RTGS
TXN_00224,ACC_0161,ACC_0524,2026-01-10 10:00:00,392273.8,RTGS
TXN_00225,ACC_0083,ACC_0194,2025-03-27 21:00:00,84534.6,IMPS
TXN_00226,ACC_0492,ACC_0366,2025-12-01 13:00:00,459911.86,UPI
TXN_00227,ACC_0825,ACC_0592,2026-11-01 10:00:00,155375.92,UPI
TXN_00228,ACC_0963,ACC_0825,2026-09-12 05:00:00,176698.57,RTGS
TXN_00229,ACC_0429,ACC_0261,2025-07-20 21:00:00,431736.33,UPI
TXN_00230,ACC_0182,ACC_0704,2026-04-29 20:00:00,454255.18,NEFT
TXN_00231,ACC_0122,ACC_0837,2026-04-20 05:00:00,493049.54,RTGS
TXN_00232,ACC_0729,ACC_0912,2024-04-21 22:00:00,99231.14,NEFT
TXN_00233,ACC_0721,ACC_0162,2025-07-17 05:00:00,374670.47,IMPS
TXN_00234,ACC_0395,ACC_0715,2026-03-25 01:00:00,453923.69,NEFT
TXN_00235,ACC_0365,ACC_1039,2024-09-03 15:00:00,208520.78,RTGS
TXN_00236,ACC_0992,ACC_0210,2024-01-04 07:00:00,276869.07,NEFT
TXN_00237,ACC_0088,ACC_0941,2024-02-21 06:00:00,85175.57,IMPS
TXN_00238,ACC_0449,ACC_0705,2026-02-06 15:00:00,456377.81,UPI
TXN_00239,ACC_0793,ACC_0259,2024-01-28 10:00:00,125448.69,NEFT
TXN_00240,ACC_0119,ACC_0415,2026-03-23 00:00:00,261550.33,NEFT
TXN_00241,ACC_0840,ACC_0690,2024-12-27 15:00:00,422945.84,NEFT
TXN_00242,ACC_0992,ACC_1008,2025-12-02 11:00:00,439256.57,UPI
TXN_00243,ACC_0473,ACC_0492,2025-03-28 23:00:00,133069.01,IMPS
TXN_00244,ACC_0439,ACC_0579,2024-06-05 17:00:00,96469.57,RTGS
TXN_00245,ACC_0427,ACC_1024,2026-03-03 09:00:00,177340.78,UPI
TXN_00246,ACC_0865,ACC_0709,2025-07-07 21:00:00,1053.31,NEFT
TXN_00247,ACC_0701,ACC_0439,2025-09-16 18:00:00,105160.56,UPI
TXN_00248,ACC_1008,ACC_0236,2026-02-11 07:00:00,62605.25,IMPS
TXN_00249,ACC_0223,ACC_0941,2025-07-31 10:00:00,68795.78,RTGS
TXN_00250,ACC_0886,ACC_0964,2024-07-31 02:00:00,323004.18,IMPS
TXN_00251,ACC_0443,ACC_0890,2024-10-29 01:00:00,312122.45,IMPS
TXN_00252,ACC_0014,ACC_0426,2026-01-14 11:00:00,327757.58,RTGS
TXN_00253,ACC_1004,ACC_0440,2026-03-12 10:00:00,220573.17,RTGS
TXN_00254,ACC_0285,ACC_0663,2024-12-28 01:00:00,427914.1,NEFT
TXN_00255,ACC_0718,ACC_0082,2026-02-25 07:00:00,459338.0,UPI
TXN_00256,ACC_0217,ACC_0973,2025-11-12 07:00:00,425471.07,NEFT
TXN_00257,ACC_0496,ACC_0726,2024-10-29 11:00:00,413045.93,UPI
TXN_00258,ACC_0291,ACC_0970,2025-01-21 11:00:00,413591.62,NEFT
TXN_00259,ACC_0575,ACC_0259,2025-08-11 04:00:00,41253.25,RTGS
TXN_00260,ACC_0477,ACC_0496,2024-09-20 10:00:00,365558.53,RTGS
TXN_00261,ACC_0845,ACC_0742,2026-08-19 05:00:00,494166.24,UPI
TXN_00262,ACC_0797,ACC_0200,2026-05-23 18:00:00,473205.89,UPI
TXN_00263,ACC_0897,ACC_1017,2026-01-07 01:00:00,197965.61,UPI
TXN_00264,ACC_0722,ACC_0490,2026-07-27 12:00:00,456192.92,IMPS
TXN_00265,ACC_0851,ACC_0993,2024-01-20 13:00:00,302745.06,NEFT
TXN_00266,ACC_0384,ACC_0867,2025-12-09 02:00:00,168094.32,RTGS
TXN_00267,ACC_0669,ACC_0838,2026-05-14 10:00:00,228728.19,UPI
TXN_00268,ACC_0990,ACC_0053,2024-05-15 06:00:00,232153.48,NEFT
TXN_00269,ACC_0406,ACC_0808,2026-08-12 06:00:00,225684.56,NEFT
TXN_00270,ACC_0110,ACC_0060,2026-03-09 01:00:00,310248.16,UPI
TXN_00271,ACC_1016,ACC_0994,2026-07-22 09:00:00,497285.68,IMPS
TXN_00272,ACC_0329,ACC_0278,2024-11-13 21:00:00,451775.05,UPI
TXN_00273,ACC_0869,ACC_0253,2024-10-17 06:00:00,155789.71,IMPS
TXN_00274,ACC_0204,ACC_0359,2026-10-18 19:00:00,330823.62,NEFT
TXN_00275,ACC_0003,ACC_0558,2024-01-10 01:00:00,150672.92,RTGS
TXN_00276,ACC_0430,ACC_0989,2025-11-03 12:00:00,85097.22,RTGS
TXN_00277,ACC_0897,ACC_0344,2024-12-11 08:00:00,348088.42,IMPS
TXN_00278,ACC_0276,ACC_0765,2026-10-09 02:00:00,323046.19,NEFT
TXN_00279,ACC_0762,ACC_0107,2025-11-06 03:00:00,181293.79,RTGS
TXN_00280,ACC_0175,ACC_0257,2024-01-19 18:00:00,142914.31,RTGS
TXN_00281,ACC_0798,ACC_0781,2025-06-16 20:00:00,388584.99,UPI
TXN_00282,ACC_0078,ACC_0228,2024-10-08 14:00:00,247693.86,RTGS
TXN_00283,ACC_0797,ACC_0518,2024-02-23 04:00:00,422044.21,UPI
TXN_00284,ACC_0421,ACC_0334,2026-01-28 12:00:00,309116.9,IMPS
TXN_00285,ACC_0870,ACC_0331,2025-02-09 03:00:00,218237.48,NEFT
TXN_00286,ACC_0283,ACC_0447,2025-02-26 20:00:00,30164.39,NEFT
TXN_00287,ACC_0666,ACC_0128,2024-09-08 21:00:00,277210.38,IMPS
TXN_00288,ACC_0825,ACC_0855,2024-08-13 15:00:00,413160.92,NEFT
TXN_00289,ACC_0573,ACC_0561,2024-11-10 12:00:00,337746.13,IMPS
TXN_00290,ACC_0739,ACC_0780,2024-12-12 22:00:00,473387.68,RTGS
TXN_00291,ACC_0227,ACC_0042,2024-09-28 22:00:00,314271.9,UPI
TXN_00292,ACC_0496,ACC_0049,2025-06-30 05:00:00,2684.93,UPI
TXN_00293,ACC_0343,ACC_0292,2024-10-09 04:00:00,398791.84,UPI
TXN_00294,ACC_0262,ACC_0203,2024-04-05 20:00:00,190668.81,RTGS
TXN_00295,ACC_0282,ACC_0954,2024-06-16 14:00:00,286060.75,NEFT
TXN_00296,ACC_0577,ACC_0227,2024-09-10 17:00:00,308997.72,NEFT
TXN_00297,ACC_0415,ACC_0541,2024-07-11 20:00:00,137860.59,UPI
TXN_00298,ACC_0160,ACC_0057,2024-04-13 15:00:00,313052.62,UPI
TXN_00299,ACC_0519,ACC_0610,2026-01-29 15:00:00,118802.11,IMPS
TXN_00300,ACC_0043,ACC_0335,2026-07-10 20:00:00,3113.07,RTGS
TXN_00301,ACC_1007,ACC_0082,2025-10-09 17:00:00,398705.46,NEFT
TXN_00302,ACC_0008,ACC_0832,2025-11-03 04:00:00,347204.01,NEFT
TXN_00303,ACC_0496,ACC_0697,2026-09-17 09:00:00,124733.9,RTGS
TXN_00304,ACC_0902,ACC_1029,2026-06-01 01:00:00,123483.95,NEFT
TXN_00305,ACC_0392,ACC_0941,2024-01-27 21:00:00,212259.91,IMPS
TXN_00306,ACC_0889,ACC_0363,2026-06-23 18:00:00,39955.48,UPI
TXN_00307,ACC_0991,ACC_0045,2025-03-16 16:00:00,393697.51,IMPS
TXN_00308,ACC_0315,ACC_0714,2025-01-27 01:00:00,285847.86,RTGS
TXN_00309,ACC_0439,ACC_0403,2026-08-09 04:00:00,165873.54,IMPS
TXN_00310,ACC_0419,ACC_0427,2026-07-09 21:00:00,83464.32,UPI
TXN_00311,ACC_0659,ACC_0403,2026-07-28 16:00:00,188323.51,IMPS
TXN_00312,ACC_0961,ACC_0362,2024-09-04 17:00:00,417959.96,NEFT
TXN_00313,ACC_1010,ACC_0570,2024-03-16 11:00:00,465753.65,IMPS
TXN_00314,ACC_0081,ACC_1004,2025-04-09 02:00:00,267361.73,IMPS
TXN_00315,ACC_0472,ACC_0234,2025-11-15 13:00:00,131458.67,UPI
TXN_00316,ACC_0888,ACC_0595,2025-08-06 04:00:00,20123.42,UPI
TXN_00317,ACC_0038,ACC_0664,2024-07-05 08:00:00,374083.45,IMPS
TXN_00318,ACC_0735,ACC_0444,2025-11-16 14:00:00,324620.15,NEFT
TXN_00319,ACC_0809,ACC_0490,2026-05-23 12:00:00,16457.85,IMPS
TXN_00320,ACC_0061,ACC_0648,2025-10-31 04:00:00,163117.43,RTGS
TXN_00321,ACC_0988,ACC_0070,2024-08-20 10:00:00,93658.37,RTGS
TXN_00322,ACC_0110,ACC_0398,2026-03-25 02:00:00,361349.2,UPI
TXN_00323,ACC_0839,ACC_0537,2024-09-18 03:00:00,202394.62,UPI
TXN_00324,ACC_0799,ACC_0041,2025-09-24 14:00:00,340125.72,IMPS
TXN_00325,ACC_0763,ACC_0539,2024-09-03 10:00:00,157448.49,NEFT
TXN_00326,ACC_0266,ACC_0090,2025-12-12 21:00:00,63505.77,NEFT
TXN_00327,ACC_0435,ACC_0307,2026-03-30 19:00:00,61187.69,RTGS
TXN_00328,ACC_0813,ACC_0004,2025-11-14 07:00:00,250137.56,UPI
TXN_00329,ACC_0080,ACC_0240,2026-04-16 01:00:00,217374.79,RTGS
TXN_00330,ACC_0605,ACC_0490,2025-02-03 11:00:00,352766.63,NEFT
TXN_00331,ACC_0041,ACC_0485,2026-06-16 03:00:00,385065.94,NEFT
TXN_00332,ACC_0748,ACC_0236,2024-02-29 14:00:00,41075.87,NEFT
TXN_00333,ACC_0202,ACC_0104,2025-06-20 07:00:00,473812.12,NEFT
TXN_00334,ACC_0026,ACC_0009,2025-12-12 20:00:00,60053.4,RTGS
TXN_00335,ACC_0837,ACC_0860,2024-03-09 15:00:00,141481.99,NEFT
TXN_00336,ACC_0242,ACC_0437,2024-07-08 03:00:00,330010.85,UPI
TXN_00337,ACC_0593,ACC_0738,2025-02-15 21:00:00,472100.08,IMPS
TXN_00338,ACC_0661,ACC_0711,2025-09-12 22:00:00,96571.62,IMPS
TXN_00339,ACC_0274,ACC_0147,2025-01-07 05:00:00,331299.39,IMPS
TXN_00340,ACC_0365,ACC_0273,2025-05-05 11:00:00,449902.12,NEFT
TXN_00341,ACC_0640,ACC_0054,2025-12-30 23:00:00,253855.92,NEFT
TXN_00342,ACC_0059,ACC_0290,2026-03-28 21:00:00,249350.65,UPI
TXN_00343,ACC_0960,ACC_0581,2026-05-26 18:00:00,425052.88,NEFT
TXN_00344,ACC_0743,ACC_0274,2024-01-17 03:00:00,468491.03,RTGS
TXN_00345,ACC_0683,ACC_0879,2025-02-20 00:00:00,459640.79,RTGS
TXN_00346,ACC_0817,ACC_0598,2024-07-21 03:00:00,158393.97,NEFT
TXN_00347,ACC_0967,ACC_0187,2026-10-16 11:00:00,401411.58,UPI
TXN_00348,ACC_0085,ACC_0255,2026-09-29 00:00:00,7845.66,RTGS
TXN_00349,ACC_0978,ACC_0104,2025-05-07 11:00:00,253446.8,UPI
TXN_00350,ACC_0233,ACC_0668,2025-07-08 17:00:00,36258.76,NEFT
TXN_00351,ACC_0166,ACC_0807,2025-05-31 08:00:00,186633.33,RTGS
TXN_00352,ACC_0964,ACC_0424,2025-08-14 17:00:00,485983.37,NEFT
TXN_00353,ACC_0219,ACC_0534,2025-03-08 04:00:00,473073.61,IMPS
TXN_00354,ACC_0709,ACC_0246,2025-06-16 23:00:00,146629.82,IMPS
TXN_00355,ACC_0206,ACC_0166,2026-02-17 17:00:00,268138.69,RTGS
TXN_00356,ACC_0483,ACC_0110,2026-01-18 02:00:00,382399.37,RTGS
TXN_00357,ACC_0302,ACC_0375,2025-02-14 05:00:00,83604.94,RTGS
TXN_00358,ACC_0296,ACC_0816,2024-06-01 17:00:00,480376.16,IMPS
TXN_00359,ACC_0467,ACC_0486,2025-01-30 04:00:00,420595.59,NEFT
TXN_00360,ACC_0227,ACC_0332,2024-01-19 15:00:00,449729.37,IMPS
TXN_00361,ACC_0522,ACC_0685,2024-01-07 20:00:00,250724.23,RTGS
TXN_00362,ACC_1007,ACC_0377,2026-01-17 20:00:00,330915.82,IMPS
TXN_00363,ACC_0108,ACC_0298,2025-03-17 21:00:00,64731.54,RTGS
TXN_00364,ACC_0522,ACC_0309,2025-01-23 10:00:00,163199.3,IMPS
TXN_00365,ACC_0434,ACC_0878,2024-07-25 18:00:00,265583.16,NEFT
TXN_00366,ACC_0134,ACC_0242,2025-04-15 18:00:00,380901.11,UPI
TXN_00367,ACC_0771,ACC_1021,2025-11-13 15:00:00,154255.52,IMPS
TXN_00368,ACC_0456,ACC_0957,2025-09-02 17:00:00,185186.77,NEFT
TXN_00369,ACC_0634,ACC_0346,2024-09-07 05:00:00,360062.67,NEFT
TXN_00370,ACC_0298,ACC_0051,2024-03-13 20:00:00,144140.27,IMPS
TXN_00371,ACC_0106,ACC_0174,2026-08-22 18:00:00,375375.43,RTGS
TXN_00372,ACC_0088,ACC_0959,2024-09-28 04:00:00,445183.74,RTGS
TXN_00373,ACC_0543,ACC_0071,2025-08-21 14:00:00,414262.19,IMPS
TXN_00374,ACC_0063,ACC_0307,2026-02-05 12:00:00,391293.15,IMPS
TXN_00375,ACC_0533,ACC_0057,2024-10-22 05:00:00,29796.7,IMPS
TXN_00376,ACC_0495,ACC_1026,2025-11-23 04:00:00,406069.51,IMPS
TXN_00377,ACC_0142,ACC_0838,2025-10-22 08:00:00,242385.66,RTGS
TXN_00378,ACC_0330,ACC_0231,2024-02-13 13:00:00,365209.31,NEFT
TXN_00379,ACC_0828,ACC_0898,2024-03-19 21:00:00,242021.5,NEFT
TXN_00380,ACC_0995,ACC_0267,2026-06-07 22:00:00,59409.95,RTGS
TXN_00381,ACC_0501,ACC_0677,2024-07-28 06:00:00,350711.71,NEFT
TXN_00382,ACC_0818,ACC_1030,2026-07-20 05:00:00,142229.67,RTGS
TXN_00383,ACC_0936,ACC_0892,2026-09-08 05:00:00,424901.14,UPI
TXN_00384,ACC_0002,ACC_0166,2025-12-20 15:00:00,346363.37,UPI
TXN_00385,ACC_0355,ACC_0135,2024-07-18 06:00:00,242166.99,UPI
TXN_00386,ACC_0463,ACC_0323,2024-09-14 13:00:00,449799.71,UPI
TXN_00387,ACC_0571,ACC_0401,2025-08-22 21:00:00,206181.02,NEFT
TXN_00388,ACC_0191,ACC_0203,2025-02-05 16:00:00,459187.86,RTGS
TXN_00389,ACC_0222,ACC_0257,2025-10-26 16:00:00,53187.54,IMPS
TXN_00390,ACC_0117,ACC_0382,2025-06-07 12:00:00,186825.57,UPI
TXN_00391,ACC_0372,ACC_0579,2024-05-21 16:00:00,380133.98,NEFT
TXN_00392,ACC_0039,ACC_0878,2024-06-30 08:00:00,221726.53,RTGS
TXN_00393,ACC_0090,ACC_0529,2026-09-14 01:00:00,316100.61,IMPS
TXN_00394,ACC_0452,ACC_0004,2026-10-25 06:00:00,216934.43,NEFT
TXN_00395,ACC_0649,ACC_0435,2024-04-13 15:00:00,37886.87,UPI
TXN_00396,ACC_0932,ACC_0628,2025-02-20 19:00:00,112634.42,IMPS
TXN_00397,ACC_0002,ACC_0356,2025-05-31 03:00:00,58353.61,UPI
TXN_00398,ACC_0349,ACC_0253,2025-12-18 21:00:00,161653.35,NEFT
TXN_00399,ACC_0634,ACC_0553,2024-12-20 15:00:00,45700.69,NEFT
TXN_00400,ACC_0539,ACC_1017,2026-01-31 08:00:00,226895.61,UPI
TXN_00401,ACC_0448,ACC_0039,2024-12-19 19:00:00,87567.13,IMPS
TXN_00402,ACC_0514,ACC_0524,2025-12-13 03:00:00,498921.4,IMPS
TXN_00403,ACC_0666,ACC_0023,2024-07-10 04:00:00,457173.43,UPI
TXN_00404,ACC_0891,ACC_0294,2024-12-21 04:00:00,210440.47,NEFT
TXN_00405,ACC_0050,ACC_0004,2025-09-03 18:00:00,205124.06,NEFT
TXN_00406,ACC_0678,ACC_0819,2024-02-17 10:00:00,111092.02,IMPS
TXN_00407,ACC_0518,ACC_0161,2025-01-14 13:00:00,171488.72,UPI
TXN_00408,ACC_0497,ACC_0896,2024-02-05 12:00:00,103559.35,IMPS
TXN_00409,ACC_0060,ACC_1024,2024-12-07 14:00:00,158078.78,RTGS
TXN_00410,ACC_0114,ACC_0052,2024-10-28 14:00:00,219799.97,RTGS
TXN_00411,ACC_0882,ACC_0640,2024-11-15 17:00:00,44504.38,RTGS
TXN_00412,ACC_0215,ACC_0751,2024-03-22 04:00:00,463766.06,IMPS
TXN_00413,ACC_0299,ACC_1025,2025-05-24 08:00:00,17278.03,UPI
TXN_00414,ACC_0911,ACC_0332,2025-05-29 07:00:00,317150.13,RTGS
TXN_00415,ACC_0202,ACC_0010,2025-12-31 14:00:00,240849.28,UPI
TXN_00416,ACC_0137,ACC_0597,2025-11-12 16:00:00,221687.36,NEFT
TXN_00417,ACC_0888,ACC_0346,2025-07-25 14:00:00,432673.12,UPI
TXN_00418,ACC_0256,ACC_0235,2024-07-31 05:00:00,106294.78,IMPS
TXN_00419,ACC_0471,ACC_0883,2025-01-01 17:00:00,125518.39,UPI
TXN_00420,ACC_0915,ACC_0928,2025-12-23 03:00:00,92014.21,NEFT
TXN_00421,ACC_0220,ACC_0311,2024-11-20 07:00:00,425762.24,IMPS
TXN_00422,ACC_0730,ACC_0341,2025-01-10 16:00:00,299372.57,IMPS
TXN_00423,ACC_0191,ACC_0519,2026-03-13 06:00:00,375460.96,NEFT
TXN_00424,ACC_0513,ACC_0279,2026-06-04 23:00:00,465887.07,UPI
TXN_00425,ACC_0058,ACC_0844,2025-01-13 20:00:00,451485.58,NEFT
TXN_00426,ACC_0069,ACC_0814,2025-01-06 12:00:00,97784.14,UPI
TXN_00427,ACC_0883,ACC_0947,2024-07-14 11:00:00,497223.88,UPI
TXN_00428,ACC_0348,ACC_0281,2024-01-02 15:00:00,27936.21,IMPS
TXN_00429,ACC_0751,ACC_0747,2026-03-25 02:00:00,399626.02,NEFT
TXN_00430,ACC_0632,ACC_0863,2024-07-17 02:00:00,412018.16,UPI
TXN_00431,ACC_0615,ACC_0591,2025-05-27 13:00:00,358210.03,UPI
TXN_00432,ACC_0168,ACC_0961,2025-03-29 22:00:00,373198.15,UPI
TXN_00433,ACC_0724,ACC_0801,2025-07-17 07:00:00,205886.07,UPI
TXN_00434,ACC_0466,ACC_0469,2024-12-29 22:00:00,115592.77,RTGS
TXN_00435,ACC_0828,ACC_0054,2026-03-24 20:00:00,252775.35,IMPS
TXN_00436,ACC_0948,ACC_1004,2025-04-02 10:00:00,327760.08,NEFT
TXN_00437,ACC_0937,ACC_0737,2024-06-26 20:00:00,216736.77,RTGS
TXN_00438,ACC_0861,ACC_0732,2026-01-05 13:00:00,176389.59,IMPS
TXN_00439,ACC_0887,ACC_0734,2026-01-23 11:00:00,222700.08,IMPS
TXN_00440,ACC_0181,ACC_0192,2026-07-24 22:00:00,229672.18,IMPS
TXN_00441,ACC_0187,ACC_0867,2024-02-08 02:00:00,479628.53,IMPS
TXN_00442,ACC_0935,ACC_0819,2025-06-23 04:00:00,151864.01,NEFT
TXN_00443,ACC_0045,ACC_0739,2026-01-09 08:00:00,182356.48,RTGS
TXN_00444,ACC_0388,ACC_0651,2024-02-23 21:00:00,345161.4,RTGS
TXN_00445,ACC_0219,ACC_0217,2024-01-11 01:00:00,312340.39,IMPS
TXN_00446,ACC_1012,ACC_0732,2024-10-22 11:00:00,105963.74,RTGS
TXN_00447,ACC_0703,ACC_0820,2026-10-03 04:00:00,83039.52,RTGS
TXN_00448,ACC_0519,ACC_0684,2026-05-30 11:00:00,268839.38,IMPS
TXN_00449,ACC_0107,ACC_0633,2024-07-23 06:00:00,145384.67,RTGS
TXN_00450,ACC_0531,ACC_0238,2026-02-11 10:00:00,320870.13,IMPS
TXN_00451,ACC_0800,ACC_0423,2025-11-08 01:00:00,211772.01,IMPS
TXN_00452,ACC_0410,ACC_0508,2025-12-26 20:00:00,382846.14,NEFT
TXN_00453,ACC_0017,ACC_0935,2025-10-12 15:00:00,487034.76,UPI
TXN_00454,ACC_0212,ACC_0643,2025-08-04 13:00:00,26930.56,NEFT
TXN_00455,ACC_0897,ACC_0946,2025-10-13 13:00:00,17052.15,IMPS
TXN_00456,ACC_0112,ACC_0570,2026-02-09 11:00:00,356125.2,NEFT
TXN_00457,ACC_0290,ACC_0600,2025-01-15 14:00:00,343347.63,NEFT
TXN_00458,ACC_0157,ACC_0272,2025-11-18 00:00:00,352473.6,IMPS
TXN_00459,ACC_0356,ACC_1031,2025-05-21 16:00:00,485320.71,UPI
TXN_00460,ACC_0326,ACC_0666,2024-10-18 01:00:00,318094.38,IMPS
TXN_00461,ACC_1031,ACC_0493,2025-03-26 04:00:00,205905.93,RTGS
TXN_00462,ACC_0680,ACC_0772,2026-03-28 01:00:00,462541.24,UPI
TXN_00463,ACC_0736,ACC_0316,2024-05-19 16:00:00,8662.91,NEFT
TXN_00464,ACC_0725,ACC_0555,2024-06-22 18:00:00,382205.34,RTGS
TXN_00465,ACC_0955,ACC_0036,2024-12-08 00:00:00,448821.08,RTGS
TXN_00466,ACC_0983,ACC_0749,2024-06-11 17:00:00,355145.63,NEFT
TXN_00467,ACC_0105,ACC_0525,2026-07-05 12:00:00,168550.74,UPI
TXN_00468,ACC_0355,ACC_0957,2024-06-13 00:00:00,367417.27,UPI
TXN_00469,ACC_0003,ACC_0105,2024-07-15 00:00:00,216422.3,UPI
TXN_00470,ACC_0545,ACC_0381,2025-06-11 19:00:00,239076.73,RTGS
TXN_00471,ACC_0336,ACC_0788,2026-03-06 17:00:00,459387.74,RTGS
TXN_00472,ACC_0348,ACC_0866,2026-03-05 09:00:00,297947.92,RTGS
TXN_00473,ACC_0827,ACC_0805,2025-12-14 16:00:00,125181.89,UPI
TXN_00474,ACC_0720,ACC_0683,2026-10-11 06:00:00,317466.77,RTGS
TXN_00475,ACC_0469,ACC_0695,2025-11-18 19:00:00,386507.04,UPI
TXN_00476,ACC_0292,ACC_0122,2024-11-08 12:00:00,177623.7,IMPS
TXN_00477,ACC_0638,ACC_0038,2024-09-17 22:00:00,141863.32,NEFT
TXN_00478,ACC_0098,ACC_0993,2026-10-22 16:00:00,400649.95,UPI
TXN_00479,ACC_0084,ACC_0040,2026-06-22 14:00:00,20814.4,RTGS
TXN_00480,ACC_1023,ACC_0371,2026-01-27 15:00:00,189709.54,UPI
TXN_00481,ACC_0576,ACC_1006,2026-04-18 02:00:00,6399.28,UPI
TXN_00482,ACC_0815,ACC_0614,2026-02-12 11:00:00,120820.43,NEFT
TXN_00483,ACC_0035,ACC_0634,2025-02-20 22:00:00,287982.96,NEFT
TXN_00484,ACC_0704,ACC_0758,2024-03-02 17:00:00,17896.29,NEFT
TXN_00485,ACC_0387,ACC_0578,2026-08-03 21:00:00,111551.56,IMPS
TXN_00486,ACC_0144,ACC_0627,2024-06-04 01:00:00,157765.18,NEFT
TXN_00487,ACC_0070,ACC_0605,2024-06-18 06:00:00,368504.82,IMPS
TXN_00488,ACC_0611,ACC_0526,2025-09-18 15:00:00,129603.65,IMPS
TXN_00489,ACC_0390,ACC_0333,2026-04-25 23:00:00,403726.01,RTGS
TXN_00490,ACC_0993,ACC_0871,2025-03-24 21:00:00,134328.96,RTGS
TXN_00491,ACC_0764,ACC_0762,2026-11-04 17:00:00,457600.77,NEFT
TXN_00492,ACC_0480,ACC_0474,2025-02-23 01:00:00,88730.46,UPI
TXN_00493,ACC_0426,ACC_0185,2024-04-23 15:00:00,464751.35,NEFT
TXN_00494,ACC_0127,ACC_0023,2025-06-23 05:00:00,107106.24,IMPS
TXN_00495,ACC_0171,ACC_0129,2026-03-29 12:00:00,354715.19,IMPS
TXN_00496,ACC_0814,ACC_0410,2026-07-14 05:00:00,173573.19,RTGS
TXN_00497,ACC_0218,ACC_0348,2026-06-02 01:00:00,319381.01,RTGS
TXN_00498,ACC_0167,ACC_0809,2025-10-02 14:00:00,256269.73,UPI
TXN_00499,ACC_0596,ACC_0854,2024-10-21 14:00:00,437163.08,NEFT
TXN_00500,ACC_0932,ACC_0175,2025-01-14 03:00:00,42820.08,NEFT
TXN_00501,ACC_0139,ACC_0577,2026-04-10 01:00:00,241732.29,UPI
TXN_00502,ACC_0129,ACC_0825,2026-04-22 09:00:00,372208.79,RTGS
TXN_00503,ACC_0814,ACC_0124,2026-07-04 07:00:00,363573.52,IMPS
TXN_00504,ACC_0720,ACC_0479,2026-03-24 11:00:00,402763.9,NEFT
TXN_00505,ACC_0042,ACC_0794,2026-07-12 10:00:00,43177.64,RTGS
TXN_00506,ACC_0433,ACC_0387,2025-01-29 18:00:00,445173.82,UPI
TXN_00507,ACC_0497,ACC_0819,2025-12-20 02:00:00,368687.23,RTGS
TXN_00508,ACC_0725,ACC_0791,2026-05-25 23:00:00,122191.09,RTGS
TXN_00509,ACC_0850,ACC_0559,2026-02-16 17:00:00,120119.82,RTGS
TXN_00510,ACC_0963,ACC_1025,2024-07-27 12:00:00,43443.47,UPI
TXN_00511,ACC_0498,ACC_0246,2024-01-22 07:00:00,103759.83,NEFT
TXN_00512,ACC_0009,ACC_0755,2025-01-11 01:00:00,155424.76,RTGS
TXN_00513,ACC_0311,ACC_0120,2026-06-15 04:00:00,496222.46,RTGS
TXN_00514,ACC_0554,ACC_1003,2024-12-09 00:00:00,482509.9,IMPS
TXN_00515,ACC_0322,ACC_0333,2024-09-11 02:00:00,267173.61,IMPS
TXN_00516,ACC_0034,ACC_0647,2025-11-29 16:00:00,84308.8,UPI
TXN_00517,ACC_0355,ACC_0504,2026-04-26 08:00:00,22723.85,IMPS
TXN_00518,ACC_0612,ACC_0857,2025-08-05 03:00:00,77309.15,IMPS
TXN_00519,ACC_0945,ACC_0261,2026-03-22 19:00:00,39976.18,UPI
TXN_00520,ACC_0087,ACC_0113,2026-09-23 15:00:00,105692.76,IMPS
TXN_00521,ACC_0944,ACC_0975,2026-08-02 07:00:00,197737.16,NEFT
TXN_00522,ACC_0385,ACC_0475,2025-10-11 09:00:00,147992.12,UPI
TXN_00523,ACC_0779,ACC_0832,2026-04-24 17:00:00,404987.75,IMPS
TXN_00524,ACC_0063,ACC_0088,2025-08-12 03:00:00,16824.22,UPI
TXN_00525,ACC_0150,ACC_0958,2024-07-20 12:00:00,234227.19,NEFT
TXN_00526,ACC_0538,ACC_0326,2026-04-10 13:00:00,89871.52,UPI
TXN_00527,ACC_0130,ACC_0589,2026-10-28 10:00:00,145449.27,UPI
TXN_00528,ACC_0458,ACC_0308,2025-09-26 10:00:00,367807.52,NEFT
TXN_00529,ACC_0979,ACC_0854,2026-10-15 21:00:00,29715.49,UPI
TXN_00530,ACC_0432,ACC_0862,2024-09-05 06:00:00,118556.33,RTGS
TXN_00531,ACC_0435,ACC_0903,2025-12-02 07:00:00,425845.64,UPI
TXN_00532,ACC_0397,ACC_0343,2025-07-10 06:00:00,304653.82,NEFT
TXN_00533,ACC_0278,ACC_0518,2025-05-13 12:00:00,303343.78,NEFT
TXN_00534,ACC_0649,ACC_0003,2024-09-24 22:00:00,314009.9,UPI
TXN_00535,ACC_0696,ACC_0552,2025-11-04 14:00:00,267109.18,IMPS
TXN_00536,ACC_0703,ACC_0880,2024-07-22 23:00:00,424885.37,UPI
TXN_00537,ACC_0082,ACC_0320,2025-04-08 02:00:00,411684.96,IMPS
TXN_00538,ACC_0518,ACC_0805,2026-01-08 21:00:00,57149.75,RTGS
TXN_00539,ACC_0034,ACC_0957,2025-03-05 19:00:00,156686.08,RTGS
TXN_00540,ACC_0157,ACC_0842,2024-10-02 08:00:00,8334.28,IMPS
TXN_00541,ACC_0179,ACC_0663,2024-01-24 09:00:00,101927.97,UPI
TXN_00542,ACC_0051,ACC_0684,2024-07-24 16:00:00,426264.32,UPI
TXN_00543,ACC_0629,ACC_0665,2024-09-08 10:00:00,432631.25,RTGS
TXN_00544,ACC_0870,ACC_0998,2026-07-07 03:00:00,201921.73,RTGS
TXN_00545,ACC_0841,ACC_0040,2026-04-19 13:00:00,343471.74,UPI
TXN_00546,ACC_0710,ACC_0050,2024-07-25 15:00:00,318510.33,RTGS
TXN_00547,ACC_0094,ACC_0992,2025-06-04 10:00:00,74928.8,NEFT
TXN_00548,ACC_0311,ACC_0721,2026-02-23 14:00:00,180930.42,NEFT
TXN_00549,ACC_0041,ACC_0942,2024-06-13 13:00:00,66516.8,IMPS
TXN_00550,ACC_0815,ACC_0168,2024-04-18 03:00:00,117502.46,RTGS
TXN_00551,ACC_0597,ACC_0265,2024-04-19 01:00:00,71034.65,RTGS
TXN_00552,ACC_0859,ACC_0092,2026-05-01 03:00:00,48062.08,UPI
TXN_00553,ACC_0426,ACC_0178,2024-08-03 05:00:00,223046.7,UPI
TXN_00554,ACC_0996,ACC_1024,2026-04-07 04:00:00,402453.82,UPI
TXN_00555,ACC_0428,ACC_0179,2026-01-09 23:00:00,477759.84,NEFT
TXN_00556,ACC_0398,ACC_0225,2026-04-22 13:00:00,286199.31,NEFT
TXN_00557,ACC_0357,ACC_0009,2024-06-29 00:00:00,288591.95,IMPS
TXN_00558,ACC_0747,ACC_0371,2026-10-12 09:00:00,268231.3,NEFT
TXN_00559,ACC_0849,ACC_0618,2024-09-18 13:00:00,353520.56,UPI
TXN_00560,ACC_0799,ACC_0539,2025-04-13 00:00:00,426893.45,UPI
TXN_00561,ACC_0797,ACC_0938,2024-10-06 15:00:00,20888.04,NEFT
TXN_00562,ACC_0117,ACC_0732,2025-07-22 08:00:00,48353.67,NEFT
TXN_00563,ACC_0953,ACC_1026,2025-05-10 11:00:00,71408.21,RTGS
TXN_00564,ACC_0866,ACC_0521,2024-10-13 06:00:00,318728.77,RTGS
TXN_00565,ACC_0211,ACC_0193,2025-12-01 22:00:00,488768.69,RTGS
TXN_00566,ACC_0431,ACC_0882,2024-01-02 01:00:00,393125.7,NEFT
TXN_00567,ACC_0814,ACC_0367,2026-04-26 11:00:00,193707.58,IMPS
TXN_00568,ACC_0204,ACC_0153,2026-02-13 08:00:00,73617.16,UPI
TXN_00569,ACC_0359,ACC_0973,2025-09-01 07:00:00,128393.28,RTGS
TXN_00570,ACC_0535,ACC_1034,2026-05-26 01:00:00,375200.75,RTGS
TXN_00571,ACC_0540,ACC_0488,2024-05-23 03:00:00,335229.62,IMPS
TXN_00572,ACC_0664,ACC_0050,2024-05-14 10:00:00,51438.05,RTGS
TXN_00573,ACC_0542,ACC_0929,2024-11-11 17:00:00,110270.45,IMPS
TXN_00574,ACC_0141,ACC_0270,2025-09-28 22:00:00,392045.98,RTGS
TXN_00575,ACC_0687,ACC_0819,2026-03-21 04:00:00,455458.84,NEFT
TXN_00576,ACC_0480,ACC_0283,2024-03-07 03:00:00,119153.4,IMPS
TXN_00577,ACC_0668,ACC_0269,2024-09-30 07:00:00,240672.82,IMPS
TXN_00578,ACC_0161,ACC_0128,2024-07-13 08:00:00,103213.24,RTGS
TXN_00579,ACC_0340,ACC_0170,2026-06-20 03:00:00,277364.72,NEFT
TXN_00580,ACC_0838,ACC_0690,2026-01-27 19:00:00,293815.96,IMPS
TXN_00581,ACC_0210,ACC_0918,2025-08-27 01:00:00,177020.45,IMPS
TXN_00582,ACC_1037,ACC_0440,2024-09-04 23:00:00,201693.84,RTGS
TXN_00583,ACC_0986,ACC_0072,2025-01-31 08:00:00,330963.52,IMPS
TXN_00584,ACC_0577,ACC_0089,2024-01-09 18:00:00,188784.29,RTGS
TXN_00585,ACC_0805,ACC_0782,2026-07-15 13:00:00,202855.75,IMPS
TXN_00586,ACC_0885,ACC_1004,2024-08-11 16:00:00,12875.66,UPI
TXN_00587,ACC_0262,ACC_0859,2024-02-04 23:00:00,64841.29,IMPS
TXN_00588,ACC_0414,ACC_0557,2026-10-29 04:00:00,443894.05,NEFT
TXN_00589,ACC_0554,ACC_0994,2026-03-15 06:00:00,42313.19,IMPS
TXN_00590,ACC_0297,ACC_0829,2025-10-22 11:00:00,458284.01,NEFT
TXN_00591,ACC_0026,ACC_0960,2025-11-18 04:00:00,65227.58,RTGS
TXN_00592,ACC_0532,ACC_0538,2026-11-03 03:00:00,227405.94,IMPS
TXN_00593,ACC_0221,ACC_0497,2026-03-21 01:00:00,7832.8,NEFT
TXN_00594,ACC_0849,ACC_0109,2024-05-13 16:00:00,324390.43,NEFT
TXN_00595,ACC_0650,ACC_0183,2026-07-07 20:00:00,395681.56,RTGS
TXN_00596,ACC_0475,ACC_0034,2026-10-07 06:00:00,215103.32,IMPS
TXN_00597,ACC_0961,ACC_0331,2026-05-09 10:00:00,52141.94,IMPS
TXN_00598,ACC_0025,ACC_0558,2025-04-30 10:00:00,77246.49,NEFT
TXN_00599,ACC_0553,ACC_0705,2024-04-21 23:00:00,346122.52,IMPS
TXN_00600,ACC_0003,ACC_0151,2024-06-23 10:00:00,236731.6,RTGS
TXN_00601,ACC_0698,ACC_0249,2025-04-12 02:00:00,403282.22,IMPS
TXN_00602,ACC_0693,ACC_0602,2025-11-05 10:00:00,19619.62,NEFT
TXN_00603,ACC_0709,ACC_1029,2026-02-26 17:00:00,373092.28,NEFT
TXN_00604,ACC_0799,ACC_0360,2026-04-28 03:00:00,230729.77,UPI
TXN_00605,ACC_0861,ACC_0959,2026-03-16 19:00:00,272719.1,IMPS
TXN_00606,ACC_0288,ACC_0136,2026-03-04 23:00:00,137274.58,RTGS
TXN_00607,ACC_0878,ACC_0467,2024-09-07 21:00:00,86007.7,NEFT
TXN_00608,ACC_0157,ACC_0120,2024-07-22 22:00:00,34244.67,IMPS
TXN_00609,ACC_0653,ACC_0470,2025-06-11 11:00:00,31107.75,IMPS
TXN_00610,ACC_0085,ACC_0811,2025-11-11 16:00:00,375861.58,IMPS
TXN_00611,ACC_0970,ACC_0162,2025-10-02 14:00:00,402850.04,RTGS
TXN_00612,ACC_0488,ACC_0764,2024-06-14 01:00:00,346970.92,NEFT
TXN_00613,ACC_1035,ACC_0706,2026-01-31 11:00:00,121113.73,NEFT
TXN_00614,ACC_0204,ACC_0330,2026-02-05 15:00:00,151091.75,RTGS
TXN_00615,ACC_0658,ACC_0247,2026-01-26 18:00:00,412803.12,UPI
TXN_00616,ACC_0346,ACC_0681,2025-07-16 21:00:00,476856.09,RTGS
TXN_00617,ACC_0184,ACC_0260,2026-03-29 23:00:00,361350.56,UPI
TXN_00618,ACC_0322,ACC_0630,2026-10-29 09:00:00,172653.78,UPI
TXN_00619,ACC_0006,ACC_0963,2025-10-06 14:00:00,392487.01,UPI
TXN_00620,ACC_0995,ACC_0709,2024-12-04 19:00:00,170629.66,NEFT
TXN_00621,ACC_0334,ACC_0798,2025-05-23 10:00:00,168104.19,NEFT
TXN_00622,ACC_0421,ACC_0087,2024-11-08 15:00:00,365784.73,RTGS
TXN_00623,ACC_0827,ACC_0289,2026-08-19 15:00:00,143253.52,UPI
TXN_00624,ACC_0957,ACC_0632,2024-08-19 00:00:00,374418.0,RTGS
TXN_00625,ACC_0337,ACC_0144,2024-01-27 08:00:00,395084.36,RTGS
TXN_00626,ACC_0462,ACC_0628,2024-05-24 17:00:00,261890.19,IMPS
TXN_00627,ACC_0958,ACC_0788,2024-12-15 10:00:00,126731.76,NEFT
TXN_00628,ACC_0250,ACC_1013,2025-12-07 12:00:00,170375.45,NEFT
TXN_00629,ACC_0172,ACC_0351,2026-03-02 05:00:00,413620.17,IMPS
TXN_00630,ACC_0193,ACC_0907,2025-06-18 13:00:00,452014.07,NEFT
TXN_00631,ACC_0359,ACC_0647,2025-06-07 11:00:00,327682.28,UPI
TXN_00632,ACC_0842,ACC_0479,2024-06-29 09:00:00,270663.18,UPI
TXN_00633,ACC_0384,ACC_0903,2026-01-18 07:00:00,349500.38,UPI
TXN_00634,ACC_0660,ACC_1040,2025-06-15 22:00:00,53052.79,UPI
TXN_00635,ACC_0283,ACC_0788,2025-04-22 21:00:00,66811.8,UPI
TXN_00636,ACC_0711,ACC_0519,2026-06-06 12:00:00,200775.83,NEFT
TXN_00637,ACC_0481,ACC_0927,2026-04-29 16:00:00,115147.17,NEFT
TXN_00638,ACC_0026,ACC_0836,2024-03-11 08:00:00,16125.44,UPI
TXN_00639,ACC_0847,ACC_0225,2024-12-30 23:00:00,146964.31,IMPS
TXN_00640,ACC_0790,ACC_0686,2026-08-25 15:00:00,296955.88,NEFT
TXN_00641,ACC_1021,ACC_0942,2025-09-08 17:00:00,63026.67,UPI
TXN_00642,ACC_0412,ACC_0732,2025-07-02 07:00:00,137451.13,RTGS
TXN_00643,ACC_0681,ACC_0718,2024-02-13 10:00:00,248585.29,NEFT
TXN_00644,ACC_0857,ACC_0689,2024-09-29 13:00:00,303255.11,IMPS
TXN_00645,ACC_1015,ACC_0520,2026-06-27 12:00:00,282688.7,UPI
TXN_00646,ACC_0030,ACC_0699,2026-09-20 03:00:00,319716.33,UPI
TXN_00647,ACC_0182,ACC_0377,2025-03-24 07:00:00,23423.3,IMPS
TXN_00648,ACC_0920,ACC_0990,2025-07-20 11:00:00,274763.92,NEFT
TXN_00649,ACC_0010,ACC_0108,2024-03-18 18:00:00,345184.0,RTGS
TXN_00650,ACC_0364,ACC_0615,2024-03-02 06:00:00,455623.8,RTGS
TXN_00651,ACC_0479,ACC_0804,2025-03-01 14:00:00,290542.07,NEFT
TXN_00652,ACC_0166,ACC_0865,2024-09-13 18:00:00,52293.9,IMPS
TXN_00653,ACC_0063,ACC_0513,2024-09-03 07:00:00,488122.31,UPI
TXN_00654,ACC_0949,ACC_0109,2024-03-15 04:00:00,275354.87,NEFT
TXN_00655,ACC_0198,ACC_0423,2024-03-29 11:00:00,296880.91,IMPS
TXN_00656,ACC_0696,ACC_0090,2025-09-27 15:00:00,363769.43,IMPS
TXN_00657,ACC_0795,ACC_0830,2026-05-27 23:00:00,222123.07,RTGS
TXN_00658,ACC_0828,ACC_0309,2024-07-27 03:00:00,449938.76,IMPS
TXN_00659,ACC_0339,ACC_0897,2024-05-09 04:00:00,372099.14,NEFT
TXN_00660,ACC_0336,ACC_0439,2026-09-09 16:00:00,428732.2,RTGS
TXN_00661,ACC_0674,ACC_0906,2024-12-03 08:00:00,236408.18,RTGS
TXN_00662,ACC_0229,ACC_0378,2024-02-09 04:00:00,380356.02,RTGS
TXN_00663,ACC_0618,ACC_0545,2024-03-06 21:00:00,62046.63,UPI
TXN_00664,ACC_0685,ACC_0374,2025-01-20 17:00:00,429143.52,NEFT
TXN_00665,ACC_0251,ACC_0300,2025-01-17 23:00:00,483976.96,RTGS
TXN_00666,ACC_0023,ACC_0311,2024-06-07 03:00:00,422841.15,NEFT
TXN_00667,ACC_0470,ACC_0550,2025-10-12 22:00:00,483891.27,IMPS
TXN_00668,ACC_0620,ACC_0810,2024-05-11 19:00:00,180627.13,UPI
TXN_00669,ACC_0805,ACC_0634,2024-09-01 21:00:00,82608.33,UPI
TXN_00670,ACC_0877,ACC_0459,2024-01-17 19:00:00,264277.28,NEFT
TXN_00671,ACC_0819,ACC_0762,2024-04-01 12:00:00,332236.62,RTGS
TXN_00672,ACC_0987,ACC_0721,2026-09-13 23:00:00,457985.62,IMPS
TXN_00673,ACC_0340,ACC_0257,2025-07-11 17:00:00,142176.53,UPI
TXN_00674,ACC_0543,ACC_0258,2025-08-29 21:00:00,360537.96,RTGS
TXN_00675,ACC_0053,ACC_0366,2026-01-08 01:00:00,439636.9,IMPS
TXN_00676,ACC_0107,ACC_0598,2025-04-27 23:00:00,418280.44,RTGS
TXN_00677,ACC_0255,ACC_0087,2024-02-18 01:00:00,294856.97,IMPS
TXN_00678,ACC_0836,ACC_1022,2024-07-07 04:00:00,468507.94,IMPS
TXN_00679,ACC_1030,ACC_0220,2026-06-13 19:00:00,73387.13,NEFT
TXN_00680,ACC_0862,ACC_0520,2025-01-23 14:00:00,394820.8,UPI
TXN_00681,ACC_0353,ACC_0708,2025-01-11 18:00:00,360088.27,UPI
TXN_00682,ACC_0684,ACC_0581,2024-11-28 17:00:00,194429.21,IMPS
TXN_00683,ACC_0188,ACC_0440,2026-02-18 02:00:00,177701.34,NEFT
TXN_00684,ACC_0069,ACC_0226,2024-06-22 02:00:00,473244.61,IMPS
TXN_00685,ACC_0711,ACC_0042,2024-04-25 12:00:00,282618.51,RTGS
TXN_00686,ACC_0298,ACC_0844,2025-04-13 03:00:00,421982.02,IMPS
TXN_00687,ACC_1009,ACC_0424,2025-11-06 19:00:00,198980.99,IMPS
TXN_00688,ACC_0542,ACC_0204,2026-04-04 03:00:00,447840.28,RTGS
TXN_00689,ACC_0777,ACC_0731,2026-05-23 01:00:00,285496.59,NEFT
TXN_00690,ACC_0077,ACC_0394,2024-06-07 15:00:00,375126.64,IMPS
TXN_00691,ACC_0037,ACC_0649,2024-06-02 08:00:00,91948.78,IMPS
TXN_00692,ACC_0782,ACC_0291,2024-01-07 02:00:00,66707.55,IMPS
TXN_00693,ACC_0347,ACC_0103,2025-11-07 14:00:00,10419.08,UPI
TXN_00694,ACC_0771,ACC_0230,2024-09-28 14:00:00,334509.79,IMPS
TXN_00695,ACC_0221,ACC_0906,2024-08-17 06:00:00,116031.27,UPI
TXN_00696,ACC_1007,ACC_0009,2024-04-18 07:00:00,216082.25,UPI
TXN_00697,ACC_0100,ACC_0910,2024-09-02 03:00:00,492093.56,UPI
TXN_00698,ACC_0300,ACC_1039,2024-06-29 23:00:00,498652.49,RTGS
TXN_00699,ACC_0029,ACC_0281,2025-03-18 09:00:00,496830.81,IMPS
TXN_00700,ACC_0698,ACC_0984,2025-10-29 07:00:00,264762.72,UPI
TXN_00701,ACC_0809,ACC_0032,2024-09-17 01:00:00,468809.24,IMPS
TXN_00702,ACC_0566,ACC_0961,2026-09-26 12:00:00,254904.07,IMPS
TXN_00703,ACC_0956,ACC_0443,2025-10-26 13:00:00,246698.04,UPI
TXN_00704,ACC_0190,ACC_0105,2025-10-04 16:00:00,215302.77,IMPS
TXN_00705,ACC_0223,ACC_0125,2024-01-31 23:00:00,272693.87,UPI
TXN_00706,ACC_0232,ACC_0921,2025-07-20 22:00:00,383121.02,RTGS
TXN_00707,ACC_0254,ACC_0630,2026-10-07 21:00:00,337818.29,UPI
TXN_00708,ACC_0694,ACC_1000,2025-03-24 23:00:00,86938.08,RTGS
TXN_00709,ACC_0964,ACC_0136,2025-03-20 08:00:00,484981.58,NEFT
TXN_00710,ACC_0240,ACC_0993,2024-09-04 07:00:00,240962.78,RTGS
TXN_00711,ACC_0507,ACC_0014,2024-02-19 15:00:00,210004.9,IMPS
TXN_00712,ACC_0747,ACC_0247,2025-01-21 11:00:00,288167.63,IMPS
TXN_00713,ACC_0915,ACC_0682,2024-11-21 04:00:00,232401.83,IMPS
TXN_00714,ACC_0234,ACC_0834,2024-10-04 07:00:00,209740.5,NEFT
TXN_00715,ACC_0634,ACC_0777,2024-01-17 13:00:00,350140.28,UPI
TXN_00716,ACC_0750,ACC_0596,2024-08-10 17:00:00,219556.61,RTGS
TXN_00717,ACC_0168,ACC_0085,2025-12-13 22:00:00,36511.1,RTGS
TXN_00718,ACC_0311,ACC_0306,2026-03-20 04:00:00,442504.92,UPI
TXN_00719,ACC_0552,ACC_0463,2026-01-27 09:00:00,245617.86,RTGS
TXN_00720,ACC_0407,ACC_0085,2025-04-09 02:00:00,164144.42,IMPS
TXN_00721,ACC_0045,ACC_0813,2026-05-28 23:00:00,198187.21,UPI
TXN_00722,ACC_0675,ACC_0851,2026-09-07 17:00:00,248020.52,IMPS
TXN_00723,ACC_0961,ACC_0197,2024-04-28 03:00:00,192020.54,IMPS
TXN_00724,ACC_0120,ACC_0395,2025-05-30 14:00:00,141788.42,RTGS
TXN_00725,ACC_0786,ACC_0275,2025-02-13 14:00:00,405701.53,RTGS
TXN_00726,ACC_0992,ACC_0858,2024-08-16 22:00:00,242376.53,UPI
TXN_00727,ACC_0669,ACC_0230,2025-06-17 18:00:00,412251.7,IMPS
TXN_00728,ACC_0618,ACC_0349,2026-08-21 10:00:00,269781.03,UPI
TXN_00729,ACC_0404,ACC_0566,2025-04-06 08:00:00,134130.53,UPI
TXN_00730,ACC_0375,ACC_0835,2024-03-16 07:00:00,88568.09,NEFT
TXN_00731,ACC_0097,ACC_0998,2024-05-11 15:00:00,390889.82,IMPS
TXN_00732,ACC_0365,ACC_0072,2024-04-06 14:00:00,140799.41,UPI
TXN_00733,ACC_0619,ACC_0045,2026-07-29 18:00:00,188554.34,UPI
TXN_00734,ACC_0693,ACC_0301,2025-08-20 17:00:00,27626.81,RTGS
TXN_00735,ACC_0185,ACC_0768,2025-08-25 07:00:00,341343.69,IMPS
TXN_00736,ACC_0924,ACC_0640,2025-01-09 03:00:00,382530.48,RTGS
TXN_00737,ACC_0235,ACC_0814,2025-07-24 05:00:00,492563.5,UPI
TXN_00738,ACC_0413,ACC_0813,2026-03-21 06:00:00,352117.57,UPI
TXN_00739,ACC_0658,ACC_0124,2026-04-22 09:00:00,163887.29,IMPS
TXN_00740,ACC_0662,ACC_0223,2024-08-29 04:00:00,375485.57,IMPS
TXN_00741,ACC_0003,ACC_0145,2026-01-22 14:00:00,389123.24,RTGS
TXN_00742,ACC_0567,ACC_0472,2025-01-19 05:00:00,464552.92,NEFT
TXN_00743,ACC_0497,ACC_0379,2026-05-17 15:00:00,482541.2,UPI
TXN_00744,ACC_0033,ACC_0011,2026-04-16 20:00:00,455895.63,RTGS
TXN_00745,ACC_0405,ACC_0211,2025-04-05 10:00:00,293983.88,RTGS
TXN_00746,ACC_0337,ACC_0080,2025-09-14 22:00:00,307895.62,UPI
TXN_00747,ACC_0397,ACC_0191,2024-11-03 19:00:00,313995.3,RTGS
TXN_00748,ACC_0318,ACC_0055,2025-10-21 19:00:00,205575.05,UPI
TXN_00749,ACC_0345,ACC_0702,2026-05-28 21:00:00,83188.26,IMPS
TXN_00750,ACC_0006,ACC_0585,2026-02-14 04:00:00,221576.15,IMPS
TXN_00751,ACC_0423,ACC_0406,2025-08-31 06:00:00,157292.65,UPI
TXN_00752,ACC_0870,ACC_0623,2025-10-24 19:00:00,462559.86,RTGS
TXN_00753,ACC_0985,ACC_0492,2025-09-09 23:00:00,31330.56,NEFT
TXN_00754,ACC_0220,ACC_0644,2025-10-28 20:00:00,420529.7,IMPS
TXN_00755,ACC_0320,ACC_0238,2026-09-05 17:00:00,53096.1,UPI
TXN_00756,ACC_0423,ACC_0189,2024-06-29 00:00:00,268322.24,RTGS
TXN_00757,ACC_0914,ACC_0600,2024-05-26 16:00:00,129465.23,UPI
TXN_00758,ACC_0927,ACC_0300,2025-05-10 13:00:00,384211.26,RTGS
TXN_00759,ACC_0208,ACC_0747,2026-03-23 18:00:00,444998.25,NEFT
TXN_00760,ACC_0499,ACC_0404,2024-11-18 21:00:00,89902.91,NEFT
TXN_00761,ACC_0828,ACC_0361,2024-05-24 04:00:00,124557.93,RTGS
TXN_00762,ACC_0416,ACC_0192,2024-01-06 09:00:00,59652.77,NEFT
TXN_00763,ACC_0508,ACC_0727,2025-11-18 20:00:00,78352.78,NEFT
TXN_00764,ACC_0424,ACC_0773,2025-12-02 13:00:00,289811.0,UPI
TXN_00765,ACC_0997,ACC_0133,2026-07-23 01:00:00,307904.54,RTGS
TXN_00766,ACC_0332,ACC_0136,2026-07-19 23:00:00,427229.57,IMPS
TXN_00767,ACC_0996,ACC_0948,2024-03-20 22:00:00,254116.83,IMPS
TXN_00768,ACC_0891,ACC_0828,2026-08-13 05:00:00,454602.43,UPI
TXN_00769,ACC_0424,ACC_0895,2026-06-27 18:00:00,475071.34,IMPS
TXN_00770,ACC_0934,ACC_0159,2024-06-11 23:00:00,17500.54,UPI
TXN_00771,ACC_0033,ACC_0729,2024-06-16 20:00:00,377127.15,IMPS
TXN_00772,ACC_0876,ACC_1001,2025-12-03 18:00:00,202292.07,NEFT
TXN_00773,ACC_0050,ACC_0210,2025-10-27 00:00:00,203765.03,NEFT
TXN_00774,ACC_0149,ACC_0467,2026-08-04 09:00:00,88331.49,NEFT
TXN_00775,ACC_0753,ACC_0093,2024-12-09 07:00:00,292951.64,RTGS
TXN_00776,ACC_0199,ACC_0418,2026-04-11 15:00:00,160941.01,RTGS
TXN_00777,ACC_0205,ACC_0770,2026-09-12 02:00:00,351925.85,IMPS
TXN_00778,ACC_0022,ACC_0202,2026-03-07 18:00:00,233480.95,NEFT
TXN_00779,ACC_0156,ACC_0342,2024-01-28 19:00:00,180425.46,RTGS
TXN_00780,ACC_0714,ACC_1008,2024-10-04 00:00:00,227791.07,IMPS
TXN_00781,ACC_0486,ACC_0901,2024-06-26 22:00:00,144501.51,NEFT
TXN_00782,ACC_0006,ACC_0319,2026-06-14 12:00:00,327403.61,NEFT
TXN_00783,ACC_0155,ACC_0320,2024-10-29 05:00:00,350992.67,RTGS
TXN_00784,ACC_0997,ACC_0965,2025-07-29 23:00:00,322138.44,RTGS
TXN_00785,ACC_0752,ACC_0964,2025-09-19 18:00:00,261957.9,UPI
TXN_00786,ACC_0362,ACC_0178,2025-03-24 03:00:00,46723.27,IMPS
TXN_00787,ACC_0388,ACC_0878,2026-05-19 13:00:00,156446.47,UPI
TXN_00788,ACC_0667,ACC_0685,2026-09-03 02:00:00,20972.88,RTGS
TXN_00789,ACC_0374,ACC_0116,2026-01-25 03:00:00,484600.2,NEFT
TXN_00790,ACC_0094,ACC_0048,2024-02-29 17:00:00,352089.5,IMPS
TXN_00791,ACC_0864,ACC_0471,2026-10-09 04:00:00,303458.16,NEFT
TXN_00792,ACC_0140,ACC_0795,2025-04-12 07:00:00,380724.7,NEFT
TXN_00793,ACC_0377,ACC_0216,2026-03-17 02:00:00,53331.45,UPI
TXN_00794,ACC_0048,ACC_1039,2026-10-19 04:00:00,31526.21,IMPS
TXN_00795,ACC_0088,ACC_0361,2025-03-26 17:00:00,400660.63,RTGS
TXN_00796,ACC_0960,ACC_1005,2025-10-07 11:00:00,374232.19,IMPS
TXN_00797,ACC_0447,ACC_0779,2024-01-17 06:00:00,297245.26,NEFT
TXN_00798,ACC_0238,ACC_0907,2024-06-03 09:00:00,163506.33,IMPS
TXN_00799,ACC_0688,ACC_1032,2026-08-12 03:00:00,412562.06,UPI
TXN_00800,ACC_0488,ACC_0574,2025-10-27 02:00:00,173533.11,NEFT
TXN_00801,ACC_0344,ACC_0236,2024-04-16 15:00:00,124133.86,IMPS
TXN_00802,ACC_0832,ACC_0664,2026-07-03 02:00:00,52654.14,NEFT
TXN_00803,ACC_0789,ACC_0213,2024-07-30 02:00:00,302314.22,RTGS
TXN_00804,ACC_0957,ACC_0001,2024-06-05 00:00:00,453633.99,UPI
TXN_00805,ACC_0407,ACC_0246,2025-10-25 15:00:00,34108.41,IMPS
TXN_00806,ACC_0532,ACC_0511,2024-02-25 21:00:00,238745.41,NEFT
TXN_00807,ACC_0700,ACC_0051,2025-11-22 10:00:00,160262.49,UPI
TXN_00808,ACC_0499,ACC_0091,2024-02-27 21:00:00,284133.26,UPI
TXN_00809,ACC_0715,ACC_0338,2026-07-05 10:00:00,239304.76,UPI
TXN_00810,ACC_0296,ACC_0866,2025-12-15 09:00:00,135621.44,IMPS
TXN_00811,ACC_0910,ACC_0939,2024-12-21 15:00:00,191932.76,RTGS
TXN_00812,ACC_0860,ACC_0813,2025-09-27 16:00:00,242281.51,NEFT
TXN_00813,ACC_0185,ACC_0700,2025-01-23 19:00:00,16288.52,RTGS
TXN_00814,ACC_0695,ACC_0416,2026-07-23 13:00:00,357562.28,RTGS
TXN_00815,ACC_0288,ACC_1029,2024-01-30 13:00:00,18451.74,RTGS
TXN_00816,ACC_0657,ACC_0667,2026-08-19 14:00:00,136493.68,RTGS
TXN_00817,ACC_0638,ACC_0109,2026-11-05 01:00:00,187497.65,RTGS
TXN_00818,ACC_0378,ACC_0507,2025-04-13 15:00:00,123790.54,IMPS
TXN_00819,ACC_0490,ACC_0199,2025-11-17 05:00:00,422935.91,IMPS
TXN_00820,ACC_0590,ACC_0228,2024-07-18 09:00:00,50718.41,NEFT
TXN_00821,ACC_0438,ACC_0858,2026-07-24 15:00:00,48394.87,RTGS
TXN_00822,ACC_0514,ACC_0145,2026-04-12 05:00:00,112423.54,IMPS
TXN_00823,ACC_0768,ACC_0505,2024-01-26 18:00:00,207793.32,UPI
TXN_00824,ACC_0944,ACC_0852,2024-01-20 22:00:00,58021.51,UPI
TXN_00825,ACC_0888,ACC_0747,2024-03-04 04:00:00,272156.99,UPI
TXN_00826,ACC_0715,ACC_0707,2026-04-14 00:00:00,2405.28,RTGS
TXN_00827,ACC_0049,ACC_0281,2025-08-05 02:00:00,257212.72,UPI
TXN_00828,ACC_0384,ACC_0661,2026-09-12 00:00:00,447752.83,UPI
TXN_00829,ACC_0113,ACC_0397,2024-12-18 21:00:00,178510.66,IMPS
TXN_00830,ACC_0721,ACC_0061,2026-03-28 14:00:00,19715.72,RTGS
TXN_00831,ACC_0462,ACC_0237,2026-06-19 18:00:00,41527.66,RTGS
TXN_00832,ACC_0090,ACC_0958,2025-09-26 19:00:00,129378.38,UPI
TXN_00833,ACC_0795,ACC_0402,2026-05-01 15:00:00,220482.61,UPI
TXN_00834,ACC_0368,ACC_0146,2024-12-30 12:00:00,25675.92,NEFT
TXN_00835,ACC_0435,ACC_0378,2024-12-31 20:00:00,294132.13,RTGS
TXN_00836,ACC_0480,ACC_1040,2024-11-20 07:00:00,342735.04,RTGS
TXN_00837,ACC_0776,ACC_0826,2026-01-25 09:00:00,11864.07,NEFT
TXN_00838,ACC_1010,ACC_0735,2025-10-08 16:00:00,434178.71,RTGS
TXN_00839,ACC_0579,ACC_0665,2024-02-27 12:00:00,359881.87,RTGS
TXN_00840,ACC_0244,ACC_0069,2025-03-17 16:00:00,469946.82,UPI
TXN_00841,ACC_0719,ACC_0648,2024-07-11 10:00:00,261085.05,UPI
TXN_00842,ACC_0311,ACC_0046,2025-05-04 14:00:00,180677.68,NEFT
TXN_00843,ACC_0728,ACC_0143,2024-07-17 20:00:00,425651.1,NEFT
TXN_00844,ACC_0207,ACC_0477,2025-09-21 16:00:00,133049.46,UPI
TXN_00845,ACC_0219,ACC_0439,2025-08-30 09:00:00,473343.67,IMPS
TXN_00846,ACC_0167,ACC_0541,2025-05-24 06:00:00,493131.95,NEFT
TXN_00847,ACC_0192,ACC_0847,2024-07-27 11:00:00,400988.23,IMPS
TXN_00848,ACC_0152,ACC_0339,2025-05-30 08:00:00,418884.63,NEFT
TXN_00849,ACC_0155,ACC_0534,2025-10-06 06:00:00,421392.01,NEFT
TXN_00850,ACC_0552,ACC_0553,2025-08-01 08:00:00,337725.79,NEFT
TXN_00851,ACC_0242,ACC_1038,2025-08-06 17:00:00,34711.82,UPI
TXN_00852,ACC_0747,ACC_0585,2024-01-06 09:00:00,304191.31,UPI
TXN_00853,ACC_0906,ACC_0780,2024-03-12 16:00:00,454753.41,RTGS
TXN_00854,ACC_0435,ACC_0378,2026-08-12 15:00:00,370257.41,IMPS
TXN_00855,ACC_0521,ACC_0015,2024-04-03 02:00:00,210020.37,UPI
TXN_00856,ACC_0826,ACC_0686,2025-11-09 09:00:00,383364.95,IMPS
TXN_00857,ACC_0836,ACC_0821,2025-12-30 03:00:00,262750.78,IMPS
TXN_00858,ACC_0151,ACC_0865,2026-08-06 09:00:00,445883.72,NEFT
TXN_00859,ACC_0292,ACC_0614,2024-08-15 22:00:00,33208.57,UPI
TXN_00860,ACC_0740,ACC_0575,2026-02-02 09:00:00,363955.69,RTGS
TXN_00861,ACC_0944,ACC_0129,2024-05-14 14:00:00,188523.2,IMPS
TXN_00862,ACC_0966,ACC_0721,2025-02-20 13:00:00,497165.86,IMPS
TXN_00863,ACC_0991,ACC_0510,2025-09-20 01:00:00,124907.21,IMPS
TXN_00864,ACC_0930,ACC_0218,2024-01-08 20:00:00,77347.27,RTGS
TXN_00865,ACC_0382,ACC_0349,2026-03-21 10:00:00,49766.57,NEFT
TXN_00866,ACC_0719,ACC_0426,2024-01-07 13:00:00,294987.06,UPI
TXN_00867,ACC_0496,ACC_0880,2026-04-22 01:00:00,90670.91,IMPS
TXN_00868,ACC_0483,ACC_0495,2024-03-17 01:00:00,328211.49,UPI
TXN_00869,ACC_0255,ACC_1027,2024-12-10 02:00:00,106161.06,NEFT
TXN_00870,ACC_0819,ACC_0432,2026-01-08 21:00:00,432856.93,NEFT
TXN_00871,ACC_0353,ACC_0387,2024-03-27 20:00:00,343749.42,NEFT
TXN_00872,ACC_0331,ACC_0474,2024-07-27 20:00:00,386355.52,NEFT
TXN_00873,ACC_0049,ACC_0181,2025-03-01 18:00:00,46867.58,RTGS
TXN_00874,ACC_0944,ACC_0217,2025-12-22 18:00:00,363754.58,UPI
TXN_00875,ACC_0687,ACC_0775,2025-09-08 20:00:00,71667.37,RTGS
TXN_00876,ACC_1015,ACC_0388,2024-01-10 04:00:00,271935.54,RTGS
TXN_00877,ACC_0370,ACC_0359,2025-09-11 12:00:00,465132.24,NEFT
TXN_00878,ACC_0774,ACC_0970,2025-06-19 18:00:00,70723.08,RTGS
TXN_00879,ACC_0177,ACC_0219,2024-07-21 08:00:00,88276.5,IMPS
TXN_00880,ACC_0224,ACC_0363,2025-07-19 13:00:00,288573.69,UPI
TXN_00881,ACC_0740,ACC_0710,2024-04-19 05:00:00,174360.64,RTGS
TXN_00882,ACC_0113,ACC_0064,2024-05-14 04:00:00,234964.99,UPI
TXN_00883,ACC_0897,ACC_0887,2025-12-26 16:00:00,23755.57,RTGS
TXN_00884,ACC_0350,ACC_0914,2025-03-05 13:00:00,231776.28,UPI
TXN_00885,ACC_0337,ACC_0916,2026-07-18 22:00:00,306709.16,IMPS
TXN_00886,ACC_0268,ACC_0239,2026-05-27 17:00:00,287140.76,NEFT
TXN_00887,ACC_0886,ACC_0097,2025-10-01 09:00:00,12441.76,IMPS
TXN_00888,ACC_0641,ACC_0891,2024-02-24 15:00:00,56323.19,RTGS
TXN_00889,ACC_0930,ACC_0837,2025-01-29 14:00:00,81790.07,NEFT
TXN_00890,ACC_0748,ACC_0036,2024-08-06 15:00:00,101778.79,UPI
TXN_00891,ACC_0996,ACC_0480,2026-05-13 23:00:00,43672.65,UPI
TXN_00892,ACC_1019,ACC_0745,2025-01-19 20:00:00,384648.41,IMPS
TXN_00893,ACC_0738,ACC_0545,2025-09-26 23:00:00,12845.72,IMPS
TXN_00894,ACC_0573,ACC_0943,2025-05-16 11:00:00,435607.34,IMPS
TXN_00895,ACC_0865,ACC_0294,2025-02-19 15:00:00,309187.76,RTGS
TXN_00896,ACC_0558,ACC_0377,2024-05-17 21:00:00,472882.88,IMPS
TXN_00897,ACC_0086,ACC_0944,2026-02-20 17:00:00,182666.31,NEFT
TXN_00898,ACC_0671,ACC_0225,2024-12-05 02:00:00,230342.8,UPI
TXN_00899,ACC_0831,ACC_0989,2025-10-16 09:00:00,798.74,RTGS
TXN_00900,ACC_0649,ACC_0483,2026-10-31 23:00:00,460908.66,NEFT
TXN_00901,ACC_0678,ACC_0591,2025-09-03 13:00:00,397672.04,NEFT
TXN_00902,ACC_0524,ACC_0431,2026-02-27 20:00:00,499764.46,RTGS
TXN_00903,ACC_0293,ACC_0303,2026-10-15 21:00:00,370603.27,UPI
TXN_00904,ACC_0282,ACC_0786,2026-04-16 22:00:00,399485.99,IMPS
TXN_00905,ACC_0264,ACC_0290,2026-07-20 16:00:00,270729.72,NEFT
TXN_00906,ACC_0411,ACC_0001,2025-04-18 12:00:00,34092.33,IMPS
TXN_00907,ACC_0129,ACC_0755,2024-12-05 06:00:00,34840.89,RTGS
TXN_00908,ACC_0748,ACC_0631,2024-12-19 02:00:00,363861.69,RTGS
TXN_00909,ACC_0743,ACC_0573,2025-11-04 02:00:00,35508.84,UPI
TXN_00910,ACC_0617,ACC_0126,2024-07-25 16:00:00,345664.32,NEFT
TXN_00911,ACC_0752,ACC_0831,2025-04-24 10:00:00,428758.68,UPI
TXN_00912,ACC_0981,ACC_0941,2024-07-19 06:00:00,248018.32,NEFT
TXN_00913,ACC_0660,ACC_0675,2026-11-02 18:00:00,79872.62,NEFT
TXN_00914,ACC_0844,ACC_0096,2026-09-06 03:00:00,104631.25,UPI
TXN_00915,ACC_0299,ACC_0263,2026-02-09 07:00:00,204566.56,IMPS
TXN_00916,ACC_0007,ACC_0392,2025-09-19 02:00:00,455528.29,IMPS
TXN_00917,ACC_0797,ACC_0016,2025-02-07 01:00:00,273162.96,IMPS
TXN_00918,ACC_0802,ACC_1031,2026-08-28 13:00:00,379179.95,IMPS
TXN_00919,ACC_0218,ACC_0514,2024-03-17 10:00:00,25136.63,IMPS
TXN_00920,ACC_0884,ACC_0579,2026-09-22 11:00:00,17206.97,NEFT
TXN_00921,ACC_0837,ACC_0091,2024-02-16 11:00:00,235415.53,UPI
TXN_00922,ACC_0347,ACC_0251,2026-03-22 02:00:00,448523.57,IMPS
TXN_00923,ACC_0264,ACC_0348,2024-08-25 10:00:00,55543.69,NEFT
TXN_00924,ACC_0526,ACC_0161,2025-08-26 09:00:00,173653.12,RTGS
TXN_00925,ACC_0332,ACC_0488,2025-01-27 11:00:00,442467.82,NEFT
TXN_00926,ACC_1005,ACC_0912,2026-06-19 04:00:00,176251.0,RTGS
TXN_00927,ACC_0260,ACC_0950,2025-08-13 12:00:00,436804.92,RTGS
TXN_00928,ACC_0385,ACC_0658,2025-02-13 16:00:00,180913.23,UPI
TXN_00929,ACC_0088,ACC_0981,2024-07-27 21:00:00,257858.65,UPI
TXN_00930,ACC_0635,ACC_0213,2025-03-30 12:00:00,369138.91,IMPS
TXN_00931,ACC_0909,ACC_0247,2026-05-22 23:00:00,418139.14,NEFT
TXN_00932,ACC_0984,ACC_0775,2025-02-16 04:00:00,226985.69,IMPS
TXN_00933,ACC_0597,ACC_0462,2025-05-20 14:00:00,428597.06,RTGS
TXN_00934,ACC_0719,ACC_0601,2025-01-29 16:00:00,373101.79,RTGS
TXN_00935,ACC_0187,ACC_0063,2025-02-13 02:00:00,29817.33,UPI
TXN_00936,ACC_0328,ACC_0021,2026-04-25 06:00:00,479819.68,NEFT
TXN_00937,ACC_0082,ACC_0025,2024-04-07 21:00:00,65732.08,UPI
TXN_00938,ACC_0903,ACC_0770,2026-10-15 13:00:00,133428.36,IMPS
TXN_00939,ACC_0901,ACC_0238,2025-11-23 18:00:00,113092.62,NEFT
TXN_00940,ACC_0044,ACC_0787,2025-11-30 22:00:00,350103.96,NEFT
TXN_00941,ACC_1007,ACC_0764,2025-05-11 00:00:00,234460.81,NEFT
TXN_00942,ACC_0466,ACC_0962,2026-01-12 17:00:00,178820.29,IMPS
TXN_00943,ACC_0629,ACC_0462,2025-07-18 16:00:00,375943.64,NEFT
TXN_00944,ACC_0632,ACC_0946,2026-05-30 09:00:00,366563.39,NEFT
TXN_00945,ACC_0592,ACC_0269,2024-11-14 13:00:00,149378.83,NEFT
TXN_00946,ACC_0504,ACC_0078,2025-09-07 19:00:00,176549.23,IMPS
TXN_00947,ACC_0071,ACC_0488,2025-08-14 06:00:00,305468.59,NEFT
TXN_00948,ACC_0321,ACC_0192,2025-03-22 17:00:00,129727.12,RTGS
TXN_00949,ACC_0995,ACC_0678,2025-12-24 03:00:00,349788.77,RTGS
TXN_00950,ACC_0584,ACC_0703,2026-06-02 17:00:00,110989.79,IMPS
TXN_00951,ACC_0934,ACC_0486,2026-09-24 04:00:00,218734.18,IMPS
TXN_00952,ACC_0722,ACC_0687,2025-04-14 05:00:00,449538.39,NEFT
TXN_00953,ACC_0378,ACC_0755,2026-09-21 12:00:00,22667.97,NEFT
TXN_00954,ACC_0654,ACC_0469,2025-11-02 21:00:00,99729.64,IMPS
TXN_00955,ACC_0754,ACC_0869,2026-03-21 20:00:00,256415.01,UPI
TXN_00956,ACC_0487,ACC_0419,2024-04-05 11:00:00,301407.61,NEFT
TXN_00957,ACC_0513,ACC_0168,2025-09-22 22:00:00,336983.87,UPI
TXN_00958,ACC_0165,ACC_0343,2026-01-31 00:00:00,487211.5,IMPS
TXN_00959,ACC_0840,ACC_0192,2026-10-11 21:00:00,188006.29,IMPS
TXN_00960,ACC_0886,ACC_0596,2026-01-15 09:00:00,278976.56,UPI
TXN_00961,ACC_0098,ACC_0667,2025-01-06 21:00:00,487204.09,UPI
TXN_00962,ACC_1029,ACC_0946,2026-11-01 00:00:00,184695.2,IMPS
TXN_00963,ACC_0154,ACC_0610,2024-03-11 22:00:00,308112.93,RTGS
TXN_00964,ACC_0794,ACC_0892,2026-10-04 13:00:00,197668.77,IMPS
TXN_00965,ACC_0107,ACC_0810,2025-12-12 12:00:00,88878.05,RTGS
TXN_00966,ACC_0204,ACC_0153,2026-07-09 09:00:00,22979.17,NEFT
TXN_00967,ACC_0596,ACC_0286,2025-07-31 20:00:00,69063.84,RTGS
TXN_00968,ACC_0031,ACC_0221,2026-02-22 06:00:00,300407.66,RTGS
TXN_00969,ACC_0282,ACC_0541,2024-08-11 12:00:00,301421.96,UPI
TXN_00970,ACC_0695,ACC_0788,2026-08-24 09:00:00,470778.33,UPI
TXN_00971,ACC_0085,ACC_0029,2024-11-02 23:00:00,239316.61,IMPS
TXN_00972,ACC_0558,ACC_0678,2024-06-28 10:00:00,35404.38,UPI
TXN_00973,ACC_0873,ACC_0073,2026-01-05 00:00:00,391725.04,IMPS
TXN_00974,ACC_0372,ACC_0276,2026-03-21 14:00:00,360234.77,UPI
TXN_00975,ACC_0611,ACC_0857,2025-07-24 19:00:00,360412.24,UPI
TXN_00976,ACC_0549,ACC_0990,2024-03-19 04:00:00,396520.28,RTGS
TXN_00977,ACC_0060,ACC_0736,2024-10-23 14:00:00,10176.12,UPI
TXN_00978,ACC_0880,ACC_0716,2024-08-07 22:00:00,142524.77,NEFT
TXN_00979,ACC_0573,ACC_0742,2025-05-11 03:00:00,91275.5,RTGS
TXN_00980,ACC_1020,ACC_0578,2024-01-21 04:00:00,242042.71,UPI
TXN_00981,ACC_0642,ACC_0690,2026-06-14 01:00:00,127893.11,NEFT
TXN_00982,ACC_0234,ACC_0325,2025-05-25 08:00:00,200960.23,NEFT
TXN_00983,ACC_0102,ACC_0397,2026-03-24 09:00:00,485670.42,RTGS
TXN_00984,ACC_0949,ACC_0906,2026-04-12 17:00:00,395592.2,NEFT
TXN_00985,ACC_0422,ACC_0011,2026-04-04 13:00:00,286183.05,NEFT
TXN_00986,ACC_0214,ACC_0104,2026-05-20 07:00:00,221815.01,IMPS
TXN_00987,ACC_0087,ACC_0751,2024-03-28 07:00:00,358620.8,RTGS
TXN_00988,ACC_0376,ACC_0959,2025-09-07 04:00:00,104311.21,NEFT
TXN_00989,ACC_0871,ACC_1028,2026-07-11 18:00:00,157074.61,IMPS
TXN_00990,ACC_0136,ACC_0053,2026-07-16 23:00:00,42282.37,UPI
TXN_00991,ACC_0799,ACC_0945,2024-04-30 16:00:00,120520.76,NEFT
TXN_00992,ACC_0112,ACC_0063,2024-10-04 20:00:00,473677.0,RTGS
TXN_00993,ACC_0340,ACC_0320,2025-08-25 12:00:00,475292.3,NEFT
TXN_00994,ACC_0226,ACC_0485,2025-08-19 12:00:00,192491.32,IMPS
TXN_00995,ACC_0852,ACC_0113,2024-07-30 14:00:00,182746.47,IMPS
TXN_00996,ACC_0342,ACC_0456,2025-02-22 18:00:00,301521.22,IMPS
TXN_00997,ACC_0089,ACC_0237,2026-02-25 07:00:00,304337.83,UPI
TXN_00998,ACC_0098,ACC_0394,2024-02-18 04:00:00,316620.37,IMPS
TXN_00999,ACC_0097,ACC_0448,2024-01-05 00:00:00,232859.16,UPI
TXN_01000,ACC_0374,ACC_0518,2025-06-25 12:00:00,40985.76,NEFT
TXN_01001,ACC_0604,ACC_0432,2025-10-09 17:00:00,32298.87,RTGS
TXN_01002,ACC_0941,ACC_0807,2024-12-03 10:00:00,151061.79,IMPS
TXN_01003,ACC_0558,ACC_0524,2024-05-23 08:00:00,358558.19,NEFT
TXN_01004,ACC_0281,ACC_0755,2026-10-04 02:00:00,37900.83,NEFT
TXN_01005,ACC_0432,ACC_0913,2026-08-17 00:00:00,230780.07,IMPS
TXN_01006,ACC_0937,ACC_0870,2024-10-06 00:00:00,93685.96,UPI
TXN_01007,ACC_0924,ACC_0596,2026-10-15 03:00:00,131289.98,IMPS
TXN_01008,ACC_0382,ACC_0491,2025-09-30 22:00:00,303124.05,UPI
TXN_01009,ACC_0582,ACC_0125,2024-06-26 08:00:00,369463.96,NEFT
TXN_01010,ACC_0146,ACC_0577,2026-07-22 05:00:00,133312.59,NEFT
TXN_01011,ACC_0960,ACC_1038,2026-02-01 01:00:00,462341.23,IMPS
TXN_01012,ACC_0132,ACC_0237,2024-09-25 01:00:00,302949.31,NEFT
TXN_01013,ACC_0139,ACC_0128,2024-05-26 06:00:00,261736.84,UPI
TXN_01014,ACC_0947,ACC_0836,2024-03-27 11:00:00,200867.7,IMPS
TXN_01015,ACC_0731,ACC_0220,2024-12-22 02:00:00,293825.7,IMPS
TXN_01016,ACC_0719,ACC_0713,2024-09-13 01:00:00,372006.6,NEFT
TXN_01017,ACC_0877,ACC_0228,2024-03-30 02:00:00,75419.5,NEFT
TXN_01018,ACC_0630,ACC_0064,2025-10-08 23:00:00,283243.74,NEFT
TXN_01019,ACC_0981,ACC_0087,2026-02-10 14:00:00,236807.46,NEFT
TXN_01020,ACC_0878,ACC_0456,2024-07-01 00:00:00,96373.25,RTGS
TXN_01021,ACC_0837,ACC_0900,2025-02-09 09:00:00,298121.24,NEFT
TXN_01022,ACC_0124,ACC_1011,2026-09-04 15:00:00,114592.91,UPI
TXN_01023,ACC_0259,ACC_0912,2024-03-02 16:00:00,389062.0,IMPS
TXN_01024,ACC_0395,ACC_0188,2025-08-28 20:00:00,282049.87,RTGS
TXN_01025,ACC_0742,ACC_0396,2024-09-08 22:00:00,325208.32,UPI
TXN_01026,ACC_0865,ACC_0554,2024-12-19 23:00:00,74815.93,UPI
TXN_01027,ACC_0210,ACC_1001,2025-09-17 17:00:00,324438.54,NEFT
TXN_01028,ACC_0722,ACC_0462,2025-09-26 11:00:00,408682.61,RTGS
TXN_01029,ACC_0072,ACC_0621,2026-01-18 18:00:00,400693.94,RTGS
TXN_01030,ACC_0719,ACC_0382,2026-09-02 03:00:00,250700.31,RTGS
TXN_01031,ACC_0180,ACC_0422,2024-12-01 07:00:00,99441.4,NEFT
TXN_01032,ACC_0770,ACC_0432,2026-07-26 21:00:00,69108.02,NEFT
TXN_01033,ACC_0580,ACC_0069,2026-04-07 05:00:00,407753.36,IMPS
TXN_01034,ACC_0028,ACC_0830,2025-10-07 06:00:00,402006.09,NEFT
TXN_01035,ACC_1002,ACC_0594,2025-05-25 03:00:00,423729.94,IMPS
TXN_01036,ACC_0451,ACC_0163,2026-08-31 14:00:00,155233.33,RTGS
TXN_01037,ACC_0481,ACC_0959,2026-06-12 11:00:00,13191.68,NEFT
TXN_01038,ACC_0389,ACC_0298,2024-04-24 11:00:00,348342.63,RTGS
TXN_01039,ACC_0489,ACC_0931,2026-08-17 00:00:00,476879.31,NEFT
TXN_01040,ACC_0600,ACC_0575,2024-06-03 16:00:00,24013.31,UPI
TXN_01041,ACC_0713,ACC_0042,2025-02-08 22:00:00,111496.67,UPI
TXN_01042,ACC_0393,ACC_0340,2024-02-08 19:00:00,444955.45,RTGS
TXN_01043,ACC_0838,ACC_0380,2026-09-21 12:00:00,10406.87,RTGS
TXN_01044,ACC_0488,ACC_0142,2026-05-06 06:00:00,393590.58,IMPS
TXN_01045,ACC_0271,ACC_0798,2024-04-27 07:00:00,387518.48,IMPS
TXN_01046,ACC_0590,ACC_0957,2024-02-05 04:00:00,331396.44,RTGS
TXN_01047,ACC_0944,ACC_0328,2024-10-30 22:00:00,187162.02,RTGS
TXN_01048,ACC_0056,ACC_0766,2025-03-09 15:00:00,138228.84,NEFT
TXN_01049,ACC_0579,ACC_0421,2024-11-24 12:00:00,448157.89,RTGS
TXN_01050,ACC_1028,ACC_0099,2026-06-27 08:00:00,127225.58,IMPS
TXN_01051,ACC_0573,ACC_0538,2025-09-15 16:00:00,258362.36,RTGS
TXN_01052,ACC_0090,ACC_1015,2026-04-30 05:00:00,481281.65,UPI
TXN_01053,ACC_1034,ACC_0787,2024-02-03 15:00:00,453121.6,RTGS
TXN_01054,ACC_0999,ACC_0582,2025-07-01 09:00:00,81038.25,NEFT
TXN_01055,ACC_0442,ACC_0394,2026-06-18 19:00:00,398615.7,IMPS
TXN_01056,ACC_0623,ACC_0531,2026-02-02 04:00:00,21431.4,RTGS
TXN_01057,ACC_0595,ACC_0517,2025-06-03 14:00:00,412862.29,IMPS
TXN_01058,ACC_0827,ACC_0800,2024-08-20 03:00:00,310446.38,RTGS
TXN_01059,ACC_0515,ACC_0987,2025-08-22 08:00:00,469224.13,IMPS
TXN_01060,ACC_0369,ACC_0303,2025-11-16 23:00:00,489600.66,RTGS
TXN_01061,ACC_0515,ACC_0673,2024-09-06 16:00:00,3124.84,IMPS
TXN_01062,ACC_0411,ACC_0227,2026-01-24 10:00:00,316894.69,IMPS
TXN_01063,ACC_0343,ACC_0783,2026-09-11 10:00:00,187698.07,NEFT
TXN_01064,ACC_0598,ACC_0724,2026-05-14 23:00:00,352551.53,NEFT
TXN_01065,ACC_0903,ACC_0631,2024-07-27 07:00:00,393103.15,IMPS
TXN_01066,ACC_0018,ACC_0703,2025-04-14 10:00:00,210251.32,NEFT
TXN_01067,ACC_0504,ACC_0965,2026-05-14 20:00:00,312542.85,NEFT
TXN_01068,ACC_0472,ACC_0897,2026-07-09 12:00:00,301968.36,IMPS
TXN_01069,ACC_0131,ACC_0938,2024-08-01 23:00:00,206886.28,IMPS
TXN_01070,ACC_0315,ACC_0278,2026-10-05 17:00:00,449797.63,NEFT
TXN_01071,ACC_0553,ACC_1008,2026-07-01 04:00:00,334989.65,UPI
TXN_01072,ACC_0770,ACC_0884,2024-10-03 20:00:00,156479.18,NEFT
TXN_01073,ACC_0956,ACC_0305,2026-09-11 07:00:00,110626.77,RTGS
TXN_01074,ACC_0401,ACC_0592,2025-08-25 01:00:00,380777.21,UPI
TXN_01075,ACC_0665,ACC_0722,2026-09-20 21:00:00,337577.52,IMPS
TXN_01076,ACC_0949,ACC_0104,2026-08-01 06:00:00,244076.14,NEFT
TXN_01077,ACC_0692,ACC_0938,2025-04-19 08:00:00,492828.36,IMPS
TXN_01078,ACC_0472,ACC_0084,2024-06-08 19:00:00,53601.17,UPI
TXN_01079,ACC_0829,ACC_1007,2025-02-01 21:00:00,134546.98,IMPS
TXN_01080,ACC_0349,ACC_0016,2026-06-06 13:00:00,80059.93,UPI
TXN_01081,ACC_0986,ACC_0586,2026-09-07 03:00:00,89045.2,NEFT
TXN_01082,ACC_0731,ACC_0419,2025-11-30 07:00:00,176109.86,NEFT
TXN_01083,ACC_0100,ACC_0942,2025-01-08 13:00:00,478006.33,RTGS
TXN_01084,ACC_0595,ACC_0556,2024-11-15 04:00:00,376783.46,NEFT
TXN_01085,ACC_0511,ACC_0660,2025-01-10 13:00:00,325471.66,RTGS
TXN_01086,ACC_0358,ACC_0190,2026-02-01 13:00:00,109378.69,RTGS
TXN_01087,ACC_0389,ACC_0724,2025-12-06 14:00:00,455181.03,IMPS
TXN_01088,ACC_0443,ACC_0545,2026-07-07 09:00:00,283226.71,UPI
TXN_01089,ACC_0400,ACC_0664,2026-05-31 17:00:00,211642.57,NEFT
TXN_01090,ACC_0236,ACC_0169,2026-04-25 23:00:00,69842.8,IMPS
TXN_01091,ACC_0594,ACC_0338,2024-05-17 23:00:00,74677.05,UPI
TXN_01092,ACC_0396,ACC_0704,2025-11-05 20:00:00,89201.03,UPI
TXN_01093,ACC_0121,ACC_0729,2024-06-19 21:00:00,192863.07,NEFT
TXN_01094,ACC_0895,ACC_0652,2025-11-03 08:00:00,234790.29,RTGS
TXN_01095,ACC_0857,ACC_0405,2026-05-19 14:00:00,384934.56,NEFT
TXN_01096,ACC_0066,ACC_0849,2025-04-13 21:00:00,172786.56,RTGS
TXN_01097,ACC_0888,ACC_0172,2026-08-18 06:00:00,414361.75,UPI
TXN_01098,ACC_0258,ACC_0086,2025-09-18 05:00:00,9410.8,NEFT
TXN_01099,ACC_0201,ACC_0602,2025-06-25 11:00:00,474813.36,NEFT
TXN_01100,ACC_0196,ACC_0679,2024-04-08 10:00:00,290759.89,UPI
TXN_01101,ACC_0336,ACC_0771,2025-02-13 20:00:00,223803.85,UPI
TXN_01102,ACC_0494,ACC_0681,2024-09-05 08:00:00,90759.06,RTGS
TXN_01103,ACC_0367,ACC_0445,2025-10-06 17:00:00,470226.04,NEFT
TXN_01104,ACC_0067,ACC_0434,2025-03-08 09:00:00,284035.28,IMPS
TXN_01105,ACC_0565,ACC_0015,2025-07-12 23:00:00,217103.86,NEFT
TXN_01106,ACC_0159,ACC_0524,2024-02-05 19:00:00,433657.07,IMPS
TXN_01107,ACC_0452,ACC_0163,2025-08-23 18:00:00,19731.29,RTGS
TXN_01108,ACC_0024,ACC_0764,2025-12-28 17:00:00,451622.43,UPI
TXN_01109,ACC_0902,ACC_0369,2024-08-03 13:00:00,390355.7,UPI
TXN_01110,ACC_0200,ACC_0509,2025-03-27 17:00:00,11994.94,RTGS
TXN_01111,ACC_0955,ACC_0468,2024-10-23 13:00:00,478542.63,UPI
TXN_01112,ACC_0356,ACC_0647,2024-04-14 02:00:00,343103.62,RTGS
TXN_01113,ACC_0479,ACC_0990,2026-11-04 00:00:00,99527.65,RTGS
TXN_01114,ACC_0453,ACC_0864,2026-07-29 19:00:00,383282.38,RTGS
TXN_01115,ACC_0679,ACC_0657,2026-07-30 22:00:00,236040.68,RTGS
TXN_01116,ACC_0199,ACC_0368,2026-05-26 07:00:00,447437.06,RTGS
TXN_01117,ACC_0928,ACC_0516,2025-06-13 21:00:00,379411.47,IMPS
TXN_01118,ACC_0900,ACC_0891,2024-04-03 00:00:00,473098.03,NEFT
TXN_01119,ACC_0685,ACC_0593,2025-12-14 16:00:00,337969.56,RTGS
TXN_01120,ACC_0759,ACC_0896,2026-02-07 06:00:00,318403.41,UPI
TXN_01121,ACC_0178,ACC_0431,2025-11-16 15:00:00,112664.98,UPI
TXN_01122,ACC_0650,ACC_0174,2026-02-17 13:00:00,148510.46,IMPS
TXN_01123,ACC_0333,ACC_0512,2024-03-21 19:00:00,107086.71,IMPS
TXN_01124,ACC_0180,ACC_0562,2026-04-19 20:00:00,44285.58,RTGS
TXN_01125,ACC_0840,ACC_0918,2024-08-10 04:00:00,495605.34,RTGS
TXN_01126,ACC_0284,ACC_0701,2024-02-18 05:00:00,499589.06,NEFT
TXN_01127,ACC_0790,ACC_0287,2025-08-04 23:00:00,83507.41,NEFT
TXN_01128,ACC_0252,ACC_0380,2026-10-08 23:00:00,127649.88,UPI
TXN_01129,ACC_0715,ACC_1015,2026-08-12 01:00:00,88206.91,UPI
TXN_01130,ACC_0635,ACC_0900,2025-11-23 16:00:00,277820.45,IMPS
TXN_01131,ACC_0007,ACC_0492,2026-10-29 06:00:00,311252.94,NEFT
TXN_01132,ACC_0795,ACC_0624,2024-10-23 02:00:00,380477.93,UPI
TXN_01133,ACC_0363,ACC_0009,2024-08-18 23:00:00,364961.93,NEFT
TXN_01134,ACC_0527,ACC_1000,2024-08-24 15:00:00,342291.5,UPI
TXN_01135,ACC_0837,ACC_1005,2025-11-03 11:00:00,250085.21,UPI
TXN_01136,ACC_1025,ACC_0812,2025-11-29 22:00:00,470367.98,NEFT
TXN_01137,ACC_0533,ACC_0982,2024-11-13 07:00:00,346192.69,RTGS
TXN_01138,ACC_0202,ACC_0270,2025-09-12 13:00:00,248436.46,UPI
TXN_01139,ACC_0322,ACC_0997,2024-11-17 05:00:00,409134.44,IMPS
TXN_01140,ACC_0435,ACC_0538,2024-02-19 07:00:00,111918.91,IMPS
TXN_01141,ACC_0773,ACC_0615,2024-08-02 13:00:00,99730.29,NEFT
TXN_01142,ACC_0731,ACC_0412,2026-04-03 09:00:00,68133.1,IMPS
TXN_01143,ACC_0217,ACC_0952,2025-03-23 02:00:00,272374.5,NEFT
TXN_01144,ACC_0104,ACC_0314,2024-02-24 11:00:00,325681.57,RTGS
TXN_01145,ACC_0007,ACC_0477,2024-09-10 14:00:00,207168.5,RTGS
TXN_01146,ACC_0460,ACC_0946,2025-03-24 11:00:00,164536.89,RTGS
TXN_01147,ACC_0539,ACC_1035,2026-08-23 11:00:00,238693.68,RTGS
TXN_01148,ACC_1035,ACC_0536,2026-03-27 13:00:00,454770.34,NEFT
TXN_01149,ACC_0029,ACC_0932,2025-04-06 18:00:00,129876.06,NEFT
TXN_01150,ACC_0124,ACC_1017,2026-04-11 03:00:00,163755.16,IMPS
TXN_01151,ACC_0149,ACC_0218,2025-06-29 01:00:00,101509.37,NEFT
TXN_01152,ACC_0899,ACC_0385,2026-10-20 23:00:00,87813.92,IMPS
TXN_01153,ACC_0051,ACC_0023,2025-01-04 07:00:00,316205.76,IMPS
TXN_01154,ACC_0455,ACC_0682,2025-07-29 02:00:00,138893.64,RTGS
TXN_01155,ACC_0100,ACC_0917,2024-04-16 20:00:00,108414.27,UPI
TXN_01156,ACC_0587,ACC_0872,2024-11-15 06:00:00,343799.75,IMPS
TXN_01157,ACC_0299,ACC_0234,2025-10-10 23:00:00,283988.56,IMPS
TXN_01158,ACC_0886,ACC_0302,2025-10-10 09:00:00,80767.4,IMPS
TXN_01159,ACC_0180,ACC_0712,2024-11-24 03:00:00,251117.15,UPI
TXN_01160,ACC_0101,ACC_0598,2025-04-24 02:00:00,183428.24,UPI
TXN_01161,ACC_0558,ACC_1001,2025-06-01 10:00:00,98590.36,NEFT
TXN_01162,ACC_0761,ACC_0380,2025-09-22 13:00:00,174788.89,NEFT
TXN_01163,ACC_0079,ACC_0401,2025-12-09 18:00:00,264674.89,IMPS
TXN_01164,ACC_0536,ACC_0936,2024-12-11 18:00:00,190784.58,IMPS
TXN_01165,ACC_0174,ACC_0938,2024-07-18 02:00:00,258013.96,RTGS
TXN_01166,ACC_0679,ACC_0741,2026-01-15 22:00:00,293261.05,UPI
TXN_01167,ACC_0558,ACC_0132,2024-08-15 09:00:00,428178.93,IMPS
TXN_01168,ACC_0601,ACC_0493,2025-07-10 12:00:00,268946.16,RTGS
TXN_01169,ACC_0027,ACC_0611,2025-12-21 19:00:00,120593.84,RTGS
TXN_01170,ACC_0342,ACC_0592,2025-11-08 04:00:00,372765.73,RTGS
TXN_01171,ACC_0342,ACC_0815,2025-07-28 19:00:00,213274.27,UPI
TXN_01172,ACC_0132,ACC_0582,2024-09-10 06:00:00,233121.19,IMPS
TXN_01173,ACC_0380,ACC_1012,2025-09-19 19:00:00,61964.25,NEFT
TXN_01174,ACC_0397,ACC_0347,2025-11-18 12:00:00,481785.15,UPI
TXN_01175,ACC_1010,ACC_0989,2025-12-04 07:00:00,249477.59,UPI
TXN_01176,ACC_0837,ACC_0151,2024-07-02 02:00:00,196185.15,NEFT
TXN_01177,ACC_0653,ACC_0719,2026-01-29 05:00:00,320366.35,IMPS
TXN_01178,ACC_0478,ACC_0097,2025-04-27 13:00:00,25392.93,NEFT
TXN_01179,ACC_0502,ACC_0850,2026-02-08 19:00:00,319792.92,IMPS
TXN_01180,ACC_0068,ACC_0725,2026-01-30 05:00:00,305876.31,NEFT
TXN_01181,ACC_0414,ACC_0815,2026-06-13 06:00:00,22674.92,NEFT
TXN_01182,ACC_0775,ACC_0253,2025-10-04 00:00:00,437135.81,RTGS
TXN_01183,ACC_0634,ACC_0267,2024-08-20 03:00:00,466636.02,NEFT
TXN_01184,ACC_0595,ACC_0740,2025-11-08 01:00:00,139115.11,NEFT
TXN_01185,ACC_0577,ACC_0637,2024-08-18 13:00:00,28962.47,UPI
TXN_01186,ACC_0867,ACC_0003,2026-08-18 06:00:00,245491.89,UPI
TXN_01187,ACC_0801,ACC_0224,2024-10-18 09:00:00,13294.5,RTGS
TXN_01188,ACC_0651,ACC_0257,2025-05-04 20:00:00,322479.54,IMPS
TXN_01189,ACC_0220,ACC_0542,2024-03-06 01:00:00,388095.14,UPI
TXN_01190,ACC_0585,ACC_0443,2026-10-16 08:00:00,225853.7,RTGS
TXN_01191,ACC_0530,ACC_0155,2025-08-12 06:00:00,300179.56,RTGS
TXN_01192,ACC_0497,ACC_0527,2026-01-26 10:00:00,382691.32,IMPS
TXN_01193,ACC_0035,ACC_0088,2026-04-13 17:00:00,140817.1,NEFT
TXN_01194,ACC_0439,ACC_0520,2026-09-08 10:00:00,499176.64,NEFT
TXN_01195,ACC_0551,ACC_0299,2026-10-07 06:00:00,494297.88,RTGS
TXN_01196,ACC_0360,ACC_0884,2026-01-24 10:00:00,414918.67,NEFT
TXN_01197,ACC_0150,ACC_0165,2026-02-14 22:00:00,340107.14,UPI
TXN_01198,ACC_0810,ACC_1021,2025-09-28 19:00:00,431885.41,NEFT
TXN_01199,ACC_0625,ACC_0061,2025-06-22 08:00:00,68785.18,IMPS
TXN_01200,ACC_0740,ACC_0879,2025-09-13 16:00:00,432382.12,RTGS
TXN_01201,ACC_0215,ACC_0553,2026-05-27 17:00:00,43318.04,UPI
TXN_01202,ACC_0340,ACC_0723,2025-12-12 09:00:00,256417.3,NEFT
TXN_01203,ACC_0233,ACC_0259,2025-10-06 20:00:00,354493.7,UPI
TXN_01204,ACC_0933,ACC_0870,2025-08-25 19:00:00,489937.04,UPI
TXN_01205,ACC_0957,ACC_0883,2024-09-04 19:00:00,474340.99,UPI
TXN_01206,ACC_0587,ACC_0248,2024-08-16 00:00:00,466620.19,UPI
TXN_01207,ACC_0097,ACC_0795,2025-08-31 03:00:00,406031.03,RTGS
TXN_01208,ACC_0701,ACC_0872,2024-11-30 19:00:00,250777.84,IMPS
TXN_01209,ACC_0464,ACC_0360,2024-05-18 17:00:00,130938.9,RTGS
TXN_01210,ACC_0573,ACC_0791,2026-01-29 03:00:00,352001.15,UPI
TXN_01211,ACC_0344,ACC_0974,2025-06-26 16:00:00,12780.03,NEFT
TXN_01212,ACC_0836,ACC_0664,2024-02-23 01:00:00,177034.28,IMPS
TXN_01213,ACC_0193,ACC_0474,2024-06-01 15:00:00,376996.07,IMPS
TXN_01214,ACC_0092,ACC_0011,2026-03-10 14:00:00,42295.41,IMPS
TXN_01215,ACC_0972,ACC_0256,2025-11-13 15:00:00,111414.65,RTGS
TXN_01216,ACC_0428,ACC_0193,2025-08-02 12:00:00,165104.73,UPI
TXN_01217,ACC_0045,ACC_0949,2024-09-01 06:00:00,386678.54,IMPS
TXN_01218,ACC_0200,ACC_0374,2024-11-13 21:00:00,176854.88,NEFT
TXN_01219,ACC_0692,ACC_0210,2024-01-15 16:00:00,471400.86,RTGS
TXN_01220,ACC_0612,ACC_0368,2024-10-14 11:00:00,128630.3,IMPS
TXN_01221,ACC_0475,ACC_0646,2024-06-21 19:00:00,211397.01,RTGS
TXN_01222,ACC_0892,ACC_0320,2025-04-18 16:00:00,193005.13,NEFT
TXN_01223,ACC_0705,ACC_0467,2025-05-28 06:00:00,248706.7,RTGS
TXN_01224,ACC_0994,ACC_0467,2025-05-28 23:00:00,59722.89,UPI
TXN_01225,ACC_0644,ACC_0935,2025-04-08 12:00:00,483388.39,NEFT
TXN_01226,ACC_0622,ACC_0479,2025-08-27 01:00:00,351696.6,NEFT
TXN_01227,ACC_0183,ACC_0735,2026-07-31 23:00:00,331898.93,NEFT
TXN_01228,ACC_0503,ACC_0184,2025-05-14 09:00:00,260252.61,IMPS
TXN_01229,ACC_0951,ACC_0171,2024-03-27 06:00:00,396167.6,IMPS
TXN_01230,ACC_0174,ACC_0724,2024-05-18 19:00:00,108339.73,NEFT
TXN_01231,ACC_0024,ACC_0206,2025-01-18 21:00:00,20457.19,RTGS
TXN_01232,ACC_0554,ACC_0901,2025-06-13 07:00:00,392531.11,IMPS
TXN_01233,ACC_0285,ACC_0621,2026-09-18 13:00:00,2491.41,UPI
TXN_01234,ACC_0668,ACC_0141,2026-04-20 10:00:00,405749.06,NEFT
TXN_01235,ACC_0447,ACC_1019,2024-06-29 14:00:00,9918.41,IMPS
TXN_01236,ACC_0474,ACC_0074,2025-11-27 22:00:00,434004.88,IMPS
TXN_01237,ACC_0460,ACC_0818,2025-11-24 13:00:00,39025.59,IMPS
TXN_01238,ACC_0865,ACC_0309,2024-12-27 12:00:00,282768.55,IMPS
TXN_01239,ACC_0435,ACC_0082,2024-04-24 07:00:00,287678.33,RTGS
TXN_01240,ACC_0164,ACC_0335,2025-03-09 03:00:00,200348.89,UPI
TXN_01241,ACC_0114,ACC_1039,2026-09-30 13:00:00,298012.04,NEFT
TXN_01242,ACC_1040,ACC_0016,2024-09-12 23:00:00,47457.98,UPI
TXN_01243,ACC_0285,ACC_0945,2026-10-29 01:00:00,422980.06,RTGS
TXN_01244,ACC_0744,ACC_1024,2024-11-11 11:00:00,282335.05,RTGS
TXN_01245,ACC_0394,ACC_1018,2026-03-28 11:00:00,350847.05,UPI
TXN_01246,ACC_0707,ACC_0570,2026-09-24 09:00:00,429778.09,IMPS
TXN_01247,ACC_0442,ACC_0859,2024-05-02 02:00:00,497685.42,IMPS
TXN_01248,ACC_0741,ACC_1004,2025-05-26 10:00:00,455479.17,NEFT
TXN_01249,ACC_0592,ACC_0078,2026-07-06 03:00:00,424672.06,NEFT
TXN_01250,ACC_0743,ACC_0063,2024-05-19 11:00:00,196126.72,UPI
TXN_01251,ACC_0921,ACC_0911,2024-12-27 07:00:00,219806.46,NEFT
TXN_01252,ACC_0198,ACC_0436,2026-11-03 06:00:00,64660.37,RTGS
TXN_01253,ACC_0541,ACC_0999,2024-09-17 20:00:00,320879.54,NEFT
TXN_01254,ACC_0429,ACC_0958,2025-06-17 23:00:00,494779.77,UPI
TXN_01255,ACC_0532,ACC_0250,2024-01-30 07:00:00,383878.65,RTGS
TXN_01256,ACC_0469,ACC_0266,2026-04-11 11:00:00,85077.56,IMPS
TXN_01257,ACC_0991,ACC_0916,2024-01-12 01:00:00,83749.03,UPI
TXN_01258,ACC_0149,ACC_0563,2025-11-18 23:00:00,217283.42,NEFT
TXN_01259,ACC_0230,ACC_0513,2025-01-31 00:00:00,277379.28,NEFT
TXN_01260,ACC_0379,ACC_0082,2024-06-18 05:00:00,245819.23,IMPS
TXN_01261,ACC_0014,ACC_0957,2026-04-30 06:00:00,50812.47,IMPS
TXN_01262,ACC_0919,ACC_0106,2025-02-16 17:00:00,40474.82,IMPS
TXN_01263,ACC_0187,ACC_0201,2026-07-09 06:00:00,40662.47,NEFT
TXN_01264,ACC_0857,ACC_0219,2024-11-06 01:00:00,120633.44,NEFT
TXN_01265,ACC_0994,ACC_0751,2025-10-05 04:00:00,30859.4,NEFT
TXN_01266,ACC_0590,ACC_0677,2026-04-08 05:00:00,385373.24,UPI
TXN_01267,ACC_0857,ACC_0858,2025-12-27 20:00:00,45117.82,RTGS
TXN_01268,ACC_0386,ACC_1012,2025-08-12 15:00:00,327122.89,RTGS
TXN_01269,ACC_0545,ACC_0120,2025-07-26 12:00:00,95020.75,NEFT
TXN_01270,ACC_0198,ACC_0639,2024-02-12 03:00:00,263228.6,NEFT
TXN_01271,ACC_0926,ACC_0912,2024-04-09 11:00:00,77134.93,UPI
TXN_01272,ACC_0158,ACC_0169,2026-04-17 22:00:00,177698.6,UPI
TXN_01273,ACC_0888,ACC_0716,2026-09-26 03:00:00,397926.34,RTGS
TXN_01274,ACC_0579,ACC_0187,2026-08-02 06:00:00,50947.06,IMPS
TXN_01275,ACC_0388,ACC_0802,2024-11-23 04:00:00,111820.97,RTGS
TXN_01276,ACC_0205,ACC_0529,2025-06-23 19:00:00,60689.93,NEFT
TXN_01277,ACC_0164,ACC_0491,2025-04-14 10:00:00,314844.85,UPI
TXN_01278,ACC_0703,ACC_0522,2025-08-04 07:00:00,84393.12,RTGS
TXN_01279,ACC_0011,ACC_0627,2026-07-30 02:00:00,409897.99,IMPS
TXN_01280,ACC_0210,ACC_1036,2025-02-12 15:00:00,306117.69,NEFT
TXN_01281,ACC_0162,ACC_0115,2025-12-11 19:00:00,96997.53,UPI
TXN_01282,ACC_0419,ACC_0224,2025-03-20 10:00:00,467135.13,UPI
TXN_01283,ACC_1003,ACC_0419,2024-01-12 02:00:00,59316.81,IMPS
TXN_01284,ACC_0761,ACC_1013,2025-07-14 01:00:00,443029.62,NEFT
TXN_01285,ACC_0190,ACC_0808,2024-02-19 10:00:00,201136.75,NEFT
TXN_01286,ACC_0542,ACC_0937,2026-07-14 02:00:00,133453.03,IMPS
TXN_01287,ACC_0575,ACC_0850,2026-05-23 11:00:00,280088.74,IMPS
TXN_01288,ACC_0818,ACC_1032,2025-12-14 18:00:00,296186.77,IMPS
TXN_01289,ACC_0291,ACC_0653,2024-08-05 16:00:00,346303.63,RTGS
TXN_01290,ACC_0700,ACC_0806,2026-04-09 13:00:00,115523.25,RTGS
TXN_01291,ACC_0897,ACC_0147,2025-06-13 23:00:00,213595.58,NEFT
TXN_01292,ACC_0256,ACC_0306,2024-07-25 21:00:00,458773.61,IMPS
TXN_01293,ACC_0321,ACC_0257,2025-05-21 08:00:00,3836.88,NEFT
TXN_01294,ACC_0923,ACC_0983,2026-05-09 17:00:00,21299.39,UPI
TXN_01295,ACC_0671,ACC_0818,2024-05-24 19:00:00,375757.17,IMPS
TXN_01296,ACC_0476,ACC_0329,2024-01-07 18:00:00,410659.99,RTGS
TXN_01297,ACC_0506,ACC_0831,2025-07-02 00:00:00,387727.0,RTGS
TXN_01298,ACC_0686,ACC_0420,2025-04-23 19:00:00,426436.9,IMPS
TXN_01299,ACC_0060,ACC_0735,2025-06-03 21:00:00,1538.92,IMPS
TXN_01300,ACC_0806,ACC_0939,2026-02-09 20:00:00,234983.83,RTGS
TXN_01301,ACC_0312,ACC_0390,2024-12-06 21:00:00,318431.17,IMPS
TXN_01302,ACC_0945,ACC_0561,2026-03-23 04:00:00,156573.87,IMPS
TXN_01303,ACC_0785,ACC_0883,2026-08-22 10:00:00,143278.42,RTGS
TXN_01304,ACC_0141,ACC_0704,2025-12-27 00:00:00,73412.88,IMPS
TXN_01305,ACC_1022,ACC_0792,2024-07-26 01:00:00,195760.38,UPI
TXN_01306,ACC_0715,ACC_0700,2025-07-07 10:00:00,14100.0,UPI
TXN_01307,ACC_0640,ACC_0960,2024-10-10 00:00:00,133474.81,IMPS
TXN_01308,ACC_0027,ACC_0768,2026-09-03 02:00:00,217489.79,UPI
TXN_01309,ACC_0695,ACC_0360,2026-08-09 04:00:00,272001.09,NEFT
TXN_01310,ACC_0012,ACC_0133,2024-04-16 22:00:00,464294.46,UPI
TXN_01311,ACC_0516,ACC_0406,2024-07-08 03:00:00,82509.98,IMPS
TXN_01312,ACC_0092,ACC_0514,2024-11-08 19:00:00,484869.22,RTGS
TXN_01313,ACC_0323,ACC_0592,2025-06-23 06:00:00,132118.02,RTGS
TXN_01314,ACC_0611,ACC_0933,2024-08-12 06:00:00,38742.95,RTGS
TXN_01315,ACC_0279,ACC_0587,2025-10-06 05:00:00,210553.3,RTGS
TXN_01316,ACC_0054,ACC_0803,2026-10-16 14:00:00,248320.23,UPI
TXN_01317,ACC_0625,ACC_0274,2024-11-02 13:00:00,498582.21,NEFT
TXN_01318,ACC_0478,ACC_0280,2026-09-27 22:00:00,147808.01,UPI
TXN_01319,ACC_0368,ACC_0242,2025-03-06 18:00:00,21485.23,NEFT
TXN_01320,ACC_1036,ACC_0002,2025-08-20 09:00:00,141415.7,IMPS
TXN_01321,ACC_0223,ACC_0241,2025-06-07 18:00:00,189241.33,NEFT
TXN_01322,ACC_0353,ACC_1031,2025-09-10 04:00:00,233594.15,IMPS
TXN_01323,ACC_0207,ACC_0163,2026-04-22 17:00:00,343271.65,NEFT
TXN_01324,ACC_0006,ACC_0868,2025-07-29 12:00:00,220311.45,UPI
TXN_01325,ACC_0706,ACC_0780,2024-12-29 03:00:00,436490.99,IMPS
TXN_01326,ACC_0078,ACC_0612,2024-07-03 09:00:00,260904.56,IMPS
TXN_01327,ACC_0402,ACC_0043,2025-04-12 19:00:00,264727.11,RTGS
TXN_01328,ACC_0765,ACC_0866,2024-09-13 13:00:00,255162.2,RTGS
TXN_01329,ACC_0817,ACC_0152,2026-08-15 02:00:00,208823.85,RTGS
TXN_01330,ACC_0547,ACC_0537,2024-02-11 02:00:00,270853.5,NEFT
TXN_01331,ACC_0657,ACC_0977,2024-06-20 19:00:00,183332.26,IMPS
TXN_01332,ACC_0143,ACC_0696,2026-02-21 23:00:00,236008.38,RTGS
TXN_01333,ACC_0718,ACC_0463,2025-01-28 16:00:00,195202.39,UPI
TXN_01334,ACC_0705,ACC_0160,2025-05-18 11:00:00,476451.17,NEFT
TXN_01335,ACC_0753,ACC_0055,2024-07-07 22:00:00,201627.84,RTGS
TXN_01336,ACC_0641,ACC_0640,2026-09-21 22:00:00,386591.19,UPI
TXN_01337,ACC_0967,ACC_0788,2026-02-14 21:00:00,430234.09,NEFT
TXN_01338,ACC_0943,ACC_0122,2026-10-02 03:00:00,289529.52,UPI
TXN_01339,ACC_0615,ACC_0662,2024-10-02 06:00:00,73512.91,IMPS
TXN_01340,ACC_0524,ACC_0948,2024-11-02 01:00:00,434142.29,UPI
TXN_01341,ACC_0034,ACC_0632,2025-06-09 05:00:00,194251.78,UPI
TXN_01342,ACC_0123,ACC_0615,2026-01-17 11:00:00,282043.39,RTGS
TXN_01343,ACC_0105,ACC_0485,2025-12-17 12:00:00,392826.77,IMPS
TXN_01344,ACC_0875,ACC_0922,2024-01-08 20:00:00,488934.88,RTGS
TXN_01345,ACC_0078,ACC_0175,2026-06-24 06:00:00,338102.13,UPI
TXN_01346,ACC_0937,ACC_0949,2024-05-22 20:00:00,154513.19,NEFT
TXN_01347,ACC_0065,ACC_0278,2025-03-11 15:00:00,399295.47,UPI
TXN_01348,ACC_0161,ACC_0421,2025-10-30 22:00:00,228255.16,IMPS
TXN_01349,ACC_0822,ACC_0994,2025-04-09 17:00:00,55186.49,IMPS
TXN_01350,ACC_0059,ACC_0477,2026-06-16 13:00:00,460298.94,NEFT
TXN_01351,ACC_1004,ACC_1000,2025-02-28 00:00:00,133535.28,UPI
TXN_01352,ACC_0212,ACC_0492,2025-04-29 09:00:00,330341.86,UPI
TXN_01353,ACC_0318,ACC_0732,2024-03-15 18:00:00,8258.68,UPI
TXN_01354,ACC_0987,ACC_0499,2025-02-26 04:00:00,471511.5,NEFT
TXN_01355,ACC_0487,ACC_0254,2025-10-14 21:00:00,427259.62,RTGS
TXN_01356,ACC_0727,ACC_0123,2025-05-23 20:00:00,135296.51,RTGS
TXN_01357,ACC_0814,ACC_0022,2026-08-23 08:00:00,326934.38,IMPS
TXN_01358,ACC_0042,ACC_0435,2026-10-10 14:00:00,100590.43,RTGS
TXN_01359,ACC_0505,ACC_0393,2024-01-12 13:00:00,119433.22,RTGS
TXN_01360,ACC_0880,ACC_0399,2026-02-28 12:00:00,236983.46,NEFT
TXN_01361,ACC_0042,ACC_0358,2024-12-06 01:00:00,402803.05,UPI
TXN_01362,ACC_0108,ACC_0614,2024-10-27 02:00:00,149421.52,IMPS
TXN_01363,ACC_0162,ACC_0779,2026-10-16 17:00:00,328380.15,UPI
TXN_01364,ACC_0340,ACC_0934,2026-10-31 18:00:00,107601.71,UPI
TXN_01365,ACC_0622,ACC_0427,2024-10-02 01:00:00,328036.86,IMPS
TXN_01366,ACC_0491,ACC_0579,2025-10-21 18:00:00,221064.6,RTGS
TXN_01367,ACC_0647,ACC_0687,2024-11-18 17:00:00,373212.34,IMPS
TXN_01368,ACC_0956,ACC_0622,2025-08-12 20:00:00,22442.19,IMPS
TXN_01369,ACC_0068,ACC_0587,2025-02-01 16:00:00,451352.77,IMPS
TXN_01370,ACC_0449,ACC_1021,2025-05-30 17:00:00,35749.89,RTGS
TXN_01371,ACC_0673,ACC_0654,2025-02-14 19:00:00,28340.91,IMPS
TXN_01372,ACC_0802,ACC_0937,2026-01-01 23:00:00,480836.18,RTGS
TXN_01373,ACC_0423,ACC_0737,2024-03-05 05:00:00,90372.37,NEFT
TXN_01374,ACC_0634,ACC_0727,2025-04-04 21:00:00,258669.15,RTGS
TXN_01375,ACC_0305,ACC_0790,2024-05-07 06:00:00,270218.26,RTGS
TXN_01376,ACC_0269,ACC_0042,2025-02-01 13:00:00,12465.09,RTGS
TXN_01377,ACC_0539,ACC_0936,2024-06-29 15:00:00,335065.38,IMPS
TXN_01378,ACC_0216,ACC_0025,2024-07-20 01:00:00,439998.63,IMPS
TXN_01379,ACC_0082,ACC_0995,2024-03-17 01:00:00,436972.35,IMPS
TXN_01380,ACC_0804,ACC_0708,2026-08-28 23:00:00,211651.51,IMPS
TXN_01381,ACC_1008,ACC_0589,2024-05-30 03:00:00,206769.68,NEFT
TXN_01382,ACC_0256,ACC_0134,2025-09-17 18:00:00,163204.82,IMPS
TXN_01383,ACC_0143,ACC_0399,2024-11-28 15:00:00,352699.03,IMPS
TXN_01384,ACC_0089,ACC_0949,2024-01-28 05:00:00,455697.14,RTGS
TXN_01385,ACC_0022,ACC_0196,2025-08-26 23:00:00,80092.27,UPI
TXN_01386,ACC_0698,ACC_0706,2025-06-07 16:00:00,74948.81,RTGS
TXN_01387,ACC_0552,ACC_0858,2026-07-26 01:00:00,293050.35,RTGS
TXN_01388,ACC_0940,ACC_0412,2026-10-12 00:00:00,416889.83,UPI
TXN_01389,ACC_1010,ACC_0966,2025-12-02 00:00:00,300298.54,NEFT
TXN_01390,ACC_0644,ACC_0161,2024-12-05 18:00:00,416704.07,RTGS
TXN_01391,ACC_0915,ACC_0671,2024-07-18 16:00:00,114375.07,NEFT
TXN_01392,ACC_0724,ACC_0349,2025-07-18 01:00:00,281673.79,RTGS
TXN_01393,ACC_0273,ACC_0456,2025-02-01 12:00:00,194393.97,NEFT
TXN_01394,ACC_0102,ACC_0579,2024-02-04 06:00:00,451310.52,NEFT
TXN_01395,ACC_0324,ACC_0303,2025-10-11 08:00:00,395876.49,RTGS
TXN_01396,ACC_0525,ACC_0235,2025-07-22 10:00:00,492318.01,NEFT
TXN_01397,ACC_0623,ACC_0514,2026-04-26 17:00:00,109932.13,UPI
TXN_01398,ACC_0432,ACC_0552,2024-01-01 08:00:00,195838.26,NEFT
TXN_01399,ACC_0179,ACC_0375,2025-03-24 13:00:00,262877.77,UPI
TXN_01400,ACC_0369,ACC_0828,2025-08-23 17:00:00,141990.66,RTGS
TXN_01401,ACC_0816,ACC_0729,2026-03-18 09:00:00,316730.39,NEFT
TXN_01402,ACC_0840,ACC_0229,2024-04-27 07:00:00,109072.24,UPI
TXN_01403,ACC_0836,ACC_1029,2025-05-01 22:00:00,400784.22,RTGS
TXN_01404,ACC_0519,ACC_0673,2026-03-05 12:00:00,381617.83,NEFT
TXN_01405,ACC_0862,ACC_0202,2025-09-17 03:00:00,194060.09,IMPS
TXN_01406,ACC_0844,ACC_0588,2026-01-17 22:00:00,323318.02,IMPS
TXN_01407,ACC_0439,ACC_0052,2025-01-19 20:00:00,340547.08,UPI
TXN_01408,ACC_0235,ACC_0682,2024-03-11 14:00:00,134942.76,RTGS
TXN_01409,ACC_0028,ACC_0694,2026-04-25 01:00:00,336983.32,NEFT
TXN_01410,ACC_0183,ACC_0286,2026-04-22 14:00:00,276294.88,RTGS
TXN_01411,ACC_0507,ACC_0552,2024-05-23 02:00:00,19480.04,NEFT
TXN_01412,ACC_0726,ACC_0813,2025-05-16 16:00:00,296419.09,IMPS
TXN_01413,ACC_0988,ACC_0326,2026-08-03 05:00:00,427492.31,RTGS
TXN_01414,ACC_0479,ACC_0254,2025-01-12 15:00:00,343224.1,UPI
TXN_01415,ACC_0712,ACC_0421,2024-01-18 09:00:00,398660.97,IMPS
TXN_01416,ACC_0922,ACC_0779,2025-09-05 12:00:00,270821.18,NEFT
TXN_01417,ACC_0561,ACC_0796,2026-06-11 02:00:00,355312.63,RTGS
TXN_01418,ACC_0285,ACC_0320,2026-05-07 13:00:00,429523.47,RTGS
TXN_01419,ACC_0736,ACC_0204,2024-07-12 18:00:00,138952.67,IMPS
TXN_01420,ACC_0442,ACC_0380,2024-11-07 09:00:00,35588.04,UPI
TXN_01421,ACC_0628,ACC_0528,2026-07-10 02:00:00,279000.16,UPI
TXN_01422,ACC_0591,ACC_0278,2025-06-01 15:00:00,386880.08,UPI
TXN_01423,ACC_0073,ACC_0638,2025-12-08 10:00:00,247459.49,NEFT
TXN_01424,ACC_0287,ACC_0946,2025-06-02 17:00:00,342912.42,UPI
TXN_01425,ACC_0352,ACC_0916,2024-04-18 09:00:00,405333.38,NEFT
TXN_01426,ACC_0831,ACC_0746,2024-04-30 09:00:00,287807.77,UPI
TXN_01427,ACC_0337,ACC_0539,2024-01-31 21:00:00,463676.71,NEFT
TXN_01428,ACC_0027,ACC_0609,2024-05-15 14:00:00,36910.38,IMPS
TXN_01429,ACC_0006,ACC_0503,2026-03-29 13:00:00,328790.08,UPI
TXN_01430,ACC_0102,ACC_0283,2024-08-12 05:00:00,255396.51,UPI
TXN_01431,ACC_0364,ACC_0648,2025-07-31 17:00:00,195041.7,RTGS
TXN_01432,ACC_0478,ACC_0254,2024-11-29 07:00:00,50970.09,UPI
TXN_01433,ACC_0603,ACC_0047,2026-10-28 20:00:00,404958.75,IMPS
TXN_01434,ACC_0724,ACC_0980,2025-10-13 01:00:00,114619.39,UPI
TXN_01435,ACC_0120,ACC_0401,2026-07-25 22:00:00,212571.78,UPI
TXN_01436,ACC_0559,ACC_0765,2025-12-06 07:00:00,441189.1,UPI
TXN_01437,ACC_0935,ACC_0582,2024-05-03 10:00:00,230465.07,NEFT
TXN_01438,ACC_0729,ACC_0540,2026-06-17 23:00:00,2517.45,IMPS
TXN_01439,ACC_0338,ACC_0151,2025-05-19 05:00:00,153210.88,UPI
TXN_01440,ACC_0983,ACC_1004,2025-07-28 10:00:00,387709.3,UPI
TXN_01441,ACC_0841,ACC_0902,2025-02-14 04:00:00,70265.34,NEFT
TXN_01442,ACC_0666,ACC_0725,2024-02-29 05:00:00,487954.28,IMPS
TXN_01443,ACC_0357,ACC_0067,2026-06-08 20:00:00,60402.71,RTGS
TXN_01444,ACC_0044,ACC_0855,2025-12-18 07:00:00,223345.96,IMPS
TXN_01445,ACC_0135,ACC_0693,2025-02-09 08:00:00,337148.5,UPI
TXN_01446,ACC_0393,ACC_0303,2025-11-14 23:00:00,351568.75,UPI
TXN_01447,ACC_0028,ACC_0432,2026-02-13 04:00:00,147034.57,NEFT
TXN_01448,ACC_0171,ACC_0218,2025-08-23 19:00:00,203708.87,UPI
TXN_01449,ACC_0275,ACC_0596,2025-05-09 09:00:00,41164.07,RTGS
TXN_01450,ACC_0027,ACC_0818,2026-04-13 22:00:00,97293.75,NEFT
TXN_01451,ACC_0135,ACC_0784,2026-06-04 02:00:00,92251.41,NEFT
TXN_01452,ACC_0367,ACC_0643,2026-10-14 13:00:00,108804.75,IMPS
TXN_01453,ACC_0123,ACC_0971,2024-09-14 10:00:00,134883.4,UPI
TXN_01454,ACC_0307,ACC_0711,2024-11-28 16:00:00,189526.18,IMPS
TXN_01455,ACC_0595,ACC_1028,2024-02-13 03:00:00,426925.1,NEFT
TXN_01456,ACC_0504,ACC_0719,2026-07-23 14:00:00,292047.49,UPI
TXN_01457,ACC_0787,ACC_0119,2025-04-20 06:00:00,411190.31,IMPS
TXN_01458,ACC_0734,ACC_0499,2024-02-16 17:00:00,212044.01,NEFT
TXN_01459,ACC_0054,ACC_0523,2024-04-16 02:00:00,373528.58,RTGS
TXN_01460,ACC_0785,ACC_0580,2026-04-14 20:00:00,402588.39,NEFT
TXN_01461,ACC_1025,ACC_0542,2026-03-08 21:00:00,34606.0,IMPS
TXN_01462,ACC_0157,ACC_0984,2026-08-23 12:00:00,199883.76,NEFT
TXN_01463,ACC_0063,ACC_0808,2025-04-06 18:00:00,285403.23,UPI
TXN_01464,ACC_0739,ACC_0636,2024-01-10 20:00:00,76353.35,NEFT
TXN_01465,ACC_0652,ACC_0920,2025-03-30 17:00:00,398415.52,IMPS
TXN_01466,ACC_0533,ACC_0932,2026-10-04 21:00:00,337149.23,NEFT
TXN_01467,ACC_0332,ACC_0006,2025-03-22 16:00:00,135599.71,RTGS
TXN_01468,ACC_0600,ACC_0669,2025-01-30 01:00:00,247178.21,RTGS
TXN_01469,ACC_0904,ACC_0773,2025-03-21 21:00:00,433417.1,NEFT
TXN_01470,ACC_0747,ACC_0407,2026-02-09 03:00:00,255177.71,UPI
TXN_01471,ACC_0732,ACC_0940,2025-01-31 13:00:00,437821.93,IMPS
TXN_01472,ACC_0304,ACC_0944,2026-06-29 14:00:00,318087.24,UPI
TXN_01473,ACC_0529,ACC_0334,2025-01-29 09:00:00,410847.06,IMPS
TXN_01474,ACC_0153,ACC_0462,2026-10-05 00:00:00,433643.41,RTGS
TXN_01475,ACC_0158,ACC_0821,2026-03-07 15:00:00,374307.71,NEFT
TXN_01476,ACC_0987,ACC_0623,2024-04-15 04:00:00,420404.34,RTGS
TXN_01477,ACC_0733,ACC_0366,2024-07-30 15:00:00,493264.94,RTGS
TXN_01478,ACC_0821,ACC_0274,2025-05-28 07:00:00,236809.61,RTGS
TXN_01479,ACC_0577,ACC_0396,2026-10-28 21:00:00,150400.15,IMPS
TXN_01480,ACC_0510,ACC_0753,2025-02-12 03:00:00,4986.51,IMPS
TXN_01481,ACC_0070,ACC_0734,2026-10-19 12:00:00,140370.04,RTGS
TXN_01482,ACC_0593,ACC_0863,2025-10-22 00:00:00,366978.41,UPI
TXN_01483,ACC_0170,ACC_0464,2025-12-07 20:00:00,178431.54,UPI
TXN_01484,ACC_0434,ACC_0895,2024-03-12 16:00:00,140498.41,NEFT
TXN_01485,ACC_0018,ACC_1018,2026-11-04 00:00:00,284755.82,NEFT
TXN_01486,ACC_1015,ACC_0864,2025-08-30 22:00:00,118665.44,UPI
TXN_01487,ACC_0392,ACC_0684,2024-07-24 16:00:00,298421.52,NEFT
TXN_01488,ACC_0170,ACC_0612,2025-05-02 01:00:00,264223.04,RTGS
TXN_01489,ACC_0832,ACC_0100,2024-06-07 04:00:00,410909.15,RTGS
TXN_01490,ACC_0510,ACC_0755,2025-12-26 14:00:00,106892.7,UPI
TXN_01491,ACC_0489,ACC_0970,2024-12-13 19:00:00,170392.45,RTGS
TXN_01492,ACC_0920,ACC_0814,2025-10-17 08:00:00,153788.38,UPI
TXN_01493,ACC_0674,ACC_0622,2026-02-13 15:00:00,442327.77,NEFT
TXN_01494,ACC_0802,ACC_0214,2025-04-20 23:00:00,493990.56,UPI
TXN_01495,ACC_0362,ACC_0900,2024-07-27 04:00:00,40548.61,NEFT
TXN_01496,ACC_0114,ACC_0180,2025-11-04 04:00:00,160317.1,RTGS
TXN_01497,ACC_0073,ACC_0276,2025-05-20 00:00:00,82191.96,UPI
TXN_01498,ACC_0011,ACC_0158,2026-06-23 19:00:00,16344.35,NEFT
TXN_01499,ACC_0643,ACC_0140,2026-08-26 03:00:00,157259.52,NEFT
TXN_01500,ACC_1003,ACC_0278,2026-08-08 07:00:00,231839.25,NEFT
TXN_01501,ACC_0099,ACC_0991,2026-06-11 06:00:00,134069.95,NEFT
TXN_01502,ACC_0809,ACC_0530,2025-03-25 00:00:00,147637.11,UPI
TXN_01503,ACC_0639,ACC_0882,2026-09-09 11:00:00,182029.27,RTGS
TXN_01504,ACC_0776,ACC_0415,2025-11-28 20:00:00,149563.64,RTGS
TXN_01505,ACC_0138,ACC_0618,2026-07-01 17:00:00,469291.35,NEFT
TXN_01506,ACC_0367,ACC_1005,2024-01-10 12:00:00,336519.37,IMPS
TXN_01507,ACC_0355,ACC_0275,2025-07-08 15:00:00,492966.3,RTGS
TXN_01508,ACC_0813,ACC_0285,2025-06-29 02:00:00,8933.83,IMPS
TXN_01509,ACC_0309,ACC_0040,2025-01-23 02:00:00,467848.22,IMPS
TXN_01510,ACC_0284,ACC_0370,2025-02-20 10:00:00,51336.8,UPI
TXN_01511,ACC_0874,ACC_0851,2025-01-13 17:00:00,112218.39,RTGS
TXN_01512,ACC_0698,ACC_0545,2024-10-16 02:00:00,279420.9,RTGS
TXN_01513,ACC_0099,ACC_0458,2024-08-06 05:00:00,303366.81,UPI
TXN_01514,ACC_0127,ACC_1012,2025-11-29 04:00:00,334010.97,RTGS
TXN_01515,ACC_0842,ACC_0904,2024-12-03 14:00:00,30578.36,IMPS
TXN_01516,ACC_0737,ACC_0914,2025-06-16 22:00:00,332021.84,IMPS
TXN_01517,ACC_0100,ACC_0949,2025-03-01 10:00:00,77195.19,RTGS
TXN_01518,ACC_0399,ACC_0756,2026-06-29 17:00:00,15202.51,IMPS
TXN_01519,ACC_0631,ACC_0277,2025-05-09 13:00:00,22212.5,NEFT
TXN_01520,ACC_0954,ACC_0949,2025-04-30 22:00:00,33775.86,IMPS
TXN_01521,ACC_0102,ACC_0003,2024-02-21 23:00:00,115288.54,IMPS
TXN_01522,ACC_0298,ACC_0547,2024-02-10 11:00:00,59225.48,RTGS
TXN_01523,ACC_0577,ACC_0737,2024-11-10 05:00:00,268692.33,IMPS
TXN_01524,ACC_0680,ACC_0472,2026-02-26 14:00:00,79621.31,RTGS
TXN_01525,ACC_0310,ACC_0678,2024-08-07 01:00:00,2358.76,RTGS
TXN_01526,ACC_0739,ACC_0207,2024-07-23 21:00:00,33528.21,UPI
TXN_01527,ACC_0072,ACC_0061,2024-03-10 15:00:00,289655.88,RTGS
TXN_01528,ACC_0408,ACC_0007,2025-07-25 23:00:00,177383.13,NEFT
TXN_01529,ACC_0094,ACC_0292,2024-11-12 23:00:00,337033.6,RTGS
TXN_01530,ACC_0173,ACC_0015,2026-05-25 01:00:00,272937.37,NEFT
TXN_01531,ACC_1012,ACC_0923,2025-04-28 10:00:00,257451.09,RTGS
TXN_01532,ACC_0403,ACC_0371,2024-10-12 17:00:00,340763.65,NEFT
TXN_01533,ACC_0259,ACC_0310,2024-06-11 06:00:00,25877.02,UPI
TXN_01534,ACC_0611,ACC_0292,2025-10-12 13:00:00,233274.07,RTGS
TXN_01535,ACC_1016,ACC_0161,2025-07-18 13:00:00,352932.69,IMPS
TXN_01536,ACC_0221,ACC_0157,2025-06-08 09:00:00,430715.86,IMPS
TXN_01537,ACC_0293,ACC_0518,2024-01-23 09:00:00,18961.74,RTGS
TXN_01538,ACC_0249,ACC_0058,2025-07-08 21:00:00,119253.25,UPI
TXN_01539,ACC_0635,ACC_0179,2024-03-09 17:00:00,38648.28,NEFT
TXN_01540,ACC_0251,ACC_0379,2025-04-12 04:00:00,231268.96,RTGS
TXN_01541,ACC_1012,ACC_0295,2026-09-13 19:00:00,178817.28,IMPS
TXN_01542,ACC_0888,ACC_0186,2024-08-28 07:00:00,343560.79,IMPS
TXN_01543,ACC_0575,ACC_0280,2025-06-09 19:00:00,417525.94,NEFT
TXN_01544,ACC_0208,ACC_0442,2025-12-21 00:00:00,57997.91,UPI
TXN_01545,ACC_0160,ACC_0499,2026-08-24 23:00:00,182934.82,RTGS
TXN_01546,ACC_0935,ACC_0366,2025-05-04 15:00:00,59829.9,IMPS
TXN_01547,ACC_0550,ACC_0116,2024-01-19 18:00:00,269139.01,NEFT
TXN_01548,ACC_0833,ACC_0034,2026-10-10 00:00:00,460309.99,NEFT
TXN_01549,ACC_0972,ACC_0303,2024-02-24 14:00:00,88396.26,RTGS
TXN_01550,ACC_0241,ACC_0791,2024-03-14 20:00:00,393475.99,RTGS
TXN_01551,ACC_0225,ACC_0873,2026-03-16 15:00:00,482138.97,RTGS
TXN_01552,ACC_0565,ACC_0952,2025-02-06 14:00:00,114299.48,UPI
TXN_01553,ACC_0289,ACC_0765,2025-03-10 05:00:00,51327.68,RTGS
TXN_01554,ACC_0380,ACC_0897,2024-01-28 05:00:00,481733.71,NEFT
TXN_01555,ACC_0805,ACC_0443,2024-12-19 10:00:00,226567.64,RTGS
TXN_01556,ACC_0489,ACC_0068,2025-03-16 11:00:00,239402.58,UPI
TXN_01557,ACC_0883,ACC_0055,2025-10-06 19:00:00,273192.53,NEFT
TXN_01558,ACC_0689,ACC_0967,2024-10-08 15:00:00,192704.45,IMPS
TXN_01559,ACC_0495,ACC_0565,2024-12-31 18:00:00,333679.57,UPI
TXN_01560,ACC_0547,ACC_0763,2024-04-03 12:00:00,87672.15,UPI
TXN_01561,ACC_0943,ACC_0862,2026-04-07 08:00:00,468820.43,RTGS
TXN_01562,ACC_0183,ACC_0280,2025-03-09 00:00:00,308828.18,IMPS
TXN_01563,ACC_1007,ACC_0055,2024-11-30 00:00:00,217246.55,UPI
TXN_01564,ACC_0342,ACC_0636,2026-06-28 04:00:00,235135.36,IMPS
TXN_01565,ACC_0843,ACC_0021,2024-02-19 17:00:00,27709.12,NEFT
TXN_01566,ACC_0026,ACC_0817,2025-07-19 03:00:00,352389.04,NEFT
TXN_01567,ACC_0972,ACC_0989,2025-04-25 23:00:00,182346.52,UPI
TXN_01568,ACC_0455,ACC_0141,2025-11-07 08:00:00,373693.21,NEFT
TXN_01569,ACC_0094,ACC_0421,2024-08-07 03:00:00,496983.77,IMPS
TXN_01570,ACC_0255,ACC_0484,2026-02-04 20:00:00,7646.99,NEFT
TXN_01571,ACC_0286,ACC_0266,2026-04-21 14:00:00,453963.54,NEFT
TXN_01572,ACC_0493,ACC_0730,2024-10-13 10:00:00,497983.78,UPI
TXN_01573,ACC_0022,ACC_0961,2026-01-19 15:00:00,168132.78,NEFT
TXN_01574,ACC_0230,ACC_0752,2025-01-23 08:00:00,161385.44,NEFT
TXN_01575,ACC_0321,ACC_0547,2025-02-10 11:00:00,471683.45,RTGS
TXN_01576,ACC_0260,ACC_0923,2026-03-19 20:00:00,322292.73,UPI
TXN_01577,ACC_0461,ACC_0722,2025-06-12 19:00:00,196052.17,IMPS
TXN_01578,ACC_1014,ACC_0102,2024-01-29 18:00:00,261622.02,IMPS
TXN_01579,ACC_0914,ACC_0390,2025-12-17 07:00:00,240754.81,IMPS
TXN_01580,ACC_0556,ACC_0756,2026-10-29 20:00:00,474756.21,UPI
TXN_01581,ACC_0425,ACC_0918,2026-04-10 10:00:00,6301.14,RTGS
TXN_01582,ACC_0200,ACC_0095,2025-04-24 12:00:00,25290.9,IMPS
TXN_01583,ACC_0273,ACC_0727,2026-10-25 15:00:00,111120.1,RTGS
TXN_01584,ACC_0087,ACC_0191,2024-08-23 17:00:00,368353.29,NEFT
TXN_01585,ACC_0590,ACC_0856,2024-01-19 17:00:00,273509.25,NEFT
TXN_01586,ACC_0373,ACC_0263,2025-02-06 10:00:00,435089.98,RTGS
TXN_01587,ACC_0074,ACC_0023,2024-07-18 17:00:00,249491.92,NEFT
TXN_01588,ACC_0437,ACC_0743,2025-08-07 07:00:00,249679.85,IMPS
TXN_01589,ACC_0121,ACC_1016,2026-10-28 21:00:00,121984.98,RTGS
TXN_01590,ACC_0663,ACC_0042,2025-05-02 16:00:00,439425.28,RTGS
TXN_01591,ACC_0867,ACC_0501,2024-03-07 18:00:00,447931.11,IMPS
TXN_01592,ACC_0465,ACC_0725,2024-11-28 10:00:00,153350.2,IMPS
TXN_01593,ACC_0482,ACC_0257,2024-03-14 00:00:00,2990.74,UPI
TXN_01594,ACC_0769,ACC_0940,2025-05-31 14:00:00,293413.48,IMPS
TXN_01595,ACC_0182,ACC_0686,2026-01-24 05:00:00,132113.68,UPI
TXN_01596,ACC_0664,ACC_0518,2026-06-04 20:00:00,224957.04,NEFT
TXN_01597,ACC_0433,ACC_0012,2025-07-20 19:00:00,179574.92,NEFT
TXN_01598,ACC_0815,ACC_0544,2026-11-07 04:00:00,346566.24,NEFT
TXN_01599,ACC_0109,ACC_0688,2026-01-20 23:00:00,365967.57,NEFT
TXN_01600,ACC_0867,ACC_0689,2025-05-28 18:00:00,281234.76,UPI
TXN_01601,ACC_0816,ACC_0192,2025-02-26 21:00:00,465422.02,NEFT
TXN_01602,ACC_0456,ACC_0251,2024-06-19 22:00:00,280656.44,RTGS
TXN_01603,ACC_0089,ACC_0992,2026-08-31 04:00:00,418297.1,UPI
TXN_01604,ACC_0436,ACC_1009,2026-01-04 05:00:00,1198.78,IMPS
TXN_01605,ACC_0017,ACC_0771,2026-05-06 18:00:00,231497.86,IMPS
TXN_01606,ACC_0874,ACC_0183,2025-08-11 12:00:00,403739.26,NEFT
TXN_01607,ACC_0845,ACC_0578,2024-03-01 16:00:00,113549.76,IMPS
TXN_01608,ACC_0263,ACC_0936,2025-06-12 00:00:00,440977.0,IMPS
TXN_01609,ACC_0997,ACC_0102,2026-10-30 17:00:00,444955.91,NEFT
TXN_01610,ACC_0629,ACC_0573,2024-06-24 16:00:00,36173.82,IMPS
TXN_01611,ACC_0090,ACC_0483,2026-03-02 17:00:00,78839.25,UPI
TXN_01612,ACC_0028,ACC_0196,2024-08-08 19:00:00,51224.99,RTGS
TXN_01613,ACC_0199,ACC_0498,2024-12-05 18:00:00,348838.04,NEFT
TXN_01614,ACC_0591,ACC_0415,2024-10-07 00:00:00,288546.74,UPI
TXN_01615,ACC_0912,ACC_0037,2024-02-19 10:00:00,252765.96,UPI
TXN_01616,ACC_0904,ACC_0843,2026-08-08 10:00:00,171666.03,UPI
TXN_01617,ACC_0757,ACC_0541,2025-01-23 20:00:00,217022.28,RTGS
TXN_01618,ACC_0479,ACC_0567,2024-06-28 06:00:00,335951.5,UPI
TXN_01619,ACC_0091,ACC_0484,2025-10-26 02:00:00,293415.28,RTGS
TXN_01620,ACC_0677,ACC_0474,2024-12-21 11:00:00,73518.72,UPI
TXN_01621,ACC_0750,ACC_0203,2024-10-04 21:00:00,308161.14,IMPS
TXN_01622,ACC_0112,ACC_0830,2025-10-14 09:00:00,77267.26,UPI
TXN_01623,ACC_0304,ACC_0713,2026-08-14 01:00:00,124138.25,IMPS
TXN_01624,ACC_0495,ACC_0761,2025-11-24 12:00:00,434937.9,IMPS
TXN_01625,ACC_0125,ACC_0021,2025-07-02 06:00:00,14405.11,RTGS
TXN_01626,ACC_0305,ACC_0296,2024-11-01 18:00:00,438735.71,NEFT
TXN_01627,ACC_1008,ACC_0848,2024-09-11 19:00:00,219940.92,NEFT
TXN_01628,ACC_0523,ACC_0469,2024-11-12 12:00:00,482727.23,RTGS
TXN_01629,ACC_0146,ACC_0210,2024-12-02 00:00:00,363532.81,IMPS
TXN_01630,ACC_0145,ACC_0102,2025-09-22 12:00:00,351588.88,UPI
TXN_01631,ACC_0622,ACC_0282,2026-02-12 17:00:00,481284.17,UPI
TXN_01632,ACC_0760,ACC_0947,2026-05-06 03:00:00,88854.64,IMPS
TXN_01633,ACC_0308,ACC_0230,2024-12-15 08:00:00,153706.26,IMPS
TXN_01634,ACC_0112,ACC_0024,2025-10-05 11:00:00,409912.29,UPI
TXN_01635,ACC_0321,ACC_1038,2025-07-17 02:00:00,379449.98,UPI
TXN_01636,ACC_0220,ACC_0649,2024-07-13 21:00:00,209383.32,UPI
TXN_01637,ACC_0634,ACC_0460,2025-05-28 08:00:00,21821.78,NEFT
TXN_01638,ACC_0228,ACC_0528,2025-02-18 03:00:00,172637.64,NEFT
TXN_01639,ACC_0576,ACC_0299,2025-10-25 02:00:00,465840.08,NEFT
TXN_01640,ACC_0630,ACC_0625,2024-02-26 09:00:00,366601.71,UPI
TXN_01641,ACC_0419,ACC_0630,2025-08-10 11:00:00,31268.42,NEFT
TXN_01642,ACC_0554,ACC_0866,2025-06-30 05:00:00,241582.76,NEFT
TXN_01643,ACC_0350,ACC_0240,2025-10-23 16:00:00,480531.69,IMPS
TXN_01644,ACC_0684,ACC_0059,2025-02-22 12:00:00,272313.08,IMPS
TXN_01645,ACC_0395,ACC_0536,2025-06-25 05:00:00,490974.95,UPI
TXN_01646,ACC_0439,ACC_0007,2025-05-06 11:00:00,16468.01,UPI
TXN_01647,ACC_0866,ACC_0844,2024-12-30 23:00:00,405358.38,UPI
TXN_01648,ACC_0207,ACC_0558,2026-05-13 22:00:00,387065.41,NEFT
TXN_01649,ACC_0204,ACC_1007,2025-05-08 04:00:00,41214.23,IMPS
TXN_01650,ACC_0321,ACC_0733,2025-04-19 01:00:00,449408.92,NEFT
TXN_01651,ACC_0068,ACC_0899,2024-11-27 22:00:00,363084.17,RTGS
TXN_01652,ACC_0141,ACC_0681,2025-02-20 06:00:00,434144.79,IMPS
TXN_01653,ACC_0121,ACC_0101,2025-02-23 00:00:00,190945.48,NEFT
TXN_01654,ACC_1032,ACC_0713,2025-04-22 13:00:00,318056.81,RTGS
TXN_01655,ACC_0307,ACC_0012,2025-09-16 23:00:00,221785.06,UPI
TXN_01656,ACC_0187,ACC_0976,2024-01-13 15:00:00,18050.25,NEFT
TXN_01657,ACC_0098,ACC_0809,2025-05-21 04:00:00,76046.54,RTGS
TXN_01658,ACC_0129,ACC_0061,2024-06-18 19:00:00,214367.91,RTGS
TXN_01659,ACC_0174,ACC_0719,2025-04-07 13:00:00,196113.52,UPI
TXN_01660,ACC_0145,ACC_0775,2024-12-27 08:00:00,171266.75,RTGS
TXN_01661,ACC_0517,ACC_0327,2025-03-16 16:00:00,405321.97,RTGS
TXN_01662,ACC_0191,ACC_0996,2024-08-01 18:00:00,335442.74,NEFT
TXN_01663,ACC_0424,ACC_0551,2025-11-14 20:00:00,415281.37,RTGS
TXN_01664,ACC_0555,ACC_0517,2025-08-03 10:00:00,38542.48,NEFT
TXN_01665,ACC_1011,ACC_0840,2026-08-05 11:00:00,141508.54,IMPS
TXN_01666,ACC_0387,ACC_0005,2025-10-10 04:00:00,59699.72,NEFT
TXN_01667,ACC_0714,ACC_0787,2025-09-30 01:00:00,87286.58,UPI
TXN_01668,ACC_0784,ACC_0194,2026-09-27 08:00:00,296792.21,IMPS
TXN_01669,ACC_0693,ACC_0255,2024-07-02 10:00:00,411077.58,RTGS
TXN_01670,ACC_0096,ACC_0841,2025-11-05 13:00:00,73542.35,NEFT
TXN_01671,ACC_0950,ACC_0094,2025-09-30 04:00:00,194518.32,IMPS
TXN_01672,ACC_1008,ACC_0496,2024-04-09 19:00:00,380150.15,RTGS
TXN_01673,ACC_0830,ACC_0866,2025-04-07 01:00:00,184368.75,NEFT
TXN_01674,ACC_1029,ACC_0423,2024-09-03 12:00:00,96986.82,IMPS
TXN_01675,ACC_0783,ACC_0214,2025-08-08 05:00:00,326597.79,UPI
TXN_01676,ACC_0642,ACC_0049,2025-04-16 17:00:00,291113.69,IMPS
TXN_01677,ACC_0843,ACC_0651,2024-09-16 18:00:00,440892.31,UPI
TXN_01678,ACC_0463,ACC_0813,2024-06-22 17:00:00,105522.27,NEFT
TXN_01679,ACC_0119,ACC_0510,2025-01-27 20:00:00,13468.05,UPI
TXN_01680,ACC_0248,ACC_0596,2025-10-11 21:00:00,162115.89,NEFT
TXN_01681,ACC_0521,ACC_0032,2025-08-20 00:00:00,135771.13,IMPS
TXN_01682,ACC_0812,ACC_0380,2025-08-12 00:00:00,166339.91,RTGS
TXN_01683,ACC_0801,ACC_0002,2024-12-04 11:00:00,4469.33,UPI
TXN_01684,ACC_0049,ACC_0622,2026-01-26 07:00:00,260628.89,NEFT
TXN_01685,ACC_0606,ACC_0432,2024-03-31 06:00:00,25962.58,IMPS
TXN_01686,ACC_0818,ACC_0937,2026-08-01 20:00:00,13599.42,NEFT
TXN_01687,ACC_0583,ACC_0210,2026-01-25 05:00:00,485950.31,NEFT
TXN_01688,ACC_0379,ACC_0180,2026-04-13 11:00:00,338381.35,NEFT
TXN_01689,ACC_0264,ACC_0673,2024-09-28 14:00:00,146147.46,UPI
TXN_01690,ACC_0691,ACC_0022,2025-09-23 23:00:00,344460.58,IMPS
TXN_01691,ACC_0772,ACC_0228,2025-05-21 01:00:00,123599.16,RTGS
TXN_01692,ACC_0950,ACC_0301,2025-11-21 19:00:00,226884.15,NEFT
TXN_01693,ACC_0208,ACC_0756,2025-08-13 04:00:00,246036.09,IMPS
TXN_01694,ACC_0654,ACC_0926,2025-10-09 15:00:00,257457.2,IMPS
TXN_01695,ACC_0308,ACC_0512,2024-05-16 01:00:00,65167.94,IMPS
TXN_01696,ACC_0682,ACC_0663,2025-05-27 12:00:00,252635.6,UPI
TXN_01697,ACC_0481,ACC_0611,2026-01-03 14:00:00,60536.81,UPI
TXN_01698,ACC_0166,ACC_0897,2024-07-08 08:00:00,82143.62,IMPS
TXN_01699,ACC_0754,ACC_0887,2025-01-14 23:00:00,137753.91,IMPS
TXN_01700,ACC_0558,ACC_1015,2024-10-25 01:00:00,252991.83,IMPS
TXN_01701,ACC_0220,ACC_0744,2024-05-26 09:00:00,353496.81,NEFT
TXN_01702,ACC_0541,ACC_0484,2025-04-12 06:00:00,24010.5,IMPS
TXN_01703,ACC_0717,ACC_1008,2026-01-30 19:00:00,165133.12,RTGS
TXN_01704,ACC_0411,ACC_0230,2025-04-04 23:00:00,119566.47,RTGS
TXN_01705,ACC_0072,ACC_0506,2024-03-04 03:00:00,251994.62,IMPS
TXN_01706,ACC_0389,ACC_0875,2024-11-09 00:00:00,124383.07,UPI
TXN_01707,ACC_0029,ACC_0250,2025-01-22 20:00:00,212952.6,RTGS
TXN_01708,ACC_0705,ACC_0658,2024-12-21 07:00:00,11757.32,NEFT
TXN_01709,ACC_0572,ACC_0771,2025-08-10 07:00:00,333445.77,IMPS
TXN_01710,ACC_0261,ACC_0221,2025-10-08 03:00:00,19451.27,IMPS
TXN_01711,ACC_0164,ACC_0257,2025-08-23 17:00:00,270543.27,NEFT
TXN_01712,ACC_0761,ACC_0103,2026-01-06 05:00:00,381812.32,UPI
TXN_01713,ACC_0502,ACC_1023,2025-08-01 19:00:00,174216.33,RTGS
TXN_01714,ACC_0250,ACC_0098,2025-10-22 18:00:00,42958.47,IMPS
TXN_01715,ACC_0458,ACC_0611,2025-04-28 19:00:00,441645.81,NEFT
TXN_01716,ACC_1012,ACC_0623,2026-10-18 20:00:00,220214.64,IMPS
TXN_01717,ACC_0231,ACC_0941,2025-06-02 15:00:00,246067.41,NEFT
TXN_01718,ACC_0080,ACC_0840,2024-08-25 05:00:00,220887.91,RTGS
TXN_01719,ACC_0855,ACC_0636,2024-11-28 15:00:00,384568.65,IMPS
TXN_01720,ACC_0884,ACC_0482,2024-07-31 13:00:00,432132.3,NEFT
TXN_01721,ACC_0568,ACC_0761,2025-05-03 19:00:00,90641.52,RTGS
TXN_01722,ACC_0046,ACC_0449,2026-01-09 20:00:00,412605.42,RTGS
TXN_01723,ACC_0533,ACC_0880,2026-06-21 18:00:00,93976.54,IMPS
TXN_01724,ACC_0723,ACC_0580,2024-02-11 11:00:00,431135.47,RTGS
TXN_01725,ACC_1037,ACC_0822,2025-06-05 18:00:00,401752.17,UPI
TXN_01726,ACC_1026,ACC_0798,2024-11-09 16:00:00,329215.7,UPI
TXN_01727,ACC_0421,ACC_0703,2025-12-12 06:00:00,381093.81,UPI
TXN_01728,ACC_0328,ACC_0556,2025-11-06 16:00:00,262474.44,NEFT
TXN_01729,ACC_0174,ACC_0416,2026-04-13 05:00:00,381229.75,RTGS
TXN_01730,ACC_0237,ACC_0975,2024-02-22 14:00:00,359203.51,UPI
TXN_01731,ACC_0770,ACC_0418,2024-07-14 05:00:00,125760.26,RTGS
TXN_01732,ACC_0989,ACC_0939,2026-06-03 22:00:00,123817.2,NEFT
TXN_01733,ACC_1029,ACC_0939,2025-08-07 01:00:00,279689.69,IMPS
TXN_01734,ACC_0735,ACC_0164,2024-04-01 07:00:00,337116.0,NEFT
TXN_01735,ACC_0914,ACC_0792,2024-11-28 04:00:00,418624.34,NEFT
TXN_01736,ACC_0582,ACC_0562,2025-02-22 05:00:00,489047.14,NEFT
TXN_01737,ACC_0872,ACC_1033,2026-09-29 11:00:00,133226.38,RTGS
TXN_01738,ACC_0707,ACC_0923,2026-06-14 03:00:00,108913.68,UPI
TXN_01739,ACC_1022,ACC_0757,2025-10-01 12:00:00,155812.44,RTGS
TXN_01740,ACC_0748,ACC_0719,2024-03-20 10:00:00,242764.54,RTGS
TXN_01741,ACC_0311,ACC_0828,2024-12-27 04:00:00,445490.7,UPI
TXN_01742,ACC_0559,ACC_0421,2025-09-05 11:00:00,206657.76,NEFT
TXN_01743,ACC_0395,ACC_0911,2024-07-01 06:00:00,400571.4,IMPS
TXN_01744,ACC_0584,ACC_1016,2026-05-02 02:00:00,440729.49,RTGS
TXN_01745,ACC_0226,ACC_0660,2026-10-29 23:00:00,164940.01,IMPS
TXN_01746,ACC_0877,ACC_0576,2024-03-09 06:00:00,209512.02,UPI
TXN_01747,ACC_0598,ACC_0164,2025-12-30 18:00:00,244547.88,RTGS
TXN_01748,ACC_0973,ACC_0605,2024-01-03 18:00:00,381204.88,RTGS
TXN_01749,ACC_0003,ACC_0275,2026-01-04 21:00:00,443413.46,RTGS
TXN_01750,ACC_0768,ACC_0295,2026-02-07 11:00:00,338656.53,NEFT
TXN_01751,ACC_0015,ACC_0518,2025-11-09 11:00:00,169164.99,UPI
TXN_01752,ACC_0930,ACC_0355,2026-07-18 16:00:00,307760.15,IMPS
TXN_01753,ACC_0157,ACC_0360,2025-01-02 04:00:00,90588.13,NEFT
TXN_01754,ACC_0039,ACC_0409,2026-08-23 07:00:00,95465.43,UPI
TXN_01755,ACC_0750,ACC_0808,2024-10-24 18:00:00,477377.98,IMPS
TXN_01756,ACC_0513,ACC_0028,2026-08-29 01:00:00,105652.97,NEFT
TXN_01757,ACC_0794,ACC_0444,2024-08-16 01:00:00,449157.81,RTGS
TXN_01758,ACC_0406,ACC_0009,2025-01-04 15:00:00,267191.21,NEFT
TXN_01759,ACC_0503,ACC_0550,2024-03-19 01:00:00,498513.9,RTGS
TXN_01760,ACC_0277,ACC_0563,2024-12-28 12:00:00,72302.57,UPI
TXN_01761,ACC_0828,ACC_0992,2026-05-05 15:00:00,235381.38,NEFT
TXN_01762,ACC_0634,ACC_0083,2026-03-19 01:00:00,297351.36,RTGS
TXN_01763,ACC_0535,ACC_0649,2024-12-06 14:00:00,47118.2,RTGS
TXN_01764,ACC_0478,ACC_0266,2026-08-18 13:00:00,218885.48,UPI
TXN_01765,ACC_0479,ACC_0259,2026-06-26 06:00:00,479444.44,NEFT
TXN_01766,ACC_0406,ACC_0540,2024-09-12 04:00:00,300366.36,NEFT
TXN_01767,ACC_0478,ACC_0996,2025-01-13 06:00:00,12273.19,RTGS
TXN_01768,ACC_0194,ACC_0356,2025-05-04 17:00:00,310514.21,UPI
TXN_01769,ACC_0511,ACC_0089,2024-02-26 05:00:00,339907.01,UPI
TXN_01770,ACC_0340,ACC_0802,2025-06-20 17:00:00,357830.81,NEFT
TXN_01771,ACC_0438,ACC_0048,2026-02-21 17:00:00,157186.59,NEFT
TXN_01772,ACC_0165,ACC_0934,2025-01-08 12:00:00,366291.55,UPI
TXN_01773,ACC_0878,ACC_0086,2025-09-17 14:00:00,205340.52,NEFT
TXN_01774,ACC_0843,ACC_0140,2025-12-03 04:00:00,332920.32,UPI
TXN_01775,ACC_0893,ACC_0817,2026-05-13 05:00:00,442873.27,UPI
TXN_01776,ACC_0341,ACC_0235,2025-07-16 18:00:00,486551.59,IMPS
TXN_01777,ACC_0178,ACC_0162,2024-04-10 10:00:00,211998.48,IMPS
TXN_01778,ACC_0577,ACC_0572,2025-09-07 04:00:00,155655.59,IMPS
TXN_01779,ACC_0105,ACC_0221,2024-12-03 07:00:00,377942.31,UPI
TXN_01780,ACC_0667,ACC_0730,2025-07-25 13:00:00,320807.28,IMPS
TXN_01781,ACC_0199,ACC_0169,2024-05-30 08:00:00,155439.51,UPI
TXN_01782,ACC_0432,ACC_0424,2025-05-13 21:00:00,21823.95,UPI
TXN_01783,ACC_0442,ACC_0853,2026-07-26 18:00:00,112109.41,UPI
TXN_01784,ACC_0972,ACC_0849,2025-01-17 17:00:00,312587.01,IMPS
TXN_01785,ACC_0608,ACC_0778,2026-04-25 06:00:00,283223.45,UPI
TXN_01786,ACC_0187,ACC_0007,2026-09-24 05:00:00,272838.07,IMPS
TXN_01787,ACC_0033,ACC_0021,2026-03-22 06:00:00,299343.62,IMPS
TXN_01788,ACC_0323,ACC_0700,2024-10-30 07:00:00,373682.6,RTGS
TXN_01789,ACC_1038,ACC_0341,2026-04-19 18:00:00,38043.29,IMPS
TXN_01790,ACC_0823,ACC_0078,2026-09-20 16:00:00,292742.33,RTGS
TXN_01791,ACC_0587,ACC_0257,2025-06-03 15:00:00,333426.81,RTGS
TXN_01792,ACC_0991,ACC_0566,2024-10-05 01:00:00,177084.49,RTGS
TXN_01793,ACC_0799,ACC_0132,2025-09-05 17:00:00,450861.99,UPI
TXN_01794,ACC_0011,ACC_0609,2025-04-21 01:00:00,466912.62,NEFT
TXN_01795,ACC_0720,ACC_0150,2024-09-27 14:00:00,359395.08,IMPS
TXN_01796,ACC_0993,ACC_1022,2025-04-20 03:00:00,402124.2,UPI
TXN_01797,ACC_0316,ACC_0695,2024-07-27 12:00:00,363919.09,NEFT
TXN_01798,ACC_0389,ACC_0155,2026-01-17 02:00:00,304293.44,UPI
TXN_01799,ACC_0371,ACC_0978,2025-09-24 14:00:00,34092.34,NEFT
TXN_01800,ACC_0700,ACC_0729,2024-04-03 00:00:00,331700.82,NEFT
TXN_01801,ACC_0241,ACC_0527,2026-10-02 05:00:00,163259.95,IMPS
TXN_01802,ACC_0651,ACC_0001,2026-04-20 03:00:00,306143.64,IMPS
TXN_01803,ACC_0792,ACC_0139,2024-02-24 03:00:00,184675.53,UPI
TXN_01804,ACC_0394,ACC_0539,2024-07-01 13:00:00,175406.34,IMPS
TXN_01805,ACC_0249,ACC_0462,2025-12-26 05:00:00,59780.84,UPI
TXN_01806,ACC_0238,ACC_0591,2024-02-12 13:00:00,401176.2,IMPS
TXN_01807,ACC_0026,ACC_0919,2025-07-01 09:00:00,364470.65,NEFT
TXN_01808,ACC_0834,ACC_0989,2025-07-08 18:00:00,448974.45,RTGS
TXN_01809,ACC_0577,ACC_0170,2024-07-31 09:00:00,192905.91,IMPS
TXN_01810,ACC_0130,ACC_0639,2025-03-23 05:00:00,350073.96,NEFT
TXN_01811,ACC_0514,ACC_0686,2024-09-23 19:00:00,93013.26,UPI
TXN_01812,ACC_0460,ACC_0495,2024-10-31 14:00:00,278391.55,IMPS
TXN_01813,ACC_0204,ACC_0248,2025-08-19 03:00:00,185405.86,RTGS
TXN_01814,ACC_0107,ACC_0279,2026-03-17 17:00:00,122985.33,UPI
TXN_01815,ACC_0622,ACC_0338,2026-10-24 10:00:00,131569.06,UPI
TXN_01816,ACC_0913,ACC_0898,2024-12-16 04:00:00,27957.23,UPI
TXN_01817,ACC_0267,ACC_0009,2024-10-14 01:00:00,451683.9,NEFT
TXN_01818,ACC_0273,ACC_0623,2025-08-31 12:00:00,79227.32,NEFT
TXN_01819,ACC_0509,ACC_0489,2024-05-13 00:00:00,232685.99,NEFT
TXN_01820,ACC_0393,ACC_0783,2024-03-16 08:00:00,11976.47,IMPS
TXN_01821,ACC_0412,ACC_0444,2024-08-03 10:00:00,110301.37,NEFT
TXN_01822,ACC_0271,ACC_0804,2024-08-09 10:00:00,311820.06,NEFT
TXN_01823,ACC_0391,ACC_0071,2025-10-07 12:00:00,121062.65,NEFT
TXN_01824,ACC_0577,ACC_0572,2026-06-11 03:00:00,414364.45,RTGS
TXN_01825,ACC_0116,ACC_0570,2025-11-01 02:00:00,404766.21,UPI
TXN_01826,ACC_0272,ACC_0440,2025-04-09 10:00:00,469133.96,IMPS
TXN_01827,ACC_0497,ACC_0525,2025-12-19 02:00:00,311836.98,NEFT
TXN_01828,ACC_0404,ACC_0085,2026-08-25 22:00:00,320029.32,RTGS
TXN_01829,ACC_0975,ACC_0559,2026-03-17 19:00:00,431045.57,UPI
TXN_01830,ACC_0750,ACC_0370,2026-08-18 12:00:00,266966.55,RTGS
TXN_01831,ACC_0805,ACC_0372,2026-08-28 02:00:00,424972.83,RTGS
TXN_01832,ACC_0125,ACC_0032,2024-05-01 23:00:00,399434.43,IMPS
TXN_01833,ACC_0904,ACC_0686,2025-02-06 04:00:00,261010.46,NEFT
TXN_01834,ACC_0234,ACC_0818,2024-09-15 03:00:00,353874.15,IMPS
TXN_01835,ACC_0862,ACC_0381,2024-04-17 03:00:00,485090.11,IMPS
TXN_01836,ACC_0280,ACC_0683,2025-03-02 17:00:00,438487.73,RTGS
TXN_01837,ACC_0660,ACC_0291,2024-08-30 06:00:00,151967.03,RTGS
TXN_01838,ACC_0759,ACC_0499,2026-04-12 03:00:00,308715.44,RTGS
TXN_01839,ACC_0722,ACC_0728,2026-03-26 22:00:00,278254.3,NEFT
TXN_01840,ACC_0733,ACC_0427,2024-10-20 01:00:00,42053.45,NEFT
TXN_01841,ACC_0108,ACC_0892,2024-11-07 19:00:00,419936.47,NEFT
TXN_01842,ACC_1019,ACC_0601,2026-02-07 06:00:00,110407.13,NEFT
TXN_01843,ACC_0179,ACC_0198,2026-05-08 11:00:00,442177.12,NEFT
TXN_01844,ACC_0951,ACC_0649,2025-06-22 20:00:00,100958.37,UPI
TXN_01845,ACC_0921,ACC_0682,2025-06-27 01:00:00,256661.8,IMPS
TXN_01846,ACC_0552,ACC_0722,2026-03-27 10:00:00,233856.16,UPI
TXN_01847,ACC_0143,ACC_0521,2026-04-23 08:00:00,468036.66,NEFT
TXN_01848,ACC_0687,ACC_0798,2024-11-15 06:00:00,181860.28,NEFT
TXN_01849,ACC_0850,ACC_0735,2026-09-01 09:00:00,63744.98,IMPS
TXN_01850,ACC_0437,ACC_0102,2026-04-18 22:00:00,329806.41,NEFT
TXN_01851,ACC_0235,ACC_0053,2024-07-05 21:00:00,248180.4,RTGS
TXN_01852,ACC_0736,ACC_0972,2026-04-04 23:00:00,433954.0,RTGS
TXN_01853,ACC_0471,ACC_0530,2024-01-31 16:00:00,288871.03,RTGS
TXN_01854,ACC_0063,ACC_0088,2026-05-25 15:00:00,403467.11,UPI
TXN_01855,ACC_0839,ACC_0036,2024-09-27 20:00:00,134201.45,RTGS
TXN_01856,ACC_0779,ACC_1001,2024-11-21 10:00:00,495983.01,RTGS
TXN_01857,ACC_0133,ACC_0825,2025-09-01 06:00:00,45252.78,UPI
TXN_01858,ACC_0421,ACC_0249,2025-09-14 03:00:00,58729.4,UPI
TXN_01859,ACC_0178,ACC_0523,2024-02-02 21:00:00,411082.02,IMPS
TXN_01860,ACC_0031,ACC_0434,2026-01-08 23:00:00,304255.45,RTGS
TXN_01861,ACC_0529,ACC_0458,2026-02-05 11:00:00,180259.55,IMPS
TXN_01862,ACC_0902,ACC_0412,2025-07-17 18:00:00,241510.47,RTGS
TXN_01863,ACC_0274,ACC_0103,2025-12-06 16:00:00,249250.49,IMPS
TXN_01864,ACC_0804,ACC_0599,2024-12-16 13:00:00,2612.57,IMPS
TXN_01865,ACC_0575,ACC_0528,2025-11-18 09:00:00,93235.67,UPI
TXN_01866,ACC_0800,ACC_0180,2026-09-06 18:00:00,408066.1,NEFT
TXN_01867,ACC_0415,ACC_0731,2025-08-23 14:00:00,201814.74,UPI
TXN_01868,ACC_0912,ACC_0010,2024-07-18 01:00:00,27317.21,RTGS
TXN_01869,ACC_0847,ACC_0641,2025-04-03 13:00:00,165263.77,NEFT
TXN_01870,ACC_0436,ACC_0833,2025-06-07 06:00:00,161582.95,NEFT
TXN_01871,ACC_0001,ACC_1037,2025-04-12 05:00:00,203853.75,RTGS
TXN_01872,ACC_0068,ACC_0101,2025-07-09 04:00:00,209174.01,NEFT
TXN_01873,ACC_0388,ACC_0976,2025-08-25 18:00:00,398188.61,UPI
TXN_01874,ACC_0710,ACC_0127,2024-12-08 02:00:00,393222.2,RTGS
TXN_01875,ACC_0991,ACC_0886,2025-10-19 09:00:00,352784.52,IMPS
TXN_01876,ACC_0789,ACC_0764,2026-01-14 00:00:00,370760.53,IMPS
TXN_01877,ACC_0708,ACC_0933,2025-06-28 13:00:00,284289.25,UPI
TXN_01878,ACC_1026,ACC_0249,2024-01-24 13:00:00,14810.72,NEFT
TXN_01879,ACC_0044,ACC_0471,2025-04-29 21:00:00,192254.78,NEFT
TXN_01880,ACC_1011,ACC_0942,2024-10-06 09:00:00,410391.47,IMPS
TXN_01881,ACC_0280,ACC_0441,2024-04-10 09:00:00,228568.51,NEFT
TXN_01882,ACC_0634,ACC_0554,2024-01-14 13:00:00,413526.58,IMPS
TXN_01883,ACC_0422,ACC_1018,2025-02-15 09:00:00,191324.4,IMPS
TXN_01884,ACC_0436,ACC_0498,2024-05-12 10:00:00,294516.45,IMPS
TXN_01885,ACC_0531,ACC_0042,2026-06-18 23:00:00,499708.25,RTGS
TXN_01886,ACC_0421,ACC_0379,2025-07-25 00:00:00,265198.4,UPI
TXN_01887,ACC_0599,ACC_0057,2026-02-07 21:00:00,453706.36,RTGS
TXN_01888,ACC_0895,ACC_0232,2026-07-15 22:00:00,220964.77,IMPS
TXN_01889,ACC_0461,ACC_0414,2025-05-10 10:00:00,121007.92,RTGS
TXN_01890,ACC_0121,ACC_0011,2026-09-21 20:00:00,207377.59,IMPS
TXN_01891,ACC_0919,ACC_0647,2024-09-29 15:00:00,405607.4,IMPS
TXN_01892,ACC_0398,ACC_0692,2024-03-13 18:00:00,150701.59,IMPS
TXN_01893,ACC_0258,ACC_0282,2025-06-26 05:00:00,398711.12,NEFT
TXN_01894,ACC_0926,ACC_0979,2026-02-27 15:00:00,196705.18,RTGS
TXN_01895,ACC_0785,ACC_0884,2026-08-20 03:00:00,225465.41,UPI
TXN_01896,ACC_0961,ACC_0663,2026-05-15 11:00:00,7762.66,UPI
TXN_01897,ACC_0518,ACC_0215,2025-05-10 06:00:00,225707.81,IMPS
TXN_01898,ACC_0444,ACC_0800,2024-01-03 07:00:00,304614.73,UPI
TXN_01899,ACC_0023,ACC_0876,2024-09-09 05:00:00,341846.71,UPI
TXN_01900,ACC_0106,ACC_0245,2024-08-10 11:00:00,311983.87,UPI
TXN_01901,ACC_0183,ACC_0867,2024-02-12 02:00:00,456867.55,IMPS
TXN_01902,ACC_0817,ACC_0473,2025-01-30 23:00:00,436774.21,NEFT
TXN_01903,ACC_0977,ACC_0332,2026-05-26 21:00:00,97262.71,UPI
TXN_01904,ACC_0277,ACC_0937,2025-02-24 09:00:00,75222.61,UPI
TXN_01905,ACC_1024,ACC_0536,2025-11-06 12:00:00,206901.57,IMPS
TXN_01906,ACC_0657,ACC_0913,2024-04-20 04:00:00,288318.49,IMPS
TXN_01907,ACC_0241,ACC_0618,2024-08-29 02:00:00,149914.08,UPI
TXN_01908,ACC_0165,ACC_0411,2026-06-08 04:00:00,420310.18,IMPS
TXN_01909,ACC_0923,ACC_0742,2024-04-24 03:00:00,311975.97,IMPS
TXN_01910,ACC_0571,ACC_0685,2025-12-05 16:00:00,363096.76,UPI
TXN_01911,ACC_0385,ACC_0743,2024-09-27 17:00:00,363899.6,NEFT
TXN_01912,ACC_0726,ACC_0532,2025-01-18 05:00:00,271825.59,NEFT
TXN_01913,ACC_0494,ACC_0535,2024-02-14 12:00:00,483433.55,RTGS
TXN_01914,ACC_0512,ACC_0396,2026-07-17 19:00:00,491203.39,RTGS
TXN_01915,ACC_0815,ACC_0477,2025-04-08 08:00:00,179117.76,NEFT
TXN_01916,ACC_0536,ACC_0291,2026-01-30 03:00:00,414748.85,NEFT
TXN_01917,ACC_0666,ACC_0950,2025-09-13 18:00:00,186332.74,RTGS
TXN_01918,ACC_0293,ACC_0469,2024-07-19 21:00:00,342409.38,RTGS
TXN_01919,ACC_0089,ACC_0115,2025-07-30 02:00:00,339966.61,UPI
TXN_01920,ACC_0517,ACC_0085,2024-03-02 14:00:00,253361.4,IMPS
TXN_01921,ACC_0379,ACC_0903,2024-07-24 21:00:00,236462.63,NEFT
TXN_01922,ACC_0333,ACC_0534,2024-11-13 15:00:00,287054.14,NEFT
TXN_01923,ACC_0204,ACC_0403,2026-05-23 08:00:00,486357.41,UPI
TXN_01924,ACC_0626,ACC_0250,2024-05-08 02:00:00,409727.22,NEFT
TXN_01925,ACC_0608,ACC_0281,2025-03-21 09:00:00,419245.25,NEFT
TXN_01926,ACC_0266,ACC_0636,2026-10-24 00:00:00,441925.23,NEFT
TXN_01927,ACC_1026,ACC_0294,2025-11-08 20:00:00,435279.27,NEFT
TXN_01928,ACC_0641,ACC_0717,2025-07-08 18:00:00,329224.78,UPI
TXN_01929,ACC_0277,ACC_0505,2026-01-17 11:00:00,399919.08,UPI
TXN_01930,ACC_0402,ACC_0609,2024-12-16 16:00:00,97659.56,IMPS
TXN_01931,ACC_1001,ACC_0211,2024-07-06 14:00:00,463399.37,NEFT
TXN_01932,ACC_0318,ACC_0756,2025-12-29 23:00:00,345058.45,NEFT
TXN_01933,ACC_0481,ACC_0453,2024-03-11 02:00:00,371885.7,UPI
TXN_01934,ACC_0283,ACC_0066,2025-05-07 06:00:00,212292.73,UPI
TXN_01935,ACC_0117,ACC_0575,2024-03-01 21:00:00,406036.16,UPI
TXN_01936,ACC_0723,ACC_0198,2025-11-30 07:00:00,437197.62,IMPS
TXN_01937,ACC_0474,ACC_0815,2024-11-13 10:00:00,396540.47,NEFT
TXN_01938,ACC_0491,ACC_0215,2025-07-07 22:00:00,381312.34,NEFT
TXN_01939,ACC_0604,ACC_0426,2024-11-28 07:00:00,218437.36,IMPS
TXN_01940,ACC_0109,ACC_0430,2025-06-29 17:00:00,37181.96,UPI
TXN_01941,ACC_0632,ACC_0956,2025-12-19 23:00:00,213742.05,UPI
TXN_01942,ACC_0703,ACC_0736,2024-03-14 20:00:00,185471.91,RTGS
TXN_01943,ACC_1009,ACC_0516,2024-12-16 15:00:00,417093.91,NEFT
TXN_01944,ACC_0496,ACC_0814,2024-07-14 19:00:00,383671.12,RTGS
TXN_01945,ACC_0912,ACC_0479,2024-10-14 22:00:00,245594.28,IMPS
TXN_01946,ACC_0235,ACC_1035,2024-10-01 06:00:00,61429.5,IMPS
TXN_01947,ACC_0895,ACC_0375,2025-11-22 10:00:00,478677.13,IMPS
TXN_01948,ACC_0501,ACC_0660,2025-07-22 14:00:00,425093.71,UPI
TXN_01949,ACC_0161,ACC_0900,2024-01-10 07:00:00,475469.99,IMPS
TXN_01950,ACC_0018,ACC_0193,2025-08-21 01:00:00,374340.49,UPI
TXN_01951,ACC_0423,ACC_0031,2026-01-24 10:00:00,384164.28,UPI
TXN_01952,ACC_0157,ACC_0402,2026-05-05 02:00:00,364185.28,NEFT
TXN_01953,ACC_0739,ACC_0273,2025-08-27 06:00:00,12286.21,NEFT
TXN_01954,ACC_0073,ACC_0918,2026-05-28 00:00:00,27181.68,RTGS
TXN_01955,ACC_0393,ACC_0547,2025-09-01 21:00:00,71770.53,NEFT
TXN_01956,ACC_0760,ACC_0425,2024-05-02 18:00:00,177268.99,UPI
TXN_01957,ACC_0234,ACC_0320,2024-08-18 13:00:00,163593.91,RTGS
TXN_01958,ACC_0626,ACC_0385,2025-04-11 04:00:00,125480.32,RTGS
TXN_01959,ACC_0394,ACC_0651,2025-04-06 03:00:00,198510.32,RTGS
TXN_01960,ACC_0839,ACC_0714,2025-11-01 12:00:00,112880.19,IMPS
TXN_01961,ACC_0779,ACC_0311,2024-02-04 15:00:00,199753.68,RTGS
TXN_01962,ACC_0340,ACC_0699,2026-10-25 20:00:00,51704.42,RTGS
TXN_01963,ACC_0338,ACC_0839,2025-01-02 00:00:00,41725.67,UPI
TXN_01964,ACC_0804,ACC_0383,2025-03-08 18:00:00,351092.35,RTGS
TXN_01965,ACC_0904,ACC_0213,2024-07-01 17:00:00,158386.2,NEFT
TXN_01966,ACC_0712,ACC_0663,2026-07-19 12:00:00,436965.05,NEFT
TXN_01967,ACC_0775,ACC_0903,2025-10-05 11:00:00,428283.89,IMPS
TXN_01968,ACC_0510,ACC_0431,2025-04-11 17:00:00,162685.52,UPI
TXN_01969,ACC_0595,ACC_0418,2024-06-03 02:00:00,237977.92,NEFT
TXN_01970,ACC_0646,ACC_0453,2026-10-26 03:00:00,381771.82,RTGS
TXN_01971,ACC_0368,ACC_0599,2025-08-03 17:00:00,365408.33,IMPS
TXN_01972,ACC_0146,ACC_0581,2024-04-30 16:00:00,264157.4,UPI
TXN_01973,ACC_0609,ACC_0999,2024-05-21 17:00:00,106843.68,UPI
TXN_01974,ACC_0036,ACC_0964,2025-05-17 02:00:00,226197.02,NEFT
TXN_01975,ACC_0422,ACC_0078,2024-03-03 22:00:00,176888.87,NEFT
TXN_01976,ACC_0400,ACC_1011,2024-11-14 00:00:00,130359.99,NEFT
TXN_01977,ACC_0005,ACC_0337,2025-02-20 13:00:00,164415.5,IMPS
TXN_01978,ACC_0976,ACC_0558,2026-04-28 18:00:00,424083.43,NEFT
TXN_01979,ACC_0458,ACC_0977,2024-03-15 13:00:00,439212.43,RTGS
TXN_01980,ACC_0707,ACC_0350,2024-07-20 11:00:00,466989.58,NEFT
TXN_01981,ACC_0364,ACC_0457,2026-09-14 12:00:00,348710.99,UPI
TXN_01982,ACC_0343,ACC_0739,2025-05-18 05:00:00,369408.81,NEFT
TXN_01983,ACC_0741,ACC_0443,2026-06-28 21:00:00,374339.68,RTGS
TXN_01984,ACC_0779,ACC_0804,2024-03-22 23:00:00,155975.54,RTGS
TXN_01985,ACC_0833,ACC_0484,2025-06-30 15:00:00,214477.58,RTGS
TXN_01986,ACC_0538,ACC_0264,2024-06-09 00:00:00,217387.62,UPI
TXN_01987,ACC_0796,ACC_0011,2026-06-24 18:00:00,417482.99,NEFT
TXN_01988,ACC_0109,ACC_0520,2025-08-17 17:00:00,101662.36,UPI
TXN_01989,ACC_0473,ACC_0468,2026-08-23 08:00:00,335265.18,UPI
TXN_01990,ACC_0888,ACC_0762,2025-11-18 03:00:00,175814.59,NEFT
TXN_01991,ACC_0578,ACC_0257,2024-01-16 22:00:00,422495.14,UPI
TXN_01992,ACC_0085,ACC_0847,2026-06-30 15:00:00,111807.78,RTGS
TXN_01993,ACC_0087,ACC_1000,2024-06-16 15:00:00,315932.01,RTGS
TXN_01994,ACC_0234,ACC_0441,2025-11-12 15:00:00,326013.29,IMPS
TXN_01995,ACC_0874,ACC_0092,2025-05-16 05:00:00,127574.96,UPI
TXN_01996,ACC_0849,ACC_0430,2025-03-27 10:00:00,194220.65,RTGS
TXN_01997,ACC_0469,ACC_0502,2026-07-02 02:00:00,435176.69,UPI
TXN_01998,ACC_0836,ACC_0116,2025-07-16 18:00:00,437770.04,UPI
TXN_01999,ACC_0385,ACC_0833,2026-02-19 06:00:00,84060.8,IMPS
TXN_02000,ACC_0212,ACC_0136,2026-09-29 09:00:00,117228.28,NEFT
TXN_02001,ACC_0060,ACC_0312,2024-02-29 19:00:00,187802.83,NEFT
TXN_02002,ACC_0579,ACC_0736,2026-07-26 00:00:00,398883.07,UPI
TXN_02003,ACC_0714,ACC_0787,2026-08-22 15:00:00,43443.88,UPI
TXN_02004,ACC_0787,ACC_0997,2024-02-19 11:00:00,359876.25,RTGS
TXN_02005,ACC_0612,ACC_0733,2026-07-20 21:00:00,442420.26,RTGS
TXN_02006,ACC_0847,ACC_0276,2024-07-22 04:00:00,278456.09,NEFT
TXN_02007,ACC_0181,ACC_0216,2025-04-01 07:00:00,175504.95,IMPS
TXN_02008,ACC_0928,ACC_0044,2026-03-22 19:00:00,405008.51,RTGS
TXN_02009,ACC_0975,ACC_0308,2026-08-25 16:00:00,198177.06,IMPS
TXN_02010,ACC_0389,ACC_0419,2025-05-10 20:00:00,320351.08,UPI
TXN_02011,ACC_1018,ACC_0101,2025-07-23 12:00:00,12209.85,NEFT
TXN_02012,ACC_0342,ACC_0099,2025-01-03 03:00:00,161368.76,RTGS
TXN_02013,ACC_0928,ACC_1029,2024-05-01 18:00:00,429937.9,IMPS
TXN_02014,ACC_0564,ACC_0424,2025-06-21 15:00:00,444413.55,RTGS
TXN_02015,ACC_0124,ACC_0249,2024-02-18 02:00:00,445733.05,IMPS
TXN_02016,ACC_0532,ACC_0526,2025-09-29 11:00:00,402593.36,IMPS
TXN_02017,ACC_0883,ACC_0978,2025-07-14 20:00:00,158501.07,IMPS
TXN_02018,ACC_0887,ACC_0701,2026-09-16 08:00:00,147405.15,RTGS
TXN_02019,ACC_0587,ACC_0066,2025-08-05 06:00:00,376380.15,NEFT
TXN_02020,ACC_0810,ACC_0672,2024-09-28 19:00:00,476884.92,UPI
TXN_02021,ACC_0876,ACC_0279,2026-05-18 06:00:00,146308.95,RTGS
TXN_02022,ACC_0172,ACC_0064,2025-06-01 15:00:00,358282.01,RTGS
TXN_02023,ACC_0705,ACC_0945,2026-02-07 10:00:00,429358.39,IMPS
TXN_02024,ACC_0356,ACC_1008,2024-01-28 21:00:00,425623.99,NEFT
TXN_02025,ACC_0710,ACC_0987,2025-06-04 23:00:00,214399.64,UPI
TXN_02026,ACC_0826,ACC_0840,2024-05-11 18:00:00,493224.6,IMPS
TXN_02027,ACC_0330,ACC_0697,2026-09-12 14:00:00,339953.26,UPI
TXN_02028,ACC_0566,ACC_1022,2024-11-22 07:00:00,2240.73,NEFT
TXN_02029,ACC_0435,ACC_0244,2025-06-27 10:00:00,364266.3,RTGS
TXN_02030,ACC_0499,ACC_0650,2025-10-21 00:00:00,52631.45,NEFT
TXN_02031,ACC_0552,ACC_0630,2026-10-30 10:00:00,387204.93,NEFT
TXN_02032,ACC_0143,ACC_0169,2024-07-10 10:00:00,128189.42,NEFT
TXN_02033,ACC_0656,ACC_0904,2024-05-17 01:00:00,37521.52,UPI
TXN_02034,ACC_0535,ACC_0464,2025-07-20 14:00:00,411452.26,RTGS
TXN_02035,ACC_0780,ACC_0619,2025-08-09 12:00:00,137612.15,NEFT
TXN_02036,ACC_0300,ACC_0411,2025-12-23 15:00:00,462021.48,IMPS
TXN_02037,ACC_0066,ACC_0263,2025-06-08 22:00:00,440493.41,UPI
TXN_02038,ACC_0409,ACC_0033,2026-01-07 00:00:00,20399.47,UPI
TXN_02039,ACC_0928,ACC_0981,2024-10-23 03:00:00,318648.8,IMPS
TXN_02040,ACC_0109,ACC_0668,2026-09-19 19:00:00,337840.93,NEFT
TXN_02041,ACC_0589,ACC_0535,2025-09-08 15:00:00,428962.66,UPI
TXN_02042,ACC_0125,ACC_0900,2024-08-30 03:00:00,57021.27,UPI
TXN_02043,ACC_0981,ACC_0600,2025-10-14 11:00:00,446035.43,RTGS
TXN_02044,ACC_0310,ACC_0150,2024-08-31 10:00:00,336505.0,RTGS
TXN_02045,ACC_0244,ACC_0504,2024-02-09 08:00:00,494540.41,NEFT
TXN_02046,ACC_0855,ACC_0095,2024-04-15 05:00:00,214414.02,UPI
TXN_02047,ACC_0759,ACC_0606,2025-05-19 18:00:00,226925.48,RTGS
TXN_02048,ACC_0137,ACC_0088,2024-02-14 16:00:00,379030.54,NEFT
TXN_02049,ACC_0481,ACC_0855,2026-07-08 15:00:00,148299.8,RTGS
TXN_02050,ACC_0991,ACC_0014,2026-01-15 17:00:00,358679.66,UPI
TXN_02051,ACC_0185,ACC_0357,2024-09-14 18:00:00,490577.78,NEFT
TXN_02052,ACC_0865,ACC_0689,2024-07-17 09:00:00,425295.04,IMPS
TXN_02053,ACC_0939,ACC_0630,2026-07-12 14:00:00,212520.36,NEFT
TXN_02054,ACC_0008,ACC_0537,2024-12-24 09:00:00,21341.89,NEFT
TXN_02055,ACC_0616,ACC_0535,2024-06-01 13:00:00,8926.13,RTGS
TXN_02056,ACC_0459,ACC_0115,2025-05-26 12:00:00,254236.79,UPI
TXN_02057,ACC_1034,ACC_0604,2024-06-05 18:00:00,150056.34,UPI
TXN_02058,ACC_0576,ACC_0859,2024-06-28 01:00:00,273419.04,NEFT
TXN_02059,ACC_0516,ACC_0411,2025-09-04 07:00:00,93465.04,IMPS
TXN_02060,ACC_0037,ACC_0715,2024-05-10 21:00:00,487560.41,IMPS
TXN_02061,ACC_0603,ACC_0526,2024-06-30 04:00:00,469656.42,UPI
TXN_02062,ACC_0446,ACC_0667,2024-06-29 09:00:00,376591.3,NEFT
TXN_02063,ACC_0231,ACC_0568,2025-05-17 10:00:00,407522.52,IMPS
TXN_02064,ACC_0046,ACC_0024,2025-06-17 19:00:00,37200.06,UPI
TXN_02065,ACC_0893,ACC_0719,2026-02-11 08:00:00,191697.73,UPI
TXN_02066,ACC_0245,ACC_0873,2025-04-28 04:00:00,4337.01,NEFT
TXN_02067,ACC_0621,ACC_0675,2024-01-07 10:00:00,58934.84,RTGS
TXN_02068,ACC_0273,ACC_0424,2026-07-19 00:00:00,65169.87,NEFT
TXN_02069,ACC_0865,ACC_0931,2026-03-02 10:00:00,143646.65,IMPS
TXN_02070,ACC_0871,ACC_0916,2026-08-27 01:00:00,204003.65,RTGS
TXN_02071,ACC_0193,ACC_0402,2026-07-03 09:00:00,494571.25,IMPS
TXN_02072,ACC_0758,ACC_0045,2026-09-12 01:00:00,254777.26,RTGS
TXN_02073,ACC_0600,ACC_0474,2025-12-27 22:00:00,90499.93,UPI
TXN_02074,ACC_0257,ACC_0804,2025-01-02 22:00:00,324259.92,IMPS
TXN_02075,ACC_0741,ACC_0866,2024-07-25 23:00:00,14214.56,RTGS
TXN_02076,ACC_0867,ACC_0330,2025-02-13 15:00:00,125559.01,UPI
TXN_02077,ACC_1012,ACC_0866,2025-09-11 17:00:00,365106.39,UPI
TXN_02078,ACC_0662,ACC_0408,2024-05-01 09:00:00,284117.46,RTGS
TXN_02079,ACC_0281,ACC_1025,2026-03-17 14:00:00,251327.7,IMPS
TXN_02080,ACC_0887,ACC_0596,2024-11-08 09:00:00,7726.7,NEFT
TXN_02081,ACC_0859,ACC_0433,2024-07-01 19:00:00,359540.1,IMPS
TXN_02082,ACC_0552,ACC_0296,2025-04-22 03:00:00,392179.11,NEFT
TXN_02083,ACC_0405,ACC_0836,2025-10-18 23:00:00,187479.52,NEFT
TXN_02084,ACC_0378,ACC_0580,2024-04-28 05:00:00,5613.17,NEFT
TXN_02085,ACC_0034,ACC_0030,2024-09-07 15:00:00,11539.9,IMPS
TXN_02086,ACC_0804,ACC_0724,2024-11-18 16:00:00,345155.38,NEFT
TXN_02087,ACC_0997,ACC_1032,2024-02-11 14:00:00,234791.34,NEFT
TXN_02088,ACC_0855,ACC_0218,2024-03-17 19:00:00,65718.63,RTGS
TXN_02089,ACC_0029,ACC_0403,2026-08-25 20:00:00,228987.5,IMPS
TXN_02090,ACC_0681,ACC_0406,2025-09-15 14:00:00,321449.0,NEFT
TXN_02091,ACC_0271,ACC_0030,2026-11-06 10:00:00,390167.85,IMPS
TXN_02092,ACC_0016,ACC_0912,2025-10-13 11:00:00,485778.21,IMPS
TXN_02093,ACC_0688,ACC_0451,2026-09-02 22:00:00,387062.35,RTGS
TXN_02094,ACC_0692,ACC_0054,2026-10-13 08:00:00,418961.24,NEFT
TXN_02095,ACC_0064,ACC_0410,2025-07-01 13:00:00,397703.61,NEFT
TXN_02096,ACC_1033,ACC_0371,2025-03-12 22:00:00,306751.43,NEFT
TXN_02097,ACC_0776,ACC_0236,2025-11-19 10:00:00,107460.57,IMPS
TXN_02098,ACC_0091,ACC_0113,2024-12-26 05:00:00,23575.46,IMPS
TXN_02099,ACC_0259,ACC_0359,2024-01-05 20:00:00,426715.59,IMPS
TXN_02100,ACC_0399,ACC_1007,2024-06-27 20:00:00,456601.33,NEFT
TXN_02101,ACC_1032,ACC_0818,2026-02-02 01:00:00,349686.89,NEFT
TXN_02102,ACC_1003,ACC_0772,2025-06-23 21:00:00,145893.53,RTGS
TXN_02103,ACC_0703,ACC_0607,2024-07-22 12:00:00,251208.61,IMPS
TXN_02104,ACC_0385,ACC_0172,2024-01-11 00:00:00,70680.4,UPI
TXN_02105,ACC_0352,ACC_0701,2026-01-13 11:00:00,334802.91,IMPS
TXN_02106,ACC_0333,ACC_0959,2026-08-06 08:00:00,253946.74,UPI
TXN_02107,ACC_0938,ACC_0591,2026-02-20 05:00:00,290331.18,NEFT
TXN_02108,ACC_0031,ACC_0920,2024-05-18 10:00:00,368665.6,UPI
TXN_02109,ACC_0790,ACC_0227,2024-03-19 06:00:00,358091.36,UPI
TXN_02110,ACC_0143,ACC_0298,2024-11-14 02:00:00,143753.66,IMPS
TXN_02111,ACC_0271,ACC_0750,2025-03-31 23:00:00,496665.01,IMPS
TXN_02112,ACC_0260,ACC_0695,2024-06-10 13:00:00,448981.27,IMPS
TXN_02113,ACC_0303,ACC_0921,2025-01-17 10:00:00,234536.19,UPI
TXN_02114,ACC_0761,ACC_0269,2025-08-03 13:00:00,457483.39,UPI
TXN_02115,ACC_0921,ACC_0746,2025-08-18 16:00:00,263305.4,IMPS
TXN_02116,ACC_0461,ACC_0836,2025-12-02 15:00:00,448104.13,UPI
TXN_02117,ACC_0169,ACC_0879,2026-08-01 01:00:00,36044.36,UPI
TXN_02118,ACC_0512,ACC_0811,2025-04-27 19:00:00,365291.34,NEFT
TXN_02119,ACC_0855,ACC_0448,2024-04-12 03:00:00,354228.29,NEFT
TXN_02120,ACC_0726,ACC_0731,2025-06-19 08:00:00,479077.52,RTGS
TXN_02121,ACC_0243,ACC_0701,2025-08-21 17:00:00,103795.0,UPI
TXN_02122,ACC_0096,ACC_0626,2024-01-26 10:00:00,419052.37,NEFT
TXN_02123,ACC_0095,ACC_0929,2024-03-27 08:00:00,463009.47,NEFT
TXN_02124,ACC_0033,ACC_0376,2025-03-31 21:00:00,259019.62,RTGS
TXN_02125,ACC_0896,ACC_0532,2026-09-04 19:00:00,144203.69,RTGS
TXN_02126,ACC_0922,ACC_0685,2025-12-05 12:00:00,399913.85,UPI
TXN_02127,ACC_0018,ACC_0580,2026-06-25 02:00:00,163990.81,IMPS
TXN_02128,ACC_0143,ACC_0934,2026-06-25 03:00:00,371506.59,RTGS
TXN_02129,ACC_0475,ACC_0709,2024-08-12 22:00:00,22132.66,NEFT
TXN_02130,ACC_0708,ACC_0720,2024-11-30 10:00:00,1185.31,UPI
TXN_02131,ACC_0837,ACC_0129,2025-11-05 13:00:00,353149.46,UPI
TXN_02132,ACC_0620,ACC_0399,2024-12-30 20:00:00,83874.56,RTGS
TXN_02133,ACC_0815,ACC_0539,2025-12-08 20:00:00,36442.73,NEFT
TXN_02134,ACC_0714,ACC_0104,2025-12-06 20:00:00,351093.21,IMPS
TXN_02135,ACC_0442,ACC_0291,2025-09-09 03:00:00,257340.29,NEFT
TXN_02136,ACC_0143,ACC_0256,2026-05-07 17:00:00,382341.17,RTGS
TXN_02137,ACC_0983,ACC_0726,2024-11-15 18:00:00,486276.12,UPI
TXN_02138,ACC_0474,ACC_0027,2024-09-21 08:00:00,284689.18,IMPS
TXN_02139,ACC_0723,ACC_0991,2024-08-29 18:00:00,47224.03,RTGS
TXN_02140,ACC_0859,ACC_0470,2026-06-16 21:00:00,258494.17,UPI
TXN_02141,ACC_0492,ACC_0180,2024-06-22 12:00:00,57836.72,NEFT
TXN_02142,ACC_0404,ACC_0736,2025-03-29 16:00:00,335757.88,IMPS
TXN_02143,ACC_0114,ACC_0182,2025-10-29 01:00:00,356643.77,NEFT
TXN_02144,ACC_0733,ACC_0687,2026-02-16 23:00:00,431491.4,IMPS
TXN_02145,ACC_0024,ACC_0852,2025-02-28 11:00:00,142988.51,UPI
TXN_02146,ACC_0750,ACC_0020,2025-10-22 07:00:00,287809.11,RTGS
TXN_02147,ACC_0477,ACC_0216,2026-03-19 18:00:00,102800.05,RTGS
TXN_02148,ACC_0682,ACC_0546,2024-04-17 14:00:00,324398.73,IMPS
TXN_02149,ACC_0761,ACC_0058,2025-09-15 16:00:00,30296.54,IMPS
TXN_02150,ACC_0776,ACC_1003,2024-02-17 06:00:00,247063.51,NEFT
TXN_02151,ACC_0880,ACC_0206,2026-06-22 20:00:00,293772.09,RTGS
TXN_02152,ACC_0371,ACC_0539,2026-09-09 21:00:00,81161.86,NEFT
TXN_02153,ACC_0873,ACC_0218,2025-04-24 23:00:00,162890.55,IMPS
TXN_02154,ACC_0251,ACC_0219,2025-08-22 09:00:00,309530.76,UPI
TXN_02155,ACC_0079,ACC_0950,2025-12-12 19:00:00,258276.48,IMPS
TXN_02156,ACC_0081,ACC_1033,2024-08-14 11:00:00,138431.49,UPI
TXN_02157,ACC_0176,ACC_0400,2026-08-16 23:00:00,53882.84,UPI
TXN_02158,ACC_0232,ACC_0426,2024-08-10 23:00:00,475458.78,RTGS
TXN_02159,ACC_0840,ACC_0921,2024-09-23 21:00:00,147691.17,NEFT
TXN_02160,ACC_0911,ACC_0648,2025-01-08 11:00:00,256202.26,IMPS
TXN_02161,ACC_0322,ACC_0931,2024-09-18 11:00:00,348345.26,UPI
TXN_02162,ACC_0098,ACC_0123,2026-07-03 08:00:00,370529.87,IMPS
TXN_02163,ACC_0798,ACC_0654,2024-11-16 19:00:00,407847.36,IMPS
TXN_02164,ACC_0001,ACC_0991,2026-05-29 03:00:00,495224.04,NEFT
TXN_02165,ACC_0689,ACC_0288,2025-11-19 23:00:00,380845.19,NEFT
TXN_02166,ACC_0596,ACC_0242,2026-10-25 05:00:00,44074.21,IMPS
TXN_02167,ACC_0826,ACC_0352,2025-03-17 14:00:00,404927.95,IMPS
TXN_02168,ACC_0726,ACC_0088,2024-04-10 02:00:00,394304.73,RTGS
TXN_02169,ACC_0518,ACC_0094,2024-10-20 11:00:00,155014.88,NEFT
TXN_02170,ACC_0412,ACC_0413,2026-05-28 22:00:00,36450.43,RTGS
TXN_02171,ACC_0920,ACC_0034,2025-04-15 08:00:00,479551.74,IMPS
TXN_02172,ACC_0043,ACC_0338,2025-11-26 16:00:00,218281.16,RTGS
TXN_02173,ACC_0341,ACC_0767,2025-12-12 13:00:00,416698.06,UPI
TXN_02174,ACC_0551,ACC_0290,2026-01-26 20:00:00,399696.53,IMPS
TXN_02175,ACC_0705,ACC_0115,2024-08-20 01:00:00,112387.14,RTGS
TXN_02176,ACC_0839,ACC_0562,2024-09-02 14:00:00,136556.15,UPI
TXN_02177,ACC_0400,ACC_0615,2024-05-24 06:00:00,97081.06,UPI
TXN_02178,ACC_0149,ACC_0102,2026-09-16 14:00:00,286563.09,RTGS
TXN_02179,ACC_0243,ACC_0565,2026-06-17 14:00:00,74450.73,IMPS
TXN_02180,ACC_0465,ACC_0968,2026-06-06 07:00:00,178551.64,RTGS
TXN_02181,ACC_0554,ACC_0961,2024-01-03 02:00:00,301232.8,NEFT
TXN_02182,ACC_0944,ACC_1017,2026-09-09 19:00:00,439864.69,NEFT
TXN_02183,ACC_0863,ACC_0972,2026-04-22 18:00:00,220574.52,IMPS
TXN_02184,ACC_0190,ACC_0146,2024-01-23 23:00:00,51404.31,RTGS
TXN_02185,ACC_0225,ACC_0487,2024-07-05 22:00:00,125168.04,NEFT
TXN_02186,ACC_0337,ACC_0602,2024-02-15 05:00:00,468935.42,IMPS
TXN_02187,ACC_0014,ACC_1019,2026-07-01 16:00:00,118331.52,NEFT
TXN_02188,ACC_0797,ACC_0853,2024-03-18 23:00:00,44036.77,IMPS
TXN_02189,ACC_0259,ACC_0102,2024-04-08 06:00:00,231484.4,IMPS
TXN_02190,ACC_0590,ACC_0784,2026-03-04 04:00:00,18641.61,UPI
TXN_02191,ACC_0668,ACC_0066,2026-01-09 23:00:00,169547.72,IMPS
TXN_02192,ACC_1004,ACC_0393,2024-05-24 12:00:00,340105.62,UPI
TXN_02193,ACC_0187,ACC_0875,2024-02-01 04:00:00,476107.0,RTGS
TXN_02194,ACC_0863,ACC_0526,2026-03-06 16:00:00,340286.19,RTGS
TXN_02195,ACC_0796,ACC_0150,2024-12-22 19:00:00,420930.91,IMPS
TXN_02196,ACC_0362,ACC_0314,2026-06-30 22:00:00,69541.11,RTGS
TXN_02197,ACC_0488,ACC_0149,2025-09-26 05:00:00,477511.44,RTGS
TXN_02198,ACC_0819,ACC_0596,2026-07-29 16:00:00,444716.65,RTGS
TXN_02199,ACC_0895,ACC_0796,2024-06-08 00:00:00,392507.01,NEFT
TXN_02200,ACC_0490,ACC_0608,2025-06-27 00:00:00,325443.1,UPI
TXN_02201,ACC_0839,ACC_0880,2024-05-07 08:00:00,115990.01,NEFT
TXN_02202,ACC_0403,ACC_1021,2026-04-27 06:00:00,248949.54,UPI
TXN_02203,ACC_0449,ACC_0489,2026-04-06 01:00:00,358683.37,NEFT
TXN_02204,ACC_0956,ACC_0033,2024-10-17 03:00:00,451464.13,RTGS
TXN_02205,ACC_0154,ACC_0800,2026-10-17 15:00:00,245527.57,NEFT
TXN_02206,ACC_0910,ACC_0839,2026-08-23 08:00:00,205620.66,RTGS
TXN_02207,ACC_0213,ACC_0646,2025-10-11 04:00:00,35356.54,IMPS
TXN_02208,ACC_0228,ACC_0384,2026-07-29 10:00:00,298685.84,UPI
TXN_02209,ACC_0254,ACC_0337,2026-05-01 20:00:00,328125.05,IMPS
TXN_02210,ACC_0479,ACC_0154,2024-04-13 03:00:00,23223.38,IMPS
TXN_02211,ACC_0872,ACC_0744,2025-01-10 06:00:00,236735.06,NEFT
TXN_02212,ACC_0293,ACC_1021,2026-08-03 15:00:00,403705.78,RTGS
TXN_02213,ACC_0304,ACC_0457,2025-02-05 14:00:00,230855.01,IMPS
TXN_02214,ACC_0027,ACC_0526,2024-04-24 02:00:00,65976.02,IMPS
TXN_02215,ACC_0703,ACC_0944,2024-01-06 04:00:00,424486.83,IMPS
TXN_02216,ACC_0444,ACC_0356,2026-10-01 05:00:00,68616.27,IMPS
TXN_02217,ACC_0700,ACC_0954,2025-02-02 13:00:00,279598.44,RTGS
TXN_02218,ACC_0845,ACC_0750,2026-01-29 02:00:00,89469.26,UPI
TXN_02219,ACC_0869,ACC_0385,2024-03-10 20:00:00,144906.34,IMPS
TXN_02220,ACC_0352,ACC_0971,2025-09-25 15:00:00,215694.96,UPI
TXN_02221,ACC_0184,ACC_0469,2024-07-28 19:00:00,201578.45,IMPS
TXN_02222,ACC_0727,ACC_0743,2024-07-29 22:00:00,386505.88,RTGS
TXN_02223,ACC_0146,ACC_0241,2026-10-13 02:00:00,354256.85,UPI
TXN_02224,ACC_0662,ACC_0512,2024-02-02 04:00:00,214669.39,RTGS
TXN_02225,ACC_0066,ACC_0460,2024-08-14 06:00:00,181113.44,RTGS
TXN_02226,ACC_0871,ACC_0785,2026-05-19 13:00:00,424445.39,RTGS
TXN_02227,ACC_0624,ACC_0776,2024-12-05 13:00:00,479579.89,IMPS
TXN_02228,ACC_0753,ACC_0668,2024-04-13 17:00:00,11590.83,RTGS
TXN_02229,ACC_0254,ACC_0881,2024-08-19 11:00:00,29661.23,IMPS
TXN_02230,ACC_0342,ACC_0664,2024-10-07 08:00:00,18126.59,UPI
TXN_02231,ACC_0969,ACC_0405,2025-07-10 04:00:00,392044.75,NEFT
TXN_02232,ACC_0104,ACC_0014,2026-09-30 11:00:00,36701.98,NEFT
TXN_02233,ACC_0022,ACC_0385,2024-03-31 08:00:00,323299.72,RTGS
TXN_02234,ACC_0714,ACC_0595,2026-02-09 18:00:00,164817.06,RTGS
TXN_02235,ACC_0142,ACC_0594,2024-03-03 01:00:00,104218.53,UPI
TXN_02236,ACC_0246,ACC_0743,2024-06-05 17:00:00,15403.94,UPI
TXN_02237,ACC_0065,ACC_0489,2026-07-17 05:00:00,152680.09,IMPS
TXN_02238,ACC_1034,ACC_0753,2026-10-25 17:00:00,100556.19,RTGS
TXN_02239,ACC_0593,ACC_0596,2026-02-17 20:00:00,89093.06,IMPS
TXN_02240,ACC_0870,ACC_0563,2024-11-18 07:00:00,454813.16,NEFT
TXN_02241,ACC_0295,ACC_0406,2025-08-29 11:00:00,39238.01,RTGS
TXN_02242,ACC_0653,ACC_0668,2024-07-14 13:00:00,236094.97,UPI
TXN_02243,ACC_0217,ACC_0493,2026-05-19 09:00:00,210003.06,NEFT
TXN_02244,ACC_0433,ACC_0957,2024-06-16 00:00:00,287908.69,IMPS
TXN_02245,ACC_0611,ACC_0298,2024-08-03 23:00:00,31414.2,UPI
TXN_02246,ACC_0046,ACC_0599,2025-08-24 09:00:00,421724.06,RTGS
TXN_02247,ACC_0018,ACC_0752,2025-12-02 11:00:00,240479.08,UPI
TXN_02248,ACC_1007,ACC_0721,2025-01-27 10:00:00,33428.43,IMPS
TXN_02249,ACC_0053,ACC_0754,2024-01-27 03:00:00,413673.18,NEFT
TXN_02250,ACC_0955,ACC_0287,2026-01-10 15:00:00,350914.41,NEFT
TXN_02251,ACC_0953,ACC_1034,2026-02-24 19:00:00,450195.22,NEFT
TXN_02252,ACC_0565,ACC_0330,2026-05-06 08:00:00,69945.08,RTGS
TXN_02253,ACC_0141,ACC_0850,2025-02-06 14:00:00,7863.27,UPI
TXN_02254,ACC_0175,ACC_0844,2024-01-14 14:00:00,7541.36,UPI
TXN_02255,ACC_0237,ACC_0947,2026-08-02 05:00:00,464005.09,IMPS
TXN_02256,ACC_0878,ACC_0854,2025-06-17 11:00:00,428387.07,RTGS
TXN_02257,ACC_0312,ACC_0357,2024-05-17 15:00:00,398644.58,UPI
TXN_02258,ACC_0891,ACC_0647,2024-11-17 18:00:00,436642.19,NEFT
TXN_02259,ACC_0652,ACC_0992,2026-01-18 14:00:00,216473.74,NEFT
TXN_02260,ACC_0998,ACC_0091,2024-03-29 08:00:00,353275.23,IMPS
TXN_02261,ACC_0562,ACC_0154,2026-02-05 22:00:00,84275.49,RTGS
TXN_02262,ACC_0351,ACC_0217,2025-06-06 18:00:00,219208.64,UPI
TXN_02263,ACC_0661,ACC_0246,2024-04-17 19:00:00,8456.18,RTGS
TXN_02264,ACC_0225,ACC_0431,2024-10-17 04:00:00,410252.71,NEFT
TXN_02265,ACC_0597,ACC_0449,2026-05-17 08:00:00,26687.43,RTGS
TXN_02266,ACC_0932,ACC_0673,2024-12-19 00:00:00,486285.21,NEFT
TXN_02267,ACC_0016,ACC_0266,2025-01-04 16:00:00,99473.81,NEFT
TXN_02268,ACC_0345,ACC_0240,2025-07-28 14:00:00,335921.85,UPI
TXN_02269,ACC_0824,ACC_0332,2026-03-16 12:00:00,499410.02,UPI
TXN_02270,ACC_0373,ACC_0736,2025-06-17 04:00:00,181301.43,IMPS
TXN_02271,ACC_0839,ACC_0074,2024-01-13 00:00:00,168915.11,NEFT
TXN_02272,ACC_1000,ACC_0905,2026-02-01 06:00:00,408160.03,UPI
TXN_02273,ACC_0421,ACC_0013,2024-09-24 22:00:00,478657.48,UPI
TXN_02274,ACC_0273,ACC_0469,2026-07-08 16:00:00,342671.27,IMPS
TXN_02275,ACC_0010,ACC_0276,2024-12-10 10:00:00,364058.11,NEFT
TXN_02276,ACC_0218,ACC_0689,2024-07-06 05:00:00,120518.03,IMPS
TXN_02277,ACC_0110,ACC_0074,2024-06-22 01:00:00,106963.18,IMPS
TXN_02278,ACC_0046,ACC_1004,2025-04-09 05:00:00,158047.1,IMPS
TXN_02279,ACC_0765,ACC_0066,2026-02-28 15:00:00,303073.76,UPI
TXN_02280,ACC_0393,ACC_0444,2024-10-06 17:00:00,172771.14,IMPS
TXN_02281,ACC_0211,ACC_0135,2024-06-16 08:00:00,415219.43,RTGS
TXN_02282,ACC_0220,ACC_0758,2025-06-09 03:00:00,91265.51,IMPS
TXN_02283,ACC_0378,ACC_0324,2026-09-02 08:00:00,437707.42,IMPS
TXN_02284,ACC_0429,ACC_0446,2026-02-18 17:00:00,218885.14,IMPS
TXN_02285,ACC_0149,ACC_0162,2025-05-19 20:00:00,294785.86,RTGS
TXN_02286,ACC_0340,ACC_0579,2025-06-23 05:00:00,87871.57,UPI
TXN_02287,ACC_0296,ACC_0568,2024-01-14 16:00:00,197655.95,IMPS
TXN_02288,ACC_0708,ACC_0517,2025-10-06 23:00:00,47107.41,IMPS
TXN_02289,ACC_0315,ACC_1003,2024-09-10 11:00:00,189148.0,NEFT
TXN_02290,ACC_0543,ACC_0157,2026-08-23 19:00:00,385041.18,UPI
TXN_02291,ACC_0631,ACC_0500,2025-12-29 16:00:00,481795.59,RTGS
TXN_02292,ACC_0665,ACC_0921,2024-12-17 08:00:00,144983.16,IMPS
TXN_02293,ACC_0969,ACC_0379,2024-01-12 14:00:00,52892.38,UPI
TXN_02294,ACC_0611,ACC_0267,2024-05-14 07:00:00,215348.46,IMPS
TXN_02295,ACC_0578,ACC_0567,2025-12-24 12:00:00,325058.32,NEFT
TXN_02296,ACC_0380,ACC_0187,2025-10-01 00:00:00,222872.41,UPI
TXN_02297,ACC_0548,ACC_0623,2025-05-12 07:00:00,389700.87,RTGS
TXN_02298,ACC_0571,ACC_0622,2026-03-30 15:00:00,142392.86,NEFT
TXN_02299,ACC_0831,ACC_0945,2024-09-10 21:00:00,405316.73,IMPS
TXN_02300,ACC_0367,ACC_0503,2025-11-23 06:00:00,9602.92,RTGS
TXN_02301,ACC_0257,ACC_1009,2026-04-05 01:00:00,493724.81,IMPS
TXN_02302,ACC_0544,ACC_0126,2026-09-05 08:00:00,448663.61,RTGS
TXN_02303,ACC_0715,ACC_0923,2024-11-30 04:00:00,276380.13,UPI
TXN_02304,ACC_0154,ACC_0504,2024-05-08 16:00:00,461867.83,NEFT
TXN_02305,ACC_0525,ACC_0811,2025-07-26 22:00:00,101654.31,UPI
TXN_02306,ACC_0759,ACC_0729,2024-01-28 02:00:00,257384.64,UPI
TXN_02307,ACC_0748,ACC_0315,2024-08-11 09:00:00,271856.03,UPI
TXN_02308,ACC_0127,ACC_0919,2025-04-09 13:00:00,335070.24,NEFT
TXN_02309,ACC_0374,ACC_0410,2026-06-18 19:00:00,150344.84,IMPS
TXN_02310,ACC_0306,ACC_0798,2024-02-13 06:00:00,153187.99,NEFT
TXN_02311,ACC_0051,ACC_0959,2024-04-25 22:00:00,269469.78,IMPS
TXN_02312,ACC_0134,ACC_0058,2025-07-04 09:00:00,67950.79,NEFT
TXN_02313,ACC_0186,ACC_0798,2026-07-10 04:00:00,311956.61,UPI
TXN_02314,ACC_0496,ACC_0136,2026-07-15 11:00:00,316076.71,IMPS
TXN_02315,ACC_0071,ACC_0657,2024-04-27 12:00:00,463370.84,UPI
TXN_02316,ACC_0405,ACC_0193,2026-02-06 12:00:00,274049.32,RTGS
TXN_02317,ACC_0208,ACC_0658,2025-01-19 00:00:00,89158.91,RTGS
TXN_02318,ACC_0023,ACC_0854,2025-08-13 05:00:00,325839.29,NEFT
TXN_02319,ACC_1001,ACC_0352,2026-03-16 10:00:00,80581.55,IMPS
TXN_02320,ACC_0403,ACC_0942,2026-02-12 23:00:00,288009.01,NEFT
TXN_02321,ACC_0219,ACC_0221,2024-09-08 20:00:00,139390.51,RTGS
TXN_02322,ACC_0150,ACC_0741,2025-04-01 10:00:00,191033.48,IMPS
TXN_02323,ACC_0064,ACC_0166,2025-03-11 01:00:00,366758.44,RTGS
TXN_02324,ACC_0828,ACC_1002,2024-10-28 19:00:00,407346.35,NEFT
TXN_02325,ACC_0864,ACC_0327,2024-06-11 22:00:00,50710.35,UPI
TXN_02326,ACC_0169,ACC_0344,2025-11-29 01:00:00,44297.15,IMPS
TXN_02327,ACC_0787,ACC_0004,2024-01-23 08:00:00,147089.25,RTGS
TXN_02328,ACC_0266,ACC_0201,2024-05-19 11:00:00,6459.43,IMPS
TXN_02329,ACC_0732,ACC_0956,2024-01-13 13:00:00,213107.78,IMPS
TXN_02330,ACC_0223,ACC_0103,2025-01-27 07:00:00,164028.6,RTGS
TXN_02331,ACC_0425,ACC_0642,2026-06-20 21:00:00,78510.71,RTGS
TXN_02332,ACC_0988,ACC_0805,2025-03-29 23:00:00,139559.51,IMPS
TXN_02333,ACC_0041,ACC_1019,2024-02-07 21:00:00,491186.19,UPI
TXN_02334,ACC_0627,ACC_0392,2024-07-15 04:00:00,168244.46,RTGS
TXN_02335,ACC_0216,ACC_0878,2024-12-18 00:00:00,434091.82,IMPS
TXN_02336,ACC_0857,ACC_0782,2026-11-06 01:00:00,4157.39,NEFT
TXN_02337,ACC_0605,ACC_0143,2026-06-12 16:00:00,131030.12,UPI
TXN_02338,ACC_0011,ACC_0113,2026-09-05 20:00:00,311296.35,NEFT
TXN_02339,ACC_1015,ACC_0826,2025-11-29 06:00:00,138544.82,RTGS
TXN_02340,ACC_0925,ACC_0272,2025-09-22 13:00:00,144432.38,UPI
TXN_02341,ACC_0066,ACC_0389,2026-04-29 00:00:00,81557.06,UPI
TXN_02342,ACC_0449,ACC_0477,2025-08-08 18:00:00,277065.06,RTGS
TXN_02343,ACC_0680,ACC_0070,2025-04-16 02:00:00,127637.99,NEFT
TXN_02344,ACC_0349,ACC_0883,2025-02-18 20:00:00,331908.27,IMPS
TXN_02345,ACC_0599,ACC_0335,2025-04-28 12:00:00,408066.94,NEFT
TXN_02346,ACC_0098,ACC_0637,2024-04-26 22:00:00,291092.75,NEFT
TXN_02347,ACC_0808,ACC_0339,2026-09-30 21:00:00,395771.78,UPI
TXN_02348,ACC_0558,ACC_0987,2026-09-13 16:00:00,424884.38,RTGS
TXN_02349,ACC_0199,ACC_0344,2024-08-07 10:00:00,417595.69,IMPS
TXN_02350,ACC_0172,ACC_0586,2025-04-27 14:00:00,430671.67,IMPS
TXN_02351,ACC_0221,ACC_0580,2025-05-28 15:00:00,107743.15,IMPS
TXN_02352,ACC_0027,ACC_0107,2025-06-30 16:00:00,176907.25,NEFT
TXN_02353,ACC_0600,ACC_0632,2025-12-25 11:00:00,224058.83,NEFT
TXN_02354,ACC_1020,ACC_0570,2024-05-30 05:00:00,19844.93,RTGS
TXN_02355,ACC_0913,ACC_0554,2025-07-28 06:00:00,86600.29,NEFT
TXN_02356,ACC_0069,ACC_0502,2025-08-08 16:00:00,393594.34,UPI
TXN_02357,ACC_0703,ACC_0997,2025-12-19 15:00:00,33072.42,UPI
TXN_02358,ACC_0998,ACC_0690,2025-10-04 02:00:00,227721.17,IMPS
TXN_02359,ACC_0161,ACC_0135,2025-06-01 22:00:00,7699.14,UPI
TXN_02360,ACC_0137,ACC_1027,2025-09-07 18:00:00,187174.61,IMPS
TXN_02361,ACC_0958,ACC_0276,2025-04-13 08:00:00,283669.5,NEFT
TXN_02362,ACC_1036,ACC_0780,2025-10-17 22:00:00,408768.63,NEFT
TXN_02363,ACC_0100,ACC_0633,2025-08-28 01:00:00,263023.7,IMPS
TXN_02364,ACC_0094,ACC_0204,2025-02-05 01:00:00,128210.16,UPI
TXN_02365,ACC_0919,ACC_0640,2025-05-31 08:00:00,114724.59,NEFT
TXN_02366,ACC_0410,ACC_0667,2024-05-09 21:00:00,227863.46,RTGS
TXN_02367,ACC_0577,ACC_0803,2024-08-06 00:00:00,213321.87,IMPS
TXN_02368,ACC_0434,ACC_0593,2026-11-05 05:00:00,318436.51,UPI
TXN_02369,ACC_0474,ACC_0746,2024-11-04 11:00:00,105023.86,RTGS
TXN_02370,ACC_0182,ACC_0822,2025-10-03 21:00:00,4599.75,NEFT
TXN_02371,ACC_0201,ACC_0489,2024-03-14 10:00:00,62794.61,NEFT
TXN_02372,ACC_0737,ACC_0136,2024-09-25 01:00:00,3418.47,IMPS
TXN_02373,ACC_0190,ACC_0904,2024-10-04 09:00:00,439906.24,UPI
TXN_02374,ACC_0695,ACC_0203,2025-02-24 18:00:00,291533.36,IMPS
TXN_02375,ACC_0496,ACC_0896,2025-09-28 10:00:00,317987.49,RTGS
TXN_02376,ACC_0192,ACC_0051,2026-05-24 02:00:00,421444.47,NEFT
TXN_02377,ACC_0891,ACC_0882,2024-02-29 05:00:00,165303.68,RTGS
TXN_02378,ACC_0252,ACC_0264,2024-08-18 14:00:00,186266.9,UPI
TXN_02379,ACC_0561,ACC_0748,2024-06-11 13:00:00,296932.3,RTGS
TXN_02380,ACC_0354,ACC_0628,2026-03-14 02:00:00,419054.25,NEFT
TXN_02381,ACC_0499,ACC_1038,2025-02-26 17:00:00,118832.55,UPI
TXN_02382,ACC_0476,ACC_0963,2025-11-15 06:00:00,348700.58,UPI
TXN_02383,ACC_0696,ACC_0220,2025-11-07 20:00:00,79358.05,RTGS
TXN_02384,ACC_0581,ACC_0089,2026-08-16 21:00:00,235015.87,RTGS
TXN_02385,ACC_0878,ACC_0762,2024-02-27 05:00:00,346076.03,NEFT
TXN_02386,ACC_0199,ACC_0987,2024-06-13 21:00:00,402089.22,RTGS
TXN_02387,ACC_0655,ACC_0599,2026-03-17 08:00:00,307112.27,IMPS
TXN_02388,ACC_0049,ACC_0814,2025-04-20 03:00:00,334582.14,UPI
TXN_02389,ACC_0735,ACC_0348,2025-07-25 02:00:00,30378.21,IMPS
TXN_02390,ACC_0588,ACC_0087,2024-05-18 20:00:00,50344.48,UPI
TXN_02391,ACC_0364,ACC_0686,2025-07-09 02:00:00,24158.29,RTGS
TXN_02392,ACC_0394,ACC_0174,2026-02-07 15:00:00,328997.87,IMPS
TXN_02393,ACC_0545,ACC_0031,2025-08-01 19:00:00,74031.47,NEFT
TXN_02394,ACC_0507,ACC_0282,2024-05-22 07:00:00,16663.52,UPI
TXN_02395,ACC_0347,ACC_0164,2025-06-01 20:00:00,122465.3,NEFT
TXN_02396,ACC_0588,ACC_0304,2025-07-13 21:00:00,452677.91,NEFT
TXN_02397,ACC_0939,ACC_0572,2025-08-24 23:00:00,224132.7,UPI
TXN_02398,ACC_0791,ACC_0640,2024-01-18 20:00:00,201855.46,RTGS
TXN_02399,ACC_0373,ACC_0392,2025-12-10 06:00:00,459870.62,UPI
TXN_02400,ACC_0425,ACC_0777,2026-05-26 11:00:00,108614.76,RTGS
TXN_02401,ACC_0381,ACC_0762,2026-10-19 08:00:00,349082.41,UPI
TXN_02402,ACC_0460,ACC_0667,2025-11-05 12:00:00,384380.92,UPI
TXN_02403,ACC_0822,ACC_0431,2025-04-15 21:00:00,485525.82,UPI
TXN_02404,ACC_0277,ACC_0502,2025-11-15 07:00:00,467857.31,RTGS
TXN_02405,ACC_0137,ACC_0773,2025-12-26 14:00:00,103139.15,RTGS
TXN_02406,ACC_0379,ACC_0290,2024-02-20 12:00:00,210471.78,NEFT
TXN_02407,ACC_0934,ACC_0321,2026-09-02 07:00:00,26597.17,RTGS
TXN_02408,ACC_0315,ACC_0109,2024-11-02 06:00:00,463394.15,RTGS
TXN_02409,ACC_0097,ACC_0585,2026-06-12 02:00:00,191293.99,UPI
TXN_02410,ACC_0545,ACC_0212,2024-10-07 09:00:00,321520.31,RTGS
TXN_02411,ACC_0591,ACC_0249,2024-10-18 05:00:00,471482.92,NEFT
TXN_02412,ACC_0823,ACC_0537,2025-03-04 20:00:00,406842.42,RTGS
TXN_02413,ACC_0648,ACC_0534,2026-06-27 13:00:00,282671.06,IMPS
TXN_02414,ACC_0559,ACC_0603,2024-04-28 04:00:00,439913.93,IMPS
TXN_02415,ACC_0145,ACC_0727,2026-08-08 05:00:00,210787.29,NEFT
TXN_02416,ACC_0196,ACC_0287,2024-07-28 06:00:00,117788.18,UPI
TXN_02417,ACC_0308,ACC_0136,2024-07-09 00:00:00,93901.83,NEFT
TXN_02418,ACC_0586,ACC_0845,2024-01-29 06:00:00,314115.38,IMPS
TXN_02419,ACC_0573,ACC_0289,2024-08-10 11:00:00,129290.15,UPI
TXN_02420,ACC_0998,ACC_0958,2026-04-27 18:00:00,42243.13,RTGS
TXN_02421,ACC_0597,ACC_0544,2024-03-28 01:00:00,82464.67,UPI
TXN_02422,ACC_0386,ACC_0402,2026-01-18 21:00:00,476365.16,IMPS
TXN_02423,ACC_0461,ACC_0567,2026-03-16 20:00:00,267493.85,RTGS
TXN_02424,ACC_0211,ACC_1003,2026-05-01 16:00:00,330688.59,UPI
TXN_02425,ACC_0300,ACC_0271,2025-08-18 06:00:00,430773.57,UPI
TXN_02426,ACC_0737,ACC_0975,2024-08-10 00:00:00,304312.86,RTGS
TXN_02427,ACC_0983,ACC_0243,2024-03-17 17:00:00,177667.84,NEFT
TXN_02428,ACC_0012,ACC_0535,2025-05-13 02:00:00,453492.39,IMPS
TXN_02429,ACC_0231,ACC_0873,2025-09-04 18:00:00,288627.61,UPI
TXN_02430,ACC_0790,ACC_0481,2025-08-04 00:00:00,382599.42,RTGS
TXN_02431,ACC_0711,ACC_0268,2024-06-23 05:00:00,180944.68,UPI
TXN_02432,ACC_0248,ACC_0412,2026-07-11 01:00:00,58568.56,IMPS
TXN_02433,ACC_0260,ACC_0341,2025-06-08 00:00:00,16660.56,IMPS
TXN_02434,ACC_0313,ACC_0626,2026-10-16 14:00:00,402489.65,UPI
TXN_02435,ACC_0396,ACC_0788,2024-10-03 19:00:00,103934.53,RTGS
TXN_02436,ACC_0111,ACC_1002,2024-05-26 02:00:00,383272.08,RTGS
TXN_02437,ACC_0294,ACC_0663,2024-01-31 03:00:00,229682.49,IMPS
TXN_02438,ACC_0909,ACC_0825,2024-04-29 10:00:00,117963.1,RTGS
TXN_02439,ACC_0605,ACC_0773,2026-05-22 20:00:00,175422.62,UPI
TXN_02440,ACC_0613,ACC_0743,2025-08-05 21:00:00,454184.55,NEFT
TXN_02441,ACC_0833,ACC_0584,2024-09-05 12:00:00,13673.22,UPI
TXN_02442,ACC_0689,ACC_0366,2024-08-14 05:00:00,287968.7,RTGS
TXN_02443,ACC_0242,ACC_0337,2025-03-19 16:00:00,490722.7,IMPS
TXN_02444,ACC_0470,ACC_0975,2026-03-18 08:00:00,277744.76,IMPS
TXN_02445,ACC_0517,ACC_0937,2026-04-14 00:00:00,465440.83,UPI
TXN_02446,ACC_0799,ACC_1034,2025-01-07 06:00:00,282621.82,UPI
TXN_02447,ACC_0057,ACC_0651,2025-09-27 21:00:00,107945.97,IMPS
TXN_02448,ACC_0930,ACC_0863,2024-05-01 09:00:00,96031.02,NEFT
TXN_02449,ACC_0979,ACC_0047,2025-07-27 16:00:00,160390.08,UPI
TXN_02450,ACC_0383,ACC_0665,2026-09-24 03:00:00,71301.14,RTGS
TXN_02451,ACC_0956,ACC_0118,2026-07-07 05:00:00,139760.39,UPI
TXN_02452,ACC_0464,ACC_0070,2025-01-30 09:00:00,192223.72,RTGS
TXN_02453,ACC_0579,ACC_0144,2026-09-24 21:00:00,492536.88,IMPS
TXN_02454,ACC_0990,ACC_0299,2024-02-21 17:00:00,358847.98,IMPS
TXN_02455,ACC_0013,ACC_0976,2026-04-13 04:00:00,99412.28,UPI
TXN_02456,ACC_0488,ACC_0057,2024-07-27 05:00:00,284661.24,RTGS
TXN_02457,ACC_0248,ACC_0811,2026-02-23 11:00:00,305154.48,NEFT
TXN_02458,ACC_0573,ACC_0329,2024-03-05 18:00:00,282373.31,IMPS
TXN_02459,ACC_0364,ACC_0992,2026-10-18 18:00:00,333520.44,UPI
TXN_02460,ACC_0561,ACC_0674,2025-04-11 13:00:00,358982.77,RTGS
TXN_02461,ACC_0114,ACC_0144,2026-06-24 13:00:00,432871.19,NEFT
TXN_02462,ACC_0846,ACC_0573,2024-04-15 20:00:00,172864.08,RTGS
TXN_02463,ACC_0564,ACC_1013,2024-03-09 02:00:00,206827.59,RTGS
TXN_02464,ACC_0476,ACC_0343,2026-06-25 03:00:00,182560.07,RTGS
TXN_02465,ACC_0771,ACC_0951,2026-09-07 08:00:00,191111.82,IMPS
TXN_02466,ACC_1039,ACC_0047,2024-07-18 14:00:00,277171.78,UPI
TXN_02467,ACC_0295,ACC_0390,2025-06-18 14:00:00,427307.0,UPI
TXN_02468,ACC_0463,ACC_0355,2026-01-03 20:00:00,57249.33,UPI
TXN_02469,ACC_0314,ACC_0310,2024-06-13 20:00:00,64614.05,IMPS
TXN_02470,ACC_0003,ACC_0872,2026-07-17 20:00:00,368976.58,NEFT
TXN_02471,ACC_0578,ACC_0800,2024-07-31 07:00:00,274766.48,NEFT
TXN_02472,ACC_0107,ACC_0251,2024-06-22 17:00:00,50787.82,UPI
TXN_02473,ACC_0274,ACC_0326,2024-08-15 05:00:00,6210.14,UPI
TXN_02474,ACC_0040,ACC_0772,2024-05-12 06:00:00,99741.55,UPI
TXN_02475,ACC_0328,ACC_0666,2025-09-04 23:00:00,495489.57,IMPS
TXN_02476,ACC_0886,ACC_0510,2024-01-25 06:00:00,147116.39,UPI
TXN_02477,ACC_0147,ACC_0623,2025-11-01 00:00:00,259475.78,RTGS
TXN_02478,ACC_0540,ACC_0339,2024-12-18 03:00:00,289557.16,NEFT
TXN_02479,ACC_1032,ACC_0879,2026-04-12 11:00:00,297923.27,IMPS
TXN_02480,ACC_0439,ACC_0946,2026-03-16 10:00:00,419812.1,NEFT
TXN_02481,ACC_0667,ACC_0823,2025-09-15 19:00:00,268984.12,IMPS
TXN_02482,ACC_0980,ACC_0379,2024-01-06 15:00:00,428901.64,IMPS
TXN_02483,ACC_0726,ACC_0152,2026-09-04 13:00:00,175369.61,IMPS
TXN_02484,ACC_0712,ACC_0384,2024-02-28 14:00:00,137946.69,UPI
TXN_02485,ACC_0078,ACC_0214,2025-09-11 13:00:00,133258.96,NEFT
TXN_02486,ACC_0762,ACC_0344,2024-05-29 06:00:00,403926.29,IMPS
TXN_02487,ACC_0859,ACC_0305,2024-05-04 17:00:00,437588.34,NEFT
TXN_02488,ACC_0031,ACC_0344,2024-10-05 00:00:00,247722.81,RTGS
TXN_02489,ACC_0801,ACC_0058,2024-09-05 02:00:00,135405.12,RTGS
TXN_02490,ACC_0831,ACC_0041,2026-06-02 05:00:00,166539.81,RTGS
TXN_02491,ACC_1012,ACC_0282,2025-11-16 08:00:00,11913.92,UPI
TXN_02492,ACC_0325,ACC_0007,2026-02-19 12:00:00,155475.34,UPI
TXN_02493,ACC_0346,ACC_0481,2024-11-28 18:00:00,391091.02,RTGS
TXN_02494,ACC_0533,ACC_0038,2025-07-24 06:00:00,197053.22,IMPS
TXN_02495,ACC_0706,ACC_0639,2024-11-09 08:00:00,13363.0,UPI
TXN_02496,ACC_0744,ACC_0385,2025-02-24 09:00:00,5345.14,RTGS
TXN_02497,ACC_0931,ACC_0747,2024-12-13 07:00:00,425046.63,RTGS
TXN_02498,ACC_0270,ACC_0414,2024-04-14 09:00:00,264814.47,NEFT
TXN_02499,ACC_0174,ACC_0630,2024-09-06 23:00:00,422064.18,NEFT
TXN_02500,ACC_0893,ACC_0195,2024-03-24 16:00:00,73188.7,RTGS
TXN_02501,ACC_0106,ACC_1029,2025-06-16 03:00:00,143317.42,NEFT
TXN_02502,ACC_0192,ACC_0976,2024-08-28 00:00:00,281410.0,UPI
TXN_02503,ACC_0298,ACC_0331,2025-05-21 03:00:00,145174.27,IMPS
TXN_02504,ACC_0379,ACC_0714,2024-01-01 04:00:00,25736.75,RTGS
TXN_02505,ACC_0515,ACC_0489,2025-03-07 09:00:00,489642.27,IMPS
TXN_02506,ACC_0376,ACC_0454,2025-08-21 23:00:00,368421.34,IMPS
TXN_02507,ACC_0008,ACC_0814,2025-01-24 13:00:00,383811.83,UPI
TXN_02508,ACC_0784,ACC_0734,2025-07-14 01:00:00,386643.62,RTGS
TXN_02509,ACC_0508,ACC_0376,2025-08-30 10:00:00,433061.38,IMPS
TXN_02510,ACC_0242,ACC_0370,2026-05-23 05:00:00,119356.04,IMPS
TXN_02511,ACC_0836,ACC_0602,2026-03-16 19:00:00,58965.91,UPI
TXN_02512,ACC_0816,ACC_0709,2024-02-12 13:00:00,407063.2,IMPS
TXN_02513,ACC_0720,ACC_0316,2024-01-07 07:00:00,4529.15,IMPS
TXN_02514,ACC_0630,ACC_0608,2025-07-20 16:00:00,266617.97,NEFT
TXN_02515,ACC_0494,ACC_0748,2025-08-05 10:00:00,369021.37,UPI
TXN_02516,ACC_0576,ACC_0536,2024-05-03 02:00:00,369314.47,NEFT
TXN_02517,ACC_0345,ACC_0809,2024-11-19 08:00:00,65056.02,NEFT
TXN_02518,ACC_0517,ACC_0003,2025-03-03 06:00:00,199841.27,UPI
TXN_02519,ACC_0859,ACC_0288,2024-05-06 14:00:00,273533.51,RTGS
TXN_02520,ACC_0532,ACC_0911,2024-02-22 14:00:00,448816.14,NEFT
TXN_02521,ACC_0089,ACC_0544,2024-09-28 15:00:00,463231.55,RTGS
TXN_02522,ACC_0342,ACC_0275,2024-03-03 01:00:00,582.58,RTGS
TXN_02523,ACC_0767,ACC_0243,2026-04-10 15:00:00,232869.06,IMPS
TXN_02524,ACC_0646,ACC_0847,2026-05-16 06:00:00,25901.86,RTGS
TXN_02525,ACC_0301,ACC_0373,2024-08-30 05:00:00,207597.87,NEFT
TXN_02526,ACC_0879,ACC_0819,2026-03-31 00:00:00,179810.18,NEFT
TXN_02527,ACC_0140,ACC_0034,2025-01-04 11:00:00,250275.73,RTGS
TXN_02528,ACC_0295,ACC_0466,2026-05-29 22:00:00,421285.61,RTGS
TXN_02529,ACC_0957,ACC_0480,2026-01-23 14:00:00,173429.32,RTGS
TXN_02530,ACC_0516,ACC_0414,2026-06-10 01:00:00,472973.13,UPI
TXN_02531,ACC_0738,ACC_0792,2024-09-26 08:00:00,471866.61,UPI
TXN_02532,ACC_0847,ACC_0464,2026-09-28 10:00:00,338920.83,NEFT
TXN_02533,ACC_0975,ACC_0109,2025-05-27 16:00:00,22042.53,RTGS
TXN_02534,ACC_0763,ACC_0297,2026-07-25 16:00:00,392917.7,UPI
TXN_02535,ACC_0300,ACC_0581,2024-03-25 05:00:00,477761.71,NEFT
TXN_02536,ACC_0754,ACC_1004,2026-01-28 14:00:00,4948.75,NEFT
TXN_02537,ACC_0522,ACC_0011,2025-09-13 06:00:00,129533.0,RTGS
TXN_02538,ACC_0126,ACC_0148,2024-06-09 22:00:00,56111.54,UPI
TXN_02539,ACC_0198,ACC_0734,2026-04-11 14:00:00,319716.07,UPI
TXN_02540,ACC_0838,ACC_0191,2025-09-20 03:00:00,7250.18,IMPS
TXN_02541,ACC_0083,ACC_0216,2026-08-24 07:00:00,235474.8,RTGS
TXN_02542,ACC_0881,ACC_0473,2025-12-15 07:00:00,403836.56,IMPS
TXN_02543,ACC_0510,ACC_0720,2024-01-03 16:00:00,237188.94,UPI
TXN_02544,ACC_0034,ACC_1031,2025-09-27 03:00:00,134688.93,IMPS
TXN_02545,ACC_0450,ACC_0578,2026-05-25 22:00:00,438388.08,IMPS
TXN_02546,ACC_0176,ACC_0099,2026-08-15 17:00:00,379159.36,RTGS
TXN_02547,ACC_0902,ACC_0531,2025-09-16 18:00:00,265860.88,NEFT
TXN_02548,ACC_0490,ACC_0313,2026-11-01 22:00:00,403780.64,IMPS
TXN_02549,ACC_1039,ACC_0810,2026-10-29 06:00:00,16410.17,UPI
TXN_02550,ACC_0295,ACC_0434,2026-07-11 19:00:00,205394.46,IMPS
TXN_02551,ACC_0700,ACC_0133,2024-08-17 21:00:00,203817.7,RTGS
TXN_02552,ACC_1028,ACC_0495,2025-01-31 18:00:00,199088.76,UPI
TXN_02553,ACC_0070,ACC_0157,2025-09-26 21:00:00,251782.64,NEFT
TXN_02554,ACC_0185,ACC_0014,2024-09-06 14:00:00,351567.73,RTGS
TXN_02555,ACC_0652,ACC_0595,2025-12-06 12:00:00,35951.83,RTGS
TXN_02556,ACC_0966,ACC_0919,2024-09-20 18:00:00,441559.54,IMPS
TXN_02557,ACC_0631,ACC_0874,2024-03-06 15:00:00,268235.22,NEFT
TXN_02558,ACC_0560,ACC_0539,2026-09-06 16:00:00,296558.55,NEFT
TXN_02559,ACC_0233,ACC_0790,2026-06-10 17:00:00,168357.03,IMPS
TXN_02560,ACC_0581,ACC_0262,2024-01-20 22:00:00,34735.77,IMPS
TXN_02561,ACC_0742,ACC_0627,2026-11-06 14:00:00,386637.23,IMPS
TXN_02562,ACC_0298,ACC_0215,2026-07-09 15:00:00,32352.26,NEFT
TXN_02563,ACC_0322,ACC_0553,2026-08-30 19:00:00,497476.26,UPI
TXN_02564,ACC_0521,ACC_0452,2025-12-05 06:00:00,70039.91,RTGS
TXN_02565,ACC_0919,ACC_0244,2026-06-15 12:00:00,38558.28,RTGS
TXN_02566,ACC_0970,ACC_0248,2024-07-27 16:00:00,33194.55,IMPS
TXN_02567,ACC_0504,ACC_0276,2025-03-05 01:00:00,493991.54,RTGS
TXN_02568,ACC_0314,ACC_0083,2026-04-04 07:00:00,256283.14,RTGS
TXN_02569,ACC_0976,ACC_0097,2024-03-05 14:00:00,279459.54,RTGS
TXN_02570,ACC_0271,ACC_0044,2025-02-24 23:00:00,481055.27,RTGS
TXN_02571,ACC_0495,ACC_0025,2026-05-04 17:00:00,205865.73,IMPS
TXN_02572,ACC_1008,ACC_0339,2025-09-11 03:00:00,94819.84,IMPS
TXN_02573,ACC_0586,ACC_0241,2024-05-03 15:00:00,97591.57,IMPS
TXN_02574,ACC_0396,ACC_1007,2025-11-11 07:00:00,474932.29,IMPS
TXN_02575,ACC_0269,ACC_0180,2025-03-08 16:00:00,479721.59,RTGS
TXN_02576,ACC_0148,ACC_0966,2024-06-20 22:00:00,155940.22,IMPS
TXN_02577,ACC_0400,ACC_0986,2026-05-12 19:00:00,390300.84,NEFT
TXN_02578,ACC_0829,ACC_0125,2025-04-05 15:00:00,86558.49,NEFT
TXN_02579,ACC_1005,ACC_0025,2024-02-08 14:00:00,115262.02,NEFT
TXN_02580,ACC_0241,ACC_0433,2025-05-14 01:00:00,447662.66,NEFT
TXN_02581,ACC_0682,ACC_0937,2025-11-16 16:00:00,154386.92,NEFT
TXN_02582,ACC_0880,ACC_0381,2024-03-18 01:00:00,51809.77,NEFT
TXN_02583,ACC_0189,ACC_0739,2024-07-31 14:00:00,423954.2,UPI
TXN_02584,ACC_0742,ACC_0465,2024-11-21 05:00:00,181838.71,UPI
TXN_02585,ACC_0988,ACC_0597,2025-04-15 04:00:00,476469.69,RTGS
TXN_02586,ACC_0967,ACC_0575,2026-06-24 18:00:00,464196.48,NEFT
TXN_02587,ACC_0812,ACC_0438,2026-04-22 06:00:00,23527.02,IMPS
TXN_02588,ACC_0764,ACC_0062,2024-01-27 21:00:00,77309.4,RTGS
TXN_02589,ACC_0255,ACC_0637,2024-08-28 08:00:00,318273.89,IMPS
TXN_02590,ACC_0643,ACC_0979,2025-07-30 19:00:00,394450.68,UPI
TXN_02591,ACC_0004,ACC_0881,2026-01-31 15:00:00,8021.43,RTGS
TXN_02592,ACC_0214,ACC_0309,2025-12-05 04:00:00,233462.57,RTGS
TXN_02593,ACC_0436,ACC_0579,2024-05-23 10:00:00,203413.87,UPI
TXN_02594,ACC_0667,ACC_0403,2024-08-29 08:00:00,367316.17,NEFT
TXN_02595,ACC_0297,ACC_0947,2025-05-04 10:00:00,122976.81,NEFT
TXN_02596,ACC_0834,ACC_0382,2026-11-03 20:00:00,292681.15,NEFT
TXN_02597,ACC_0697,ACC_0231,2026-07-13 22:00:00,257970.36,UPI
TXN_02598,ACC_0799,ACC_0428,2026-10-27 06:00:00,141070.86,UPI
TXN_02599,ACC_0750,ACC_0525,2025-07-15 21:00:00,189445.15,UPI
TXN_02600,ACC_0221,ACC_0566,2025-09-11 09:00:00,92960.54,NEFT
TXN_02601,ACC_0554,ACC_0051,2026-01-23 15:00:00,339346.03,RTGS
TXN_02602,ACC_0078,ACC_0916,2026-09-20 09:00:00,285315.48,UPI
TXN_02603,ACC_0357,ACC_0024,2025-08-08 21:00:00,458917.01,NEFT
TXN_02604,ACC_0935,ACC_0751,2025-05-14 11:00:00,394844.33,NEFT
TXN_02605,ACC_0540,ACC_0977,2025-06-11 00:00:00,105104.5,RTGS
TXN_02606,ACC_0506,ACC_0157,2025-12-20 18:00:00,188431.48,IMPS
TXN_02607,ACC_0539,ACC_0705,2026-03-24 20:00:00,209351.33,RTGS
TXN_02608,ACC_0348,ACC_0019,2025-05-30 00:00:00,348834.19,RTGS
TXN_02609,ACC_1016,ACC_0333,2025-04-06 07:00:00,171652.53,NEFT
TXN_02610,ACC_0378,ACC_0237,2024-04-24 12:00:00,360900.91,IMPS
TXN_02611,ACC_0137,ACC_0124,2024-02-18 05:00:00,16421.3,UPI
TXN_02612,ACC_0020,ACC_0475,2024-03-25 05:00:00,495793.05,NEFT
TXN_02613,ACC_0615,ACC_0861,2025-07-01 08:00:00,491162.73,NEFT
TXN_02614,ACC_0087,ACC_0627,2025-03-26 22:00:00,179775.45,IMPS
TXN_02615,ACC_0188,ACC_0961,2025-11-16 18:00:00,461405.29,NEFT
TXN_02616,ACC_0993,ACC_0636,2025-04-10 05:00:00,428751.27,UPI
TXN_02617,ACC_0495,ACC_0322,2025-01-10 11:00:00,390666.91,RTGS
TXN_02618,ACC_0013,ACC_0620,2025-09-06 17:00:00,391269.71,UPI
TXN_02619,ACC_0091,ACC_0525,2025-06-16 06:00:00,110073.58,IMPS
TXN_02620,ACC_0194,ACC_0691,2024-03-07 23:00:00,141456.06,IMPS
TXN_02621,ACC_0576,ACC_0732,2024-01-03 16:00:00,209392.3,NEFT
TXN_02622,ACC_0290,ACC_0531,2025-12-20 19:00:00,74099.99,UPI
TXN_02623,ACC_0450,ACC_0788,2025-07-25 13:00:00,162347.87,IMPS
TXN_02624,ACC_0791,ACC_0588,2025-03-14 19:00:00,246725.6,IMPS
TXN_02625,ACC_0784,ACC_0832,2025-03-05 06:00:00,102590.35,RTGS
TXN_02626,ACC_0048,ACC_0901,2024-11-19 05:00:00,60802.72,RTGS
TXN_02627,ACC_0467,ACC_0736,2024-01-05 23:00:00,399246.33,RTGS
TXN_02628,ACC_0062,ACC_0098,2025-06-28 12:00:00,285508.33,IMPS
TXN_02629,ACC_0671,ACC_0395,2024-11-05 20:00:00,467698.73,IMPS
TXN_02630,ACC_0116,ACC_0417,2026-01-15 12:00:00,104883.14,RTGS
TXN_02631,ACC_0082,ACC_0833,2026-09-17 13:00:00,3552.8,IMPS
TXN_02632,ACC_0343,ACC_0715,2024-03-08 02:00:00,83488.59,UPI
TXN_02633,ACC_0002,ACC_0845,2025-05-06 15:00:00,342545.41,RTGS
TXN_02634,ACC_0942,ACC_0955,2026-10-04 20:00:00,343653.06,IMPS
TXN_02635,ACC_0746,ACC_0124,2025-11-25 10:00:00,127144.89,UPI
TXN_02636,ACC_0527,ACC_0945,2024-09-29 06:00:00,142121.36,IMPS
TXN_02637,ACC_1034,ACC_0286,2025-11-14 05:00:00,426911.3,NEFT
TXN_02638,ACC_1014,ACC_0090,2025-06-27 23:00:00,153249.51,RTGS
TXN_02639,ACC_0090,ACC_0431,2025-01-17 23:00:00,103332.16,RTGS
TXN_02640,ACC_0728,ACC_0238,2025-05-22 23:00:00,69335.97,IMPS
TXN_02641,ACC_0324,ACC_0283,2024-08-20 21:00:00,20544.68,IMPS
TXN_02642,ACC_0647,ACC_0208,2024-08-26 10:00:00,456676.86,UPI
TXN_02643,ACC_0010,ACC_0171,2025-05-23 19:00:00,492298.21,UPI
TXN_02644,ACC_0242,ACC_0608,2025-02-11 03:00:00,213000.0,IMPS
TXN_02645,ACC_0908,ACC_0489,2024-12-23 17:00:00,29319.37,UPI
TXN_02646,ACC_0048,ACC_0285,2024-07-28 17:00:00,66447.56,UPI
TXN_02647,ACC_0064,ACC_0764,2024-09-27 20:00:00,289289.07,UPI
TXN_02648,ACC_0704,ACC_0777,2026-09-28 01:00:00,95550.25,NEFT
TXN_02649,ACC_0516,ACC_0593,2025-03-24 19:00:00,35283.41,UPI
TXN_02650,ACC_0161,ACC_0021,2025-12-02 09:00:00,201993.51,NEFT
TXN_02651,ACC_0020,ACC_0271,2024-11-16 11:00:00,188939.91,RTGS
TXN_02652,ACC_0869,ACC_0627,2025-02-23 04:00:00,206840.07,RTGS
TXN_02653,ACC_0169,ACC_1036,2026-04-23 17:00:00,108022.46,RTGS
TXN_02654,ACC_0689,ACC_0133,2024-09-08 20:00:00,354833.18,RTGS
TXN_02655,ACC_0795,ACC_0116,2025-10-17 02:00:00,100566.4,IMPS
TXN_02656,ACC_0968,ACC_0661,2024-03-09 18:00:00,294925.71,NEFT
TXN_02657,ACC_0357,ACC_0692,2024-11-24 00:00:00,23466.24,UPI
TXN_02658,ACC_0292,ACC_0467,2024-05-27 17:00:00,26444.46,RTGS
TXN_02659,ACC_0216,ACC_0531,2025-05-06 19:00:00,431128.68,RTGS
TXN_02660,ACC_0491,ACC_0271,2024-01-31 15:00:00,132055.72,RTGS
TXN_02661,ACC_0518,ACC_0024,2024-10-22 14:00:00,476718.9,UPI
TXN_02662,ACC_0342,ACC_0306,2026-04-10 22:00:00,240949.03,UPI
TXN_02663,ACC_0703,ACC_0579,2026-05-27 17:00:00,396324.82,RTGS
TXN_02664,ACC_0533,ACC_0995,2026-03-26 22:00:00,165060.53,UPI
TXN_02665,ACC_0833,ACC_0296,2024-08-09 16:00:00,175220.98,IMPS
TXN_02666,ACC_0776,ACC_0312,2025-07-27 17:00:00,97111.54,RTGS
TXN_02667,ACC_0712,ACC_0870,2025-05-07 12:00:00,184850.14,NEFT
TXN_02668,ACC_0982,ACC_0036,2025-07-27 01:00:00,204991.21,UPI
TXN_02669,ACC_0913,ACC_0133,2024-09-18 20:00:00,463988.57,RTGS
TXN_02670,ACC_0752,ACC_0754,2025-04-18 14:00:00,265440.92,UPI
TXN_02671,ACC_0767,ACC_0605,2026-02-12 15:00:00,280115.23,NEFT
TXN_02672,ACC_0162,ACC_0510,2025-06-22 16:00:00,236893.6,UPI
TXN_02673,ACC_0322,ACC_0703,2025-04-10 21:00:00,416468.36,NEFT
TXN_02674,ACC_0240,ACC_0174,2025-03-24 19:00:00,145997.43,IMPS
TXN_02675,ACC_0970,ACC_0584,2025-06-16 18:00:00,341269.0,IMPS
TXN_02676,ACC_0026,ACC_1032,2025-01-27 05:00:00,219020.78,IMPS
TXN_02677,ACC_0931,ACC_0370,2025-11-10 09:00:00,309056.97,UPI
TXN_02678,ACC_0103,ACC_0417,2025-08-25 02:00:00,228547.05,NEFT
TXN_02679,ACC_0322,ACC_0099,2026-05-31 23:00:00,78012.35,IMPS
TXN_02680,ACC_0170,ACC_0831,2025-04-08 19:00:00,61144.3,NEFT
TXN_02681,ACC_0444,ACC_0440,2024-04-03 03:00:00,317031.41,NEFT
TXN_02682,ACC_0670,ACC_0725,2024-10-24 06:00:00,48099.94,UPI
TXN_02683,ACC_0983,ACC_0138,2025-01-22 02:00:00,168793.4,NEFT
TXN_02684,ACC_0726,ACC_0246,2026-10-31 11:00:00,48622.31,NEFT
TXN_02685,ACC_0171,ACC_0079,2026-04-18 19:00:00,222327.23,RTGS
TXN_02686,ACC_0833,ACC_0687,2026-04-18 17:00:00,158199.39,UPI
TXN_02687,ACC_0813,ACC_0181,2024-08-14 13:00:00,117560.1,NEFT
TXN_02688,ACC_0311,ACC_0226,2026-01-17 02:00:00,304782.76,RTGS
TXN_02689,ACC_0169,ACC_0237,2024-12-12 01:00:00,57289.38,NEFT
TXN_02690,ACC_0676,ACC_0652,2024-07-11 09:00:00,385496.23,RTGS
TXN_02691,ACC_0360,ACC_1032,2024-12-04 18:00:00,114756.86,IMPS
TXN_02692,ACC_0876,ACC_0998,2024-06-27 12:00:00,186821.79,NEFT
TXN_02693,ACC_0884,ACC_0191,2024-05-27 10:00:00,418814.4,NEFT
TXN_02694,ACC_0114,ACC_0279,2024-12-14 19:00:00,224895.38,NEFT
TXN_02695,ACC_0036,ACC_0909,2026-03-02 08:00:00,242928.18,NEFT
TXN_02696,ACC_0198,ACC_0411,2025-06-21 21:00:00,452726.47,IMPS
TXN_02697,ACC_1039,ACC_0478,2025-08-11 18:00:00,411287.51,IMPS
TXN_02698,ACC_0954,ACC_0224,2025-09-27 22:00:00,139978.56,UPI
TXN_02699,ACC_0281,ACC_0741,2026-03-10 09:00:00,320753.31,NEFT
TXN_02700,ACC_0138,ACC_0139,2025-06-29 22:00:00,448225.58,NEFT
TXN_02701,ACC_0814,ACC_0171,2024-05-03 06:00:00,72452.24,UPI
TXN_02702,ACC_0826,ACC_0978,2024-01-05 01:00:00,134360.43,IMPS
TXN_02703,ACC_0708,ACC_0987,2026-02-18 07:00:00,245090.99,IMPS
TXN_02704,ACC_0012,ACC_0644,2026-10-20 15:00:00,322793.32,NEFT
TXN_02705,ACC_0995,ACC_0297,2024-11-19 16:00:00,52199.23,NEFT
TXN_02706,ACC_0698,ACC_0642,2024-12-12 20:00:00,52601.7,RTGS
TXN_02707,ACC_0554,ACC_0596,2024-12-04 14:00:00,309651.25,RTGS
TXN_02708,ACC_0805,ACC_0002,2026-06-24 23:00:00,454737.3,UPI
TXN_02709,ACC_0807,ACC_0715,2025-02-01 08:00:00,58372.55,NEFT
TXN_02710,ACC_0885,ACC_0393,2025-12-10 20:00:00,233469.99,IMPS
TXN_02711,ACC_0806,ACC_1003,2025-12-17 03:00:00,185313.52,NEFT
TXN_02712,ACC_0704,ACC_0878,2026-01-07 21:00:00,478886.42,NEFT
TXN_02713,ACC_0505,ACC_0061,2025-11-12 12:00:00,459718.73,IMPS
TXN_02714,ACC_0729,ACC_0447,2026-06-02 13:00:00,131843.39,IMPS
TXN_02715,ACC_0587,ACC_0645,2025-10-24 12:00:00,367609.03,UPI
TXN_02716,ACC_0855,ACC_0433,2024-02-14 14:00:00,285591.74,RTGS
TXN_02717,ACC_0917,ACC_0154,2024-05-23 18:00:00,65610.07,NEFT
TXN_02718,ACC_0800,ACC_0832,2025-04-05 13:00:00,299583.68,UPI
TXN_02719,ACC_0520,ACC_0007,2026-08-23 05:00:00,232108.04,RTGS
TXN_02720,ACC_0520,ACC_0319,2026-01-08 06:00:00,148815.84,NEFT
TXN_02721,ACC_0672,ACC_0571,2024-12-21 22:00:00,433629.53,NEFT
TXN_02722,ACC_0868,ACC_1035,2024-03-11 02:00:00,119017.17,RTGS
TXN_02723,ACC_0962,ACC_0397,2024-04-05 08:00:00,342509.61,NEFT
TXN_02724,ACC_0461,ACC_0136,2024-07-22 11:00:00,198343.28,RTGS
TXN_02725,ACC_0867,ACC_0996,2025-01-16 23:00:00,413731.88,UPI
TXN_02726,ACC_0082,ACC_0068,2025-05-03 14:00:00,216599.32,NEFT
TXN_02727,ACC_0123,ACC_0782,2025-05-31 16:00:00,377575.12,NEFT
TXN_02728,ACC_0412,ACC_0553,2024-11-26 02:00:00,125403.74,RTGS
TXN_02729,ACC_0534,ACC_0651,2026-08-29 15:00:00,476048.36,RTGS
TXN_02730,ACC_0140,ACC_0923,2024-04-22 12:00:00,415416.85,UPI
TXN_02731,ACC_0881,ACC_0014,2025-07-12 21:00:00,226145.12,RTGS
TXN_02732,ACC_0379,ACC_0014,2025-03-15 23:00:00,286665.3,RTGS
TXN_02733,ACC_1038,ACC_0629,2025-07-05 17:00:00,349624.39,IMPS
TXN_02734,ACC_0263,ACC_0048,2024-04-29 11:00:00,55637.96,IMPS
TXN_02735,ACC_0453,ACC_0141,2026-07-10 19:00:00,190688.37,NEFT
TXN_02736,ACC_0057,ACC_0109,2026-01-15 01:00:00,130584.44,RTGS
TXN_02737,ACC_0875,ACC_0219,2024-09-07 10:00:00,396412.64,IMPS
TXN_02738,ACC_0047,ACC_0534,2024-01-09 22:00:00,314943.27,RTGS
TXN_02739,ACC_0998,ACC_0974,2025-02-18 00:00:00,388635.37,UPI
TXN_02740,ACC_0067,ACC_0124,2024-06-02 08:00:00,300333.44,IMPS
TXN_02741,ACC_0127,ACC_0582,2026-03-16 23:00:00,27083.41,IMPS
TXN_02742,ACC_0559,ACC_0728,2026-10-22 08:00:00,280332.03,NEFT
TXN_02743,ACC_0246,ACC_0930,2026-03-08 15:00:00,90503.61,NEFT
TXN_02744,ACC_0800,ACC_0552,2025-05-03 22:00:00,344556.27,NEFT
TXN_02745,ACC_0759,ACC_0749,2025-06-12 13:00:00,476963.5,UPI
TXN_02746,ACC_0659,ACC_0998,2025-03-23 09:00:00,139300.4,UPI
TXN_02747,ACC_0912,ACC_0006,2025-03-31 18:00:00,468874.75,RTGS
TXN_02748,ACC_0488,ACC_0416,2026-03-02 13:00:00,293627.41,RTGS
TXN_02749,ACC_0441,ACC_0932,2025-02-21 13:00:00,279761.08,UPI
TXN_02750,ACC_0556,ACC_1039,2026-02-24 15:00:00,68554.88,IMPS
TXN_02751,ACC_0026,ACC_0884,2025-05-06 05:00:00,431724.73,RTGS
TXN_02752,ACC_0008,ACC_0531,2025-09-13 03:00:00,469893.81,IMPS
TXN_02753,ACC_0138,ACC_0598,2024-02-22 14:00:00,479505.87,IMPS
TXN_02754,ACC_0139,ACC_0393,2026-09-30 15:00:00,2495.85,NEFT
TXN_02755,ACC_0691,ACC_0284,2024-07-17 14:00:00,480299.69,RTGS
TXN_02756,ACC_0230,ACC_0348,2025-11-19 04:00:00,399074.61,IMPS
TXN_02757,ACC_0910,ACC_0918,2024-06-29 11:00:00,271801.53,RTGS
TXN_02758,ACC_0822,ACC_0837,2026-11-07 16:00:00,467892.86,UPI
TXN_02759,ACC_0444,ACC_1024,2025-04-29 17:00:00,80903.75,IMPS
TXN_02760,ACC_0431,ACC_0213,2025-06-16 07:00:00,254630.49,RTGS
TXN_02761,ACC_0298,ACC_0217,2024-03-12 05:00:00,139794.92,IMPS
TXN_02762,ACC_0379,ACC_0455,2025-12-16 07:00:00,326085.92,RTGS
TXN_02763,ACC_0874,ACC_0436,2026-02-25 01:00:00,480227.48,NEFT
TXN_02764,ACC_0544,ACC_0164,2024-01-18 18:00:00,239651.08,NEFT
TXN_02765,ACC_0539,ACC_0688,2026-08-12 06:00:00,377822.11,UPI
TXN_02766,ACC_0535,ACC_0362,2024-06-07 17:00:00,252315.16,IMPS
TXN_02767,ACC_0630,ACC_0715,2026-06-12 04:00:00,153475.19,NEFT
TXN_02768,ACC_0168,ACC_0738,2025-01-17 05:00:00,264533.64,UPI
TXN_02769,ACC_0064,ACC_0885,2025-06-12 14:00:00,127189.81,NEFT
TXN_02770,ACC_0258,ACC_0747,2025-07-31 20:00:00,31161.32,RTGS
TXN_02771,ACC_0831,ACC_0047,2024-01-09 01:00:00,384859.7,IMPS
TXN_02772,ACC_0720,ACC_0076,2024-12-13 19:00:00,296600.07,IMPS
TXN_02773,ACC_0416,ACC_0503,2024-10-28 01:00:00,276295.08,UPI
TXN_02774,ACC_0724,ACC_0262,2024-12-23 04:00:00,38635.91,NEFT
TXN_02775,ACC_0046,ACC_0096,2025-03-21 18:00:00,150368.72,RTGS
TXN_02776,ACC_0555,ACC_0138,2024-08-04 14:00:00,425666.1,RTGS
TXN_02777,ACC_0689,ACC_0110,2024-09-02 11:00:00,163086.99,NEFT
TXN_02778,ACC_0967,ACC_0720,2025-01-13 13:00:00,166605.67,IMPS
TXN_02779,ACC_0749,ACC_0108,2026-07-31 17:00:00,79890.45,UPI
TXN_02780,ACC_0314,ACC_0061,2026-04-16 23:00:00,78309.15,RTGS
TXN_02781,ACC_0744,ACC_0425,2024-04-02 16:00:00,281690.06,UPI
TXN_02782,ACC_0031,ACC_0546,2025-02-14 05:00:00,399353.55,UPI
TXN_02783,ACC_0455,ACC_0019,2025-11-02 03:00:00,196076.97,RTGS
TXN_02784,ACC_0510,ACC_0206,2024-04-05 20:00:00,88453.35,UPI
TXN_02785,ACC_0417,ACC_1036,2025-10-25 17:00:00,28566.08,RTGS
TXN_02786,ACC_0919,ACC_0380,2024-09-27 14:00:00,194278.4,UPI
TXN_02787,ACC_0822,ACC_0294,2024-03-15 17:00:00,345451.44,UPI
TXN_02788,ACC_0140,ACC_0264,2024-02-17 07:00:00,458871.17,IMPS
TXN_02789,ACC_1008,ACC_0758,2024-11-22 05:00:00,4674.09,NEFT
TXN_02790,ACC_0640,ACC_0770,2024-02-15 01:00:00,338114.06,NEFT
TXN_02791,ACC_0271,ACC_0943,2025-10-23 15:00:00,1078.45,RTGS
TXN_02792,ACC_0629,ACC_0963,2025-10-21 14:00:00,45482.96,NEFT
TXN_02793,ACC_0855,ACC_0044,2025-06-20 06:00:00,360085.01,UPI
TXN_02794,ACC_0575,ACC_0255,2024-08-03 15:00:00,188684.7,RTGS
TXN_02795,ACC_0577,ACC_0148,2024-03-24 08:00:00,468640.88,IMPS
TXN_02796,ACC_0330,ACC_0398,2025-12-16 06:00:00,220714.9,NEFT
TXN_02797,ACC_0398,ACC_0515,2024-12-20 09:00:00,417504.88,RTGS
TXN_02798,ACC_0513,ACC_0712,2025-09-22 23:00:00,373545.19,NEFT
TXN_02799,ACC_0237,ACC_0151,2026-10-20 22:00:00,58305.14,IMPS
TXN_02800,ACC_0680,ACC_0416,2025-06-03 22:00:00,342687.77,NEFT
TXN_02801,ACC_1018,ACC_0316,2026-03-31 05:00:00,240156.53,RTGS
TXN_02802,ACC_0376,ACC_0008,2025-06-12 16:00:00,411895.36,RTGS
TXN_02803,ACC_0956,ACC_0378,2024-01-29 04:00:00,141122.5,UPI
TXN_02804,ACC_0343,ACC_0107,2025-08-10 23:00:00,25712.52,NEFT
TXN_02805,ACC_0757,ACC_0771,2025-01-29 10:00:00,325138.02,IMPS
TXN_02806,ACC_0380,ACC_0863,2026-01-16 18:00:00,129759.03,NEFT
TXN_02807,ACC_0816,ACC_0192,2025-12-09 03:00:00,84482.88,NEFT
TXN_02808,ACC_0136,ACC_0208,2024-07-17 23:00:00,70477.74,IMPS
TXN_02809,ACC_0212,ACC_0228,2024-05-12 07:00:00,363669.82,IMPS
TXN_02810,ACC_0553,ACC_0938,2026-04-06 02:00:00,393567.8,UPI
TXN_02811,ACC_0310,ACC_0584,2026-08-05 14:00:00,105051.09,NEFT
TXN_02812,ACC_0566,ACC_0397,2024-01-16 01:00:00,111670.86,NEFT
TXN_02813,ACC_0040,ACC_0710,2026-08-06 08:00:00,34196.17,IMPS
TXN_02814,ACC_0248,ACC_0821,2024-10-19 19:00:00,169141.31,IMPS
TXN_02815,ACC_0461,ACC_0562,2024-08-26 18:00:00,249014.92,NEFT
TXN_02816,ACC_0785,ACC_1017,2024-04-04 10:00:00,118144.41,RTGS
TXN_02817,ACC_0247,ACC_0747,2024-02-16 23:00:00,70289.14,UPI
TXN_02818,ACC_0580,ACC_0159,2026-06-12 12:00:00,406002.94,NEFT
TXN_02819,ACC_0538,ACC_0425,2026-05-22 02:00:00,202117.5,RTGS
TXN_02820,ACC_0404,ACC_0441,2026-07-29 13:00:00,18917.93,UPI
TXN_02821,ACC_0853,ACC_0112,2025-08-03 20:00:00,199746.66,IMPS
TXN_02822,ACC_0969,ACC_0146,2025-06-12 15:00:00,387297.03,UPI
TXN_02823,ACC_0040,ACC_0267,2026-05-30 23:00:00,65734.83,IMPS
TXN_02824,ACC_0919,ACC_0449,2026-10-02 12:00:00,433001.61,UPI
TXN_02825,ACC_0094,ACC_0054,2025-09-25 07:00:00,436636.68,NEFT
TXN_02826,ACC_0461,ACC_1015,2026-05-17 10:00:00,36062.18,RTGS
TXN_02827,ACC_0886,ACC_1023,2024-03-07 13:00:00,376619.88,NEFT
TXN_02828,ACC_0462,ACC_0243,2025-06-01 16:00:00,346755.77,UPI
TXN_02829,ACC_0832,ACC_0082,2025-02-28 04:00:00,382562.07,IMPS
TXN_02830,ACC_0417,ACC_0854,2026-06-07 00:00:00,32456.01,IMPS
TXN_02831,ACC_1018,ACC_0633,2024-04-28 05:00:00,56621.4,RTGS
TXN_02832,ACC_0816,ACC_0559,2026-04-22 12:00:00,472510.33,UPI
TXN_02833,ACC_0401,ACC_0523,2024-03-14 21:00:00,251768.38,NEFT
TXN_02834,ACC_1036,ACC_0445,2026-08-12 18:00:00,385611.1,UPI
TXN_02835,ACC_0041,ACC_0900,2026-08-03 17:00:00,477504.98,NEFT
TXN_02836,ACC_0333,ACC_0839,2024-10-18 09:00:00,318496.54,NEFT
TXN_02837,ACC_0815,ACC_0481,2024-08-14 12:00:00,270392.39,IMPS
TXN_02838,ACC_0641,ACC_0164,2024-12-13 17:00:00,406561.12,RTGS
TXN_02839,ACC_0598,ACC_0828,2025-01-25 12:00:00,92395.45,NEFT
TXN_02840,ACC_0369,ACC_0518,2026-08-18 18:00:00,307051.34,IMPS
TXN_02841,ACC_0347,ACC_0339,2024-12-03 09:00:00,142086.6,IMPS
TXN_02842,ACC_1003,ACC_0672,2026-10-19 01:00:00,395874.85,UPI
TXN_02843,ACC_0500,ACC_0566,2024-09-15 09:00:00,330424.99,IMPS
TXN_02844,ACC_0835,ACC_0063,2024-03-06 18:00:00,115389.04,IMPS
TXN_02845,ACC_0510,ACC_0373,2024-07-30 04:00:00,96065.45,IMPS
TXN_02846,ACC_0743,ACC_0323,2025-01-25 10:00:00,16264.28,RTGS
TXN_02847,ACC_0638,ACC_0892,2026-09-13 11:00:00,156486.57,RTGS
TXN_02848,ACC_0165,ACC_0513,2025-06-17 21:00:00,283108.92,UPI
TXN_02849,ACC_0629,ACC_0331,2025-05-17 01:00:00,371734.84,NEFT
TXN_02850,ACC_0914,ACC_0743,2025-10-18 10:00:00,458906.49,RTGS
TXN_02851,ACC_0052,ACC_0115,2025-04-12 11:00:00,205362.09,IMPS
TXN_02852,ACC_0074,ACC_1003,2024-01-26 15:00:00,203017.68,NEFT
TXN_02853,ACC_0375,ACC_0365,2025-01-28 22:00:00,4310.83,UPI
TXN_02854,ACC_0210,ACC_0344,2024-01-03 18:00:00,345279.4,UPI
TXN_02855,ACC_0906,ACC_0792,2024-01-01 10:00:00,73538.31,IMPS
TXN_02856,ACC_0456,ACC_0713,2024-06-16 14:00:00,292808.87,IMPS
TXN_02857,ACC_0442,ACC_0610,2026-06-27 23:00:00,123112.64,RTGS
TXN_02858,ACC_0619,ACC_0921,2026-05-02 14:00:00,30760.22,IMPS
TXN_02859,ACC_0577,ACC_0301,2024-06-25 18:00:00,331262.74,NEFT
TXN_02860,ACC_0188,ACC_0688,2024-09-22 08:00:00,267207.52,UPI
TXN_02861,ACC_0045,ACC_0092,2025-01-03 11:00:00,257132.69,NEFT
TXN_02862,ACC_0318,ACC_0188,2024-10-26 21:00:00,152951.75,NEFT
TXN_02863,ACC_0269,ACC_0577,2026-04-10 11:00:00,198720.41,UPI
TXN_02864,ACC_1024,ACC_0569,2025-08-27 01:00:00,350926.32,NEFT
TXN_02865,ACC_0170,ACC_0024,2024-07-18 23:00:00,494946.19,UPI
TXN_02866,ACC_0799,ACC_0327,2025-07-09 15:00:00,137994.66,NEFT
TXN_02867,ACC_0039,ACC_0469,2026-08-10 17:00:00,109978.11,NEFT
TXN_02868,ACC_0127,ACC_0664,2025-12-23 15:00:00,75088.1,UPI
TXN_02869,ACC_0697,ACC_0566,2025-06-07 02:00:00,278092.08,NEFT
TXN_02870,ACC_0633,ACC_0422,2026-03-17 23:00:00,256301.34,NEFT
TXN_02871,ACC_0902,ACC_0614,2026-08-14 00:00:00,197772.68,IMPS
TXN_02872,ACC_0979,ACC_0303,2025-11-05 10:00:00,61411.95,UPI
TXN_02873,ACC_0419,ACC_0998,2025-05-19 03:00:00,121587.53,IMPS
TXN_02874,ACC_0644,ACC_0821,2026-03-11 04:00:00,398655.63,NEFT
TXN_02875,ACC_0838,ACC_0385,2025-10-30 00:00:00,127413.44,UPI
TXN_02876,ACC_0149,ACC_0557,2026-09-04 05:00:00,412600.82,UPI
TXN_02877,ACC_0623,ACC_0400,2024-08-08 18:00:00,263284.67,UPI
TXN_02878,ACC_0838,ACC_0444,2026-05-20 13:00:00,484909.46,UPI
TXN_02879,ACC_1007,ACC_0281,2025-06-24 03:00:00,343186.31,UPI
TXN_02880,ACC_0284,ACC_0974,2026-04-19 21:00:00,51839.58,RTGS
TXN_02881,ACC_0432,ACC_0073,2026-05-28 11:00:00,390352.66,RTGS
TXN_02882,ACC_0656,ACC_0069,2024-03-18 16:00:00,257578.92,RTGS
TXN_02883,ACC_0777,ACC_0822,2024-03-10 18:00:00,29138.5,UPI
TXN_02884,ACC_0737,ACC_0410,2025-06-24 06:00:00,320320.09,IMPS
TXN_02885,ACC_0394,ACC_0929,2026-06-30 17:00:00,2487.13,UPI
TXN_02886,ACC_0038,ACC_0231,2025-07-27 16:00:00,228566.35,UPI
TXN_02887,ACC_0738,ACC_0681,2024-10-20 17:00:00,351725.8,NEFT
TXN_02888,ACC_0391,ACC_0492,2026-01-11 01:00:00,13656.65,NEFT
TXN_02889,ACC_0978,ACC_0910,2024-09-04 08:00:00,263985.04,UPI
TXN_02890,ACC_0855,ACC_0396,2024-06-10 10:00:00,483030.73,IMPS
TXN_02891,ACC_0923,ACC_0468,2026-02-23 20:00:00,158255.05,UPI
TXN_02892,ACC_0771,ACC_0896,2025-01-04 18:00:00,469407.78,IMPS
TXN_02893,ACC_0725,ACC_1029,2026-06-01 09:00:00,146800.27,IMPS
TXN_02894,ACC_0085,ACC_0027,2025-01-10 11:00:00,415411.69,IMPS
TXN_02895,ACC_1000,ACC_0121,2026-02-11 20:00:00,442241.82,RTGS
TXN_02896,ACC_0200,ACC_0762,2024-05-21 07:00:00,269787.23,RTGS
TXN_02897,ACC_0233,ACC_0742,2024-11-25 12:00:00,147754.92,RTGS
TXN_02898,ACC_1002,ACC_0532,2024-06-28 17:00:00,240401.59,RTGS
TXN_02899,ACC_0334,ACC_0297,2024-08-13 10:00:00,246808.09,NEFT
TXN_02900,ACC_0121,ACC_0978,2025-10-11 02:00:00,379877.44,IMPS
TXN_02901,ACC_0194,ACC_0813,2024-05-15 05:00:00,413066.52,UPI
TXN_02902,ACC_0309,ACC_0908,2024-03-18 09:00:00,117354.2,IMPS
TXN_02903,ACC_0683,ACC_0573,2025-09-24 02:00:00,51670.99,NEFT
TXN_02904,ACC_0252,ACC_0321,2026-05-14 17:00:00,432137.11,IMPS
TXN_02905,ACC_0809,ACC_0189,2024-09-12 15:00:00,299452.75,RTGS
TXN_02906,ACC_0374,ACC_0175,2024-08-27 04:00:00,256866.24,NEFT
TXN_02907,ACC_0056,ACC_0337,2025-01-08 12:00:00,301837.34,RTGS
TXN_02908,ACC_0225,ACC_0893,2024-10-01 11:00:00,26799.05,IMPS
TXN_02909,ACC_0977,ACC_0856,2026-04-04 05:00:00,495018.7,NEFT
TXN_02910,ACC_0895,ACC_0983,2025-01-18 13:00:00,273740.7,IMPS
TXN_02911,ACC_0374,ACC_0792,2024-04-15 01:00:00,474028.5,UPI
TXN_02912,ACC_0682,ACC_0288,2026-07-04 21:00:00,45451.03,NEFT
TXN_02913,ACC_0948,ACC_0500,2026-01-22 21:00:00,197238.1,NEFT
TXN_02914,ACC_0493,ACC_0471,2025-07-05 16:00:00,420964.92,RTGS
TXN_02915,ACC_0884,ACC_0681,2025-08-03 11:00:00,338019.17,IMPS
TXN_02916,ACC_0481,ACC_0072,2025-01-29 08:00:00,298411.84,UPI
TXN_02917,ACC_1025,ACC_0023,2024-02-17 17:00:00,134916.15,UPI
TXN_02918,ACC_0519,ACC_0540,2024-09-18 03:00:00,367428.83,IMPS
TXN_02919,ACC_0147,ACC_0645,2025-03-01 23:00:00,412468.44,IMPS
TXN_02920,ACC_0853,ACC_0825,2025-12-11 05:00:00,39503.51,RTGS
TXN_02921,ACC_1003,ACC_0646,2024-12-26 11:00:00,387828.03,IMPS
TXN_02922,ACC_0917,ACC_0183,2025-10-18 16:00:00,275999.12,IMPS
TXN_02923,ACC_0504,ACC_0634,2025-05-29 23:00:00,175804.75,RTGS
TXN_02924,ACC_0641,ACC_0332,2025-01-18 11:00:00,336981.02,RTGS
TXN_02925,ACC_0700,ACC_0851,2026-10-10 03:00:00,98234.67,UPI
TXN_02926,ACC_0487,ACC_0659,2024-02-16 11:00:00,330029.17,RTGS
TXN_02927,ACC_0643,ACC_0828,2025-11-26 05:00:00,213581.13,RTGS
TXN_02928,ACC_0379,ACC_0414,2024-11-16 14:00:00,96724.3,UPI
TXN_02929,ACC_0334,ACC_0677,2025-04-01 16:00:00,371538.72,RTGS
TXN_02930,ACC_0739,ACC_0199,2025-12-13 05:00:00,92222.08,NEFT
TXN_02931,ACC_0988,ACC_0365,2024-12-26 19:00:00,302738.46,NEFT
TXN_02932,ACC_0671,ACC_0773,2024-02-02 16:00:00,82083.77,NEFT
TXN_02933,ACC_0849,ACC_0979,2024-12-20 15:00:00,13008.08,NEFT
TXN_02934,ACC_0239,ACC_0764,2025-11-05 13:00:00,165190.44,UPI
TXN_02935,ACC_0305,ACC_0372,2026-05-28 11:00:00,139867.29,UPI
TXN_02936,ACC_0996,ACC_0694,2025-01-25 19:00:00,324598.03,UPI
TXN_02937,ACC_0330,ACC_0906,2025-01-19 20:00:00,411959.97,RTGS
TXN_02938,ACC_0959,ACC_0590,2024-02-06 08:00:00,15567.12,IMPS
TXN_02939,ACC_0605,ACC_0154,2025-02-16 22:00:00,90230.41,RTGS
TXN_02940,ACC_0943,ACC_0104,2024-08-12 14:00:00,318048.84,NEFT
TXN_02941,ACC_0245,ACC_0652,2026-10-29 12:00:00,393006.84,RTGS
TXN_02942,ACC_0480,ACC_0277,2026-10-17 17:00:00,138029.62,UPI
TXN_02943,ACC_0184,ACC_0039,2026-04-16 15:00:00,381887.44,UPI
TXN_02944,ACC_0939,ACC_0142,2025-05-11 08:00:00,217012.76,IMPS
TXN_02945,ACC_0335,ACC_1035,2026-08-10 02:00:00,364092.13,IMPS
TXN_02946,ACC_0806,ACC_0634,2024-10-14 12:00:00,298142.05,RTGS
TXN_02947,ACC_0110,ACC_0342,2026-04-22 03:00:00,36086.73,UPI
TXN_02948,ACC_0469,ACC_0631,2025-12-09 07:00:00,450694.61,RTGS
TXN_02949,ACC_0061,ACC_1037,2025-11-13 13:00:00,439107.51,RTGS
TXN_02950,ACC_0321,ACC_0653,2024-02-10 09:00:00,366609.89,IMPS
TXN_02951,ACC_0114,ACC_1039,2025-04-06 07:00:00,19898.15,UPI
TXN_02952,ACC_0392,ACC_0559,2024-03-30 07:00:00,150665.69,NEFT
TXN_02953,ACC_0540,ACC_0921,2026-02-22 18:00:00,412138.35,NEFT
TXN_02954,ACC_0088,ACC_0279,2025-05-03 10:00:00,105822.76,RTGS
TXN_02955,ACC_0541,ACC_0250,2025-03-03 06:00:00,147115.85,UPI
TXN_02956,ACC_0657,ACC_0384,2024-02-01 09:00:00,320358.86,UPI
TXN_02957,ACC_0072,ACC_0054,2024-08-03 20:00:00,56300.14,IMPS
TXN_02958,ACC_0527,ACC_0669,2024-01-10 03:00:00,221487.2,RTGS
TXN_02959,ACC_0338,ACC_0354,2024-11-23 12:00:00,158971.14,RTGS
TXN_02960,ACC_0530,ACC_0399,2025-08-09 04:00:00,57951.62,UPI
TXN_02961,ACC_0220,ACC_0577,2024-09-10 15:00:00,417129.01,IMPS
TXN_02962,ACC_0721,ACC_0170,2024-10-11 15:00:00,177746.05,IMPS
TXN_02963,ACC_0613,ACC_0791,2024-01-23 06:00:00,175665.26,RTGS
TXN_02964,ACC_0294,ACC_0231,2025-06-24 17:00:00,36758.2,RTGS
TXN_02965,ACC_1034,ACC_0975,2025-08-08 22:00:00,284485.4,RTGS
TXN_02966,ACC_0291,ACC_0776,2025-11-30 03:00:00,323186.92,UPI
TXN_02967,ACC_0172,ACC_0885,2025-11-07 14:00:00,32226.55,UPI
TXN_02968,ACC_0878,ACC_0370,2025-05-07 12:00:00,284511.26,IMPS
TXN_02969,ACC_0357,ACC_0535,2025-09-01 12:00:00,339710.22,IMPS
TXN_02970,ACC_0557,ACC_0339,2024-01-05 09:00:00,13506.29,NEFT
TXN_02971,ACC_0064,ACC_0467,2025-01-25 19:00:00,166729.11,RTGS
TXN_02972,ACC_1040,ACC_0999,2025-11-20 20:00:00,191219.53,IMPS
TXN_02973,ACC_0289,ACC_0668,2026-05-19 18:00:00,253173.23,UPI
TXN_02974,ACC_0770,ACC_0038,2025-12-24 01:00:00,205772.03,NEFT
TXN_02975,ACC_0590,ACC_0075,2024-10-11 03:00:00,480192.07,NEFT
TXN_02976,ACC_0035,ACC_0673,2024-05-26 21:00:00,91798.52,RTGS
TXN_02977,ACC_0327,ACC_0462,2025-10-22 11:00:00,270341.78,NEFT
TXN_02978,ACC_0413,ACC_0113,2025-07-27 04:00:00,163636.9,RTGS
TXN_02979,ACC_0433,ACC_0429,2025-09-04 01:00:00,60538.33,UPI
TXN_02980,ACC_0022,ACC_0683,2024-07-28 08:00:00,287134.61,RTGS
TXN_02981,ACC_0801,ACC_0516,2025-12-12 12:00:00,111268.1,IMPS
TXN_02982,ACC_0014,ACC_0837,2025-06-13 13:00:00,323942.62,RTGS
TXN_02983,ACC_0700,ACC_0018,2025-03-11 12:00:00,130906.54,NEFT
TXN_02984,ACC_0822,ACC_0224,2026-02-07 21:00:00,171669.86,IMPS
TXN_02985,ACC_0515,ACC_0961,2025-03-27 01:00:00,77444.17,RTGS
TXN_02986,ACC_0006,ACC_0123,2024-03-19 07:00:00,288008.45,NEFT
TXN_02987,ACC_0757,ACC_0300,2024-09-24 03:00:00,398484.63,IMPS
TXN_02988,ACC_0985,ACC_0791,2025-11-28 17:00:00,98741.51,UPI
TXN_02989,ACC_0844,ACC_0611,2026-03-02 08:00:00,63820.72,RTGS
TXN_02990,ACC_0740,ACC_0160,2025-01-24 05:00:00,82507.26,NEFT
TXN_02991,ACC_0037,ACC_0957,2024-11-24 09:00:00,307770.98,RTGS
TXN_02992,ACC_0850,ACC_0580,2025-10-10 00:00:00,249193.57,RTGS
TXN_02993,ACC_0191,ACC_0109,2026-05-17 03:00:00,315143.66,NEFT
TXN_02994,ACC_0494,ACC_0041,2026-10-20 07:00:00,236130.23,NEFT
TXN_02995,ACC_0285,ACC_0719,2025-07-13 02:00:00,258933.58,UPI
TXN_02996,ACC_0037,ACC_0418,2024-08-16 04:00:00,49629.04,IMPS
TXN_02997,ACC_0207,ACC_0412,2025-04-24 06:00:00,293849.48,NEFT
TXN_02998,ACC_0768,ACC_0509,2025-02-18 02:00:00,196717.81,RTGS
TXN_02999,ACC_0866,ACC_0430,2024-03-15 14:00:00,49068.12,NEFT
TXN_03000,ACC_0434,ACC_0639,2024-01-19 06:00:00,439939.41,RTGS
TXN_03001,ACC_0606,ACC_0105,2024-12-28 09:00:00,158649.06,RTGS
TXN_03002,ACC_0653,ACC_0017,2025-09-05 16:00:00,193640.76,NEFT
TXN_03003,ACC_0186,ACC_0733,2026-09-10 08:00:00,234557.96,NEFT
TXN_03004,ACC_1002,ACC_0324,2024-10-31 05:00:00,113703.56,RTGS
TXN_03005,ACC_0782,ACC_0202,2024-12-27 04:00:00,109256.42,NEFT
TXN_03006,ACC_0952,ACC_0680,2025-08-31 19:00:00,436421.58,UPI
TXN_03007,ACC_0101,ACC_0230,2026-09-15 22:00:00,417967.35,NEFT
TXN_03008,ACC_0610,ACC_0028,2024-07-13 22:00:00,295944.71,NEFT
TXN_03009,ACC_0302,ACC_1015,2025-05-22 02:00:00,387288.26,UPI
TXN_03010,ACC_0923,ACC_0422,2025-05-08 13:00:00,238637.06,RTGS
TXN_03011,ACC_0202,ACC_0490,2026-01-02 04:00:00,92906.62,NEFT
TXN_03012,ACC_0732,ACC_0076,2026-05-17 15:00:00,420976.03,RTGS
TXN_03013,ACC_0387,ACC_0907,2025-02-21 22:00:00,39033.46,IMPS
TXN_03014,ACC_0372,ACC_0031,2026-01-07 23:00:00,433581.86,RTGS
TXN_03015,ACC_0777,ACC_0311,2026-10-24 11:00:00,387425.3,RTGS
TXN_03016,ACC_0794,ACC_0068,2026-05-13 16:00:00,448574.64,UPI
TXN_03017,ACC_0614,ACC_0838,2024-12-30 23:00:00,216627.32,IMPS
TXN_03018,ACC_0637,ACC_0500,2024-05-04 12:00:00,305455.59,RTGS
TXN_03019,ACC_0612,ACC_0982,2024-12-07 11:00:00,488869.28,RTGS
TXN_03020,ACC_0579,ACC_0567,2024-08-15 15:00:00,369359.56,NEFT
TXN_03021,ACC_0693,ACC_0754,2025-05-14 02:00:00,144207.08,NEFT
TXN_03022,ACC_1005,ACC_0010,2024-02-14 13:00:00,357855.62,UPI
TXN_03023,ACC_0089,ACC_0575,2024-02-15 19:00:00,135308.26,IMPS
TXN_03024,ACC_0243,ACC_0004,2024-02-28 02:00:00,26236.58,IMPS
TXN_03025,ACC_0346,ACC_0737,2026-04-05 12:00:00,128726.39,UPI
TXN_03026,ACC_0632,ACC_0843,2024-05-06 06:00:00,467182.5,NEFT
TXN_03027,ACC_0388,ACC_0124,2024-11-28 06:00:00,243283.31,NEFT
TXN_03028,ACC_0832,ACC_0432,2024-06-21 20:00:00,375905.74,RTGS
TXN_03029,ACC_0887,ACC_0184,2025-05-19 10:00:00,11944.77,RTGS
TXN_03030,ACC_0391,ACC_0326,2025-05-31 16:00:00,276202.9,UPI
TXN_03031,ACC_0069,ACC_0478,2025-03-22 01:00:00,356724.46,IMPS
TXN_03032,ACC_0684,ACC_1040,2025-10-09 21:00:00,305173.9,IMPS
TXN_03033,ACC_0292,ACC_1031,2024-04-26 02:00:00,193703.68,NEFT
TXN_03034,ACC_0881,ACC_0426,2024-05-12 10:00:00,110984.07,NEFT
TXN_03035,ACC_1022,ACC_0845,2026-08-29 13:00:00,121034.39,IMPS
TXN_03036,ACC_0856,ACC_0210,2026-07-02 14:00:00,429243.17,NEFT
TXN_03037,ACC_0988,ACC_0758,2025-09-16 12:00:00,317188.98,IMPS
TXN_03038,ACC_0324,ACC_0237,2025-08-10 23:00:00,257342.95,RTGS
TXN_03039,ACC_0636,ACC_0891,2024-07-08 20:00:00,214139.32,UPI
TXN_03040,ACC_0555,ACC_0855,2025-04-27 10:00:00,336431.03,RTGS
TXN_03041,ACC_0282,ACC_0900,2024-03-10 20:00:00,456514.56,IMPS
TXN_03042,ACC_0809,ACC_0482,2024-11-25 08:00:00,270059.69,IMPS
TXN_03043,ACC_0304,ACC_0859,2025-05-27 07:00:00,284930.11,UPI
TXN_03044,ACC_0849,ACC_0804,2025-12-16 05:00:00,63984.61,RTGS
TXN_03045,ACC_0686,ACC_0027,2025-04-03 13:00:00,107251.54,UPI
TXN_03046,ACC_0162,ACC_0911,2024-12-16 06:00:00,129819.71,IMPS
TXN_03047,ACC_0901,ACC_0857,2026-04-18 03:00:00,358559.79,IMPS
TXN_03048,ACC_0892,ACC_0991,2024-07-13 02:00:00,199130.33,NEFT
TXN_03049,ACC_0074,ACC_0967,2026-05-24 20:00:00,348601.52,NEFT
TXN_03050,ACC_0506,ACC_0968,2025-05-25 03:00:00,12989.47,NEFT
TXN_03051,ACC_0394,ACC_0281,2025-10-15 22:00:00,333073.73,UPI
TXN_03052,ACC_0573,ACC_0958,2025-03-30 08:00:00,102690.79,UPI
TXN_03053,ACC_0392,ACC_0443,2024-11-16 22:00:00,132257.98,RTGS
TXN_03054,ACC_0033,ACC_0337,2025-04-29 04:00:00,425057.73,UPI
TXN_03055,ACC_0178,ACC_0097,2025-04-29 09:00:00,292988.14,RTGS
TXN_03056,ACC_0188,ACC_0333,2024-08-10 07:00:00,213422.82,RTGS
TXN_03057,ACC_0253,ACC_0857,2025-02-05 13:00:00,349646.57,NEFT
TXN_03058,ACC_0275,ACC_0437,2026-01-14 06:00:00,286042.96,UPI
TXN_03059,ACC_0923,ACC_0326,2025-05-14 08:00:00,181975.42,UPI
TXN_03060,ACC_0767,ACC_0764,2025-07-18 22:00:00,412732.81,IMPS
TXN_03061,ACC_0341,ACC_0500,2026-04-13 01:00:00,163121.38,IMPS
TXN_03062,ACC_0904,ACC_0337,2026-06-02 02:00:00,33279.96,RTGS
TXN_03063,ACC_0950,ACC_0278,2026-06-23 02:00:00,213059.27,NEFT
TXN_03064,ACC_0682,ACC_1034,2024-04-26 09:00:00,134216.54,RTGS
TXN_03065,ACC_0039,ACC_0369,2026-02-21 19:00:00,69097.87,NEFT
TXN_03066,ACC_0046,ACC_0344,2024-10-23 04:00:00,35522.5,NEFT
TXN_03067,ACC_0604,ACC_0378,2024-01-24 16:00:00,20422.9,UPI
TXN_03068,ACC_0562,ACC_0142,2024-11-19 13:00:00,93807.26,RTGS
TXN_03069,ACC_0576,ACC_0354,2024-01-06 20:00:00,364192.25,RTGS
TXN_03070,ACC_0134,ACC_0789,2025-10-10 21:00:00,402696.02,IMPS
TXN_03071,ACC_0453,ACC_0267,2025-04-09 23:00:00,295224.07,RTGS
TXN_03072,ACC_0681,ACC_0432,2025-06-29 17:00:00,326831.67,UPI
TXN_03073,ACC_0950,ACC_1015,2026-03-02 03:00:00,96727.17,RTGS
TXN_03074,ACC_0474,ACC_0333,2024-03-03 02:00:00,49954.78,UPI
TXN_03075,ACC_0962,ACC_0841,2024-02-19 01:00:00,159575.04,NEFT
TXN_03076,ACC_0908,ACC_0415,2024-09-07 10:00:00,431473.31,UPI
TXN_03077,ACC_0487,ACC_0328,2024-02-14 06:00:00,177444.42,UPI
TXN_03078,ACC_0725,ACC_0837,2025-10-03 08:00:00,17853.67,NEFT
TXN_03079,ACC_1018,ACC_0776,2024-08-18 01:00:00,62442.67,RTGS
TXN_03080,ACC_0270,ACC_0341,2026-07-03 02:00:00,49049.75,NEFT
TXN_03081,ACC_0215,ACC_0706,2024-04-14 07:00:00,163514.76,NEFT
TXN_03082,ACC_0938,ACC_0404,2024-08-13 17:00:00,379659.48,IMPS
TXN_03083,ACC_0338,ACC_0178,2026-06-15 11:00:00,73756.07,UPI
TXN_03084,ACC_0082,ACC_0115,2024-04-06 18:00:00,263844.7,IMPS
TXN_03085,ACC_0209,ACC_0988,2024-05-30 23:00:00,219496.56,NEFT
TXN_03086,ACC_0188,ACC_0379,2024-02-26 13:00:00,279462.65,UPI
TXN_03087,ACC_0745,ACC_0768,2025-07-05 15:00:00,119223.6,RTGS
TXN_03088,ACC_0789,ACC_0763,2024-04-03 08:00:00,209807.81,IMPS
TXN_03089,ACC_0377,ACC_0596,2024-03-07 03:00:00,183997.76,NEFT
TXN_03090,ACC_0066,ACC_0541,2024-11-05 12:00:00,112060.92,RTGS
TXN_03091,ACC_0594,ACC_0423,2026-10-17 11:00:00,136942.08,NEFT
TXN_03092,ACC_0292,ACC_0967,2024-01-06 06:00:00,4442.38,IMPS
TXN_03093,ACC_0840,ACC_0315,2025-08-09 17:00:00,402865.01,IMPS
TXN_03094,ACC_0016,ACC_0402,2025-08-07 01:00:00,79691.33,IMPS
TXN_03095,ACC_0315,ACC_0878,2025-09-03 08:00:00,6813.86,RTGS
TXN_03096,ACC_0984,ACC_0409,2025-06-06 00:00:00,368417.53,NEFT
TXN_03097,ACC_0025,ACC_0066,2025-07-08 22:00:00,405324.11,IMPS
TXN_03098,ACC_0996,ACC_0539,2025-12-25 19:00:00,4941.5,UPI
TXN_03099,ACC_0185,ACC_0711,2024-09-29 21:00:00,372304.31,UPI
TXN_03100,ACC_0233,ACC_0819,2025-07-25 17:00:00,372410.95,UPI
TXN_03101,ACC_0989,ACC_0962,2024-11-27 12:00:00,101639.32,RTGS
TXN_03102,ACC_0299,ACC_0605,2024-12-28 04:00:00,91764.19,IMPS
TXN_03103,ACC_0245,ACC_1026,2024-07-13 18:00:00,425040.22,IMPS
TXN_03104,ACC_0206,ACC_0505,2024-04-13 21:00:00,230276.64,UPI
TXN_03105,ACC_0478,ACC_0246,2025-06-29 02:00:00,129594.12,IMPS
TXN_03106,ACC_0513,ACC_0089,2025-05-22 23:00:00,224406.66,IMPS
TXN_03107,ACC_0341,ACC_0645,2026-04-16 06:00:00,399439.06,RTGS
TXN_03108,ACC_0174,ACC_0635,2024-08-17 19:00:00,53233.4,RTGS
TXN_03109,ACC_1023,ACC_0580,2025-02-02 18:00:00,316303.25,RTGS
TXN_03110,ACC_0825,ACC_0872,2024-04-01 04:00:00,487389.52,UPI
TXN_03111,ACC_0937,ACC_0103,2024-08-21 03:00:00,324703.83,UPI
TXN_03112,ACC_0942,ACC_0418,2025-06-30 23:00:00,268565.91,UPI
TXN_03113,ACC_0368,ACC_0921,2024-12-28 09:00:00,389207.27,RTGS
TXN_03114,ACC_0616,ACC_0536,2026-03-14 10:00:00,325413.32,UPI
TXN_03115,ACC_0253,ACC_0757,2026-09-19 18:00:00,71278.62,UPI
TXN_03116,ACC_1034,ACC_0216,2025-05-26 10:00:00,460697.72,NEFT
TXN_03117,ACC_0565,ACC_0907,2026-03-15 18:00:00,380913.39,NEFT
TXN_03118,ACC_0829,ACC_0544,2024-09-07 05:00:00,733.64,RTGS
TXN_03119,ACC_0462,ACC_0671,2026-02-20 00:00:00,97097.71,RTGS
TXN_03120,ACC_0952,ACC_0884,2025-10-25 05:00:00,18639.31,RTGS
TXN_03121,ACC_0817,ACC_0317,2026-08-12 21:00:00,422539.93,RTGS
TXN_03122,ACC_0784,ACC_0996,2025-08-19 21:00:00,90020.42,UPI
TXN_03123,ACC_0056,ACC_0684,2026-01-27 08:00:00,461910.04,UPI
TXN_03124,ACC_0124,ACC_0269,2026-02-12 19:00:00,76784.15,RTGS
TXN_03125,ACC_0484,ACC_0357,2026-10-11 18:00:00,383349.47,UPI
TXN_03126,ACC_0848,ACC_0280,2024-02-25 03:00:00,265522.0,RTGS
TXN_03127,ACC_0784,ACC_0239,2026-05-03 16:00:00,154612.74,IMPS
TXN_03128,ACC_0570,ACC_1039,2025-05-31 01:00:00,368758.9,UPI
TXN_03129,ACC_0188,ACC_0230,2025-04-01 02:00:00,404515.23,IMPS
TXN_03130,ACC_0015,ACC_0282,2025-11-05 09:00:00,434036.32,NEFT
TXN_03131,ACC_0802,ACC_0830,2026-08-28 10:00:00,249371.59,RTGS
TXN_03132,ACC_0669,ACC_0271,2026-08-16 08:00:00,422740.73,IMPS
TXN_03133,ACC_0935,ACC_0467,2024-09-13 13:00:00,166966.78,IMPS
TXN_03134,ACC_0549,ACC_0728,2024-03-16 16:00:00,285979.5,NEFT
TXN_03135,ACC_0265,ACC_0423,2026-03-24 10:00:00,294331.84,IMPS
TXN_03136,ACC_0099,ACC_0291,2025-04-09 08:00:00,35341.44,IMPS
TXN_03137,ACC_0262,ACC_0563,2026-07-03 03:00:00,414482.59,NEFT
TXN_03138,ACC_0444,ACC_0326,2024-02-12 21:00:00,71608.65,NEFT
TXN_03139,ACC_0983,ACC_0409,2025-09-19 17:00:00,492157.45,RTGS
TXN_03140,ACC_0354,ACC_0785,2025-06-24 14:00:00,17139.8,NEFT
TXN_03141,ACC_0740,ACC_0171,2024-12-22 23:00:00,197129.15,RTGS
TXN_03142,ACC_0871,ACC_0890,2026-10-18 23:00:00,466572.81,RTGS
TXN_03143,ACC_1040,ACC_0596,2025-07-22 11:00:00,469884.52,IMPS
TXN_03144,ACC_0401,ACC_0180,2026-08-05 22:00:00,492955.03,NEFT
TXN_03145,ACC_0334,ACC_0242,2025-11-23 10:00:00,349356.15,UPI
TXN_03146,ACC_0245,ACC_0251,2025-09-15 21:00:00,335913.7,UPI
TXN_03147,ACC_0179,ACC_0436,2025-10-13 21:00:00,464689.74,IMPS
TXN_03148,ACC_1009,ACC_0989,2024-11-17 19:00:00,98478.22,RTGS
TXN_03149,ACC_0386,ACC_0214,2025-03-28 10:00:00,242367.37,IMPS
TXN_03150,ACC_0228,ACC_0423,2026-10-07 09:00:00,426633.88,IMPS
TXN_03151,ACC_0756,ACC_0573,2024-12-10 16:00:00,251561.59,UPI
TXN_03152,ACC_0608,ACC_0287,2026-10-17 02:00:00,306372.84,UPI
TXN_03153,ACC_0227,ACC_0369,2024-03-17 13:00:00,346794.89,IMPS
TXN_03154,ACC_0402,ACC_0626,2024-04-05 19:00:00,401233.17,IMPS
TXN_03155,ACC_0999,ACC_0639,2025-07-12 13:00:00,374257.34,IMPS
TXN_03156,ACC_0479,ACC_0666,2025-05-28 20:00:00,2461.21,IMPS
TXN_03157,ACC_0942,ACC_0259,2024-10-05 07:00:00,264205.52,NEFT
TXN_03158,ACC_0216,ACC_0227,2024-07-13 02:00:00,315770.76,IMPS
TXN_03159,ACC_0648,ACC_0459,2024-01-29 01:00:00,495139.79,NEFT
TXN_03160,ACC_0465,ACC_0737,2026-09-20 21:00:00,170528.77,IMPS
TXN_03161,ACC_0737,ACC_0619,2026-05-12 07:00:00,259332.19,UPI
TXN_03162,ACC_0978,ACC_0203,2026-09-25 10:00:00,219203.93,IMPS
TXN_03163,ACC_0624,ACC_0133,2026-08-16 05:00:00,442539.26,IMPS
TXN_03164,ACC_0213,ACC_0546,2026-02-19 00:00:00,178005.76,IMPS
TXN_03165,ACC_0638,ACC_0902,2026-09-10 01:00:00,126450.06,NEFT
TXN_03166,ACC_0264,ACC_0535,2024-02-06 06:00:00,375151.47,UPI
TXN_03167,ACC_0901,ACC_0083,2026-05-20 03:00:00,69389.27,UPI
TXN_03168,ACC_0874,ACC_0121,2024-04-04 23:00:00,432481.21,NEFT
TXN_03169,ACC_0827,ACC_0421,2026-09-22 01:00:00,310005.35,RTGS
TXN_03170,ACC_0265,ACC_0080,2024-06-28 05:00:00,297209.63,RTGS
TXN_03171,ACC_0936,ACC_0668,2025-09-29 04:00:00,365742.4,NEFT
TXN_03172,ACC_0224,ACC_0906,2025-02-22 02:00:00,29589.47,NEFT
TXN_03173,ACC_0589,ACC_0414,2024-09-07 06:00:00,138621.56,NEFT
TXN_03174,ACC_0012,ACC_0202,2024-09-11 17:00:00,220729.81,NEFT
TXN_03175,ACC_0831,ACC_0682,2026-10-27 21:00:00,403132.31,IMPS
TXN_03176,ACC_0170,ACC_0654,2026-07-01 23:00:00,400976.35,IMPS
TXN_03177,ACC_0287,ACC_0156,2026-09-22 20:00:00,477628.83,IMPS
TXN_03178,ACC_0151,ACC_1014,2026-10-07 22:00:00,297754.89,RTGS
TXN_03179,ACC_0174,ACC_0175,2024-12-08 13:00:00,323663.38,IMPS
TXN_03180,ACC_0850,ACC_0067,2025-06-28 05:00:00,454617.23,IMPS
TXN_03181,ACC_0724,ACC_0081,2024-05-11 00:00:00,308522.65,NEFT
TXN_03182,ACC_0893,ACC_0135,2025-11-11 17:00:00,39979.4,NEFT
TXN_03183,ACC_0915,ACC_0850,2026-07-29 21:00:00,237858.51,IMPS
TXN_03184,ACC_0707,ACC_0549,2025-04-09 01:00:00,146117.2,RTGS
TXN_03185,ACC_0403,ACC_0399,2024-09-23 12:00:00,474462.13,NEFT
TXN_03186,ACC_0601,ACC_0903,2026-08-19 11:00:00,251291.27,IMPS
TXN_03187,ACC_0220,ACC_0437,2024-10-12 09:00:00,272386.44,NEFT
TXN_03188,ACC_0775,ACC_1003,2024-01-20 02:00:00,266303.82,IMPS
TXN_03189,ACC_1003,ACC_0002,2025-01-28 03:00:00,19970.11,IMPS
TXN_03190,ACC_0067,ACC_0195,2025-10-06 18:00:00,58394.73,IMPS
TXN_03191,ACC_0312,ACC_0017,2024-03-22 21:00:00,455751.89,RTGS
TXN_03192,ACC_0020,ACC_0315,2025-04-05 07:00:00,352592.01,IMPS
TXN_03193,ACC_0426,ACC_0875,2026-01-02 13:00:00,195392.78,IMPS
TXN_03194,ACC_0459,ACC_1024,2025-02-24 19:00:00,385501.87,NEFT
TXN_03195,ACC_0956,ACC_0894,2025-10-25 07:00:00,103394.85,UPI
TXN_03196,ACC_0210,ACC_0007,2026-01-25 19:00:00,443191.85,RTGS
TXN_03197,ACC_0221,ACC_0829,2026-01-15 04:00:00,320423.13,UPI
TXN_03198,ACC_0439,ACC_0578,2026-07-09 03:00:00,67719.86,RTGS
TXN_03199,ACC_0735,ACC_0375,2024-07-22 02:00:00,180523.27,UPI
TXN_03200,ACC_0480,ACC_0891,2024-11-15 05:00:00,414733.67,IMPS
TXN_03201,ACC_0586,ACC_0646,2025-07-24 12:00:00,57626.61,NEFT
TXN_03202,ACC_0290,ACC_0611,2026-09-20 01:00:00,408951.68,UPI
TXN_03203,ACC_0336,ACC_0871,2024-02-02 04:00:00,124534.0,NEFT
TXN_03204,ACC_0850,ACC_0176,2026-05-19 05:00:00,246958.99,IMPS
TXN_03205,ACC_0262,ACC_0384,2024-09-29 20:00:00,93617.58,RTGS
TXN_03206,ACC_0142,ACC_0920,2025-02-17 22:00:00,484362.3,IMPS
TXN_03207,ACC_0386,ACC_0715,2026-10-24 23:00:00,465094.05,RTGS
TXN_03208,ACC_0442,ACC_0193,2025-09-18 06:00:00,93832.63,RTGS
TXN_03209,ACC_0030,ACC_0115,2026-05-08 06:00:00,397662.45,RTGS
TXN_03210,ACC_0896,ACC_0204,2025-09-24 05:00:00,74335.56,NEFT
TXN_03211,ACC_0694,ACC_0326,2024-08-02 05:00:00,419001.6,NEFT
TXN_03212,ACC_0954,ACC_0920,2026-05-14 14:00:00,267013.5,RTGS
TXN_03213,ACC_0860,ACC_0245,2024-05-21 03:00:00,274027.51,NEFT
TXN_03214,ACC_0059,ACC_0465,2025-02-05 18:00:00,11283.17,IMPS
TXN_03215,ACC_0406,ACC_0626,2025-07-13 17:00:00,473422.08,NEFT
TXN_03216,ACC_0019,ACC_0714,2024-01-06 21:00:00,18021.04,IMPS
TXN_03217,ACC_0457,ACC_0585,2025-09-13 10:00:00,425556.52,UPI
TXN_03218,ACC_0704,ACC_0125,2026-03-26 09:00:00,429479.66,RTGS
TXN_03219,ACC_0280,ACC_0765,2024-04-16 21:00:00,250030.23,RTGS
TXN_03220,ACC_0357,ACC_0186,2026-04-05 07:00:00,65787.9,NEFT
TXN_03221,ACC_0499,ACC_0550,2024-04-16 21:00:00,458442.21,RTGS
TXN_03222,ACC_0824,ACC_0094,2025-05-12 13:00:00,384347.31,UPI
TXN_03223,ACC_0203,ACC_0020,2025-06-04 15:00:00,36047.75,IMPS
TXN_03224,ACC_0205,ACC_0941,2026-02-23 12:00:00,245626.2,UPI
TXN_03225,ACC_0491,ACC_0949,2024-07-22 17:00:00,148893.76,UPI
TXN_03226,ACC_0782,ACC_0595,2026-06-30 20:00:00,467116.9,UPI
TXN_03227,ACC_0827,ACC_0698,2024-03-17 00:00:00,351715.93,NEFT
TXN_03228,ACC_0384,ACC_0032,2025-10-21 00:00:00,149988.96,UPI
TXN_03229,ACC_1006,ACC_0422,2025-12-22 00:00:00,71098.69,NEFT
TXN_03230,ACC_0421,ACC_0289,2025-08-30 06:00:00,14636.69,IMPS
TXN_03231,ACC_0875,ACC_0014,2025-06-25 14:00:00,458586.34,IMPS
TXN_03232,ACC_0202,ACC_0349,2026-02-19 09:00:00,301661.88,RTGS
TXN_03233,ACC_0864,ACC_0675,2025-01-21 17:00:00,481517.12,NEFT
TXN_03234,ACC_0676,ACC_0190,2026-05-20 05:00:00,376447.8,IMPS
TXN_03235,ACC_0150,ACC_0624,2026-04-16 15:00:00,381736.64,NEFT
TXN_03236,ACC_0277,ACC_0922,2026-08-01 17:00:00,136776.66,UPI
TXN_03237,ACC_0006,ACC_0559,2026-08-16 23:00:00,59300.25,IMPS
TXN_03238,ACC_0436,ACC_0238,2025-03-10 21:00:00,302634.02,NEFT
TXN_03239,ACC_0709,ACC_0921,2025-02-05 19:00:00,394951.3,RTGS
TXN_03240,ACC_0002,ACC_0289,2025-04-03 10:00:00,94505.95,UPI
TXN_03241,ACC_0438,ACC_0882,2026-08-04 23:00:00,293888.08,IMPS
TXN_03242,ACC_0943,ACC_0453,2025-07-11 04:00:00,331974.58,RTGS
TXN_03243,ACC_0484,ACC_0091,2025-03-11 03:00:00,399762.1,RTGS
TXN_03244,ACC_0130,ACC_0020,2025-03-26 23:00:00,35952.9,IMPS
TXN_03245,ACC_0398,ACC_0470,2024-07-23 11:00:00,122618.05,RTGS
TXN_03246,ACC_0157,ACC_0929,2024-12-12 19:00:00,9985.82,RTGS
TXN_03247,ACC_1017,ACC_0437,2024-11-23 02:00:00,184085.18,UPI
TXN_03248,ACC_0009,ACC_0091,2024-09-02 08:00:00,153005.78,NEFT
TXN_03249,ACC_0317,ACC_0933,2026-02-02 17:00:00,236805.73,NEFT
TXN_03250,ACC_0526,ACC_0678,2025-10-27 11:00:00,178167.98,RTGS
TXN_03251,ACC_0583,ACC_0805,2025-08-25 10:00:00,40593.47,UPI
TXN_03252,ACC_0480,ACC_0675,2026-10-11 21:00:00,57881.48,NEFT
TXN_03253,ACC_0107,ACC_0183,2024-07-13 13:00:00,348861.89,RTGS
TXN_03254,ACC_0310,ACC_0503,2025-06-18 12:00:00,79272.1,IMPS
TXN_03255,ACC_0346,ACC_0110,2025-04-20 11:00:00,346784.95,IMPS
TXN_03256,ACC_0641,ACC_0497,2025-01-03 08:00:00,333059.03,UPI
TXN_03257,ACC_0328,ACC_0342,2024-11-13 12:00:00,13802.95,NEFT
TXN_03258,ACC_0125,ACC_0958,2024-11-25 04:00:00,410425.8,UPI
TXN_03259,ACC_0460,ACC_0895,2026-01-13 09:00:00,148940.09,IMPS
TXN_03260,ACC_0686,ACC_0924,2025-12-19 18:00:00,158753.08,IMPS
TXN_03261,ACC_0823,ACC_1031,2024-09-09 04:00:00,413307.6,IMPS
TXN_03262,ACC_0150,ACC_0371,2026-03-05 18:00:00,180339.06,NEFT
TXN_03263,ACC_0589,ACC_0541,2026-08-29 18:00:00,398738.18,IMPS
TXN_03264,ACC_0551,ACC_1009,2025-04-12 08:00:00,58963.14,IMPS
TXN_03265,ACC_1015,ACC_0711,2026-05-03 23:00:00,296863.87,RTGS
TXN_03266,ACC_0190,ACC_0470,2024-02-02 03:00:00,398403.32,IMPS
TXN_03267,ACC_0281,ACC_0372,2025-03-21 19:00:00,262568.76,IMPS
TXN_03268,ACC_0358,ACC_0719,2025-06-13 16:00:00,472202.64,UPI
TXN_03269,ACC_0299,ACC_0573,2024-10-05 04:00:00,322871.59,RTGS
TXN_03270,ACC_0030,ACC_0001,2025-04-07 08:00:00,43631.9,IMPS
TXN_03271,ACC_0923,ACC_0163,2024-03-18 13:00:00,179764.97,RTGS
TXN_03272,ACC_0819,ACC_0816,2024-10-11 22:00:00,483510.36,NEFT
TXN_03273,ACC_0381,ACC_0617,2024-11-10 22:00:00,18317.58,UPI
TXN_03274,ACC_0716,ACC_0944,2026-01-25 04:00:00,387377.48,IMPS
TXN_03275,ACC_0066,ACC_0702,2025-02-10 22:00:00,185290.37,UPI
TXN_03276,ACC_0597,ACC_0258,2026-06-12 02:00:00,471752.36,RTGS
TXN_03277,ACC_0879,ACC_0994,2025-06-27 10:00:00,81882.01,RTGS
TXN_03278,ACC_0778,ACC_0145,2025-07-15 19:00:00,460745.76,IMPS
TXN_03279,ACC_1039,ACC_0827,2024-06-16 02:00:00,151835.1,UPI
TXN_03280,ACC_0100,ACC_0124,2025-08-09 19:00:00,82952.14,IMPS
TXN_03281,ACC_0300,ACC_1040,2025-07-10 23:00:00,406733.56,UPI
TXN_03282,ACC_0836,ACC_0483,2024-03-29 07:00:00,365080.56,UPI
TXN_03283,ACC_0729,ACC_0818,2024-09-09 03:00:00,151161.82,RTGS
TXN_03284,ACC_0477,ACC_0446,2026-07-26 01:00:00,450806.7,NEFT
TXN_03285,ACC_0423,ACC_0026,2025-11-16 06:00:00,295112.39,RTGS
TXN_03286,ACC_0657,ACC_0548,2026-02-02 15:00:00,463289.04,UPI
TXN_03287,ACC_0782,ACC_0660,2024-12-30 00:00:00,21417.39,IMPS
TXN_03288,ACC_0224,ACC_0861,2025-05-11 14:00:00,319306.27,NEFT
TXN_03289,ACC_0078,ACC_0484,2024-11-20 12:00:00,164960.46,RTGS
TXN_03290,ACC_0724,ACC_0526,2026-02-21 07:00:00,483479.46,NEFT
TXN_03291,ACC_0559,ACC_0838,2024-11-22 10:00:00,408643.15,IMPS
TXN_03292,ACC_0411,ACC_0948,2025-02-15 04:00:00,169637.13,RTGS
TXN_03293,ACC_0161,ACC_1013,2026-07-22 11:00:00,46900.41,IMPS
TXN_03294,ACC_0179,ACC_0638,2025-04-01 23:00:00,9758.18,RTGS
TXN_03295,ACC_0228,ACC_0067,2026-02-04 04:00:00,321438.09,IMPS
TXN_03296,ACC_0603,ACC_0097,2025-01-20 01:00:00,10755.98,IMPS
TXN_03297,ACC_0478,ACC_1037,2025-07-26 00:00:00,55073.41,RTGS
TXN_03298,ACC_0996,ACC_0667,2025-09-17 07:00:00,263157.83,RTGS
TXN_03299,ACC_0503,ACC_0868,2025-05-25 08:00:00,133953.8,RTGS
TXN_03300,ACC_0988,ACC_0166,2024-09-11 10:00:00,37373.23,IMPS
TXN_03301,ACC_0017,ACC_0339,2026-04-13 05:00:00,307703.28,IMPS
TXN_03302,ACC_0413,ACC_0407,2025-03-08 08:00:00,405226.05,IMPS
TXN_03303,ACC_0345,ACC_0969,2026-10-17 14:00:00,241437.12,UPI
TXN_03304,ACC_0084,ACC_0474,2026-02-10 02:00:00,244071.05,NEFT
TXN_03305,ACC_0988,ACC_0634,2025-02-10 15:00:00,165010.86,UPI
TXN_03306,ACC_0129,ACC_0891,2025-08-06 21:00:00,403842.37,IMPS
TXN_03307,ACC_0681,ACC_0109,2025-06-03 13:00:00,71526.61,NEFT
TXN_03308,ACC_1004,ACC_0238,2026-06-07 01:00:00,377621.95,RTGS
TXN_03309,ACC_0344,ACC_0120,2025-08-25 17:00:00,302492.62,UPI
TXN_03310,ACC_0301,ACC_0587,2024-12-16 05:00:00,45038.33,NEFT
TXN_03311,ACC_0720,ACC_0645,2025-07-02 20:00:00,377357.92,NEFT
TXN_03312,ACC_0315,ACC_0098,2026-04-03 00:00:00,82694.89,IMPS
TXN_03313,ACC_0398,ACC_0207,2024-03-11 04:00:00,310526.22,RTGS
TXN_03314,ACC_0347,ACC_0678,2026-05-27 21:00:00,271432.23,IMPS
TXN_03315,ACC_0355,ACC_0735,2026-10-31 20:00:00,412302.71,RTGS
TXN_03316,ACC_0482,ACC_0484,2026-11-03 21:00:00,119320.01,NEFT
TXN_03317,ACC_0716,ACC_0233,2025-10-19 12:00:00,28681.77,UPI
TXN_03318,ACC_0900,ACC_0791,2025-01-31 10:00:00,230881.03,RTGS
TXN_03319,ACC_0284,ACC_0771,2026-03-25 16:00:00,484331.42,RTGS
TXN_03320,ACC_0349,ACC_0038,2025-05-29 09:00:00,389219.62,IMPS
TXN_03321,ACC_0542,ACC_0316,2025-04-30 09:00:00,375007.3,IMPS
TXN_03322,ACC_0811,ACC_0326,2024-04-16 12:00:00,434912.9,IMPS
TXN_03323,ACC_0419,ACC_0962,2026-06-22 09:00:00,213930.1,IMPS
TXN_03324,ACC_0722,ACC_0452,2024-07-03 18:00:00,49423.43,IMPS
TXN_03325,ACC_0710,ACC_0896,2026-08-18 07:00:00,344726.5,NEFT
TXN_03326,ACC_0800,ACC_0861,2025-03-20 23:00:00,287774.56,RTGS
TXN_03327,ACC_0307,ACC_0126,2024-02-28 04:00:00,451264.9,NEFT
TXN_03328,ACC_0981,ACC_0347,2026-05-14 19:00:00,339423.25,RTGS
TXN_03329,ACC_0258,ACC_0019,2026-05-01 10:00:00,331010.08,RTGS
TXN_03330,ACC_0141,ACC_0294,2024-03-11 18:00:00,327369.62,UPI
TXN_03331,ACC_0604,ACC_0869,2024-05-17 19:00:00,12026.2,UPI
TXN_03332,ACC_0748,ACC_0297,2024-12-19 18:00:00,21781.56,RTGS
TXN_03333,ACC_0731,ACC_0451,2024-10-16 19:00:00,177342.6,RTGS
TXN_03334,ACC_0958,ACC_0277,2025-10-04 04:00:00,278280.22,UPI
TXN_03335,ACC_0009,ACC_0819,2024-09-14 20:00:00,73861.42,RTGS
TXN_03336,ACC_0665,ACC_0411,2025-12-26 23:00:00,264938.13,RTGS
TXN_03337,ACC_0293,ACC_0426,2024-07-17 03:00:00,405575.6,RTGS
TXN_03338,ACC_0727,ACC_0466,2026-01-17 12:00:00,183474.42,IMPS
TXN_03339,ACC_0077,ACC_0480,2025-10-03 18:00:00,84961.4,NEFT
TXN_03340,ACC_0054,ACC_0908,2024-09-01 09:00:00,157871.1,UPI
TXN_03341,ACC_0987,ACC_0051,2024-02-17 07:00:00,407132.08,IMPS
TXN_03342,ACC_0240,ACC_0589,2026-02-05 17:00:00,26430.22,IMPS
TXN_03343,ACC_0621,ACC_0915,2024-02-27 19:00:00,90520.07,IMPS
TXN_03344,ACC_0562,ACC_0610,2025-11-07 21:00:00,250626.72,IMPS
TXN_03345,ACC_0849,ACC_0337,2024-10-16 12:00:00,268719.42,UPI
TXN_03346,ACC_0092,ACC_0072,2024-09-05 03:00:00,419703.96,IMPS
TXN_03347,ACC_0502,ACC_0143,2026-09-07 17:00:00,425373.2,IMPS
TXN_03348,ACC_0220,ACC_0896,2024-05-14 21:00:00,394028.4,RTGS
TXN_03349,ACC_0956,ACC_0294,2024-03-17 16:00:00,152858.73,NEFT
TXN_03350,ACC_0828,ACC_0119,2025-04-07 11:00:00,486008.03,NEFT
TXN_03351,ACC_0578,ACC_0302,2025-09-11 03:00:00,309819.43,UPI
TXN_03352,ACC_0821,ACC_1031,2025-12-27 13:00:00,74600.51,RTGS
TXN_03353,ACC_0729,ACC_0330,2024-07-05 10:00:00,97719.04,RTGS
TXN_03354,ACC_0651,ACC_0789,2026-10-24 01:00:00,258740.33,IMPS
TXN_03355,ACC_0871,ACC_0537,2024-12-06 02:00:00,451985.59,IMPS
TXN_03356,ACC_0054,ACC_0920,2024-08-26 01:00:00,354840.37,IMPS
TXN_03357,ACC_0261,ACC_0362,2025-11-15 04:00:00,192081.5,RTGS
TXN_03358,ACC_0254,ACC_0767,2026-10-25 09:00:00,294293.2,IMPS
TXN_03359,ACC_0071,ACC_0014,2025-10-22 20:00:00,231182.82,NEFT
TXN_03360,ACC_0951,ACC_0899,2024-09-17 19:00:00,89177.98,NEFT
TXN_03361,ACC_0080,ACC_0062,2024-11-01 09:00:00,275853.09,RTGS
TXN_03362,ACC_0919,ACC_0696,2026-03-02 03:00:00,131569.94,NEFT
TXN_03363,ACC_0458,ACC_0477,2024-07-12 00:00:00,51708.5,NEFT
TXN_03364,ACC_1029,ACC_0186,2024-09-03 04:00:00,47712.66,IMPS
TXN_03365,ACC_0990,ACC_0460,2025-01-18 04:00:00,176241.22,UPI
TXN_03366,ACC_0287,ACC_0654,2024-05-29 00:00:00,280897.11,NEFT
TXN_03367,ACC_0425,ACC_0537,2025-01-09 23:00:00,40554.82,RTGS
TXN_03368,ACC_0796,ACC_0313,2025-07-30 18:00:00,339697.78,UPI
TXN_03369,ACC_0805,ACC_0995,2024-11-21 14:00:00,370161.11,IMPS
TXN_03370,ACC_0099,ACC_0705,2024-05-19 23:00:00,71411.95,IMPS
TXN_03371,ACC_0926,ACC_0565,2026-10-18 15:00:00,98821.37,UPI
TXN_03372,ACC_0118,ACC_0732,2026-03-30 05:00:00,446005.37,UPI
TXN_03373,ACC_0787,ACC_0016,2024-06-15 10:00:00,497413.39,IMPS
TXN_03374,ACC_0939,ACC_0077,2026-04-27 09:00:00,72194.2,UPI
TXN_03375,ACC_0980,ACC_0148,2024-02-26 22:00:00,77946.23,RTGS
TXN_03376,ACC_0542,ACC_0328,2024-09-22 17:00:00,435063.43,NEFT
TXN_03377,ACC_0372,ACC_0603,2026-08-16 23:00:00,383907.12,RTGS
TXN_03378,ACC_0304,ACC_0988,2025-08-06 17:00:00,347498.59,NEFT
TXN_03379,ACC_0277,ACC_0907,2024-09-23 16:00:00,439782.33,IMPS
TXN_03380,ACC_0332,ACC_0645,2026-06-05 15:00:00,134689.39,NEFT
TXN_03381,ACC_0545,ACC_0521,2024-07-08 04:00:00,54550.51,NEFT
TXN_03382,ACC_0317,ACC_0432,2026-01-06 11:00:00,498978.83,NEFT
TXN_03383,ACC_0784,ACC_0134,2024-06-20 20:00:00,382917.92,IMPS
TXN_03384,ACC_0336,ACC_0177,2025-03-25 08:00:00,136449.7,RTGS
TXN_03385,ACC_0023,ACC_0185,2025-02-02 18:00:00,377877.84,NEFT
TXN_03386,ACC_0195,ACC_0249,2026-09-22 01:00:00,147181.2,IMPS
TXN_03387,ACC_0375,ACC_0850,2024-06-02 14:00:00,76375.89,UPI
TXN_03388,ACC_0334,ACC_0964,2026-05-01 22:00:00,17038.14,RTGS
TXN_03389,ACC_0160,ACC_0556,2026-02-22 08:00:00,381819.58,IMPS
TXN_03390,ACC_0886,ACC_0038,2025-10-24 16:00:00,150896.39,NEFT
TXN_03391,ACC_0831,ACC_0234,2026-04-05 11:00:00,494145.15,NEFT
TXN_03392,ACC_1014,ACC_0981,2026-01-29 14:00:00,391168.26,UPI
TXN_03393,ACC_0756,ACC_0792,2025-11-09 01:00:00,386782.95,UPI
TXN_03394,ACC_0653,ACC_0250,2026-09-15 05:00:00,215761.94,RTGS
TXN_03395,ACC_0433,ACC_0181,2024-01-10 07:00:00,171648.58,IMPS
TXN_03396,ACC_0256,ACC_0654,2025-04-08 02:00:00,410583.11,RTGS
TXN_03397,ACC_0382,ACC_0618,2026-09-01 23:00:00,76319.46,RTGS
TXN_03398,ACC_0618,ACC_0778,2025-07-30 08:00:00,152360.15,NEFT
TXN_03399,ACC_0887,ACC_0013,2024-10-24 10:00:00,58927.69,NEFT
TXN_03400,ACC_0578,ACC_1013,2026-01-13 21:00:00,433858.42,IMPS
TXN_03401,ACC_0616,ACC_0576,2025-04-20 15:00:00,313004.08,NEFT
TXN_03402,ACC_0668,ACC_0333,2026-01-10 01:00:00,179111.74,RTGS
TXN_03403,ACC_0156,ACC_0709,2024-07-20 04:00:00,196766.17,IMPS
TXN_03404,ACC_0600,ACC_0560,2024-08-04 07:00:00,420558.17,RTGS
TXN_03405,ACC_0846,ACC_0147,2026-07-25 22:00:00,194656.05,UPI
TXN_03406,ACC_0117,ACC_0174,2026-03-01 05:00:00,475579.97,NEFT
TXN_03407,ACC_0737,ACC_0208,2025-04-02 17:00:00,89242.94,UPI
TXN_03408,ACC_0048,ACC_0920,2024-01-30 00:00:00,417261.11,RTGS
TXN_03409,ACC_0082,ACC_0549,2025-10-04 15:00:00,335679.62,NEFT
TXN_03410,ACC_0325,ACC_0674,2024-01-03 17:00:00,436387.48,UPI
TXN_03411,ACC_0387,ACC_0315,2026-08-10 11:00:00,41791.18,NEFT
TXN_03412,ACC_1011,ACC_0743,2024-03-04 20:00:00,173831.67,RTGS
TXN_03413,ACC_0396,ACC_0428,2025-06-20 17:00:00,113930.31,UPI
TXN_03414,ACC_0081,ACC_0094,2025-01-15 12:00:00,485477.01,NEFT
TXN_03415,ACC_0612,ACC_0029,2024-02-09 06:00:00,166393.92,UPI
TXN_03416,ACC_0609,ACC_0654,2024-06-18 04:00:00,339989.03,RTGS
TXN_03417,ACC_0048,ACC_0433,2025-09-19 03:00:00,248293.87,IMPS
TXN_03418,ACC_0293,ACC_0799,2025-11-23 01:00:00,95120.36,RTGS
TXN_03419,ACC_0003,ACC_0560,2025-04-13 05:00:00,52249.97,NEFT
TXN_03420,ACC_0751,ACC_0088,2025-02-01 06:00:00,450389.63,IMPS
TXN_03421,ACC_0041,ACC_0102,2025-10-29 14:00:00,30349.34,RTGS
TXN_03422,ACC_0286,ACC_0556,2026-06-06 04:00:00,301782.69,IMPS
TXN_03423,ACC_0630,ACC_0333,2024-04-08 08:00:00,425408.2,RTGS
TXN_03424,ACC_0450,ACC_0401,2024-05-18 16:00:00,260756.2,NEFT
TXN_03425,ACC_0527,ACC_0791,2024-10-26 18:00:00,443927.51,RTGS
TXN_03426,ACC_0568,ACC_0670,2025-04-26 05:00:00,441639.44,RTGS
TXN_03427,ACC_0782,ACC_0293,2026-01-20 11:00:00,104865.0,UPI
TXN_03428,ACC_0169,ACC_0969,2025-08-06 10:00:00,451606.75,IMPS
TXN_03429,ACC_0036,ACC_0578,2025-08-07 08:00:00,234825.36,RTGS
TXN_03430,ACC_0193,ACC_0041,2025-09-01 22:00:00,451141.9,IMPS
TXN_03431,ACC_0300,ACC_0179,2024-10-10 05:00:00,474112.02,IMPS
TXN_03432,ACC_0308,ACC_0687,2025-03-09 13:00:00,303734.36,RTGS
TXN_03433,ACC_0099,ACC_0884,2025-02-11 15:00:00,480766.69,UPI
TXN_03434,ACC_0766,ACC_0542,2026-02-22 05:00:00,355556.15,UPI
TXN_03435,ACC_0886,ACC_0234,2024-04-30 15:00:00,487986.11,UPI
TXN_03436,ACC_0519,ACC_0936,2024-02-05 13:00:00,25358.92,IMPS
TXN_03437,ACC_0877,ACC_0756,2024-07-07 08:00:00,93331.04,IMPS
TXN_03438,ACC_0144,ACC_0850,2024-08-21 21:00:00,410874.33,UPI
TXN_03439,ACC_0831,ACC_0355,2025-01-22 17:00:00,286499.76,RTGS
TXN_03440,ACC_0901,ACC_0724,2025-06-10 13:00:00,208662.96,IMPS
TXN_03441,ACC_0289,ACC_0062,2025-05-02 05:00:00,474495.07,IMPS
TXN_03442,ACC_0296,ACC_0923,2024-06-25 05:00:00,437053.03,RTGS
TXN_03443,ACC_0402,ACC_1028,2026-05-05 13:00:00,223783.79,IMPS
TXN_03444,ACC_0851,ACC_0949,2026-05-31 15:00:00,321082.63,NEFT
TXN_03445,ACC_0097,ACC_0269,2024-04-07 15:00:00,110218.55,NEFT
TXN_03446,ACC_0102,ACC_0340,2025-05-25 10:00:00,388886.55,NEFT
TXN_03447,ACC_0520,ACC_0018,2024-09-05 09:00:00,76948.12,UPI
TXN_03448,ACC_0710,ACC_0491,2024-10-03 21:00:00,202292.81,UPI
TXN_03449,ACC_0394,ACC_0440,2026-05-18 16:00:00,195510.75,IMPS
TXN_03450,ACC_0717,ACC_0658,2025-12-20 07:00:00,375652.76,RTGS
TXN_03451,ACC_0925,ACC_0279,2025-11-07 15:00:00,243531.9,IMPS
TXN_03452,ACC_0919,ACC_0216,2024-06-08 13:00:00,198603.02,UPI
TXN_03453,ACC_0998,ACC_0274,2025-03-05 13:00:00,159738.4,IMPS
TXN_03454,ACC_0720,ACC_0920,2024-11-21 06:00:00,128603.42,NEFT
TXN_03455,ACC_0205,ACC_0308,2024-03-16 14:00:00,337666.42,NEFT
TXN_03456,ACC_0633,ACC_0264,2024-06-30 02:00:00,40501.2,RTGS
TXN_03457,ACC_0477,ACC_0276,2024-08-30 01:00:00,154897.95,NEFT
TXN_03458,ACC_0469,ACC_0333,2025-06-10 10:00:00,462505.2,NEFT
TXN_03459,ACC_0886,ACC_0078,2026-03-04 02:00:00,456738.07,UPI
TXN_03460,ACC_0505,ACC_0157,2024-12-24 06:00:00,492250.25,NEFT
TXN_03461,ACC_0595,ACC_1029,2024-02-14 06:00:00,66078.62,NEFT
TXN_03462,ACC_0293,ACC_0643,2025-10-21 22:00:00,494763.88,UPI
TXN_03463,ACC_0176,ACC_0365,2026-06-23 19:00:00,196839.71,NEFT
TXN_03464,ACC_0426,ACC_0430,2025-11-06 23:00:00,496715.24,UPI
TXN_03465,ACC_0328,ACC_0525,2025-03-17 04:00:00,370972.22,UPI
TXN_03466,ACC_0914,ACC_0159,2025-07-06 00:00:00,220995.63,NEFT
TXN_03467,ACC_0286,ACC_0058,2024-04-11 03:00:00,448714.49,UPI
TXN_03468,ACC_0720,ACC_0931,2024-01-09 06:00:00,52718.59,RTGS
TXN_03469,ACC_0602,ACC_0914,2024-02-29 05:00:00,12746.85,RTGS
TXN_03470,ACC_0466,ACC_0175,2024-12-10 07:00:00,461669.12,NEFT
TXN_03471,ACC_0468,ACC_0415,2024-07-28 16:00:00,434100.15,UPI
TXN_03472,ACC_0394,ACC_0056,2024-07-10 19:00:00,101100.81,UPI
TXN_03473,ACC_0141,ACC_0796,2026-10-27 07:00:00,355319.12,RTGS
TXN_03474,ACC_0378,ACC_0064,2025-07-20 18:00:00,308376.93,RTGS
TXN_03475,ACC_0630,ACC_0312,2024-11-12 12:00:00,78914.9,NEFT
TXN_03476,ACC_0752,ACC_0213,2025-10-14 11:00:00,440846.79,IMPS
TXN_03477,ACC_0822,ACC_0075,2025-03-03 02:00:00,211402.37,UPI
TXN_03478,ACC_0744,ACC_0927,2026-05-10 13:00:00,478700.44,IMPS
TXN_03479,ACC_0959,ACC_0638,2024-01-06 22:00:00,319352.76,UPI
TXN_03480,ACC_0603,ACC_0240,2025-01-27 04:00:00,87023.58,IMPS
TXN_03481,ACC_0104,ACC_0371,2026-04-27 12:00:00,441923.28,IMPS
TXN_03482,ACC_0741,ACC_0421,2026-08-03 00:00:00,336456.61,UPI
TXN_03483,ACC_0274,ACC_0314,2025-10-06 02:00:00,200688.31,NEFT
TXN_03484,ACC_0579,ACC_0163,2026-07-18 14:00:00,401932.91,IMPS
TXN_03485,ACC_0278,ACC_0167,2024-05-14 20:00:00,393472.46,IMPS
TXN_03486,ACC_0746,ACC_0310,2024-05-26 19:00:00,20852.36,UPI
TXN_03487,ACC_0488,ACC_0231,2025-08-28 06:00:00,422468.12,RTGS
TXN_03488,ACC_0858,ACC_0807,2025-05-10 12:00:00,383051.51,NEFT
TXN_03489,ACC_0820,ACC_0019,2025-09-13 12:00:00,252780.76,UPI
TXN_03490,ACC_0513,ACC_0226,2026-01-22 05:00:00,248389.53,NEFT
TXN_03491,ACC_0537,ACC_0997,2025-09-03 06:00:00,475843.05,UPI
TXN_03492,ACC_0765,ACC_0807,2026-01-31 22:00:00,21940.58,NEFT
TXN_03493,ACC_0885,ACC_0550,2025-02-15 15:00:00,273658.49,RTGS
TXN_03494,ACC_0900,ACC_0953,2026-07-13 21:00:00,2446.17,UPI
TXN_03495,ACC_0649,ACC_0975,2026-04-06 15:00:00,36368.87,NEFT
TXN_03496,ACC_0632,ACC_0833,2025-12-13 17:00:00,216817.05,RTGS
TXN_03497,ACC_0305,ACC_0501,2025-10-03 04:00:00,163107.44,IMPS
TXN_03498,ACC_1021,ACC_0401,2026-06-27 15:00:00,53007.43,NEFT
TXN_03499,ACC_0155,ACC_0970,2024-05-30 06:00:00,392938.96,RTGS
TXN_03500,ACC_0181,ACC_0998,2024-06-10 01:00:00,174420.01,NEFT
TXN_03501,ACC_0198,ACC_0769,2025-03-18 08:00:00,202108.22,UPI
TXN_03502,ACC_0317,ACC_0537,2024-11-03 00:00:00,385184.56,NEFT
TXN_03503,ACC_0809,ACC_0826,2024-07-08 03:00:00,355198.8,RTGS
TXN_03504,ACC_0253,ACC_0928,2025-05-06 11:00:00,335650.74,RTGS
TXN_03505,ACC_0203,ACC_0835,2024-07-01 14:00:00,254150.07,RTGS
TXN_03506,ACC_0270,ACC_0627,2026-10-11 23:00:00,481576.86,NEFT
TXN_03507,ACC_0906,ACC_0647,2024-03-07 22:00:00,74387.74,IMPS
TXN_03508,ACC_0583,ACC_0898,2024-11-08 17:00:00,152435.66,IMPS
TXN_03509,ACC_0500,ACC_0766,2026-01-20 16:00:00,172412.2,NEFT
TXN_03510,ACC_0159,ACC_0400,2025-05-22 19:00:00,161849.7,NEFT
TXN_03511,ACC_0713,ACC_0153,2024-08-01 23:00:00,479684.64,NEFT
TXN_03512,ACC_0844,ACC_0832,2024-05-18 22:00:00,7469.29,UPI
TXN_03513,ACC_0149,ACC_0217,2024-06-11 08:00:00,494755.51,IMPS
TXN_03514,ACC_0399,ACC_0366,2026-02-10 23:00:00,152304.13,RTGS
TXN_03515,ACC_0702,ACC_0972,2024-08-26 17:00:00,12700.44,UPI
TXN_03516,ACC_0027,ACC_0315,2024-03-16 12:00:00,396055.58,UPI
TXN_03517,ACC_0359,ACC_0541,2024-04-22 10:00:00,145211.53,IMPS
TXN_03518,ACC_0056,ACC_0630,2024-03-06 07:00:00,188817.8,UPI
TXN_03519,ACC_0045,ACC_0818,2024-04-14 11:00:00,226842.91,NEFT
TXN_03520,ACC_0601,ACC_0104,2024-05-09 07:00:00,262011.63,NEFT
TXN_03521,ACC_0762,ACC_0585,2026-06-24 10:00:00,397692.11,NEFT
TXN_03522,ACC_0712,ACC_0044,2026-07-12 15:00:00,409798.42,UPI
TXN_03523,ACC_0945,ACC_0740,2025-07-19 19:00:00,168965.7,UPI
TXN_03524,ACC_0317,ACC_0248,2024-11-03 20:00:00,468326.25,RTGS
TXN_03525,ACC_0264,ACC_0911,2026-08-07 15:00:00,162040.65,NEFT
TXN_03526,ACC_0437,ACC_0307,2024-03-06 00:00:00,111490.52,RTGS
TXN_03527,ACC_0096,ACC_0740,2026-03-27 13:00:00,45772.38,RTGS
TXN_03528,ACC_0080,ACC_0319,2025-03-08 16:00:00,31514.7,NEFT
TXN_03529,ACC_0100,ACC_0069,2024-06-15 00:00:00,388157.26,IMPS
TXN_03530,ACC_0698,ACC_0972,2024-12-26 16:00:00,30963.81,NEFT
TXN_03531,ACC_0870,ACC_0842,2024-10-29 18:00:00,312565.83,UPI
TXN_03532,ACC_0364,ACC_0162,2025-07-19 10:00:00,13229.25,RTGS
TXN_03533,ACC_1004,ACC_0990,2024-10-27 08:00:00,247594.41,IMPS
TXN_03534,ACC_0064,ACC_0266,2025-07-10 04:00:00,327920.38,RTGS
TXN_03535,ACC_0496,ACC_0068,2025-08-02 00:00:00,166844.71,RTGS
TXN_03536,ACC_0286,ACC_0165,2025-09-26 16:00:00,331776.58,UPI
TXN_03537,ACC_0953,ACC_1002,2026-09-13 19:00:00,178266.2,NEFT
TXN_03538,ACC_0927,ACC_0431,2025-10-23 20:00:00,95494.99,RTGS
TXN_03539,ACC_0541,ACC_0454,2025-04-26 06:00:00,133773.88,RTGS
TXN_03540,ACC_0217,ACC_0323,2026-04-24 12:00:00,21799.85,NEFT
TXN_03541,ACC_0779,ACC_0576,2024-12-22 10:00:00,39772.53,RTGS
TXN_03542,ACC_0942,ACC_0877,2024-01-20 18:00:00,464685.24,UPI
TXN_03543,ACC_0970,ACC_0160,2026-05-13 18:00:00,75715.72,NEFT
TXN_03544,ACC_0843,ACC_0823,2026-08-16 12:00:00,364484.44,IMPS
TXN_03545,ACC_0538,ACC_0830,2026-04-03 20:00:00,11148.42,IMPS
TXN_03546,ACC_0969,ACC_0680,2026-01-30 03:00:00,76610.1,UPI
TXN_03547,ACC_1010,ACC_0994,2025-03-31 17:00:00,171189.91,UPI
TXN_03548,ACC_0978,ACC_0141,2024-07-22 16:00:00,337037.22,IMPS
TXN_03549,ACC_0212,ACC_0167,2026-09-10 23:00:00,164467.75,UPI
TXN_03550,ACC_0985,ACC_0180,2025-03-24 23:00:00,449626.56,IMPS
TXN_03551,ACC_0887,ACC_0521,2024-10-10 17:00:00,296504.57,RTGS
TXN_03552,ACC_0629,ACC_0100,2024-05-25 18:00:00,165005.57,NEFT
TXN_03553,ACC_0165,ACC_0259,2025-08-02 18:00:00,486378.45,RTGS
TXN_03554,ACC_0604,ACC_0396,2025-09-13 21:00:00,418844.69,RTGS
TXN_03555,ACC_0292,ACC_0743,2024-08-11 07:00:00,63686.65,NEFT
TXN_03556,ACC_0489,ACC_0257,2025-10-04 02:00:00,115797.24,NEFT
TXN_03557,ACC_0799,ACC_0324,2026-04-02 05:00:00,322818.93,UPI
TXN_03558,ACC_0223,ACC_0898,2024-02-14 05:00:00,309337.43,IMPS
TXN_03559,ACC_0108,ACC_0363,2026-03-15 02:00:00,54799.62,UPI
TXN_03560,ACC_0156,ACC_0015,2024-11-23 22:00:00,417674.01,RTGS
TXN_03561,ACC_0451,ACC_1022,2026-05-10 05:00:00,395532.62,UPI
TXN_03562,ACC_0381,ACC_0570,2024-04-11 22:00:00,272521.86,NEFT
TXN_03563,ACC_0200,ACC_0691,2025-09-24 18:00:00,442017.79,IMPS
TXN_03564,ACC_0626,ACC_0115,2024-05-08 07:00:00,420621.97,UPI
TXN_03565,ACC_0530,ACC_0417,2026-03-26 03:00:00,108135.57,NEFT
TXN_03566,ACC_0322,ACC_0384,2024-10-12 23:00:00,125424.64,IMPS
TXN_03567,ACC_0058,ACC_0820,2026-01-30 19:00:00,107786.52,RTGS
TXN_03568,ACC_0762,ACC_0576,2026-03-12 01:00:00,369062.41,RTGS
TXN_03569,ACC_0007,ACC_0135,2024-04-13 09:00:00,183048.8,UPI
TXN_03570,ACC_0523,ACC_0853,2026-11-07 13:00:00,186191.42,RTGS
TXN_03571,ACC_0222,ACC_0264,2025-02-13 02:00:00,359544.01,IMPS
TXN_03572,ACC_0962,ACC_0415,2024-08-25 00:00:00,27170.6,NEFT
TXN_03573,ACC_0529,ACC_0559,2024-12-28 06:00:00,469416.52,IMPS
TXN_03574,ACC_0582,ACC_0550,2024-12-20 12:00:00,358077.24,NEFT
TXN_03575,ACC_0886,ACC_0277,2024-10-09 20:00:00,145993.07,RTGS
TXN_03576,ACC_0971,ACC_0988,2024-01-29 14:00:00,168106.24,IMPS
TXN_03577,ACC_0805,ACC_0609,2026-01-06 14:00:00,250863.26,IMPS
TXN_03578,ACC_0975,ACC_0267,2026-06-30 22:00:00,107012.81,NEFT
TXN_03579,ACC_0722,ACC_0435,2025-09-04 13:00:00,375875.7,UPI
TXN_03580,ACC_0980,ACC_0187,2024-09-15 21:00:00,32582.47,IMPS
TXN_03581,ACC_0370,ACC_0274,2024-07-27 08:00:00,103924.86,IMPS
TXN_03582,ACC_0881,ACC_0471,2025-04-11 00:00:00,120516.96,UPI
TXN_03583,ACC_0337,ACC_0776,2025-05-19 20:00:00,496931.9,NEFT
TXN_03584,ACC_0518,ACC_0833,2026-06-12 16:00:00,366419.67,UPI
TXN_03585,ACC_0972,ACC_0032,2024-09-21 00:00:00,234769.66,RTGS
TXN_03586,ACC_0990,ACC_0586,2024-06-19 03:00:00,469586.27,UPI
TXN_03587,ACC_0230,ACC_0053,2024-09-25 12:00:00,367956.32,RTGS
TXN_03588,ACC_0565,ACC_0063,2026-09-14 01:00:00,4287.85,NEFT
TXN_03589,ACC_0092,ACC_0810,2026-08-20 22:00:00,471379.84,NEFT
TXN_03590,ACC_0275,ACC_0640,2024-10-28 17:00:00,298695.95,NEFT
TXN_03591,ACC_0839,ACC_0509,2025-06-30 12:00:00,101669.54,NEFT
TXN_03592,ACC_0814,ACC_0845,2025-01-30 17:00:00,412782.08,RTGS
TXN_03593,ACC_0792,ACC_0793,2025-03-13 13:00:00,107679.63,IMPS
TXN_03594,ACC_1013,ACC_0031,2024-01-23 08:00:00,33773.64,IMPS
TXN_03595,ACC_0765,ACC_0463,2025-08-24 14:00:00,354590.71,NEFT
TXN_03596,ACC_0800,ACC_0377,2026-09-28 10:00:00,74715.42,NEFT
TXN_03597,ACC_0796,ACC_0449,2026-09-30 02:00:00,499609.28,RTGS
TXN_03598,ACC_0566,ACC_0860,2025-05-25 21:00:00,247572.13,IMPS
TXN_03599,ACC_0883,ACC_0650,2025-01-20 09:00:00,321915.68,UPI
TXN_03600,ACC_0102,ACC_0485,2026-09-21 12:00:00,468849.22,RTGS
TXN_03601,ACC_0123,ACC_0140,2026-10-05 04:00:00,427363.73,IMPS
TXN_03602,ACC_0074,ACC_0880,2026-08-09 06:00:00,380798.28,IMPS
TXN_03603,ACC_0255,ACC_0212,2024-03-22 03:00:00,295150.81,NEFT
TXN_03604,ACC_0505,ACC_0992,2025-06-29 20:00:00,360026.5,RTGS
TXN_03605,ACC_0656,ACC_0307,2025-08-29 02:00:00,50971.35,NEFT
TXN_03606,ACC_0468,ACC_0130,2025-09-26 09:00:00,387217.19,RTGS
TXN_03607,ACC_0582,ACC_0284,2024-03-04 15:00:00,148053.42,NEFT
TXN_03608,ACC_0428,ACC_0020,2025-04-12 03:00:00,285305.49,IMPS
TXN_03609,ACC_0209,ACC_0227,2025-03-15 13:00:00,251946.78,NEFT
TXN_03610,ACC_0725,ACC_0763,2025-06-30 17:00:00,470729.79,IMPS
TXN_03611,ACC_0768,ACC_0721,2026-01-16 02:00:00,484549.8,UPI
TXN_03612,ACC_0097,ACC_1007,2026-06-20 22:00:00,454526.93,RTGS
TXN_03613,ACC_0321,ACC_0579,2025-11-21 17:00:00,390981.98,RTGS
TXN_03614,ACC_0026,ACC_0423,2025-04-17 19:00:00,497227.73,IMPS
TXN_03615,ACC_1022,ACC_0829,2024-07-13 07:00:00,326044.35,NEFT
TXN_03616,ACC_0232,ACC_0040,2024-03-18 22:00:00,325628.69,UPI
TXN_03617,ACC_0540,ACC_0028,2025-03-11 18:00:00,421272.65,NEFT
TXN_03618,ACC_0936,ACC_0341,2024-05-14 22:00:00,274728.47,NEFT
TXN_03619,ACC_0879,ACC_0558,2026-02-06 05:00:00,317289.89,RTGS
TXN_03620,ACC_0641,ACC_0307,2025-02-07 11:00:00,390458.9,NEFT
TXN_03621,ACC_0074,ACC_0229,2024-09-18 18:00:00,154533.2,IMPS
TXN_03622,ACC_0618,ACC_0032,2026-08-24 12:00:00,487828.21,NEFT
TXN_03623,ACC_0555,ACC_0578,2024-10-23 01:00:00,437020.83,UPI
TXN_03624,ACC_0669,ACC_0570,2025-09-27 20:00:00,133044.22,UPI
TXN_03625,ACC_0399,ACC_0313,2025-12-30 09:00:00,218957.76,UPI
TXN_03626,ACC_0274,ACC_0090,2025-12-20 08:00:00,459865.99,NEFT
TXN_03627,ACC_0375,ACC_0492,2024-07-17 02:00:00,104085.84,RTGS
TXN_03628,ACC_0636,ACC_0260,2025-10-13 23:00:00,348009.93,UPI
TXN_03629,ACC_0305,ACC_0262,2025-03-31 00:00:00,133373.86,NEFT
TXN_03630,ACC_0544,ACC_0726,2024-04-19 08:00:00,16599.45,IMPS
TXN_03631,ACC_0955,ACC_0650,2025-03-08 21:00:00,199230.64,RTGS
TXN_03632,ACC_0806,ACC_0519,2024-01-21 10:00:00,82775.85,NEFT
TXN_03633,ACC_1028,ACC_0822,2026-03-11 12:00:00,319684.85,NEFT
TXN_03634,ACC_0486,ACC_0334,2024-05-31 18:00:00,415005.65,RTGS
TXN_03635,ACC_0715,ACC_0651,2026-02-18 10:00:00,164808.7,RTGS
TXN_03636,ACC_0380,ACC_0488,2024-11-23 20:00:00,359189.35,RTGS
TXN_03637,ACC_0480,ACC_0685,2024-02-20 21:00:00,358832.95,NEFT
TXN_03638,ACC_0515,ACC_0801,2025-05-18 09:00:00,82523.9,IMPS
TXN_03639,ACC_0721,ACC_0526,2025-05-18 15:00:00,359979.92,NEFT
TXN_03640,ACC_0663,ACC_0245,2024-08-17 09:00:00,302898.78,IMPS
TXN_03641,ACC_1001,ACC_0223,2024-08-12 10:00:00,32158.89,RTGS
TXN_03642,ACC_0511,ACC_0088,2025-07-18 18:00:00,67720.07,NEFT
TXN_03643,ACC_0179,ACC_0006,2025-01-24 07:00:00,338599.5,RTGS
TXN_03644,ACC_0631,ACC_0903,2024-06-07 05:00:00,161398.24,IMPS
TXN_03645,ACC_0999,ACC_0906,2024-11-05 03:00:00,173923.38,UPI
TXN_03646,ACC_0917,ACC_0220,2026-04-25 17:00:00,332360.39,NEFT
TXN_03647,ACC_0408,ACC_0353,2024-05-12 02:00:00,50692.98,NEFT
TXN_03648,ACC_0752,ACC_0628,2024-05-11 16:00:00,12738.54,NEFT
TXN_03649,ACC_0612,ACC_0618,2024-10-29 23:00:00,496972.51,RTGS
TXN_03650,ACC_0113,ACC_0700,2024-01-30 03:00:00,314067.51,UPI
TXN_03651,ACC_0298,ACC_0727,2026-05-24 20:00:00,270082.74,UPI
TXN_03652,ACC_0731,ACC_0991,2026-04-02 17:00:00,274811.13,NEFT
TXN_03653,ACC_0289,ACC_0410,2026-04-12 13:00:00,51730.75,RTGS
TXN_03654,ACC_0390,ACC_0579,2024-01-29 10:00:00,392136.7,NEFT
TXN_03655,ACC_0438,ACC_0215,2026-07-27 04:00:00,67168.68,IMPS
TXN_03656,ACC_0459,ACC_0038,2025-02-07 21:00:00,209942.82,RTGS
TXN_03657,ACC_0324,ACC_0340,2024-03-20 08:00:00,236314.92,NEFT
TXN_03658,ACC_0620,ACC_0311,2024-09-07 17:00:00,159468.01,NEFT
TXN_03659,ACC_0186,ACC_0994,2024-08-30 22:00:00,71705.63,NEFT
TXN_03660,ACC_0906,ACC_0257,2026-04-17 13:00:00,179605.94,RTGS
TXN_03661,ACC_0811,ACC_0427,2026-07-08 04:00:00,83470.04,IMPS
TXN_03662,ACC_0931,ACC_0225,2025-05-20 07:00:00,317307.56,NEFT
TXN_03663,ACC_0305,ACC_0601,2026-10-09 03:00:00,381897.74,NEFT
TXN_03664,ACC_0656,ACC_0325,2024-04-30 18:00:00,416828.02,IMPS
TXN_03665,ACC_0089,ACC_0958,2025-01-26 04:00:00,314509.54,IMPS
TXN_03666,ACC_0920,ACC_0625,2026-02-25 20:00:00,444025.96,RTGS
TXN_03667,ACC_0320,ACC_0838,2026-03-01 18:00:00,212309.05,NEFT
TXN_03668,ACC_0311,ACC_0663,2024-09-13 03:00:00,172990.94,UPI
TXN_03669,ACC_0282,ACC_0393,2025-11-15 02:00:00,261377.07,UPI
TXN_03670,ACC_0520,ACC_0138,2026-01-22 06:00:00,478991.66,IMPS
TXN_03671,ACC_0393,ACC_0911,2026-07-21 22:00:00,466953.7,UPI
TXN_03672,ACC_0024,ACC_0344,2024-03-02 12:00:00,170449.27,IMPS
TXN_03673,ACC_0721,ACC_0073,2025-06-10 20:00:00,466542.37,UPI
TXN_03674,ACC_0323,ACC_0333,2025-07-14 05:00:00,258459.16,IMPS
TXN_03675,ACC_0893,ACC_0204,2025-03-06 09:00:00,389593.36,IMPS
TXN_03676,ACC_0842,ACC_0520,2024-10-11 19:00:00,144205.7,UPI
TXN_03677,ACC_0664,ACC_0782,2024-07-08 22:00:00,478476.04,UPI
TXN_03678,ACC_0026,ACC_0012,2026-04-09 00:00:00,7173.51,RTGS
TXN_03679,ACC_0039,ACC_0701,2026-01-29 11:00:00,28508.19,NEFT
TXN_03680,ACC_0756,ACC_0732,2026-03-11 14:00:00,123506.96,NEFT
TXN_03681,ACC_0463,ACC_0214,2026-08-17 07:00:00,214388.74,UPI
TXN_03682,ACC_0854,ACC_0283,2026-03-12 14:00:00,478611.85,NEFT
TXN_03683,ACC_0264,ACC_0049,2026-01-17 02:00:00,358250.47,UPI
TXN_03684,ACC_0207,ACC_0004,2026-10-23 07:00:00,367695.38,NEFT
TXN_03685,ACC_0819,ACC_0436,2025-08-21 18:00:00,253594.62,RTGS
TXN_03686,ACC_0229,ACC_0233,2025-03-22 10:00:00,32174.14,NEFT
TXN_03687,ACC_0213,ACC_1026,2025-06-02 22:00:00,476551.09,UPI
TXN_03688,ACC_0939,ACC_0967,2024-01-02 17:00:00,93939.53,RTGS
TXN_03689,ACC_0172,ACC_0480,2025-01-13 23:00:00,484928.43,NEFT
TXN_03690,ACC_0167,ACC_0316,2024-12-07 07:00:00,229814.4,NEFT
TXN_03691,ACC_0748,ACC_0020,2025-04-18 07:00:00,259485.54,UPI
TXN_03692,ACC_0377,ACC_1016,2026-01-29 00:00:00,466665.74,NEFT
TXN_03693,ACC_1010,ACC_0790,2024-03-24 14:00:00,257199.19,UPI
TXN_03694,ACC_0297,ACC_0882,2026-09-27 23:00:00,101082.24,NEFT
TXN_03695,ACC_0582,ACC_0913,2026-01-04 15:00:00,431416.16,NEFT
TXN_03696,ACC_0702,ACC_0106,2024-07-23 22:00:00,129154.26,RTGS
TXN_03697,ACC_0768,ACC_0866,2025-04-22 15:00:00,351788.72,NEFT
TXN_03698,ACC_0634,ACC_0082,2024-09-03 16:00:00,37841.8,UPI
TXN_03699,ACC_0817,ACC_0950,2024-03-14 12:00:00,349215.0,NEFT
TXN_03700,ACC_0376,ACC_0073,2026-02-08 13:00:00,449336.98,RTGS
TXN_03701,ACC_0398,ACC_0921,2024-01-22 06:00:00,48983.08,IMPS
TXN_03702,ACC_0568,ACC_0989,2024-09-21 00:00:00,264319.62,IMPS
TXN_03703,ACC_0544,ACC_1004,2025-09-27 05:00:00,152310.13,UPI
TXN_03704,ACC_0640,ACC_0255,2024-02-26 06:00:00,225255.93,UPI
TXN_03705,ACC_0088,ACC_0591,2024-01-14 05:00:00,114410.22,NEFT
TXN_03706,ACC_0877,ACC_0326,2025-12-07 04:00:00,333294.1,NEFT
TXN_03707,ACC_0652,ACC_0964,2024-12-30 08:00:00,474699.77,RTGS
TXN_03708,ACC_0401,ACC_0331,2025-08-19 13:00:00,64005.23,RTGS
TXN_03709,ACC_0152,ACC_0564,2025-10-22 23:00:00,206164.46,IMPS
TXN_03710,ACC_0617,ACC_0549,2026-03-27 19:00:00,147281.01,UPI
TXN_03711,ACC_0504,ACC_0677,2026-06-19 19:00:00,107149.42,RTGS
TXN_03712,ACC_0041,ACC_0628,2024-09-28 22:00:00,56445.71,UPI
TXN_03713,ACC_0567,ACC_0859,2025-07-19 09:00:00,312388.34,RTGS
TXN_03714,ACC_0901,ACC_0896,2024-01-10 18:00:00,291091.6,IMPS
TXN_03715,ACC_0466,ACC_0361,2026-09-25 10:00:00,408914.53,UPI
TXN_03716,ACC_0743,ACC_0003,2025-10-14 07:00:00,178881.87,NEFT
TXN_03717,ACC_0893,ACC_0402,2026-03-13 12:00:00,177197.72,RTGS
TXN_03718,ACC_0609,ACC_0353,2025-03-30 03:00:00,136747.88,RTGS
TXN_03719,ACC_0592,ACC_0241,2026-07-24 10:00:00,281259.29,UPI
TXN_03720,ACC_0638,ACC_0806,2026-10-17 07:00:00,96371.5,IMPS
TXN_03721,ACC_0194,ACC_0056,2026-03-15 11:00:00,268809.07,RTGS
TXN_03722,ACC_0578,ACC_0522,2026-01-01 18:00:00,139605.12,RTGS
TXN_03723,ACC_0072,ACC_0811,2024-09-21 20:00:00,207618.78,IMPS
TXN_03724,ACC_0068,ACC_0720,2026-07-10 11:00:00,394084.76,NEFT
TXN_03725,ACC_0653,ACC_0551,2026-07-06 07:00:00,131613.95,RTGS
TXN_03726,ACC_0129,ACC_0587,2026-11-04 06:00:00,274814.66,RTGS
TXN_03727,ACC_0689,ACC_0162,2024-05-08 04:00:00,163425.55,NEFT
TXN_03728,ACC_0871,ACC_0915,2026-10-03 05:00:00,88252.37,IMPS
TXN_03729,ACC_0351,ACC_0212,2024-06-14 10:00:00,372511.36,UPI
TXN_03730,ACC_0863,ACC_0105,2025-02-27 22:00:00,312908.56,UPI
TXN_03731,ACC_0214,ACC_0050,2026-03-08 06:00:00,390424.47,NEFT
TXN_03732,ACC_0664,ACC_0064,2024-12-04 01:00:00,107407.75,IMPS
TXN_03733,ACC_0482,ACC_0100,2025-02-22 21:00:00,363976.82,UPI
TXN_03734,ACC_0500,ACC_0079,2026-02-23 18:00:00,237538.48,IMPS
TXN_03735,ACC_0736,ACC_0015,2024-07-11 16:00:00,490476.24,NEFT
TXN_03736,ACC_0660,ACC_0752,2026-10-28 12:00:00,175022.71,NEFT
TXN_03737,ACC_0436,ACC_0107,2025-04-07 23:00:00,79322.04,RTGS
TXN_03738,ACC_0587,ACC_0231,2025-07-24 15:00:00,419295.97,RTGS
TXN_03739,ACC_0553,ACC_0888,2026-11-02 19:00:00,194981.05,RTGS
TXN_03740,ACC_0401,ACC_0149,2024-10-05 10:00:00,404368.89,NEFT
TXN_03741,ACC_0128,ACC_0872,2025-07-28 18:00:00,92694.8,RTGS
TXN_03742,ACC_0215,ACC_0907,2026-03-29 09:00:00,43236.03,UPI
TXN_03743,ACC_0067,ACC_0706,2026-08-08 08:00:00,155764.43,UPI
TXN_03744,ACC_0205,ACC_0380,2025-07-23 10:00:00,72433.3,UPI
TXN_03745,ACC_0413,ACC_0930,2026-01-22 19:00:00,3438.41,IMPS
TXN_03746,ACC_0184,ACC_0477,2026-01-18 05:00:00,127327.94,IMPS
TXN_03747,ACC_0450,ACC_0376,2025-08-09 12:00:00,252482.07,NEFT
TXN_03748,ACC_0931,ACC_0546,2026-11-07 13:00:00,123087.32,RTGS
TXN_03749,ACC_0206,ACC_0582,2026-11-05 02:00:00,273968.9,NEFT
TXN_03750,ACC_0947,ACC_0144,2025-04-12 00:00:00,294322.63,RTGS
TXN_03751,ACC_0098,ACC_0841,2024-02-29 08:00:00,150302.15,UPI
TXN_03752,ACC_0823,ACC_0154,2025-06-21 15:00:00,420088.19,UPI
TXN_03753,ACC_0314,ACC_0832,2024-09-13 06:00:00,78999.61,RTGS
TXN_03754,ACC_0058,ACC_0378,2024-06-10 04:00:00,381798.12,RTGS
TXN_03755,ACC_0261,ACC_0536,2025-05-21 18:00:00,406331.23,UPI
TXN_03756,ACC_0657,ACC_0904,2024-02-14 05:00:00,332768.86,UPI
TXN_03757,ACC_0825,ACC_0105,2026-10-12 11:00:00,146650.6,UPI
TXN_03758,ACC_0983,ACC_0500,2024-04-23 02:00:00,222099.91,RTGS
TXN_03759,ACC_0301,ACC_0076,2025-03-09 08:00:00,146704.07,UPI
TXN_03760,ACC_0235,ACC_0749,2025-03-07 23:00:00,176285.5,NEFT
TXN_03761,ACC_0006,ACC_0901,2024-01-31 15:00:00,52701.44,UPI
TXN_03762,ACC_0944,ACC_0933,2025-08-27 23:00:00,61103.66,RTGS
TXN_03763,ACC_0339,ACC_0903,2026-08-31 07:00:00,156081.47,NEFT
TXN_03764,ACC_0428,ACC_0711,2026-10-08 02:00:00,38507.23,NEFT
TXN_03765,ACC_0331,ACC_0717,2024-02-26 10:00:00,6089.53,RTGS
TXN_03766,ACC_0174,ACC_0234,2024-03-17 13:00:00,27847.94,UPI
TXN_03767,ACC_0440,ACC_1035,2024-02-03 19:00:00,394468.39,IMPS
TXN_03768,ACC_0232,ACC_0471,2024-01-15 13:00:00,322342.11,UPI
TXN_03769,ACC_0384,ACC_0277,2024-06-17 16:00:00,491556.18,NEFT
TXN_03770,ACC_0372,ACC_1006,2025-03-27 02:00:00,194392.53,UPI
TXN_03771,ACC_0306,ACC_0639,2025-01-19 22:00:00,151302.23,IMPS
TXN_03772,ACC_0146,ACC_0675,2024-09-19 22:00:00,395273.79,IMPS
TXN_03773,ACC_0291,ACC_0173,2025-11-26 15:00:00,27933.41,UPI
TXN_03774,ACC_0489,ACC_0610,2025-06-30 03:00:00,64620.61,IMPS
TXN_03775,ACC_0709,ACC_1035,2024-02-19 22:00:00,336987.56,IMPS
TXN_03776,ACC_0085,ACC_0122,2026-02-10 11:00:00,305504.35,IMPS
TXN_03777,ACC_0894,ACC_0978,2024-09-27 04:00:00,81980.33,UPI
TXN_03778,ACC_0907,ACC_0873,2026-07-04 20:00:00,206988.01,UPI
TXN_03779,ACC_0508,ACC_0839,2024-06-20 15:00:00,58645.39,NEFT
TXN_03780,ACC_0166,ACC_0264,2024-01-13 18:00:00,262110.66,UPI
TXN_03781,ACC_0511,ACC_0454,2025-08-15 13:00:00,69592.91,RTGS
TXN_03782,ACC_0376,ACC_0064,2026-01-16 06:00:00,181100.91,UPI
TXN_03783,ACC_0788,ACC_0665,2025-10-04 09:00:00,12489.79,UPI
TXN_03784,ACC_0603,ACC_0822,2024-12-31 09:00:00,115363.34,RTGS
TXN_03785,ACC_0006,ACC_0845,2025-07-24 18:00:00,216076.98,RTGS
TXN_03786,ACC_0356,ACC_0588,2026-03-31 13:00:00,195430.53,UPI
TXN_03787,ACC_0280,ACC_0382,2026-03-18 14:00:00,210492.5,UPI
TXN_03788,ACC_0180,ACC_0961,2025-02-01 02:00:00,55582.56,UPI
TXN_03789,ACC_0533,ACC_0030,2025-09-20 00:00:00,480456.05,IMPS
TXN_03790,ACC_0020,ACC_0013,2024-05-27 06:00:00,484716.39,RTGS
TXN_03791,ACC_0116,ACC_0316,2024-10-08 22:00:00,65316.53,UPI
TXN_03792,ACC_0870,ACC_0177,2025-03-14 20:00:00,314106.11,UPI
TXN_03793,ACC_0442,ACC_0912,2024-07-16 11:00:00,425540.26,NEFT
TXN_03794,ACC_0468,ACC_0905,2026-10-04 18:00:00,482432.5,IMPS
TXN_03795,ACC_0813,ACC_1034,2026-01-03 06:00:00,104409.3,NEFT
TXN_03796,ACC_0061,ACC_0655,2025-05-08 06:00:00,47488.83,NEFT
TXN_03797,ACC_0609,ACC_0834,2025-07-30 07:00:00,491248.75,IMPS
TXN_03798,ACC_0961,ACC_0568,2024-03-25 17:00:00,13912.66,RTGS
TXN_03799,ACC_0620,ACC_0514,2024-05-03 19:00:00,47532.75,RTGS
TXN_03800,ACC_0392,ACC_0062,2025-10-25 16:00:00,321265.72,NEFT
TXN_03801,ACC_0717,ACC_0194,2026-09-21 08:00:00,313536.46,IMPS
TXN_03802,ACC_0480,ACC_0105,2024-12-15 13:00:00,331454.55,UPI
TXN_03803,ACC_0417,ACC_0612,2026-01-15 09:00:00,101681.95,UPI
TXN_03804,ACC_0904,ACC_0761,2024-09-16 20:00:00,495165.0,UPI
TXN_03805,ACC_0580,ACC_0730,2025-01-22 20:00:00,406491.67,NEFT
TXN_03806,ACC_0854,ACC_0505,2026-11-05 06:00:00,474104.86,UPI
TXN_03807,ACC_0185,ACC_0272,2025-12-25 00:00:00,75393.72,RTGS
TXN_03808,ACC_0895,ACC_0264,2025-02-28 00:00:00,388906.66,NEFT
TXN_03809,ACC_0374,ACC_0513,2024-05-30 10:00:00,244095.88,RTGS
TXN_03810,ACC_0916,ACC_0788,2024-09-09 19:00:00,120870.99,UPI
TXN_03811,ACC_0706,ACC_0817,2025-03-05 03:00:00,62825.48,IMPS
TXN_03812,ACC_0872,ACC_0917,2025-06-18 23:00:00,81838.58,UPI
TXN_03813,ACC_0001,ACC_0920,2024-10-19 01:00:00,353395.7,UPI
TXN_03814,ACC_0069,ACC_0073,2024-09-04 07:00:00,62684.45,IMPS
TXN_03815,ACC_0827,ACC_0067,2026-04-20 00:00:00,436281.18,IMPS
TXN_03816,ACC_0903,ACC_0402,2024-04-11 19:00:00,135929.85,UPI
TXN_03817,ACC_0255,ACC_0522,2025-03-19 19:00:00,89708.52,RTGS
TXN_03818,ACC_0316,ACC_0981,2026-04-13 13:00:00,52053.8,RTGS
TXN_03819,ACC_0003,ACC_0305,2025-07-23 08:00:00,372191.14,RTGS
TXN_03820,ACC_0430,ACC_0609,2025-11-13 04:00:00,470658.58,NEFT
TXN_03821,ACC_0535,ACC_0999,2024-10-01 18:00:00,3289.36,UPI
TXN_03822,ACC_0854,ACC_0120,2026-10-23 04:00:00,371766.22,IMPS
TXN_03823,ACC_0723,ACC_0261,2024-02-08 00:00:00,138048.06,RTGS
TXN_03824,ACC_0981,ACC_0042,2024-08-27 19:00:00,188747.56,IMPS
TXN_03825,ACC_0152,ACC_0462,2025-08-04 21:00:00,471722.62,UPI
TXN_03826,ACC_0155,ACC_0414,2026-10-15 23:00:00,184860.9,IMPS
TXN_03827,ACC_0399,ACC_0194,2025-04-07 06:00:00,252413.5,RTGS
TXN_03828,ACC_0948,ACC_0670,2025-01-14 18:00:00,251922.66,IMPS
TXN_03829,ACC_0598,ACC_0143,2024-07-21 06:00:00,361987.06,IMPS
TXN_03830,ACC_0069,ACC_0719,2025-10-15 12:00:00,373561.72,UPI
TXN_03831,ACC_0116,ACC_0020,2026-10-07 00:00:00,308039.93,IMPS
TXN_03832,ACC_0243,ACC_0608,2025-12-30 00:00:00,363604.32,RTGS
TXN_03833,ACC_1009,ACC_0433,2026-01-27 07:00:00,222981.57,NEFT
TXN_03834,ACC_0172,ACC_0290,2026-05-15 15:00:00,378179.28,IMPS
TXN_03835,ACC_0616,ACC_0509,2026-04-23 21:00:00,12449.51,IMPS
TXN_03836,ACC_0856,ACC_0613,2026-01-02 17:00:00,451044.45,NEFT
TXN_03837,ACC_0684,ACC_0146,2024-11-27 09:00:00,421399.73,NEFT
TXN_03838,ACC_0462,ACC_0908,2024-04-17 16:00:00,92142.3,RTGS
TXN_03839,ACC_1016,ACC_0770,2026-02-22 19:00:00,263293.17,RTGS
TXN_03840,ACC_0624,ACC_0810,2026-01-16 19:00:00,107501.19,UPI
TXN_03841,ACC_0291,ACC_0913,2026-07-24 22:00:00,411184.68,RTGS
TXN_03842,ACC_0973,ACC_0490,2024-06-14 05:00:00,224429.45,RTGS
TXN_03843,ACC_1036,ACC_0716,2026-05-17 23:00:00,468104.58,RTGS
TXN_03844,ACC_0843,ACC_0928,2025-08-19 09:00:00,454142.33,RTGS
TXN_03845,ACC_0668,ACC_0030,2024-01-21 16:00:00,454543.27,NEFT
TXN_03846,ACC_0484,ACC_0270,2026-01-03 09:00:00,139840.59,NEFT
TXN_03847,ACC_0325,ACC_0047,2026-01-14 08:00:00,318532.23,IMPS
TXN_03848,ACC_0881,ACC_0735,2024-11-19 04:00:00,440134.79,IMPS
TXN_03849,ACC_0137,ACC_1034,2025-11-14 13:00:00,473148.55,UPI
TXN_03850,ACC_0421,ACC_0892,2026-01-13 21:00:00,359504.37,IMPS
TXN_03851,ACC_0070,ACC_0080,2025-03-10 18:00:00,422053.19,NEFT
TXN_03852,ACC_0934,ACC_0857,2026-09-17 06:00:00,29837.22,RTGS
TXN_03853,ACC_0592,ACC_0452,2026-01-16 19:00:00,28587.76,NEFT
TXN_03854,ACC_0073,ACC_0175,2024-12-29 00:00:00,148276.16,NEFT
TXN_03855,ACC_0789,ACC_0888,2024-09-26 01:00:00,164005.04,UPI
TXN_03856,ACC_0656,ACC_0993,2024-01-31 02:00:00,205330.45,NEFT
TXN_03857,ACC_0316,ACC_0616,2024-07-12 07:00:00,356587.31,IMPS
TXN_03858,ACC_0693,ACC_0208,2025-04-14 01:00:00,370030.5,RTGS
TXN_03859,ACC_0475,ACC_0557,2025-05-31 00:00:00,276647.98,NEFT
TXN_03860,ACC_0124,ACC_0264,2026-03-04 22:00:00,381176.06,NEFT
TXN_03861,ACC_0863,ACC_0940,2026-04-05 15:00:00,132617.27,IMPS
TXN_03862,ACC_0561,ACC_0249,2026-06-29 20:00:00,238454.8,NEFT
TXN_03863,ACC_0285,ACC_0700,2025-01-02 00:00:00,343132.7,IMPS
TXN_03864,ACC_0305,ACC_0024,2025-04-10 15:00:00,416064.58,IMPS
TXN_03865,ACC_0150,ACC_0946,2025-09-30 15:00:00,123602.66,NEFT
TXN_03866,ACC_0844,ACC_0212,2024-06-22 19:00:00,404245.85,UPI
TXN_03867,ACC_0773,ACC_0501,2026-02-17 21:00:00,27175.85,IMPS
TXN_03868,ACC_0889,ACC_0234,2026-02-13 19:00:00,329645.66,IMPS
TXN_03869,ACC_0729,ACC_0241,2025-05-30 00:00:00,362265.81,IMPS
TXN_03870,ACC_0122,ACC_0700,2025-04-06 16:00:00,477145.03,NEFT
TXN_03871,ACC_0337,ACC_0307,2026-07-07 09:00:00,41317.02,RTGS
TXN_03872,ACC_0395,ACC_0836,2024-07-29 23:00:00,126551.19,IMPS
TXN_03873,ACC_0316,ACC_0843,2026-08-08 08:00:00,494029.37,RTGS
TXN_03874,ACC_1032,ACC_0379,2024-08-12 04:00:00,53701.69,IMPS
TXN_03875,ACC_0449,ACC_0829,2024-05-21 14:00:00,17012.46,IMPS
TXN_03876,ACC_0656,ACC_0953,2024-09-17 05:00:00,290135.81,RTGS
TXN_03877,ACC_0710,ACC_0233,2024-10-17 17:00:00,125667.4,UPI
TXN_03878,ACC_1033,ACC_0533,2024-12-29 18:00:00,234956.68,UPI
TXN_03879,ACC_0246,ACC_0477,2025-08-26 12:00:00,364725.89,NEFT
TXN_03880,ACC_0480,ACC_0495,2025-11-03 10:00:00,384664.73,UPI
TXN_03881,ACC_0698,ACC_0479,2025-10-20 04:00:00,467986.28,RTGS
TXN_03882,ACC_0406,ACC_0237,2026-01-24 06:00:00,423348.86,NEFT
TXN_03883,ACC_0347,ACC_0352,2026-02-04 06:00:00,20995.82,RTGS
TXN_03884,ACC_0830,ACC_0733,2024-03-06 08:00:00,850.08,UPI
TXN_03885,ACC_0425,ACC_0583,2026-08-01 04:00:00,84911.27,RTGS
TXN_03886,ACC_0843,ACC_1032,2024-05-02 15:00:00,119078.44,UPI
TXN_03887,ACC_0596,ACC_0897,2025-12-25 05:00:00,205957.72,IMPS
TXN_03888,ACC_0129,ACC_0657,2024-10-24 19:00:00,179578.48,UPI
TXN_03889,ACC_0467,ACC_0921,2025-06-17 03:00:00,165706.59,UPI
TXN_03890,ACC_0539,ACC_0969,2026-01-31 18:00:00,205270.7,IMPS
TXN_03891,ACC_0349,ACC_1024,2025-03-02 17:00:00,183129.84,RTGS
TXN_03892,ACC_0407,ACC_0173,2025-01-23 20:00:00,337274.14,IMPS
TXN_03893,ACC_0501,ACC_0526,2026-07-03 07:00:00,471297.65,UPI
TXN_03894,ACC_0180,ACC_0236,2025-02-28 23:00:00,47913.7,IMPS
TXN_03895,ACC_0925,ACC_0418,2025-03-05 00:00:00,127142.52,IMPS
TXN_03896,ACC_0241,ACC_0077,2024-03-04 11:00:00,209276.65,UPI
TXN_03897,ACC_0808,ACC_0311,2024-04-22 18:00:00,457364.0,IMPS
TXN_03898,ACC_0064,ACC_0475,2026-07-25 03:00:00,346301.24,UPI
TXN_03899,ACC_0017,ACC_0877,2025-07-20 13:00:00,366127.57,RTGS
TXN_03900,ACC_0860,ACC_0987,2024-02-13 15:00:00,281047.2,IMPS
TXN_03901,ACC_0608,ACC_0954,2025-11-13 12:00:00,463124.76,IMPS
TXN_03902,ACC_0187,ACC_0468,2024-04-05 15:00:00,292300.05,RTGS
TXN_03903,ACC_1009,ACC_0226,2024-12-25 16:00:00,401832.77,RTGS
TXN_03904,ACC_0023,ACC_0771,2026-11-07 16:00:00,405347.47,IMPS
TXN_03905,ACC_0655,ACC_0475,2024-11-20 20:00:00,104642.27,NEFT
TXN_03906,ACC_0855,ACC_0951,2025-06-08 21:00:00,248261.89,NEFT
TXN_03907,ACC_0274,ACC_1028,2024-07-13 19:00:00,419162.05,IMPS
TXN_03908,ACC_0778,ACC_0897,2025-02-06 05:00:00,454553.54,NEFT
TXN_03909,ACC_0180,ACC_0721,2026-05-12 23:00:00,5032.96,RTGS
TXN_03910,ACC_0083,ACC_0817,2024-02-09 16:00:00,182453.1,UPI
TXN_03911,ACC_0361,ACC_0267,2024-05-24 11:00:00,499752.94,UPI
TXN_03912,ACC_0254,ACC_0571,2025-05-29 11:00:00,200598.38,UPI
TXN_03913,ACC_0566,ACC_0242,2024-08-27 11:00:00,303359.01,IMPS
TXN_03914,ACC_0123,ACC_0289,2024-11-05 19:00:00,456428.78,NEFT
TXN_03915,ACC_0734,ACC_0385,2026-07-02 18:00:00,317494.85,RTGS
TXN_03916,ACC_0448,ACC_0477,2026-01-25 03:00:00,84991.82,NEFT
TXN_03917,ACC_0782,ACC_0728,2025-07-13 12:00:00,390198.98,UPI
TXN_03918,ACC_0723,ACC_0993,2025-06-07 03:00:00,338670.19,UPI
TXN_03919,ACC_0120,ACC_0609,2024-11-09 17:00:00,223090.58,NEFT
TXN_03920,ACC_0992,ACC_0849,2026-01-31 04:00:00,21746.92,NEFT
TXN_03921,ACC_0139,ACC_0432,2025-12-16 14:00:00,112026.12,NEFT
TXN_03922,ACC_0654,ACC_0788,2024-07-21 08:00:00,459510.05,IMPS
TXN_03923,ACC_0858,ACC_0497,2024-04-28 07:00:00,494748.59,RTGS
TXN_03924,ACC_0384,ACC_0631,2025-07-01 23:00:00,110044.94,RTGS
TXN_03925,ACC_0743,ACC_0135,2024-03-10 11:00:00,110976.66,UPI
TXN_03926,ACC_0610,ACC_0249,2025-09-28 20:00:00,408000.85,NEFT
TXN_03927,ACC_0355,ACC_0599,2024-09-12 14:00:00,348641.58,IMPS
TXN_03928,ACC_0561,ACC_0209,2025-07-03 11:00:00,268452.5,IMPS
TXN_03929,ACC_0478,ACC_0009,2026-04-19 06:00:00,141172.98,IMPS
TXN_03930,ACC_0824,ACC_0120,2025-12-22 12:00:00,113990.81,UPI
TXN_03931,ACC_0970,ACC_0772,2024-10-02 08:00:00,146656.84,UPI
TXN_03932,ACC_0243,ACC_0904,2026-05-08 05:00:00,251828.44,UPI
TXN_03933,ACC_0520,ACC_0135,2024-09-02 20:00:00,356091.17,NEFT
TXN_03934,ACC_0694,ACC_0970,2024-04-15 15:00:00,268079.61,RTGS
TXN_03935,ACC_0694,ACC_0999,2024-08-07 05:00:00,177637.6,UPI
TXN_03936,ACC_0735,ACC_0525,2025-06-02 15:00:00,22058.3,NEFT
TXN_03937,ACC_0485,ACC_0398,2024-10-31 15:00:00,36681.2,UPI
TXN_03938,ACC_0089,ACC_0337,2024-04-02 07:00:00,159388.29,NEFT
TXN_03939,ACC_0789,ACC_0784,2024-07-06 09:00:00,215747.13,NEFT
TXN_03940,ACC_0542,ACC_0712,2025-07-27 10:00:00,438127.79,IMPS
TXN_03941,ACC_0593,ACC_0553,2024-08-22 20:00:00,296560.0,IMPS
TXN_03942,ACC_0763,ACC_0805,2024-06-06 09:00:00,346472.16,RTGS
TXN_03943,ACC_0714,ACC_0389,2025-02-28 18:00:00,59576.35,UPI
TXN_03944,ACC_0069,ACC_0003,2025-11-18 10:00:00,393550.3,RTGS
TXN_03945,ACC_0315,ACC_0389,2025-08-17 03:00:00,198603.66,UPI
TXN_03946,ACC_0157,ACC_0374,2025-08-23 02:00:00,87611.4,UPI
TXN_03947,ACC_0900,ACC_0146,2025-09-24 02:00:00,443559.02,NEFT
TXN_03948,ACC_0882,ACC_0656,2024-04-02 02:00:00,189970.95,NEFT
TXN_03949,ACC_0876,ACC_0536,2026-01-11 11:00:00,2489.53,RTGS
TXN_03950,ACC_0874,ACC_0193,2025-12-03 11:00:00,308218.22,IMPS
TXN_03951,ACC_0447,ACC_0277,2024-04-10 16:00:00,31569.02,UPI
TXN_03952,ACC_0421,ACC_0793,2024-01-28 17:00:00,100925.98,UPI
TXN_03953,ACC_0447,ACC_0598,2024-08-21 19:00:00,31218.07,IMPS
TXN_03954,ACC_0834,ACC_0321,2025-08-10 05:00:00,107792.69,NEFT
TXN_03955,ACC_0043,ACC_0070,2024-02-20 14:00:00,237214.71,UPI
TXN_03956,ACC_0866,ACC_0083,2026-02-27 02:00:00,466866.72,RTGS
TXN_03957,ACC_0046,ACC_0211,2024-08-18 11:00:00,431825.33,RTGS
TXN_03958,ACC_0715,ACC_0936,2024-04-29 16:00:00,471708.06,UPI
TXN_03959,ACC_0959,ACC_0038,2025-05-04 19:00:00,376273.62,NEFT
TXN_03960,ACC_0185,ACC_0200,2025-06-07 06:00:00,475434.05,IMPS
TXN_03961,ACC_0272,ACC_0393,2026-08-08 14:00:00,44378.52,IMPS
TXN_03962,ACC_0191,ACC_0209,2026-01-17 23:00:00,379406.21,UPI
TXN_03963,ACC_0320,ACC_1034,2024-02-23 02:00:00,139184.61,NEFT
TXN_03964,ACC_0623,ACC_0032,2025-12-27 20:00:00,385561.49,UPI
TXN_03965,ACC_1011,ACC_0547,2025-10-26 02:00:00,78448.78,RTGS
TXN_03966,ACC_0203,ACC_0860,2026-09-22 18:00:00,383392.14,NEFT
TXN_03967,ACC_0496,ACC_0962,2026-10-27 00:00:00,52343.4,RTGS
TXN_03968,ACC_0729,ACC_0814,2024-04-05 13:00:00,174000.96,UPI
TXN_03969,ACC_0431,ACC_0865,2024-01-11 01:00:00,290681.52,IMPS
TXN_03970,ACC_0273,ACC_0378,2024-11-09 10:00:00,186910.27,RTGS
TXN_03971,ACC_0640,ACC_0460,2025-08-16 04:00:00,303126.75,NEFT
TXN_03972,ACC_0016,ACC_0979,2024-05-12 01:00:00,303319.88,NEFT
TXN_03973,ACC_0738,ACC_0520,2024-05-29 05:00:00,375110.27,IMPS
TXN_03974,ACC_0292,ACC_0235,2025-01-01 23:00:00,105737.34,RTGS
TXN_03975,ACC_0028,ACC_0115,2025-01-23 23:00:00,354886.68,RTGS
TXN_03976,ACC_0081,ACC_0037,2026-10-21 15:00:00,9115.44,NEFT
TXN_03977,ACC_0817,ACC_0158,2026-01-06 04:00:00,485418.09,NEFT
TXN_03978,ACC_0902,ACC_0008,2026-05-12 07:00:00,305830.25,UPI
TXN_03979,ACC_0108,ACC_0068,2024-02-23 08:00:00,193164.49,NEFT
TXN_03980,ACC_0727,ACC_0669,2025-03-30 02:00:00,32558.35,IMPS
TXN_03981,ACC_0303,ACC_0110,2025-09-23 07:00:00,242120.1,RTGS
TXN_03982,ACC_0970,ACC_0028,2024-03-05 17:00:00,15756.76,NEFT
TXN_03983,ACC_0657,ACC_0817,2026-09-04 17:00:00,184086.23,IMPS
TXN_03984,ACC_0678,ACC_0297,2024-03-28 01:00:00,14855.66,UPI
TXN_03985,ACC_0852,ACC_0062,2026-10-30 07:00:00,268157.76,UPI
TXN_03986,ACC_0073,ACC_0363,2024-08-24 14:00:00,434455.87,RTGS
TXN_03987,ACC_0045,ACC_0614,2024-06-24 01:00:00,56169.22,UPI
TXN_03988,ACC_0502,ACC_0632,2025-01-31 14:00:00,470880.22,UPI
TXN_03989,ACC_0319,ACC_1029,2025-10-31 22:00:00,329277.64,NEFT
TXN_03990,ACC_0773,ACC_0433,2025-01-09 22:00:00,85038.5,RTGS
TXN_03991,ACC_0202,ACC_0493,2025-03-13 23:00:00,119871.5,IMPS
TXN_03992,ACC_0817,ACC_0808,2024-01-18 11:00:00,81365.79,IMPS
TXN_03993,ACC_0006,ACC_0771,2026-10-31 22:00:00,494483.25,RTGS
TXN_03994,ACC_0206,ACC_0339,2025-07-10 15:00:00,440802.67,RTGS
TXN_03995,ACC_0095,ACC_0435,2026-05-23 16:00:00,462435.09,IMPS
TXN_03996,ACC_1026,ACC_0778,2026-06-29 06:00:00,38442.39,IMPS
TXN_03997,ACC_0550,ACC_0024,2024-01-19 11:00:00,110162.42,IMPS
TXN_03998,ACC_0622,ACC_0496,2024-01-28 23:00:00,282532.08,UPI
TXN_03999,ACC_0268,ACC_0548,2024-02-29 16:00:00,449153.49,UPI
TXN_04000,ACC_0546,ACC_0010,2024-11-16 15:00:00,312384.35,NEFT
TXN_04001,ACC_0010,ACC_0595,2024-11-18 16:00:00,49581.91,UPI
TXN_04002,ACC_0808,ACC_0997,2024-09-02 23:00:00,470781.35,UPI
TXN_04003,ACC_0581,ACC_0982,2024-06-29 07:00:00,149361.62,IMPS
TXN_04004,ACC_1008,ACC_0705,2025-12-24 13:00:00,398052.59,IMPS
TXN_04005,ACC_0585,ACC_0733,2025-07-01 09:00:00,453931.24,IMPS
TXN_04006,ACC_0411,ACC_0091,2025-10-04 05:00:00,117891.33,NEFT
TXN_04007,ACC_0788,ACC_0109,2024-08-28 10:00:00,263643.43,UPI
TXN_04008,ACC_0534,ACC_0822,2026-08-08 05:00:00,448231.18,RTGS
TXN_04009,ACC_0088,ACC_0206,2025-09-30 12:00:00,286942.07,RTGS
TXN_04010,ACC_0838,ACC_0642,2025-11-13 01:00:00,206616.03,IMPS
TXN_04011,ACC_0278,ACC_0757,2024-11-08 21:00:00,239112.56,RTGS
TXN_04012,ACC_0401,ACC_0204,2024-10-05 12:00:00,52984.03,IMPS
TXN_04013,ACC_0409,ACC_0205,2025-02-04 00:00:00,407089.51,IMPS
TXN_04014,ACC_0781,ACC_0372,2025-11-21 04:00:00,357700.18,IMPS
TXN_04015,ACC_0899,ACC_0228,2026-03-19 12:00:00,21971.46,IMPS
TXN_04016,ACC_0010,ACC_0306,2024-09-13 13:00:00,179545.69,RTGS
TXN_04017,ACC_0012,ACC_0069,2026-01-26 20:00:00,403816.25,RTGS
TXN_04018,ACC_0152,ACC_0287,2026-06-30 20:00:00,327432.68,IMPS
TXN_04019,ACC_0744,ACC_0546,2024-08-19 04:00:00,35934.05,RTGS
TXN_04020,ACC_0185,ACC_0298,2026-10-24 00:00:00,400309.32,RTGS
TXN_04021,ACC_0765,ACC_0819,2025-12-03 22:00:00,363764.01,NEFT
TXN_04022,ACC_0518,ACC_0419,2024-12-02 09:00:00,384249.86,UPI
TXN_04023,ACC_0774,ACC_1027,2024-02-02 12:00:00,151495.07,NEFT
TXN_04024,ACC_0254,ACC_0415,2025-06-18 17:00:00,164378.86,UPI
TXN_04025,ACC_0022,ACC_0830,2025-01-30 08:00:00,401792.46,NEFT
TXN_04026,ACC_0612,ACC_0578,2024-10-15 22:00:00,412530.25,IMPS
TXN_04027,ACC_0816,ACC_0295,2026-05-17 04:00:00,219248.86,NEFT
TXN_04028,ACC_0102,ACC_0041,2025-05-23 10:00:00,461146.71,RTGS
TXN_04029,ACC_0459,ACC_0918,2025-10-25 17:00:00,163212.11,RTGS
TXN_04030,ACC_0122,ACC_0408,2024-09-29 14:00:00,46252.28,IMPS
TXN_04031,ACC_0144,ACC_0180,2024-02-09 04:00:00,195832.17,IMPS
TXN_04032,ACC_0487,ACC_0187,2025-02-25 06:00:00,9644.8,IMPS
TXN_04033,ACC_0797,ACC_0032,2025-03-09 23:00:00,177211.66,UPI
TXN_04034,ACC_0684,ACC_0628,2024-12-10 14:00:00,490858.8,IMPS
TXN_04035,ACC_1031,ACC_0567,2024-03-22 01:00:00,292535.96,IMPS
TXN_04036,ACC_0661,ACC_0120,2025-07-01 01:00:00,31698.64,NEFT
TXN_04037,ACC_0175,ACC_1027,2024-10-20 23:00:00,135097.64,RTGS
TXN_04038,ACC_0291,ACC_0142,2024-03-22 21:00:00,196024.46,UPI
TXN_04039,ACC_0263,ACC_0962,2025-11-20 00:00:00,426805.72,RTGS
TXN_04040,ACC_0204,ACC_0283,2025-12-18 00:00:00,201123.33,NEFT
TXN_04041,ACC_0307,ACC_0815,2026-08-19 16:00:00,110243.92,UPI
TXN_04042,ACC_0232,ACC_0987,2024-11-15 13:00:00,231059.81,UPI
TXN_04043,ACC_0127,ACC_0437,2024-10-25 12:00:00,356542.4,IMPS
TXN_04044,ACC_0207,ACC_0522,2025-01-13 21:00:00,104239.54,RTGS
TXN_04045,ACC_0722,ACC_0438,2024-10-25 14:00:00,149392.86,RTGS
TXN_04046,ACC_0516,ACC_0283,2026-02-28 09:00:00,104997.61,IMPS
TXN_04047,ACC_1001,ACC_0703,2025-07-02 00:00:00,162741.3,RTGS
TXN_04048,ACC_0519,ACC_0258,2025-06-04 13:00:00,299199.91,NEFT
TXN_04049,ACC_0535,ACC_0626,2026-09-21 20:00:00,327341.82,RTGS
TXN_04050,ACC_0305,ACC_0884,2024-07-19 06:00:00,50452.55,UPI
TXN_04051,ACC_0768,ACC_0838,2024-03-10 21:00:00,155776.84,UPI
TXN_04052,ACC_0300,ACC_0634,2025-03-17 09:00:00,196437.59,IMPS
TXN_04053,ACC_0739,ACC_0712,2025-06-29 21:00:00,296874.87,NEFT
TXN_04054,ACC_0168,ACC_0753,2025-11-13 15:00:00,462543.2,NEFT
TXN_04055,ACC_0375,ACC_0450,2024-12-29 00:00:00,218373.99,UPI
TXN_04056,ACC_0142,ACC_0385,2025-02-28 12:00:00,101207.6,RTGS
TXN_04057,ACC_0591,ACC_0576,2024-09-10 14:00:00,461463.67,IMPS
TXN_04058,ACC_0555,ACC_0376,2024-11-09 17:00:00,275509.82,UPI
TXN_04059,ACC_0676,ACC_0941,2025-09-13 12:00:00,65943.73,NEFT
TXN_04060,ACC_0854,ACC_0613,2024-02-12 10:00:00,458839.49,UPI
TXN_04061,ACC_0611,ACC_0125,2025-01-13 17:00:00,75769.44,RTGS
TXN_04062,ACC_0760,ACC_0471,2025-10-02 11:00:00,6536.69,RTGS
TXN_04063,ACC_0606,ACC_0929,2024-12-10 12:00:00,317458.82,IMPS
TXN_04064,ACC_0313,ACC_0215,2026-05-22 10:00:00,217147.32,IMPS
TXN_04065,ACC_0259,ACC_0340,2024-11-12 20:00:00,149734.92,RTGS
TXN_04066,ACC_0364,ACC_0243,2025-10-18 21:00:00,155312.37,RTGS
TXN_04067,ACC_0084,ACC_0703,2026-06-13 03:00:00,459099.25,NEFT
TXN_04068,ACC_0049,ACC_0640,2025-11-26 05:00:00,284663.63,RTGS
TXN_04069,ACC_0651,ACC_0626,2024-06-04 18:00:00,200298.7,IMPS
TXN_04070,ACC_0489,ACC_0865,2024-09-29 00:00:00,489805.25,IMPS
TXN_04071,ACC_0774,ACC_0490,2025-10-16 15:00:00,78483.2,RTGS
TXN_04072,ACC_0539,ACC_0756,2025-12-06 14:00:00,52004.22,RTGS
TXN_04073,ACC_0891,ACC_0302,2025-05-06 22:00:00,409073.41,NEFT
TXN_04074,ACC_0793,ACC_0860,2025-01-23 19:00:00,90543.56,IMPS
TXN_04075,ACC_1028,ACC_0065,2025-11-20 12:00:00,198923.96,IMPS
TXN_04076,ACC_0563,ACC_0550,2024-09-24 23:00:00,435201.17,NEFT
TXN_04077,ACC_0306,ACC_0037,2025-04-02 23:00:00,312554.61,RTGS
TXN_04078,ACC_0775,ACC_0259,2025-01-05 16:00:00,356286.16,NEFT
TXN_04079,ACC_0869,ACC_0648,2024-01-26 00:00:00,487401.58,RTGS
TXN_04080,ACC_0321,ACC_0428,2024-02-06 16:00:00,255098.18,RTGS
TXN_04081,ACC_0401,ACC_0210,2026-07-01 00:00:00,13041.12,UPI
TXN_04082,ACC_0556,ACC_1027,2024-06-09 14:00:00,18524.87,IMPS
TXN_04083,ACC_0496,ACC_0886,2026-06-11 05:00:00,419231.21,IMPS
TXN_04084,ACC_0314,ACC_0491,2025-03-23 20:00:00,99874.98,IMPS
TXN_04085,ACC_0414,ACC_0399,2026-07-18 00:00:00,30854.07,RTGS
TXN_04086,ACC_0632,ACC_0185,2026-01-01 19:00:00,190570.62,IMPS
TXN_04087,ACC_0055,ACC_0966,2025-06-16 01:00:00,273823.63,IMPS
TXN_04088,ACC_0869,ACC_0480,2026-09-02 12:00:00,115386.56,NEFT
TXN_04089,ACC_1038,ACC_0065,2025-05-20 16:00:00,327265.58,UPI
TXN_04090,ACC_0349,ACC_0562,2025-11-22 22:00:00,340640.43,IMPS
TXN_04091,ACC_0094,ACC_0119,2026-09-06 08:00:00,452901.43,UPI
TXN_04092,ACC_1013,ACC_0576,2024-09-05 09:00:00,17497.1,UPI
TXN_04093,ACC_0964,ACC_0929,2025-03-25 12:00:00,327569.26,NEFT
TXN_04094,ACC_1016,ACC_0943,2025-01-05 00:00:00,25461.04,RTGS
TXN_04095,ACC_0030,ACC_0945,2026-04-01 09:00:00,121149.43,RTGS
TXN_04096,ACC_0808,ACC_0642,2026-08-20 11:00:00,187647.95,UPI
TXN_04097,ACC_0625,ACC_0006,2024-02-21 18:00:00,308918.6,UPI
TXN_04098,ACC_0981,ACC_0273,2024-04-15 16:00:00,412902.02,IMPS
TXN_04099,ACC_0194,ACC_0197,2026-02-19 10:00:00,415055.86,NEFT
TXN_04100,ACC_0331,ACC_0718,2026-10-16 03:00:00,233336.01,NEFT
TXN_04101,ACC_0505,ACC_0727,2026-07-01 05:00:00,135376.42,RTGS
TXN_04102,ACC_0920,ACC_0085,2026-09-03 16:00:00,295125.25,NEFT
TXN_04103,ACC_0622,ACC_0291,2025-08-08 15:00:00,43655.49,NEFT
TXN_04104,ACC_0828,ACC_0831,2025-01-31 00:00:00,209105.16,UPI
TXN_04105,ACC_0968,ACC_0911,2024-09-08 04:00:00,292868.18,UPI
TXN_04106,ACC_0222,ACC_0752,2024-12-08 14:00:00,477742.44,RTGS
TXN_04107,ACC_0812,ACC_0532,2025-09-28 10:00:00,288730.91,RTGS
TXN_04108,ACC_0256,ACC_0414,2024-05-18 02:00:00,60989.17,IMPS
TXN_04109,ACC_0326,ACC_0594,2024-01-25 04:00:00,163719.83,UPI
TXN_04110,ACC_0932,ACC_0407,2026-02-15 00:00:00,48805.36,UPI
TXN_04111,ACC_0615,ACC_0648,2026-01-23 18:00:00,497990.82,UPI
TXN_04112,ACC_0090,ACC_0072,2024-02-02 10:00:00,62157.08,UPI
TXN_04113,ACC_0611,ACC_0322,2025-05-08 23:00:00,256710.16,IMPS
TXN_04114,ACC_0135,ACC_0872,2026-01-04 13:00:00,85334.31,IMPS
TXN_04115,ACC_0762,ACC_0294,2024-08-29 10:00:00,105687.55,UPI
TXN_04116,ACC_0016,ACC_0369,2024-05-07 02:00:00,340857.54,NEFT
TXN_04117,ACC_0489,ACC_0946,2024-01-05 14:00:00,67822.1,UPI
TXN_04118,ACC_0855,ACC_0927,2024-10-30 04:00:00,387372.72,UPI
TXN_04119,ACC_0741,ACC_0812,2025-08-18 15:00:00,368020.6,UPI
TXN_04120,ACC_0570,ACC_0169,2024-10-30 05:00:00,241711.49,RTGS
TXN_04121,ACC_0898,ACC_0391,2025-01-17 13:00:00,435060.82,IMPS
TXN_04122,ACC_0003,ACC_0176,2025-01-14 22:00:00,52937.04,RTGS
TXN_04123,ACC_0547,ACC_0503,2024-01-13 21:00:00,400010.84,IMPS
TXN_04124,ACC_0372,ACC_0170,2025-04-09 06:00:00,43556.33,RTGS
TXN_04125,ACC_0861,ACC_0327,2026-06-19 02:00:00,44279.05,RTGS
TXN_04126,ACC_0331,ACC_0459,2026-07-31 08:00:00,253367.74,IMPS
TXN_04127,ACC_0507,ACC_1009,2025-04-15 14:00:00,115011.92,RTGS
TXN_04128,ACC_0051,ACC_0330,2026-02-18 20:00:00,255219.04,RTGS
TXN_04129,ACC_0850,ACC_0086,2026-02-14 05:00:00,63626.05,RTGS
TXN_04130,ACC_0202,ACC_0773,2026-05-17 12:00:00,223139.16,NEFT
TXN_04131,ACC_0338,ACC_0099,2026-03-10 17:00:00,55173.23,RTGS
TXN_04132,ACC_0510,ACC_0037,2025-01-03 22:00:00,429350.35,RTGS
TXN_04133,ACC_0054,ACC_0673,2026-04-19 04:00:00,277260.9,IMPS
TXN_04134,ACC_0580,ACC_0008,2024-02-14 21:00:00,360073.56,IMPS
TXN_04135,ACC_1000,ACC_0723,2025-05-23 08:00:00,97661.49,IMPS
TXN_04136,ACC_0939,ACC_0329,2026-02-09 16:00:00,101811.99,RTGS
TXN_04137,ACC_0339,ACC_1021,2026-07-28 17:00:00,69309.36,IMPS
TXN_04138,ACC_0836,ACC_0889,2025-02-12 12:00:00,246764.58,RTGS
TXN_04139,ACC_0401,ACC_0501,2026-08-19 11:00:00,54251.95,RTGS
TXN_04140,ACC_0149,ACC_0046,2026-08-31 20:00:00,430049.81,RTGS
TXN_04141,ACC_0822,ACC_0390,2025-10-19 13:00:00,483902.49,UPI
TXN_04142,ACC_0193,ACC_0417,2026-07-27 14:00:00,171371.34,RTGS
TXN_04143,ACC_1025,ACC_0214,2024-09-28 13:00:00,77168.27,NEFT
TXN_04144,ACC_0564,ACC_0471,2024-05-09 15:00:00,96021.55,NEFT
TXN_04145,ACC_0394,ACC_0679,2025-09-06 01:00:00,5879.11,RTGS
TXN_04146,ACC_0483,ACC_0377,2024-03-02 19:00:00,377092.36,UPI
TXN_04147,ACC_0252,ACC_0206,2025-03-22 10:00:00,64994.63,UPI
TXN_04148,ACC_0308,ACC_0395,2026-09-14 08:00:00,27046.72,RTGS
TXN_04149,ACC_0609,ACC_0772,2026-04-12 01:00:00,183050.79,UPI
TXN_04150,ACC_0946,ACC_0014,2026-06-19 01:00:00,297941.37,RTGS
TXN_04151,ACC_0608,ACC_0448,2024-12-28 03:00:00,456262.54,RTGS
TXN_04152,ACC_0240,ACC_0324,2026-08-17 00:00:00,371866.25,UPI
TXN_04153,ACC_0871,ACC_0340,2024-09-02 01:00:00,107569.44,NEFT
TXN_04154,ACC_0339,ACC_0869,2025-10-01 06:00:00,298781.66,UPI
TXN_04155,ACC_0873,ACC_0865,2024-12-09 16:00:00,190526.79,RTGS
TXN_04156,ACC_0393,ACC_0022,2025-10-02 18:00:00,475406.59,RTGS
TXN_04157,ACC_0670,ACC_0605,2025-06-29 02:00:00,433418.18,RTGS
TXN_04158,ACC_0639,ACC_0841,2026-07-13 13:00:00,175524.36,UPI
TXN_04159,ACC_0509,ACC_0671,2026-07-05 03:00:00,306028.04,UPI
TXN_04160,ACC_1032,ACC_0499,2025-07-14 12:00:00,303858.69,UPI
TXN_04161,ACC_0934,ACC_0507,2025-09-17 19:00:00,369784.33,RTGS
TXN_04162,ACC_0773,ACC_0054,2024-04-12 19:00:00,298340.57,NEFT
TXN_04163,ACC_0441,ACC_0601,2026-02-19 12:00:00,203964.21,IMPS
TXN_04164,ACC_0783,ACC_0909,2024-12-06 01:00:00,10944.39,UPI
TXN_04165,ACC_0220,ACC_0927,2026-05-02 18:00:00,323915.97,IMPS
TXN_04166,ACC_0674,ACC_0414,2026-08-04 16:00:00,238408.67,RTGS
TXN_04167,ACC_0722,ACC_0165,2026-07-31 16:00:00,117732.02,IMPS
TXN_04168,ACC_0694,ACC_0745,2026-02-13 23:00:00,419969.77,UPI
TXN_04169,ACC_0207,ACC_0006,2025-03-20 13:00:00,245545.81,IMPS
TXN_04170,ACC_0865,ACC_0711,2024-08-27 00:00:00,210048.94,UPI
TXN_04171,ACC_0146,ACC_0908,2026-10-16 05:00:00,267855.43,IMPS
TXN_04172,ACC_0072,ACC_0953,2026-07-11 09:00:00,202529.5,UPI
TXN_04173,ACC_0193,ACC_0441,2024-11-29 02:00:00,199848.75,NEFT
TXN_04174,ACC_0179,ACC_0541,2025-01-25 11:00:00,125002.75,IMPS
TXN_04175,ACC_0007,ACC_1024,2024-09-25 10:00:00,468018.13,RTGS
TXN_04176,ACC_0458,ACC_0635,2026-02-06 19:00:00,73165.08,UPI
TXN_04177,ACC_0072,ACC_0898,2025-12-17 14:00:00,402841.41,IMPS
TXN_04178,ACC_0835,ACC_0893,2025-02-19 09:00:00,285179.11,NEFT
TXN_04179,ACC_0135,ACC_0472,2025-02-26 00:00:00,250272.25,UPI
TXN_04180,ACC_0515,ACC_0948,2025-10-25 20:00:00,442348.37,UPI
TXN_04181,ACC_0388,ACC_0916,2026-07-30 17:00:00,420289.54,IMPS
TXN_04182,ACC_0321,ACC_0854,2026-10-01 03:00:00,207730.48,NEFT
TXN_04183,ACC_0582,ACC_0870,2025-10-29 06:00:00,105726.41,IMPS
TXN_04184,ACC_0472,ACC_0688,2024-02-15 06:00:00,174405.42,UPI
TXN_04185,ACC_0414,ACC_0501,2026-03-08 21:00:00,398408.97,IMPS
TXN_04186,ACC_0381,ACC_0724,2024-12-06 11:00:00,57250.55,UPI
TXN_04187,ACC_0464,ACC_0851,2025-03-31 03:00:00,363490.82,NEFT
TXN_04188,ACC_0012,ACC_0057,2025-10-19 02:00:00,261904.15,IMPS
TXN_04189,ACC_0384,ACC_0917,2024-06-07 07:00:00,411344.67,UPI
TXN_04190,ACC_0782,ACC_0994,2024-07-27 14:00:00,430202.17,UPI
TXN_04191,ACC_0819,ACC_0184,2026-01-14 05:00:00,163184.13,NEFT
TXN_04192,ACC_0134,ACC_0488,2026-06-19 16:00:00,69163.05,UPI
TXN_04193,ACC_0707,ACC_0726,2024-09-20 04:00:00,314294.49,NEFT
TXN_04194,ACC_0895,ACC_0563,2024-06-09 21:00:00,474929.21,NEFT
TXN_04195,ACC_0138,ACC_0769,2024-12-22 11:00:00,159731.35,RTGS
TXN_04196,ACC_0229,ACC_0246,2025-09-30 02:00:00,131179.22,NEFT
TXN_04197,ACC_0243,ACC_0538,2026-08-26 22:00:00,169019.86,IMPS
TXN_04198,ACC_0130,ACC_0833,2026-06-10 11:00:00,45905.22,IMPS
TXN_04199,ACC_0734,ACC_0442,2026-03-06 18:00:00,52120.67,UPI
TXN_04200,ACC_1024,ACC_0333,2024-05-04 21:00:00,443844.85,IMPS
TXN_04201,ACC_0233,ACC_0747,2026-04-06 01:00:00,55660.69,NEFT
TXN_04202,ACC_0482,ACC_0075,2024-10-18 22:00:00,44905.49,IMPS
TXN_04203,ACC_0370,ACC_0355,2026-09-20 09:00:00,168046.21,UPI
TXN_04204,ACC_0563,ACC_0564,2025-07-19 03:00:00,486490.79,RTGS
TXN_04205,ACC_0079,ACC_0947,2024-07-16 11:00:00,351019.21,UPI
TXN_04206,ACC_0976,ACC_0741,2026-04-09 21:00:00,71599.93,RTGS
TXN_04207,ACC_0330,ACC_1021,2025-03-20 16:00:00,52739.27,IMPS
TXN_04208,ACC_0402,ACC_1003,2024-10-13 08:00:00,117379.89,NEFT
TXN_04209,ACC_0580,ACC_0568,2026-06-10 10:00:00,286297.98,RTGS
TXN_04210,ACC_0499,ACC_0115,2026-10-13 17:00:00,369959.28,RTGS
TXN_04211,ACC_0083,ACC_0784,2024-12-31 15:00:00,237376.46,UPI
TXN_04212,ACC_1017,ACC_1023,2025-09-19 16:00:00,433800.0,IMPS
TXN_04213,ACC_0083,ACC_0998,2025-12-05 02:00:00,284914.25,RTGS
TXN_04214,ACC_0677,ACC_1033,2025-04-09 01:00:00,204835.45,NEFT
TXN_04215,ACC_0234,ACC_0908,2026-07-21 21:00:00,182298.82,RTGS
TXN_04216,ACC_0991,ACC_0285,2026-04-04 15:00:00,149562.15,RTGS
TXN_04217,ACC_0141,ACC_0830,2025-05-31 13:00:00,185418.24,UPI
TXN_04218,ACC_0716,ACC_0725,2026-04-17 21:00:00,44031.79,UPI
TXN_04219,ACC_0677,ACC_0335,2026-09-27 06:00:00,287659.02,RTGS
TXN_04220,ACC_0246,ACC_0039,2026-04-21 00:00:00,21921.05,IMPS
TXN_04221,ACC_0069,ACC_0451,2024-10-20 00:00:00,308106.01,NEFT
TXN_04222,ACC_1012,ACC_0553,2024-04-24 05:00:00,223137.53,RTGS
TXN_04223,ACC_0987,ACC_0493,2024-07-19 09:00:00,489950.23,UPI
TXN_04224,ACC_0165,ACC_0429,2026-03-20 23:00:00,158638.65,UPI
TXN_04225,ACC_0284,ACC_0485,2026-09-20 07:00:00,60128.17,IMPS
TXN_04226,ACC_0001,ACC_0735,2025-07-15 19:00:00,135374.18,NEFT
TXN_04227,ACC_0414,ACC_0141,2024-01-20 17:00:00,370011.28,IMPS
TXN_04228,ACC_0945,ACC_0471,2024-05-21 22:00:00,49018.84,RTGS
TXN_04229,ACC_0786,ACC_0238,2025-04-23 14:00:00,283909.84,NEFT
TXN_04230,ACC_0404,ACC_0464,2024-02-15 21:00:00,423908.19,RTGS
TXN_04231,ACC_0949,ACC_0347,2026-08-12 08:00:00,217748.32,NEFT
TXN_04232,ACC_0603,ACC_0620,2025-10-19 20:00:00,488239.37,IMPS
TXN_04233,ACC_0101,ACC_0668,2024-07-17 10:00:00,280139.39,RTGS
TXN_04234,ACC_0943,ACC_0782,2025-05-03 18:00:00,169745.6,UPI
TXN_04235,ACC_0167,ACC_0202,2026-07-30 05:00:00,299707.6,RTGS
TXN_04236,ACC_0840,ACC_0442,2026-08-14 03:00:00,413129.68,NEFT
TXN_04237,ACC_0602,ACC_0872,2025-09-12 03:00:00,345234.03,IMPS
TXN_04238,ACC_0038,ACC_0993,2026-10-20 08:00:00,37622.49,IMPS
TXN_04239,ACC_0753,ACC_0970,2025-07-22 04:00:00,378691.35,RTGS
TXN_04240,ACC_0415,ACC_0697,2025-02-07 08:00:00,263724.37,RTGS
TXN_04241,ACC_0610,ACC_0505,2024-06-01 11:00:00,486927.28,IMPS
TXN_04242,ACC_0603,ACC_0546,2026-06-19 20:00:00,378093.11,IMPS
TXN_04243,ACC_0850,ACC_0322,2025-03-13 14:00:00,36623.16,RTGS
TXN_04244,ACC_0783,ACC_0797,2025-09-21 09:00:00,167937.97,NEFT
TXN_04245,ACC_0273,ACC_0453,2025-06-01 17:00:00,91453.41,IMPS
TXN_04246,ACC_0271,ACC_0089,2024-02-11 05:00:00,247231.66,NEFT
TXN_04247,ACC_0416,ACC_0387,2025-11-01 03:00:00,366375.75,RTGS
TXN_04248,ACC_0691,ACC_0518,2024-04-12 22:00:00,483050.84,IMPS
TXN_04249,ACC_0742,ACC_0846,2025-01-31 03:00:00,166622.46,NEFT
TXN_04250,ACC_0519,ACC_0882,2025-08-20 20:00:00,400220.73,UPI
TXN_04251,ACC_0993,ACC_0765,2026-05-13 09:00:00,22154.81,RTGS
TXN_04252,ACC_0013,ACC_0223,2026-10-01 11:00:00,381273.43,UPI
TXN_04253,ACC_0030,ACC_0089,2026-04-03 16:00:00,109570.28,IMPS
TXN_04254,ACC_0236,ACC_0707,2024-05-27 15:00:00,438897.41,UPI
TXN_04255,ACC_0889,ACC_0696,2026-01-23 16:00:00,95802.73,IMPS
TXN_04256,ACC_0064,ACC_0169,2024-02-11 16:00:00,464098.18,NEFT
TXN_04257,ACC_0882,ACC_0737,2025-03-12 00:00:00,107848.39,IMPS
TXN_04258,ACC_0118,ACC_0161,2024-06-14 17:00:00,318923.37,RTGS
TXN_04259,ACC_0267,ACC_0719,2024-02-08 21:00:00,479841.5,UPI
TXN_04260,ACC_0344,ACC_0404,2025-01-08 13:00:00,250142.71,NEFT
TXN_04261,ACC_0761,ACC_0955,2025-02-14 12:00:00,17523.26,UPI
TXN_04262,ACC_0389,ACC_0417,2026-09-07 21:00:00,73711.42,UPI
TXN_04263,ACC_0197,ACC_0057,2026-04-25 00:00:00,179672.09,RTGS
TXN_04264,ACC_0096,ACC_0021,2026-02-10 06:00:00,93445.16,RTGS
TXN_04265,ACC_0492,ACC_0346,2024-01-07 05:00:00,344655.79,NEFT
TXN_04266,ACC_0962,ACC_0765,2026-06-10 05:00:00,360808.26,RTGS
TXN_04267,ACC_0968,ACC_0574,2025-07-22 06:00:00,93740.53,UPI
TXN_04268,ACC_0636,ACC_0326,2025-02-02 09:00:00,83694.0,RTGS
TXN_04269,ACC_0640,ACC_0624,2025-02-12 05:00:00,329149.23,NEFT
TXN_04270,ACC_0420,ACC_0701,2026-07-23 10:00:00,150285.97,NEFT
TXN_04271,ACC_0716,ACC_0987,2025-08-30 19:00:00,384934.95,IMPS
TXN_04272,ACC_0183,ACC_0589,2024-07-30 21:00:00,280183.66,RTGS
TXN_04273,ACC_0009,ACC_0716,2025-02-24 08:00:00,161847.68,UPI
TXN_04274,ACC_0142,ACC_1001,2024-02-15 03:00:00,99856.69,NEFT
TXN_04275,ACC_0094,ACC_0940,2024-09-10 03:00:00,262238.58,NEFT
TXN_04276,ACC_0605,ACC_0675,2024-10-17 04:00:00,292487.07,IMPS
TXN_04277,ACC_0299,ACC_0394,2025-05-09 11:00:00,372097.08,IMPS
TXN_04278,ACC_0233,ACC_0588,2025-01-06 06:00:00,354892.07,UPI
TXN_04279,ACC_0358,ACC_0137,2024-02-06 11:00:00,24518.11,IMPS
TXN_04280,ACC_0596,ACC_0793,2024-03-30 21:00:00,270295.22,UPI
TXN_04281,ACC_0817,ACC_0102,2025-01-05 14:00:00,134631.47,IMPS
TXN_04282,ACC_0700,ACC_0087,2025-01-23 13:00:00,79481.42,RTGS
TXN_04283,ACC_0045,ACC_0751,2025-09-04 16:00:00,125350.53,RTGS
TXN_04284,ACC_0742,ACC_0579,2025-09-02 13:00:00,162114.76,IMPS
TXN_04285,ACC_0282,ACC_0178,2024-10-17 22:00:00,155908.96,IMPS
TXN_04286,ACC_0265,ACC_0502,2024-03-05 20:00:00,47919.78,NEFT
TXN_04287,ACC_0276,ACC_0928,2024-01-19 03:00:00,194672.4,RTGS
TXN_04288,ACC_0711,ACC_0499,2024-07-29 20:00:00,293378.2,IMPS
TXN_04289,ACC_0307,ACC_0279,2025-02-15 10:00:00,454344.13,NEFT
TXN_04290,ACC_0414,ACC_0894,2024-03-31 18:00:00,467666.63,NEFT
TXN_04291,ACC_0309,ACC_0194,2025-03-01 15:00:00,199239.8,NEFT
TXN_04292,ACC_0449,ACC_0337,2026-02-01 07:00:00,259896.83,UPI
TXN_04293,ACC_0341,ACC_0161,2026-07-31 09:00:00,379442.89,NEFT
TXN_04294,ACC_0837,ACC_0429,2026-03-18 17:00:00,467285.51,RTGS
TXN_04295,ACC_0319,ACC_0362,2024-05-30 16:00:00,234051.01,RTGS
TXN_04296,ACC_0131,ACC_0391,2024-06-01 06:00:00,187370.44,NEFT
TXN_04297,ACC_0790,ACC_0147,2025-02-05 22:00:00,75858.04,NEFT
TXN_04298,ACC_0656,ACC_0359,2024-01-27 15:00:00,489697.37,NEFT
TXN_04299,ACC_0458,ACC_0207,2024-03-25 19:00:00,250194.86,UPI
TXN_04300,ACC_0986,ACC_0001,2026-06-28 04:00:00,130718.04,RTGS
TXN_04301,ACC_0649,ACC_0856,2024-01-05 23:00:00,768.91,IMPS
TXN_04302,ACC_0056,ACC_0911,2026-01-19 17:00:00,195855.6,NEFT
TXN_04303,ACC_0478,ACC_0091,2026-06-09 10:00:00,357908.53,NEFT
TXN_04304,ACC_0759,ACC_0642,2026-10-14 09:00:00,257443.31,UPI
TXN_04305,ACC_0209,ACC_1039,2026-03-09 04:00:00,121054.71,RTGS
TXN_04306,ACC_0239,ACC_0536,2024-05-03 06:00:00,32893.77,UPI
TXN_04307,ACC_0325,ACC_0068,2025-06-26 18:00:00,132674.19,UPI
TXN_04308,ACC_0733,ACC_1001,2024-01-07 13:00:00,367571.69,NEFT
TXN_04309,ACC_0980,ACC_0281,2026-07-02 11:00:00,192964.95,NEFT
TXN_04310,ACC_0655,ACC_0264,2026-09-17 18:00:00,455534.65,NEFT
TXN_04311,ACC_0247,ACC_0456,2024-04-16 14:00:00,456969.83,RTGS
TXN_04312,ACC_0303,ACC_0524,2024-02-17 12:00:00,327988.8,RTGS
TXN_04313,ACC_0980,ACC_0868,2024-04-18 19:00:00,89712.93,IMPS
TXN_04314,ACC_0380,ACC_0072,2025-12-03 07:00:00,87426.98,RTGS
TXN_04315,ACC_0840,ACC_0579,2024-03-30 06:00:00,261680.65,NEFT
TXN_04316,ACC_0871,ACC_0289,2024-04-28 17:00:00,461889.88,RTGS
TXN_04317,ACC_1007,ACC_0301,2025-07-26 14:00:00,263167.62,UPI
TXN_04318,ACC_0022,ACC_0405,2025-04-04 01:00:00,435504.25,RTGS
TXN_04319,ACC_0281,ACC_0517,2026-06-10 10:00:00,154429.46,RTGS
TXN_04320,ACC_0886,ACC_0731,2026-08-29 00:00:00,325750.75,UPI
TXN_04321,ACC_0497,ACC_0030,2026-05-26 21:00:00,180532.54,RTGS
TXN_04322,ACC_0309,ACC_0908,2026-04-27 09:00:00,257099.71,IMPS
TXN_04323,ACC_1024,ACC_0457,2025-03-10 21:00:00,405993.73,RTGS
TXN_04324,ACC_0364,ACC_0790,2025-01-10 12:00:00,237312.76,IMPS
TXN_04325,ACC_0093,ACC_0577,2026-04-04 10:00:00,11577.89,NEFT
TXN_04326,ACC_0514,ACC_0388,2026-10-05 00:00:00,189111.31,UPI
TXN_04327,ACC_0314,ACC_0395,2025-03-21 13:00:00,324442.42,UPI
TXN_04328,ACC_0958,ACC_1029,2025-10-11 04:00:00,109727.69,NEFT
TXN_04329,ACC_0565,ACC_1030,2025-10-19 12:00:00,326696.62,UPI
TXN_04330,ACC_0319,ACC_0816,2025-03-23 09:00:00,271381.58,NEFT
TXN_04331,ACC_0316,ACC_0391,2026-02-03 03:00:00,41294.76,UPI
TXN_04332,ACC_0827,ACC_0441,2025-07-30 23:00:00,353827.39,NEFT
TXN_04333,ACC_0651,ACC_1032,2026-08-07 22:00:00,408061.02,NEFT
TXN_04334,ACC_0191,ACC_0822,2024-08-30 01:00:00,398902.07,RTGS
TXN_04335,ACC_0506,ACC_0792,2026-06-14 11:00:00,429088.15,IMPS
TXN_04336,ACC_0271,ACC_0923,2024-03-25 22:00:00,440577.08,IMPS
TXN_04337,ACC_0525,ACC_0665,2025-11-13 08:00:00,302871.01,IMPS
TXN_04338,ACC_0707,ACC_0716,2024-07-18 18:00:00,225747.74,NEFT
TXN_04339,ACC_0407,ACC_0289,2025-08-25 07:00:00,257571.31,RTGS
TXN_04340,ACC_0538,ACC_0495,2026-01-24 06:00:00,11909.54,IMPS
TXN_04341,ACC_0976,ACC_0776,2024-07-22 03:00:00,250610.8,UPI
TXN_04342,ACC_0616,ACC_1025,2025-08-10 03:00:00,427113.33,IMPS
TXN_04343,ACC_0046,ACC_0275,2026-04-26 07:00:00,475046.03,RTGS
TXN_04344,ACC_0754,ACC_0858,2025-01-26 20:00:00,55408.07,RTGS
TXN_04345,ACC_0523,ACC_1032,2025-01-15 13:00:00,169621.14,UPI
TXN_04346,ACC_0655,ACC_0628,2025-12-24 09:00:00,438160.93,UPI
TXN_04347,ACC_0871,ACC_1011,2026-03-26 12:00:00,155990.88,UPI
TXN_04348,ACC_0419,ACC_0174,2024-05-27 18:00:00,97230.57,IMPS
TXN_04349,ACC_0069,ACC_0971,2025-07-25 19:00:00,356589.02,IMPS
TXN_04350,ACC_0109,ACC_0424,2026-03-22 06:00:00,165392.99,RTGS
TXN_04351,ACC_0135,ACC_0769,2025-04-29 10:00:00,363065.02,RTGS
TXN_04352,ACC_0544,ACC_0969,2025-01-19 21:00:00,91362.04,UPI
TXN_04353,ACC_1029,ACC_0818,2025-06-08 06:00:00,133486.86,NEFT
TXN_04354,ACC_0907,ACC_0567,2025-01-25 19:00:00,101188.3,RTGS
TXN_04355,ACC_0439,ACC_0397,2024-11-14 05:00:00,229991.91,UPI
TXN_04356,ACC_0152,ACC_0502,2026-06-28 18:00:00,277934.89,IMPS
TXN_04357,ACC_0828,ACC_0579,2026-09-24 19:00:00,186836.69,UPI
TXN_04358,ACC_0713,ACC_0066,2024-10-10 16:00:00,207951.91,UPI
TXN_04359,ACC_0444,ACC_0715,2025-08-08 17:00:00,164130.09,RTGS
TXN_04360,ACC_0687,ACC_0565,2024-10-22 11:00:00,108429.61,UPI
TXN_04361,ACC_0405,ACC_0421,2026-05-30 19:00:00,179911.0,UPI
TXN_04362,ACC_0444,ACC_0637,2026-05-16 12:00:00,395889.26,RTGS
TXN_04363,ACC_0460,ACC_0707,2024-12-15 13:00:00,287215.9,UPI
TXN_04364,ACC_0162,ACC_0394,2026-09-03 09:00:00,235675.9,UPI
TXN_04365,ACC_0013,ACC_0334,2025-08-14 15:00:00,98713.86,UPI
TXN_04366,ACC_0925,ACC_0072,2024-09-17 07:00:00,278728.45,RTGS
TXN_04367,ACC_0883,ACC_0849,2025-01-21 03:00:00,309431.09,RTGS
TXN_04368,ACC_0589,ACC_0092,2026-01-27 18:00:00,321376.55,IMPS
TXN_04369,ACC_0316,ACC_0934,2026-08-08 16:00:00,388922.58,RTGS
TXN_04370,ACC_0576,ACC_0125,2026-08-13 19:00:00,129970.0,NEFT
TXN_04371,ACC_0074,ACC_0804,2025-06-17 02:00:00,192423.36,IMPS
TXN_04372,ACC_0943,ACC_0830,2026-03-27 15:00:00,445752.01,NEFT
TXN_04373,ACC_0211,ACC_0230,2025-05-22 04:00:00,259195.25,RTGS
TXN_04374,ACC_0125,ACC_0398,2024-08-07 07:00:00,302885.76,UPI
TXN_04375,ACC_0511,ACC_0522,2025-09-18 22:00:00,358447.67,RTGS
TXN_04376,ACC_0766,ACC_0086,2026-09-19 20:00:00,301202.89,NEFT
TXN_04377,ACC_0537,ACC_0306,2026-05-22 04:00:00,348043.15,RTGS
TXN_04378,ACC_0757,ACC_0671,2026-01-03 01:00:00,23327.32,UPI
TXN_04379,ACC_0411,ACC_1021,2025-04-27 06:00:00,313697.73,RTGS
TXN_04380,ACC_0523,ACC_0820,2024-06-16 05:00:00,82869.14,RTGS
TXN_04381,ACC_0487,ACC_0745,2024-12-26 04:00:00,83033.34,UPI
TXN_04382,ACC_0279,ACC_0080,2025-05-31 20:00:00,431750.72,UPI
TXN_04383,ACC_0397,ACC_0203,2024-03-24 15:00:00,480133.69,UPI
TXN_04384,ACC_0382,ACC_0943,2025-03-21 00:00:00,381154.98,NEFT
TXN_04385,ACC_0633,ACC_0602,2025-06-08 21:00:00,340790.2,UPI
TXN_04386,ACC_0132,ACC_0026,2025-01-28 17:00:00,454650.68,NEFT
TXN_04387,ACC_0192,ACC_0498,2025-01-20 00:00:00,41088.81,NEFT
TXN_04388,ACC_0925,ACC_0303,2024-04-22 22:00:00,379371.47,NEFT
TXN_04389,ACC_0127,ACC_0694,2024-07-29 22:00:00,311680.75,IMPS
TXN_04390,ACC_0747,ACC_1007,2026-02-24 06:00:00,146001.83,UPI
TXN_04391,ACC_0292,ACC_1029,2025-11-30 19:00:00,244654.14,NEFT
TXN_04392,ACC_0268,ACC_0796,2026-10-30 15:00:00,396536.02,UPI
TXN_04393,ACC_1001,ACC_0406,2024-06-22 21:00:00,441821.57,IMPS
TXN_04394,ACC_0333,ACC_0144,2024-11-15 11:00:00,452508.84,NEFT
TXN_04395,ACC_0015,ACC_0972,2025-12-30 20:00:00,237699.84,IMPS
TXN_04396,ACC_0753,ACC_0972,2024-11-04 04:00:00,217652.68,RTGS
TXN_04397,ACC_1009,ACC_0962,2025-07-28 04:00:00,108395.8,NEFT
TXN_04398,ACC_0305,ACC_0700,2024-05-29 18:00:00,129847.44,IMPS
TXN_04399,ACC_0115,ACC_0087,2025-12-28 08:00:00,333466.07,UPI
TXN_04400,ACC_0662,ACC_0824,2024-11-06 09:00:00,453158.61,RTGS
TXN_04401,ACC_0826,ACC_0147,2024-03-26 03:00:00,61969.69,IMPS
TXN_04402,ACC_0572,ACC_0790,2025-10-15 23:00:00,446527.45,NEFT
TXN_04403,ACC_0772,ACC_0205,2024-10-04 20:00:00,86391.16,NEFT
TXN_04404,ACC_0444,ACC_0867,2026-07-26 15:00:00,106064.02,RTGS
TXN_04405,ACC_0099,ACC_0870,2025-05-27 07:00:00,427058.33,UPI
TXN_04406,ACC_0123,ACC_0810,2024-03-04 19:00:00,196896.24,IMPS
TXN_04407,ACC_0358,ACC_0963,2025-08-07 11:00:00,5084.8,NEFT
TXN_04408,ACC_0684,ACC_0090,2025-02-05 03:00:00,482243.96,IMPS
TXN_04409,ACC_0576,ACC_0332,2024-11-10 21:00:00,379335.56,IMPS
TXN_04410,ACC_0695,ACC_0483,2025-01-13 02:00:00,22173.01,NEFT
TXN_04411,ACC_0582,ACC_0002,2025-12-24 03:00:00,364024.26,UPI
TXN_04412,ACC_0514,ACC_0456,2026-04-08 13:00:00,178269.37,UPI
TXN_04413,ACC_0568,ACC_0712,2024-11-17 06:00:00,436545.58,IMPS
TXN_04414,ACC_0702,ACC_0722,2025-10-27 07:00:00,421709.16,UPI
TXN_04415,ACC_0100,ACC_0908,2024-06-08 16:00:00,429130.05,NEFT
TXN_04416,ACC_0335,ACC_0054,2026-04-15 00:00:00,350547.03,RTGS
TXN_04417,ACC_0598,ACC_0614,2026-07-12 02:00:00,211809.16,NEFT
TXN_04418,ACC_0704,ACC_0166,2024-06-20 11:00:00,427526.19,RTGS
TXN_04419,ACC_0265,ACC_0208,2025-12-18 07:00:00,429248.79,NEFT
TXN_04420,ACC_0104,ACC_0308,2026-03-08 18:00:00,477728.7,NEFT
TXN_04421,ACC_0113,ACC_0686,2026-06-07 12:00:00,265108.71,NEFT
TXN_04422,ACC_0662,ACC_0907,2026-06-03 23:00:00,77315.28,RTGS
TXN_04423,ACC_0744,ACC_0591,2025-06-27 12:00:00,188656.8,UPI
TXN_04424,ACC_0968,ACC_0488,2026-04-07 09:00:00,238130.16,UPI
TXN_04425,ACC_0160,ACC_0074,2026-06-19 06:00:00,262699.87,NEFT
TXN_04426,ACC_0873,ACC_1017,2026-04-07 01:00:00,191027.72,RTGS
TXN_04427,ACC_1006,ACC_0209,2024-10-18 07:00:00,246178.61,NEFT
TXN_04428,ACC_0130,ACC_0281,2025-04-27 18:00:00,204895.45,RTGS
TXN_04429,ACC_0846,ACC_0773,2025-06-03 06:00:00,187725.59,RTGS
TXN_04430,ACC_0762,ACC_0873,2026-11-03 03:00:00,484434.22,RTGS
TXN_04431,ACC_0999,ACC_0931,2024-03-09 16:00:00,25431.27,IMPS
TXN_04432,ACC_0607,ACC_0146,2025-11-02 23:00:00,86699.1,NEFT
TXN_04433,ACC_0561,ACC_0216,2024-02-14 20:00:00,123890.57,UPI
TXN_04434,ACC_0439,ACC_0331,2024-01-29 20:00:00,357688.45,RTGS
TXN_04435,ACC_0343,ACC_0012,2026-01-27 15:00:00,211090.24,NEFT
TXN_04436,ACC_0630,ACC_0519,2026-04-19 04:00:00,375119.28,IMPS
TXN_04437,ACC_0302,ACC_0630,2024-06-29 07:00:00,329998.67,RTGS
TXN_04438,ACC_0469,ACC_0522,2026-10-14 00:00:00,209750.38,UPI
TXN_04439,ACC_0992,ACC_0294,2026-09-18 19:00:00,47650.03,UPI
TXN_04440,ACC_0066,ACC_0981,2024-09-11 08:00:00,103999.34,UPI
TXN_04441,ACC_0137,ACC_0969,2025-06-25 22:00:00,182797.25,RTGS
TXN_04442,ACC_0852,ACC_0030,2026-04-02 09:00:00,31414.81,NEFT
TXN_04443,ACC_0075,ACC_0658,2024-05-26 02:00:00,248600.47,IMPS
TXN_04444,ACC_0779,ACC_0347,2026-11-06 19:00:00,226780.74,UPI
TXN_04445,ACC_0234,ACC_0267,2025-03-06 11:00:00,39480.86,RTGS
TXN_04446,ACC_0076,ACC_0910,2025-08-09 21:00:00,215397.77,NEFT
TXN_04447,ACC_0080,ACC_0911,2026-08-31 21:00:00,123332.49,NEFT
TXN_04448,ACC_0265,ACC_0202,2024-08-21 00:00:00,444952.8,NEFT
TXN_04449,ACC_0896,ACC_0040,2026-08-26 19:00:00,204743.32,IMPS
TXN_04450,ACC_0258,ACC_0795,2025-11-22 11:00:00,444316.0,NEFT
TXN_04451,ACC_0200,ACC_0981,2024-02-29 04:00:00,179148.79,NEFT
TXN_04452,ACC_0561,ACC_0068,2024-09-21 20:00:00,90539.42,NEFT
TXN_04453,ACC_0737,ACC_0802,2026-06-29 21:00:00,305585.46,IMPS
TXN_04454,ACC_0159,ACC_0652,2024-05-25 16:00:00,443419.06,RTGS
TXN_04455,ACC_0782,ACC_0516,2024-10-04 00:00:00,157400.39,UPI
TXN_04456,ACC_0361,ACC_0668,2026-03-12 19:00:00,399390.77,UPI
TXN_04457,ACC_0786,ACC_0385,2025-05-04 10:00:00,265922.6,UPI
TXN_04458,ACC_0479,ACC_0294,2025-06-23 14:00:00,421157.01,NEFT
TXN_04459,ACC_0489,ACC_0872,2025-05-25 04:00:00,90195.0,UPI
TXN_04460,ACC_0300,ACC_0800,2026-02-19 23:00:00,1865.77,UPI
TXN_04461,ACC_0882,ACC_0778,2025-08-01 23:00:00,350784.71,IMPS
TXN_04462,ACC_0544,ACC_0233,2024-01-01 00:00:00,329450.22,IMPS
TXN_04463,ACC_0446,ACC_0155,2024-01-09 23:00:00,71667.45,NEFT
TXN_04464,ACC_0812,ACC_0246,2024-12-30 22:00:00,302768.96,IMPS
TXN_04465,ACC_0918,ACC_0199,2025-04-26 16:00:00,111166.17,UPI
TXN_04466,ACC_0227,ACC_0085,2025-11-24 08:00:00,450203.15,UPI
TXN_04467,ACC_0740,ACC_0766,2026-08-08 02:00:00,215589.15,RTGS
TXN_04468,ACC_0126,ACC_0525,2026-07-04 08:00:00,64827.44,RTGS
TXN_04469,ACC_0120,ACC_0521,2026-03-21 17:00:00,223635.27,RTGS
TXN_04470,ACC_0428,ACC_0068,2025-02-14 16:00:00,376924.14,UPI
TXN_04471,ACC_0316,ACC_0517,2026-10-26 18:00:00,40096.27,UPI
TXN_04472,ACC_0987,ACC_0636,2025-09-24 21:00:00,304444.28,UPI
TXN_04473,ACC_0461,ACC_1025,2025-10-29 02:00:00,183174.07,IMPS
TXN_04474,ACC_0719,ACC_0312,2026-07-21 08:00:00,426053.37,UPI
TXN_04475,ACC_0493,ACC_0003,2025-06-12 16:00:00,267501.36,UPI
TXN_04476,ACC_0088,ACC_0681,2024-01-04 21:00:00,457527.65,NEFT
TXN_04477,ACC_0566,ACC_0487,2026-09-11 15:00:00,288027.21,UPI
TXN_04478,ACC_0918,ACC_0691,2026-02-02 20:00:00,490721.0,RTGS
TXN_04479,ACC_0245,ACC_0097,2024-04-10 20:00:00,377570.9,NEFT
TXN_04480,ACC_0340,ACC_0130,2024-12-10 02:00:00,444601.85,RTGS
TXN_04481,ACC_0137,ACC_0345,2024-02-17 22:00:00,175766.21,RTGS
TXN_04482,ACC_0398,ACC_0622,2025-09-07 16:00:00,473309.52,RTGS
TXN_04483,ACC_0342,ACC_0088,2024-10-16 23:00:00,136031.54,UPI
TXN_04484,ACC_0861,ACC_0441,2024-12-30 16:00:00,153907.4,RTGS
TXN_04485,ACC_0845,ACC_0040,2025-11-09 19:00:00,429191.66,NEFT
TXN_04486,ACC_0821,ACC_0639,2024-11-16 04:00:00,29214.52,RTGS
TXN_04487,ACC_0551,ACC_1026,2024-06-09 23:00:00,239962.18,NEFT
TXN_04488,ACC_0606,ACC_0995,2024-11-24 14:00:00,192680.35,RTGS
TXN_04489,ACC_0972,ACC_0904,2026-10-31 20:00:00,142172.99,UPI
TXN_04490,ACC_0215,ACC_0487,2024-02-11 04:00:00,370493.46,NEFT
TXN_04491,ACC_0545,ACC_0640,2025-01-13 13:00:00,13812.65,NEFT
TXN_04492,ACC_0919,ACC_0028,2025-05-20 07:00:00,48453.73,UPI
TXN_04493,ACC_0035,ACC_0124,2025-01-30 20:00:00,11596.9,IMPS
TXN_04494,ACC_0977,ACC_0065,2025-03-20 04:00:00,44147.13,RTGS
TXN_04495,ACC_0113,ACC_0056,2024-08-12 05:00:00,429145.12,UPI
TXN_04496,ACC_0758,ACC_0971,2024-09-15 07:00:00,428427.18,IMPS
TXN_04497,ACC_0752,ACC_0864,2025-07-05 10:00:00,231427.87,IMPS
TXN_04498,ACC_0519,ACC_0577,2024-12-15 19:00:00,490961.4,RTGS
TXN_04499,ACC_0422,ACC_0026,2025-01-22 04:00:00,55886.6,NEFT
TXN_04500,ACC_0896,ACC_0963,2025-04-12 08:00:00,295327.84,NEFT
TXN_04501,ACC_0573,ACC_0921,2026-10-10 05:00:00,152692.62,IMPS
TXN_04502,ACC_0837,ACC_0503,2025-10-28 13:00:00,357759.09,RTGS
TXN_04503,ACC_0418,ACC_0616,2024-05-27 08:00:00,89821.92,UPI
TXN_04504,ACC_0294,ACC_0069,2025-12-27 11:00:00,347101.26,IMPS
TXN_04505,ACC_0657,ACC_0109,2025-08-15 10:00:00,304410.29,IMPS
TXN_04506,ACC_0553,ACC_0015,2026-02-02 10:00:00,176157.99,NEFT
TXN_04507,ACC_1027,ACC_0977,2025-03-06 01:00:00,190836.76,NEFT
TXN_04508,ACC_0159,ACC_0025,2026-04-15 04:00:00,129553.22,UPI
TXN_04509,ACC_0108,ACC_0648,2026-10-12 18:00:00,473332.64,NEFT
TXN_04510,ACC_0751,ACC_0145,2025-03-18 13:00:00,298509.21,NEFT
TXN_04511,ACC_0005,ACC_0577,2026-05-02 08:00:00,32817.67,NEFT
TXN_04512,ACC_0939,ACC_0600,2026-04-23 15:00:00,456103.92,UPI
TXN_04513,ACC_0692,ACC_1037,2024-05-03 01:00:00,219939.13,UPI
TXN_04514,ACC_0072,ACC_0833,2025-07-30 16:00:00,237466.66,NEFT
TXN_04515,ACC_0994,ACC_0059,2024-04-10 01:00:00,58503.46,IMPS
TXN_04516,ACC_0789,ACC_0508,2024-02-05 13:00:00,254659.78,RTGS
TXN_04517,ACC_0414,ACC_0400,2024-12-25 22:00:00,24230.27,IMPS
TXN_04518,ACC_0944,ACC_0918,2024-09-26 20:00:00,384972.01,RTGS
TXN_04519,ACC_0146,ACC_0084,2025-04-30 06:00:00,397599.37,IMPS
TXN_04520,ACC_0073,ACC_0298,2024-02-05 23:00:00,483599.55,UPI
TXN_04521,ACC_0179,ACC_0467,2025-09-25 14:00:00,57022.61,RTGS
TXN_04522,ACC_0354,ACC_0678,2026-04-12 13:00:00,170832.4,RTGS
TXN_04523,ACC_1032,ACC_0101,2025-12-19 02:00:00,449645.29,RTGS
TXN_04524,ACC_0381,ACC_0017,2024-11-05 20:00:00,134307.87,IMPS
TXN_04525,ACC_0086,ACC_0878,2026-10-03 01:00:00,18724.9,NEFT
TXN_04526,ACC_0180,ACC_0474,2026-04-27 04:00:00,263021.51,RTGS
TXN_04527,ACC_0331,ACC_0437,2025-12-30 19:00:00,385029.72,NEFT
TXN_04528,ACC_0607,ACC_0858,2024-12-14 02:00:00,123431.76,NEFT
TXN_04529,ACC_0020,ACC_0974,2026-05-03 08:00:00,88975.91,NEFT
TXN_04530,ACC_0724,ACC_0478,2025-09-23 03:00:00,440593.19,UPI
TXN_04531,ACC_0394,ACC_0197,2025-04-03 20:00:00,89985.87,UPI
TXN_04532,ACC_0880,ACC_0025,2025-07-05 21:00:00,289852.04,NEFT
TXN_04533,ACC_0641,ACC_0612,2025-06-24 03:00:00,55319.79,UPI
TXN_04534,ACC_0200,ACC_0020,2026-06-30 19:00:00,123062.95,RTGS
TXN_04535,ACC_0349,ACC_0023,2026-06-29 09:00:00,293340.44,NEFT
TXN_04536,ACC_0331,ACC_0119,2025-09-22 17:00:00,99800.03,NEFT
TXN_04537,ACC_0345,ACC_0573,2026-03-28 19:00:00,122746.36,NEFT
TXN_04538,ACC_0937,ACC_0890,2024-09-13 22:00:00,263523.46,IMPS
TXN_04539,ACC_0470,ACC_0785,2026-10-07 09:00:00,276839.91,UPI
TXN_04540,ACC_0317,ACC_0144,2025-12-18 17:00:00,15614.67,NEFT
TXN_04541,ACC_0531,ACC_0521,2026-02-26 20:00:00,338004.34,IMPS
TXN_04542,ACC_0714,ACC_0729,2026-09-25 10:00:00,196682.69,NEFT
TXN_04543,ACC_0716,ACC_0374,2024-12-10 03:00:00,125963.74,UPI
TXN_04544,ACC_0069,ACC_0205,2025-08-20 20:00:00,403085.61,UPI
TXN_04545,ACC_0035,ACC_0835,2026-05-19 15:00:00,112926.94,RTGS
TXN_04546,ACC_0957,ACC_0208,2024-01-08 01:00:00,32035.34,NEFT
TXN_04547,ACC_0638,ACC_0201,2024-12-05 02:00:00,77927.41,NEFT
TXN_04548,ACC_0649,ACC_0955,2024-07-28 11:00:00,143128.83,IMPS
TXN_04549,ACC_0950,ACC_0705,2024-03-14 06:00:00,244459.31,RTGS
TXN_04550,ACC_0770,ACC_0785,2026-02-02 21:00:00,181530.61,UPI
TXN_04551,ACC_0116,ACC_0947,2026-03-29 18:00:00,420154.72,RTGS
TXN_04552,ACC_0253,ACC_0058,2025-02-02 18:00:00,171395.49,IMPS
TXN_04553,ACC_0577,ACC_0242,2024-03-11 12:00:00,192754.88,UPI
TXN_04554,ACC_0609,ACC_0453,2025-06-09 06:00:00,399331.51,RTGS
TXN_04555,ACC_0964,ACC_0981,2025-09-14 05:00:00,2067.9,RTGS
TXN_04556,ACC_0210,ACC_0911,2024-01-25 15:00:00,295769.94,IMPS
TXN_04557,ACC_0515,ACC_0739,2024-05-24 15:00:00,322578.91,NEFT
TXN_04558,ACC_0492,ACC_0689,2024-01-01 08:00:00,256675.76,RTGS
TXN_04559,ACC_0286,ACC_0383,2025-09-17 14:00:00,278389.35,UPI
TXN_04560,ACC_0861,ACC_0515,2025-08-11 08:00:00,443822.71,UPI
TXN_04561,ACC_0457,ACC_0706,2026-10-09 00:00:00,372237.7,NEFT
TXN_04562,ACC_0390,ACC_0085,2026-07-05 10:00:00,135635.37,NEFT
TXN_04563,ACC_0870,ACC_0462,2025-04-06 02:00:00,375507.59,RTGS
TXN_04564,ACC_0539,ACC_0714,2024-12-24 14:00:00,337703.55,IMPS
TXN_04565,ACC_0285,ACC_0894,2026-07-17 20:00:00,27667.79,RTGS
TXN_04566,ACC_0243,ACC_0916,2026-09-13 10:00:00,226547.37,UPI
TXN_04567,ACC_0321,ACC_0604,2026-03-06 06:00:00,194000.96,NEFT
TXN_04568,ACC_0433,ACC_0576,2025-09-13 20:00:00,424661.07,UPI
TXN_04569,ACC_0182,ACC_0716,2024-05-22 04:00:00,390116.07,RTGS
TXN_04570,ACC_0023,ACC_0888,2024-12-06 10:00:00,252614.32,NEFT
TXN_04571,ACC_0486,ACC_0710,2024-03-23 18:00:00,76142.04,UPI
TXN_04572,ACC_0350,ACC_0052,2026-06-04 13:00:00,459951.56,RTGS
TXN_04573,ACC_0899,ACC_0668,2024-11-25 16:00:00,220661.92,NEFT
TXN_04574,ACC_1022,ACC_0107,2024-03-27 05:00:00,218730.85,RTGS
TXN_04575,ACC_0732,ACC_0256,2025-02-22 07:00:00,392127.6,IMPS
TXN_04576,ACC_0601,ACC_0608,2025-04-24 17:00:00,199956.8,NEFT
TXN_04577,ACC_0341,ACC_0073,2026-11-05 09:00:00,456853.18,UPI
TXN_04578,ACC_0981,ACC_0451,2025-01-14 21:00:00,16849.8,IMPS
TXN_04579,ACC_0700,ACC_0502,2026-04-28 23:00:00,118657.51,NEFT
TXN_04580,ACC_0080,ACC_0127,2026-01-22 18:00:00,10134.86,UPI
TXN_04581,ACC_0318,ACC_0945,2024-10-13 04:00:00,218756.95,IMPS
TXN_04582,ACC_0717,ACC_0275,2025-04-28 06:00:00,378408.33,IMPS
TXN_04583,ACC_0530,ACC_0005,2025-12-20 23:00:00,267375.01,UPI
TXN_04584,ACC_0987,ACC_0970,2024-06-29 19:00:00,286554.13,NEFT
TXN_04585,ACC_0527,ACC_1034,2025-01-04 22:00:00,174398.5,UPI
TXN_04586,ACC_0359,ACC_0354,2025-01-15 08:00:00,228342.64,UPI
TXN_04587,ACC_0179,ACC_0070,2025-04-12 11:00:00,413827.3,RTGS
TXN_04588,ACC_0810,ACC_0617,2025-11-27 18:00:00,417431.15,RTGS
TXN_04589,ACC_0428,ACC_0628,2025-01-25 12:00:00,282069.23,UPI
TXN_04590,ACC_0154,ACC_0540,2025-02-12 16:00:00,130562.46,UPI
TXN_04591,ACC_0160,ACC_0978,2026-03-09 04:00:00,136705.98,NEFT
TXN_04592,ACC_0857,ACC_0832,2024-05-29 22:00:00,290152.23,NEFT
TXN_04593,ACC_0748,ACC_0482,2026-05-31 21:00:00,462270.05,NEFT
TXN_04594,ACC_0052,ACC_0534,2025-07-23 06:00:00,67398.68,IMPS
TXN_04595,ACC_0341,ACC_0593,2026-06-28 09:00:00,255874.17,NEFT
TXN_04596,ACC_0025,ACC_0246,2025-06-30 00:00:00,430972.54,IMPS
TXN_04597,ACC_0214,ACC_0034,2024-02-02 06:00:00,364259.34,RTGS
TXN_04598,ACC_0682,ACC_0916,2024-11-09 18:00:00,195905.71,RTGS
TXN_04599,ACC_0205,ACC_0903,2025-01-30 01:00:00,51334.42,RTGS
TXN_04600,ACC_0153,ACC_0731,2025-08-22 21:00:00,295287.09,RTGS
TXN_04601,ACC_0850,ACC_0748,2025-07-30 22:00:00,282185.85,IMPS
TXN_04602,ACC_0121,ACC_1018,2024-03-17 17:00:00,24767.97,UPI
TXN_04603,ACC_0435,ACC_0019,2025-12-27 01:00:00,174228.12,NEFT
TXN_04604,ACC_0668,ACC_0961,2024-07-30 11:00:00,353905.31,IMPS
TXN_04605,ACC_0846,ACC_0748,2024-11-14 22:00:00,9293.46,RTGS
TXN_04606,ACC_0767,ACC_1020,2024-06-10 12:00:00,42416.57,IMPS
TXN_04607,ACC_0287,ACC_0349,2026-06-04 15:00:00,35569.45,UPI
TXN_04608,ACC_0666,ACC_1039,2025-09-10 17:00:00,443118.1,UPI
TXN_04609,ACC_0904,ACC_0398,2025-12-11 23:00:00,411404.56,NEFT
TXN_04610,ACC_0259,ACC_0885,2024-04-04 09:00:00,290019.85,UPI
TXN_04611,ACC_0972,ACC_0240,2024-03-25 14:00:00,401027.97,UPI
TXN_04612,ACC_0081,ACC_0151,2026-10-08 16:00:00,39738.49,NEFT
TXN_04613,ACC_0835,ACC_0212,2026-05-24 07:00:00,294120.23,NEFT
TXN_04614,ACC_0645,ACC_0132,2024-12-10 10:00:00,116888.06,IMPS
TXN_04615,ACC_0430,ACC_0224,2025-11-12 08:00:00,93034.39,RTGS
TXN_04616,ACC_0797,ACC_0235,2024-04-30 00:00:00,403029.03,RTGS
TXN_04617,ACC_0184,ACC_0936,2026-06-29 06:00:00,283769.52,NEFT
TXN_04618,ACC_0909,ACC_0339,2026-10-19 23:00:00,377526.14,IMPS
TXN_04619,ACC_0898,ACC_0221,2025-04-25 13:00:00,145194.08,UPI
TXN_04620,ACC_0976,ACC_0661,2024-02-23 16:00:00,470076.24,IMPS
TXN_04621,ACC_0069,ACC_0289,2025-05-31 03:00:00,490147.02,NEFT
TXN_04622,ACC_0619,ACC_0252,2024-02-01 15:00:00,162611.52,NEFT
TXN_04623,ACC_0188,ACC_1018,2026-09-28 17:00:00,176540.6,RTGS
TXN_04624,ACC_0183,ACC_0199,2024-01-31 23:00:00,242762.27,NEFT
TXN_04625,ACC_0778,ACC_0629,2024-07-07 12:00:00,461094.79,IMPS
TXN_04626,ACC_0738,ACC_0776,2025-10-04 16:00:00,454879.82,UPI
TXN_04627,ACC_0704,ACC_0923,2024-02-04 01:00:00,264943.45,UPI
TXN_04628,ACC_0054,ACC_0900,2024-01-15 14:00:00,261474.58,NEFT
TXN_04629,ACC_0499,ACC_0048,2026-06-05 00:00:00,299389.36,NEFT
TXN_04630,ACC_0832,ACC_1040,2025-12-09 17:00:00,287860.45,IMPS
TXN_04631,ACC_0603,ACC_0894,2024-03-16 06:00:00,436717.46,UPI
TXN_04632,ACC_0073,ACC_0696,2025-12-29 13:00:00,41446.24,NEFT
TXN_04633,ACC_0696,ACC_0077,2026-04-11 09:00:00,386063.6,RTGS
TXN_04634,ACC_0845,ACC_0074,2025-10-10 09:00:00,187966.52,IMPS
TXN_04635,ACC_0847,ACC_0197,2026-06-16 08:00:00,350550.59,IMPS
TXN_04636,ACC_0048,ACC_0061,2026-09-19 21:00:00,459362.43,UPI
TXN_04637,ACC_0623,ACC_0444,2025-01-02 09:00:00,162584.75,IMPS
TXN_04638,ACC_0371,ACC_0709,2026-11-06 17:00:00,312580.57,RTGS
TXN_04639,ACC_0364,ACC_0866,2025-11-11 07:00:00,131572.0,IMPS
TXN_04640,ACC_0550,ACC_0294,2025-11-11 08:00:00,226357.97,NEFT
TXN_04641,ACC_0771,ACC_0676,2025-12-27 06:00:00,80041.98,RTGS
TXN_04642,ACC_0509,ACC_0090,2025-12-06 06:00:00,170123.24,UPI
TXN_04643,ACC_0728,ACC_0711,2024-06-27 16:00:00,266020.58,RTGS
TXN_04644,ACC_0192,ACC_0504,2026-05-07 08:00:00,362602.88,NEFT
TXN_04645,ACC_0476,ACC_0473,2026-08-12 14:00:00,330974.41,RTGS
TXN_04646,ACC_0338,ACC_0427,2024-08-19 03:00:00,136893.84,IMPS
TXN_04647,ACC_0042,ACC_0668,2024-11-01 20:00:00,271581.18,UPI
TXN_04648,ACC_0788,ACC_0907,2024-06-07 05:00:00,267870.37,IMPS
TXN_04649,ACC_0170,ACC_0913,2024-07-27 01:00:00,481370.18,IMPS
TXN_04650,ACC_0158,ACC_0225,2025-06-02 16:00:00,229631.01,RTGS
TXN_04651,ACC_0692,ACC_0783,2025-04-09 14:00:00,154121.38,RTGS
TXN_04652,ACC_0281,ACC_0458,2025-11-08 16:00:00,423249.28,RTGS
TXN_04653,ACC_0029,ACC_0179,2025-05-15 00:00:00,228946.06,IMPS
TXN_04654,ACC_0728,ACC_0325,2024-04-25 00:00:00,151410.37,RTGS
TXN_04655,ACC_0009,ACC_0656,2026-03-05 16:00:00,285354.38,RTGS
TXN_04656,ACC_0991,ACC_0679,2024-10-05 06:00:00,113652.54,IMPS
TXN_04657,ACC_0683,ACC_1029,2024-08-02 01:00:00,362968.1,IMPS
TXN_04658,ACC_0809,ACC_0826,2024-12-23 11:00:00,79242.88,RTGS
TXN_04659,ACC_0868,ACC_0024,2025-07-16 03:00:00,478506.22,IMPS
TXN_04660,ACC_0057,ACC_0507,2026-07-22 00:00:00,427520.9,IMPS
TXN_04661,ACC_0746,ACC_0153,2026-04-12 16:00:00,55780.65,RTGS
TXN_04662,ACC_0298,ACC_0565,2025-11-21 03:00:00,155200.13,NEFT
TXN_04663,ACC_0637,ACC_0949,2024-11-11 18:00:00,10381.74,NEFT
TXN_04664,ACC_0043,ACC_0995,2024-06-27 23:00:00,418071.28,RTGS
TXN_04665,ACC_0065,ACC_0130,2025-08-03 14:00:00,3052.59,NEFT
TXN_04666,ACC_0501,ACC_0524,2025-04-28 12:00:00,209860.65,RTGS
TXN_04667,ACC_0265,ACC_0556,2025-07-21 07:00:00,314267.66,RTGS
TXN_04668,ACC_0823,ACC_0593,2025-04-06 07:00:00,471553.19,IMPS
TXN_04669,ACC_0677,ACC_0942,2024-06-24 07:00:00,176705.94,NEFT
TXN_04670,ACC_0001,ACC_0012,2026-01-20 11:00:00,386439.11,UPI
TXN_04671,ACC_1038,ACC_0227,2026-05-04 13:00:00,17732.67,UPI
TXN_04672,ACC_0802,ACC_0870,2024-07-25 13:00:00,89713.02,IMPS
TXN_04673,ACC_0202,ACC_0974,2024-05-13 22:00:00,342570.37,RTGS
TXN_04674,ACC_0082,ACC_0203,2025-01-21 20:00:00,398025.04,NEFT
TXN_04675,ACC_0567,ACC_0920,2025-04-29 15:00:00,300069.49,IMPS
TXN_04676,ACC_0552,ACC_0404,2026-05-08 19:00:00,490222.22,IMPS
TXN_04677,ACC_0169,ACC_0105,2025-01-26 16:00:00,477119.17,NEFT
TXN_04678,ACC_0940,ACC_0729,2025-11-01 08:00:00,168547.98,RTGS
TXN_04679,ACC_0073,ACC_0765,2024-06-20 22:00:00,447048.56,RTGS
TXN_04680,ACC_0345,ACC_0775,2024-08-25 16:00:00,256490.92,NEFT
TXN_04681,ACC_0822,ACC_0489,2024-11-19 12:00:00,420450.23,NEFT
TXN_04682,ACC_0006,ACC_0661,2024-09-29 08:00:00,466764.32,IMPS
TXN_04683,ACC_0643,ACC_0063,2024-04-28 07:00:00,322297.45,NEFT
TXN_04684,ACC_0836,ACC_0932,2024-12-29 06:00:00,3739.54,RTGS
TXN_04685,ACC_0592,ACC_0642,2026-01-30 02:00:00,159803.08,IMPS
TXN_04686,ACC_0614,ACC_0100,2025-10-31 02:00:00,222432.93,NEFT
TXN_04687,ACC_0518,ACC_0700,2024-01-22 08:00:00,12117.7,UPI
TXN_04688,ACC_0590,ACC_0837,2025-09-17 06:00:00,69849.65,RTGS
TXN_04689,ACC_0002,ACC_0643,2024-06-05 22:00:00,282920.19,NEFT
TXN_04690,ACC_0357,ACC_0205,2025-08-19 21:00:00,447504.6,UPI
TXN_04691,ACC_0832,ACC_0607,2024-08-11 15:00:00,401600.28,RTGS
TXN_04692,ACC_0032,ACC_0638,2026-09-09 06:00:00,26365.21,NEFT
TXN_04693,ACC_0960,ACC_1035,2026-09-28 06:00:00,85264.84,IMPS
TXN_04694,ACC_0087,ACC_0785,2024-02-14 08:00:00,106955.77,RTGS
TXN_04695,ACC_0909,ACC_0326,2024-09-15 01:00:00,315586.85,RTGS
TXN_04696,ACC_0124,ACC_0792,2024-12-26 11:00:00,281722.31,NEFT
TXN_04697,ACC_0706,ACC_0138,2024-08-07 06:00:00,278155.52,RTGS
TXN_04698,ACC_0455,ACC_0712,2024-10-23 01:00:00,489836.66,IMPS
TXN_04699,ACC_0555,ACC_0311,2025-01-25 22:00:00,421649.15,UPI
TXN_04700,ACC_0426,ACC_1016,2026-06-05 03:00:00,238433.17,NEFT
TXN_04701,ACC_0479,ACC_0381,2025-04-25 21:00:00,11785.63,RTGS
TXN_04702,ACC_0112,ACC_1032,2026-08-02 09:00:00,289931.42,RTGS
TXN_04703,ACC_0040,ACC_0388,2024-03-03 15:00:00,166834.29,NEFT
TXN_04704,ACC_0242,ACC_0493,2024-10-08 14:00:00,244425.55,RTGS
TXN_04705,ACC_0081,ACC_1018,2024-09-14 04:00:00,103966.12,UPI
TXN_04706,ACC_0218,ACC_0838,2024-07-25 21:00:00,390592.89,UPI
TXN_04707,ACC_0922,ACC_0540,2024-05-20 22:00:00,100533.81,RTGS
TXN_04708,ACC_1018,ACC_0408,2025-01-18 12:00:00,269720.54,NEFT
TXN_04709,ACC_0751,ACC_0754,2025-01-04 02:00:00,328228.64,IMPS
TXN_04710,ACC_0204,ACC_0589,2024-04-29 14:00:00,150238.41,IMPS
TXN_04711,ACC_0544,ACC_0147,2024-03-12 11:00:00,95344.8,NEFT
TXN_04712,ACC_0664,ACC_0694,2025-05-02 00:00:00,347964.2,NEFT
TXN_04713,ACC_0766,ACC_0340,2026-01-20 21:00:00,60488.75,IMPS
TXN_04714,ACC_1000,ACC_0368,2026-04-09 14:00:00,414843.52,RTGS
TXN_04715,ACC_0152,ACC_0242,2026-07-27 15:00:00,213584.03,IMPS
TXN_04716,ACC_0645,ACC_0635,2026-11-07 04:00:00,358702.39,NEFT
TXN_04717,ACC_0223,ACC_0307,2026-01-21 18:00:00,273800.38,IMPS
TXN_04718,ACC_0259,ACC_0218,2024-08-06 02:00:00,251351.95,RTGS
TXN_04719,ACC_0388,ACC_0278,2024-10-19 11:00:00,207756.86,UPI
TXN_04720,ACC_0546,ACC_0741,2025-02-08 16:00:00,328207.26,UPI
TXN_04721,ACC_0054,ACC_0385,2025-10-09 06:00:00,19089.51,UPI
TXN_04722,ACC_0977,ACC_0619,2026-05-23 03:00:00,455138.15,NEFT
TXN_04723,ACC_0330,ACC_0128,2026-10-09 00:00:00,72189.05,UPI
TXN_04724,ACC_0199,ACC_0403,2025-04-27 17:00:00,485102.57,IMPS
TXN_04725,ACC_0034,ACC_0820,2025-07-21 17:00:00,246158.75,IMPS
TXN_04726,ACC_0247,ACC_0014,2026-01-26 10:00:00,121123.68,RTGS
TXN_04727,ACC_0530,ACC_0248,2026-10-25 07:00:00,335158.12,IMPS
TXN_04728,ACC_0938,ACC_0067,2026-06-26 23:00:00,343406.91,IMPS
TXN_04729,ACC_0419,ACC_0063,2025-03-21 07:00:00,88271.45,NEFT
TXN_04730,ACC_0694,ACC_0822,2024-10-11 01:00:00,145928.94,NEFT
TXN_04731,ACC_0135,ACC_0027,2026-01-31 15:00:00,161951.29,IMPS
TXN_04732,ACC_0014,ACC_0193,2025-01-04 10:00:00,80572.6,UPI
TXN_04733,ACC_0984,ACC_0870,2024-03-07 16:00:00,3584.24,RTGS
TXN_04734,ACC_0992,ACC_0576,2026-01-21 14:00:00,102196.34,UPI
TXN_04735,ACC_0913,ACC_0353,2025-09-07 16:00:00,256028.09,IMPS
TXN_04736,ACC_0011,ACC_0975,2025-05-16 12:00:00,299573.27,NEFT
TXN_04737,ACC_0923,ACC_0340,2025-10-17 22:00:00,246434.72,UPI
TXN_04738,ACC_0655,ACC_0853,2024-04-20 15:00:00,497354.78,NEFT
TXN_04739,ACC_0201,ACC_0040,2024-09-04 00:00:00,259789.02,RTGS
TXN_04740,ACC_0871,ACC_0149,2025-10-11 00:00:00,234753.94,UPI
TXN_04741,ACC_0540,ACC_0941,2025-03-25 05:00:00,335942.8,RTGS
TXN_04742,ACC_0301,ACC_0585,2024-11-10 17:00:00,45683.59,NEFT
TXN_04743,ACC_0298,ACC_0138,2025-12-10 09:00:00,360564.86,UPI
TXN_04744,ACC_0940,ACC_1006,2026-07-01 00:00:00,313044.07,UPI
TXN_04745,ACC_0066,ACC_0470,2024-01-10 21:00:00,209519.84,UPI
TXN_04746,ACC_0403,ACC_1027,2026-02-04 23:00:00,144611.35,RTGS
TXN_04747,ACC_0896,ACC_0602,2024-09-16 09:00:00,496191.22,RTGS
TXN_04748,ACC_0260,ACC_0823,2024-04-20 09:00:00,386645.26,IMPS
TXN_04749,ACC_0668,ACC_0841,2025-07-22 02:00:00,113739.85,NEFT
TXN_04750,ACC_0884,ACC_0517,2026-04-15 00:00:00,132828.55,NEFT
TXN_04751,ACC_0017,ACC_0027,2025-11-27 03:00:00,413962.19,IMPS
TXN_04752,ACC_0689,ACC_0714,2025-04-21 12:00:00,83118.84,RTGS
TXN_04753,ACC_0570,ACC_0069,2024-12-04 10:00:00,364870.47,IMPS
TXN_04754,ACC_0474,ACC_0412,2024-11-16 20:00:00,444407.92,RTGS
TXN_04755,ACC_0016,ACC_0922,2025-11-14 14:00:00,357793.78,UPI
TXN_04756,ACC_0072,ACC_0380,2024-03-06 10:00:00,4210.12,NEFT
TXN_04757,ACC_0920,ACC_0593,2025-04-06 09:00:00,247562.65,UPI
TXN_04758,ACC_0420,ACC_0936,2025-02-22 20:00:00,418129.67,RTGS
TXN_04759,ACC_0144,ACC_0412,2026-08-20 09:00:00,320624.06,RTGS
TXN_04760,ACC_0259,ACC_0045,2024-01-31 11:00:00,290704.44,NEFT
TXN_04761,ACC_0864,ACC_0869,2025-04-14 20:00:00,331850.15,RTGS
TXN_04762,ACC_0026,ACC_0993,2025-11-14 16:00:00,329518.75,UPI
TXN_04763,ACC_0497,ACC_0103,2024-09-14 21:00:00,122985.33,IMPS
TXN_04764,ACC_0501,ACC_0247,2025-07-14 18:00:00,27338.57,IMPS
TXN_04765,ACC_0160,ACC_0464,2026-01-27 16:00:00,311142.03,NEFT
TXN_04766,ACC_0418,ACC_0430,2026-11-07 07:00:00,162981.73,UPI
TXN_04767,ACC_0993,ACC_0778,2024-05-12 07:00:00,11327.29,RTGS
TXN_04768,ACC_0057,ACC_0185,2024-04-30 07:00:00,103557.83,NEFT
TXN_04769,ACC_0770,ACC_0403,2025-01-13 04:00:00,357017.81,IMPS
TXN_04770,ACC_0319,ACC_0907,2025-10-17 15:00:00,307213.23,RTGS
TXN_04771,ACC_0525,ACC_1017,2024-12-20 12:00:00,497724.72,RTGS
TXN_04772,ACC_0340,ACC_0677,2025-05-04 19:00:00,72105.76,IMPS
TXN_04773,ACC_0042,ACC_0172,2024-10-18 07:00:00,348938.4,NEFT
TXN_04774,ACC_0479,ACC_0594,2024-12-17 07:00:00,448472.44,RTGS
TXN_04775,ACC_0954,ACC_0341,2025-10-03 03:00:00,265900.32,IMPS
TXN_04776,ACC_0708,ACC_0033,2024-04-28 08:00:00,242032.97,UPI
TXN_04777,ACC_0662,ACC_0393,2024-01-03 12:00:00,461598.47,UPI
TXN_04778,ACC_0862,ACC_0688,2024-10-21 20:00:00,97019.26,RTGS
TXN_04779,ACC_0161,ACC_0800,2024-09-06 08:00:00,191068.44,IMPS
TXN_04780,ACC_0888,ACC_0976,2026-09-27 10:00:00,105861.61,NEFT
TXN_04781,ACC_0657,ACC_0718,2026-04-17 14:00:00,390947.19,UPI
TXN_04782,ACC_0225,ACC_1029,2024-03-01 13:00:00,79155.38,UPI
TXN_04783,ACC_0668,ACC_0316,2024-02-16 20:00:00,219497.76,UPI
TXN_04784,ACC_0959,ACC_0239,2025-04-24 07:00:00,469997.86,UPI
TXN_04785,ACC_0482,ACC_0687,2026-02-05 11:00:00,433295.3,RTGS
TXN_04786,ACC_0441,ACC_0368,2025-12-01 16:00:00,198439.76,RTGS
TXN_04787,ACC_0054,ACC_0899,2026-10-30 04:00:00,363850.72,UPI
TXN_04788,ACC_0206,ACC_0588,2025-09-25 06:00:00,444560.23,UPI
TXN_04789,ACC_0261,ACC_0644,2025-09-13 05:00:00,317804.04,RTGS
TXN_04790,ACC_0761,ACC_0050,2024-12-02 07:00:00,83635.05,UPI
TXN_04791,ACC_0745,ACC_0236,2025-05-04 03:00:00,278099.05,NEFT
TXN_04792,ACC_0219,ACC_0774,2024-08-01 07:00:00,385511.98,RTGS
TXN_04793,ACC_0209,ACC_0903,2026-06-18 20:00:00,168428.94,IMPS
TXN_04794,ACC_0683,ACC_1021,2026-07-23 08:00:00,90191.44,RTGS
TXN_04795,ACC_0572,ACC_0951,2025-10-28 06:00:00,451583.8,NEFT
TXN_04796,ACC_0207,ACC_0830,2026-02-06 13:00:00,361433.87,NEFT
TXN_04797,ACC_0386,ACC_0077,2026-09-24 02:00:00,354801.88,RTGS
TXN_04798,ACC_0646,ACC_0349,2026-10-23 03:00:00,470251.26,UPI
TXN_04799,ACC_0283,ACC_0247,2025-02-17 16:00:00,175652.83,NEFT
TXN_04800,ACC_0287,ACC_0860,2025-07-31 13:00:00,385904.63,RTGS
TXN_04801,ACC_0805,ACC_0730,2024-08-26 13:00:00,255716.58,IMPS
TXN_04802,ACC_0447,ACC_0367,2026-08-03 02:00:00,274781.85,IMPS
TXN_04803,ACC_0142,ACC_0448,2025-03-15 08:00:00,428212.76,IMPS
TXN_04804,ACC_0049,ACC_0584,2026-02-28 12:00:00,42837.32,UPI
TXN_04805,ACC_0664,ACC_0587,2024-12-13 12:00:00,253716.45,IMPS
TXN_04806,ACC_0465,ACC_0734,2026-09-03 02:00:00,98932.79,NEFT
TXN_04807,ACC_0009,ACC_0211,2026-01-20 05:00:00,204479.79,RTGS
TXN_04808,ACC_0596,ACC_0257,2026-04-30 15:00:00,77436.09,IMPS
TXN_04809,ACC_0442,ACC_0377,2024-10-31 18:00:00,401885.24,NEFT
TXN_04810,ACC_0453,ACC_0264,2025-01-13 17:00:00,266896.54,IMPS
TXN_04811,ACC_0824,ACC_0467,2026-08-24 12:00:00,474612.81,IMPS
TXN_04812,ACC_0779,ACC_0995,2024-03-25 07:00:00,125285.97,NEFT
TXN_04813,ACC_0937,ACC_0044,2026-03-20 10:00:00,33048.52,UPI
TXN_04814,ACC_0897,ACC_0743,2024-10-12 08:00:00,425166.75,RTGS
TXN_04815,ACC_0767,ACC_0587,2025-04-14 01:00:00,128513.13,NEFT
TXN_04816,ACC_0585,ACC_0434,2025-05-01 15:00:00,33820.78,RTGS
TXN_04817,ACC_0038,ACC_0378,2025-12-04 21:00:00,390871.34,UPI
TXN_04818,ACC_0134,ACC_0796,2025-10-24 23:00:00,457347.51,UPI
TXN_04819,ACC_0860,ACC_0100,2025-10-02 19:00:00,65628.11,NEFT
TXN_04820,ACC_0205,ACC_0123,2026-06-11 21:00:00,77319.69,UPI
TXN_04821,ACC_1026,ACC_0611,2025-05-26 22:00:00,463826.49,NEFT
TXN_04822,ACC_0851,ACC_0685,2024-03-12 07:00:00,295262.44,UPI
TXN_04823,ACC_0761,ACC_0982,2025-11-23 23:00:00,209599.73,IMPS
TXN_04824,ACC_0173,ACC_1032,2024-11-05 17:00:00,67878.41,IMPS
TXN_04825,ACC_0533,ACC_0957,2024-02-25 02:00:00,406790.87,NEFT
TXN_04826,ACC_0202,ACC_0799,2025-02-24 03:00:00,136483.35,UPI
TXN_04827,ACC_0408,ACC_0710,2026-08-28 20:00:00,152208.26,IMPS
TXN_04828,ACC_0464,ACC_0152,2024-12-15 09:00:00,248006.95,UPI
TXN_04829,ACC_0927,ACC_0266,2024-10-18 12:00:00,477190.45,NEFT
TXN_04830,ACC_0144,ACC_0549,2025-07-03 12:00:00,201075.62,NEFT
TXN_04831,ACC_0725,ACC_0927,2024-05-14 03:00:00,380757.68,IMPS
TXN_04832,ACC_0665,ACC_0169,2024-02-04 00:00:00,335310.68,RTGS
TXN_04833,ACC_0226,ACC_0949,2024-01-16 08:00:00,331526.7,UPI
TXN_04834,ACC_0133,ACC_0371,2026-02-15 12:00:00,250258.36,NEFT
TXN_04835,ACC_0856,ACC_0349,2025-06-11 06:00:00,242844.08,NEFT
TXN_04836,ACC_0727,ACC_0035,2026-10-26 13:00:00,211265.0,IMPS
TXN_04837,ACC_0704,ACC_0774,2026-06-08 13:00:00,439661.81,UPI
TXN_04838,ACC_0593,ACC_0915,2024-08-15 15:00:00,314910.21,IMPS
TXN_04839,ACC_0764,ACC_1012,2026-10-14 19:00:00,295787.64,NEFT
TXN_04840,ACC_0208,ACC_0612,2025-01-04 17:00:00,336683.65,RTGS
TXN_04841,ACC_0429,ACC_0475,2026-05-12 13:00:00,28976.84,RTGS
TXN_04842,ACC_0134,ACC_0915,2024-11-18 00:00:00,455747.77,UPI
TXN_04843,ACC_0877,ACC_0738,2025-11-22 02:00:00,271578.26,RTGS
TXN_04844,ACC_0332,ACC_0829,2026-10-05 00:00:00,14129.56,RTGS
TXN_04845,ACC_0014,ACC_0081,2026-02-06 04:00:00,196226.29,IMPS
TXN_04846,ACC_0264,ACC_0993,2025-11-04 08:00:00,37118.27,NEFT
TXN_04847,ACC_0627,ACC_0150,2026-02-13 12:00:00,118496.76,UPI
TXN_04848,ACC_0870,ACC_0818,2024-02-27 08:00:00,192901.5,IMPS
TXN_04849,ACC_0927,ACC_0087,2025-02-19 13:00:00,415353.45,RTGS
TXN_04850,ACC_0168,ACC_0620,2024-08-02 03:00:00,375762.56,NEFT
TXN_04851,ACC_0587,ACC_0101,2026-04-11 06:00:00,144653.79,NEFT
TXN_04852,ACC_0594,ACC_0404,2026-01-22 06:00:00,5689.1,RTGS
TXN_04853,ACC_0424,ACC_0114,2025-01-18 05:00:00,182490.52,NEFT
TXN_04854,ACC_1034,ACC_0949,2024-11-20 02:00:00,420330.73,RTGS
TXN_04855,ACC_0794,ACC_0396,2024-05-17 20:00:00,181465.09,RTGS
TXN_04856,ACC_0072,ACC_0526,2026-09-06 10:00:00,264499.85,IMPS
TXN_04857,ACC_0310,ACC_0530,2024-01-03 21:00:00,59134.57,UPI
TXN_04858,ACC_0862,ACC_0528,2024-03-25 05:00:00,416436.11,IMPS
TXN_04859,ACC_0593,ACC_0425,2025-11-12 11:00:00,409418.65,RTGS
TXN_04860,ACC_0995,ACC_0378,2024-01-13 03:00:00,315920.45,UPI
TXN_04861,ACC_0685,ACC_0076,2024-12-13 15:00:00,216410.09,NEFT
TXN_04862,ACC_1008,ACC_0716,2024-02-02 14:00:00,83620.01,IMPS
TXN_04863,ACC_0023,ACC_0297,2026-04-16 13:00:00,326052.96,UPI
TXN_04864,ACC_0175,ACC_0352,2025-05-24 04:00:00,157883.66,NEFT
TXN_04865,ACC_0635,ACC_0491,2024-01-18 17:00:00,203260.85,NEFT
TXN_04866,ACC_0123,ACC_0846,2026-03-08 23:00:00,64158.99,UPI
TXN_04867,ACC_0119,ACC_1035,2025-12-10 23:00:00,446015.32,RTGS
TXN_04868,ACC_0884,ACC_1038,2024-11-24 21:00:00,153747.33,RTGS
TXN_04869,ACC_0038,ACC_0653,2026-09-14 23:00:00,307009.77,IMPS
TXN_04870,ACC_0993,ACC_0437,2024-07-02 21:00:00,493753.81,IMPS
TXN_04871,ACC_0969,ACC_0112,2025-03-09 21:00:00,88159.32,UPI
TXN_04872,ACC_0626,ACC_0507,2026-01-13 23:00:00,128329.6,IMPS
TXN_04873,ACC_0289,ACC_0013,2025-09-13 14:00:00,352841.7,IMPS
TXN_04874,ACC_0355,ACC_0534,2024-05-18 14:00:00,314798.35,RTGS
TXN_04875,ACC_0124,ACC_0845,2025-05-02 12:00:00,106494.22,NEFT
TXN_04876,ACC_0358,ACC_0473,2026-02-20 09:00:00,38475.68,UPI
TXN_04877,ACC_0695,ACC_0668,2024-06-26 01:00:00,431976.13,NEFT
TXN_04878,ACC_0264,ACC_0651,2025-03-15 18:00:00,133391.19,NEFT
TXN_04879,ACC_0070,ACC_0638,2024-08-03 03:00:00,400887.9,IMPS
TXN_04880,ACC_0614,ACC_0945,2024-01-08 15:00:00,131419.26,UPI
TXN_04881,ACC_0117,ACC_0478,2025-03-29 02:00:00,105601.5,IMPS
TXN_04882,ACC_0074,ACC_0336,2024-11-21 01:00:00,333944.89,UPI
TXN_04883,ACC_1009,ACC_0953,2025-05-04 07:00:00,347295.06,RTGS
TXN_04884,ACC_0903,ACC_0687,2026-03-12 04:00:00,436652.81,UPI
TXN_04885,ACC_0351,ACC_0415,2026-07-13 21:00:00,333846.38,RTGS
TXN_04886,ACC_0658,ACC_1033,2025-02-05 15:00:00,142247.0,RTGS
TXN_04887,ACC_0545,ACC_0967,2024-09-18 06:00:00,394793.52,NEFT
TXN_04888,ACC_0792,ACC_0316,2026-08-06 22:00:00,376685.25,IMPS
TXN_04889,ACC_0405,ACC_0900,2025-02-04 15:00:00,260834.12,NEFT
TXN_04890,ACC_0443,ACC_0886,2024-12-11 02:00:00,363340.15,UPI
TXN_04891,ACC_0869,ACC_0191,2025-03-05 12:00:00,286150.26,NEFT
TXN_04892,ACC_0474,ACC_0638,2024-07-03 23:00:00,344286.48,IMPS
TXN_04893,ACC_1009,ACC_0567,2026-04-19 22:00:00,282663.58,RTGS
TXN_04894,ACC_0086,ACC_0440,2026-01-19 01:00:00,453920.54,RTGS
TXN_04895,ACC_0743,ACC_0052,2026-04-15 23:00:00,490920.08,IMPS
TXN_04896,ACC_0908,ACC_0358,2026-05-05 17:00:00,391808.14,IMPS
TXN_04897,ACC_0778,ACC_0372,2025-04-05 17:00:00,65247.24,UPI
TXN_04898,ACC_0573,ACC_0211,2024-10-19 19:00:00,496939.37,RTGS
TXN_04899,ACC_0970,ACC_0570,2024-11-21 10:00:00,228921.48,NEFT
TXN_04900,ACC_0495,ACC_0515,2026-04-25 10:00:00,125542.54,IMPS
TXN_04901,ACC_0497,ACC_0643,2026-09-18 09:00:00,406002.05,NEFT
TXN_04902,ACC_0530,ACC_0347,2024-08-04 17:00:00,235294.23,UPI
TXN_04903,ACC_0019,ACC_0082,2025-06-15 23:00:00,135440.32,UPI
TXN_04904,ACC_0985,ACC_0274,2025-12-09 00:00:00,464164.59,UPI
TXN_04905,ACC_0534,ACC_0792,2025-05-22 18:00:00,312846.45,UPI
TXN_04906,ACC_0349,ACC_0499,2025-07-26 06:00:00,285687.71,NEFT
TXN_04907,ACC_0599,ACC_1040,2024-01-02 03:00:00,21390.03,IMPS
TXN_04908,ACC_0746,ACC_0674,2025-06-09 14:00:00,295776.97,UPI
TXN_04909,ACC_0359,ACC_0265,2026-09-22 20:00:00,312959.11,UPI
TXN_04910,ACC_0386,ACC_1012,2025-11-21 12:00:00,144204.81,RTGS
TXN_04911,ACC_0264,ACC_1030,2025-05-24 08:00:00,119802.15,RTGS
TXN_04912,ACC_0554,ACC_0088,2026-03-15 00:00:00,165076.59,RTGS
TXN_04913,ACC_0582,ACC_0615,2024-12-06 14:00:00,245100.7,IMPS
TXN_04914,ACC_0082,ACC_0844,2024-02-15 13:00:00,470004.74,NEFT
TXN_04915,ACC_0307,ACC_0318,2026-05-03 23:00:00,164119.87,RTGS
TXN_04916,ACC_0818,ACC_0334,2025-06-13 06:00:00,65244.81,NEFT
TXN_04917,ACC_0886,ACC_1018,2026-01-04 11:00:00,484868.46,UPI
TXN_04918,ACC_0022,ACC_0528,2024-02-01 20:00:00,105109.52,IMPS
TXN_04919,ACC_0330,ACC_0378,2024-08-29 06:00:00,90119.84,NEFT
TXN_04920,ACC_0009,ACC_0950,2026-07-16 13:00:00,194078.79,IMPS
TXN_04921,ACC_0686,ACC_0570,2024-12-22 13:00:00,336468.93,RTGS
TXN_04922,ACC_0694,ACC_0623,2025-02-17 20:00:00,252203.87,RTGS
TXN_04923,ACC_0738,ACC_1018,2026-07-26 05:00:00,2336.37,UPI
TXN_04924,ACC_0022,ACC_0358,2025-02-19 14:00:00,441896.48,RTGS
TXN_04925,ACC_0219,ACC_0927,2024-11-12 01:00:00,482434.37,RTGS
TXN_04926,ACC_0697,ACC_0914,2024-09-29 23:00:00,196617.59,UPI
TXN_04927,ACC_0727,ACC_0494,2025-07-07 03:00:00,16015.47,UPI
TXN_04928,ACC_0254,ACC_0621,2026-06-14 16:00:00,208129.81,NEFT
TXN_04929,ACC_0041,ACC_0509,2024-10-06 02:00:00,358634.65,NEFT
TXN_04930,ACC_0366,ACC_0415,2026-01-20 03:00:00,422506.4,IMPS
TXN_04931,ACC_0533,ACC_0046,2026-08-05 06:00:00,279842.26,UPI
TXN_04932,ACC_0688,ACC_0687,2026-07-03 06:00:00,378766.7,UPI
TXN_04933,ACC_0128,ACC_0776,2026-06-29 04:00:00,410960.91,NEFT
TXN_04934,ACC_0591,ACC_0627,2024-07-16 07:00:00,467560.19,UPI
TXN_04935,ACC_0206,ACC_0490,2025-04-22 16:00:00,212786.1,RTGS
TXN_04936,ACC_0246,ACC_0488,2026-07-18 18:00:00,127781.59,RTGS
TXN_04937,ACC_0939,ACC_0721,2025-08-15 15:00:00,119436.99,UPI
TXN_04938,ACC_0227,ACC_0070,2024-12-25 08:00:00,58922.15,NEFT
TXN_04939,ACC_0284,ACC_0086,2024-05-25 16:00:00,141534.1,NEFT
TXN_04940,ACC_0792,ACC_0398,2025-07-12 08:00:00,179330.8,IMPS
TXN_04941,ACC_0055,ACC_0290,2026-02-10 12:00:00,184014.84,IMPS
TXN_04942,ACC_0580,ACC_0015,2025-02-16 11:00:00,438500.33,NEFT
TXN_04943,ACC_0391,ACC_0679,2024-08-02 04:00:00,127196.09,UPI
TXN_04944,ACC_0494,ACC_0323,2026-02-17 05:00:00,443918.04,UPI
TXN_04945,ACC_0466,ACC_0692,2024-10-01 13:00:00,391742.31,IMPS
TXN_04946,ACC_0751,ACC_0527,2026-09-07 18:00:00,210175.19,NEFT
TXN_04947,ACC_0092,ACC_0096,2024-10-15 12:00:00,17502.86,UPI
TXN_04948,ACC_0927,ACC_0070,2025-10-28 04:00:00,214772.61,UPI
TXN_04949,ACC_0711,ACC_0882,2026-07-04 10:00:00,272568.03,RTGS
TXN_04950,ACC_0067,ACC_0353,2026-04-04 07:00:00,326383.71,RTGS
TXN_04951,ACC_0329,ACC_0399,2026-01-13 07:00:00,303329.76,NEFT
TXN_04952,ACC_0698,ACC_0284,2024-06-18 14:00:00,387031.41,RTGS
TXN_04953,ACC_0944,ACC_0369,2026-05-07 15:00:00,477254.7,RTGS
TXN_04954,ACC_0159,ACC_0363,2026-01-28 13:00:00,497547.96,IMPS
TXN_04955,ACC_0514,ACC_0140,2025-05-03 19:00:00,265403.02,NEFT
TXN_04956,ACC_0168,ACC_0209,2024-04-07 10:00:00,157385.75,RTGS
TXN_04957,ACC_0124,ACC_0428,2025-05-30 07:00:00,495940.06,UPI
TXN_04958,ACC_0383,ACC_0174,2025-05-18 16:00:00,210975.8,UPI
TXN_04959,ACC_0594,ACC_0192,2025-03-05 06:00:00,99861.07,RTGS
TXN_04960,ACC_0953,ACC_0598,2026-01-16 16:00:00,452270.64,IMPS
TXN_04961,ACC_0685,ACC_0650,2026-02-11 04:00:00,323901.94,RTGS
TXN_04962,ACC_0322,ACC_0044,2026-04-25 05:00:00,220275.31,RTGS
TXN_04963,ACC_0791,ACC_0833,2025-09-30 22:00:00,90389.07,RTGS
TXN_04964,ACC_0954,ACC_0902,2024-06-13 01:00:00,354996.63,UPI
TXN_04965,ACC_0396,ACC_0206,2025-06-18 07:00:00,228499.91,IMPS
TXN_04966,ACC_0428,ACC_0012,2026-01-07 09:00:00,192423.66,NEFT
TXN_04967,ACC_0029,ACC_0139,2024-09-01 12:00:00,30909.9,UPI
TXN_04968,ACC_0064,ACC_0543,2026-01-08 23:00:00,332547.07,RTGS
TXN_04969,ACC_0699,ACC_0774,2025-11-04 19:00:00,354946.89,UPI
TXN_04970,ACC_0471,ACC_0068,2025-03-10 02:00:00,199155.14,UPI
TXN_04971,ACC_0696,ACC_0022,2024-08-02 04:00:00,53721.69,IMPS
TXN_04972,ACC_0057,ACC_0830,2025-11-23 04:00:00,314885.23,NEFT
TXN_04973,ACC_0917,ACC_0427,2024-09-23 15:00:00,199048.05,UPI
TXN_04974,ACC_0124,ACC_0452,2024-02-23 01:00:00,208038.87,RTGS
TXN_04975,ACC_0925,ACC_0322,2024-08-03 13:00:00,17742.06,UPI
TXN_04976,ACC_0583,ACC_0375,2025-03-17 12:00:00,30559.27,UPI
TXN_04977,ACC_0034,ACC_0472,2025-01-20 20:00:00,90626.66,NEFT
TXN_04978,ACC_0726,ACC_0667,2024-08-24 05:00:00,125782.87,UPI
TXN_04979,ACC_0693,ACC_0032,2025-03-03 18:00:00,275197.1,NEFT
TXN_04980,ACC_0751,ACC_0498,2025-01-11 22:00:00,408936.53,NEFT
TXN_04981,ACC_0199,ACC_0241,2025-07-07 04:00:00,17545.63,IMPS
TXN_04982,ACC_0229,ACC_0678,2024-03-16 07:00:00,246208.54,NEFT
TXN_04983,ACC_0965,ACC_0094,2024-02-18 03:00:00,402497.35,RTGS
TXN_04984,ACC_0492,ACC_0067,2024-07-18 22:00:00,435962.26,UPI
TXN_04985,ACC_0276,ACC_0044,2026-03-21 21:00:00,156322.46,UPI
TXN_04986,ACC_0568,ACC_0896,2026-04-19 18:00:00,229209.23,IMPS
TXN_04987,ACC_0727,ACC_0752,2026-05-28 17:00:00,409177.32,UPI
TXN_04988,ACC_0100,ACC_0027,2024-08-10 17:00:00,99821.17,NEFT
TXN_04989,ACC_0396,ACC_0801,2024-07-05 23:00:00,254818.61,NEFT
TXN_04990,ACC_0560,ACC_0053,2025-08-23 15:00:00,239755.72,UPI
TXN_04991,ACC_0027,ACC_0494,2025-06-04 06:00:00,102826.74,RTGS
TXN_04992,ACC_0033,ACC_0736,2025-07-16 07:00:00,280515.65,RTGS
TXN_04993,ACC_0948,ACC_0744,2025-11-09 15:00:00,207805.38,RTGS
TXN_04994,ACC_0350,ACC_0973,2026-03-19 13:00:00,25825.26,RTGS
TXN_04995,ACC_0922,ACC_0999,2024-08-13 06:00:00,188545.63,IMPS
TXN_04996,ACC_0284,ACC_0961,2026-01-23 22:00:00,64510.32,RTGS
TXN_04997,ACC_0659,ACC_0401,2024-08-06 13:00:00,28765.25,IMPS
TXN_04998,ACC_0510,ACC_0519,2025-05-19 12:00:00,23381.19,UPI
TXN_04999,ACC_0703,ACC_0617,2025-04-15 16:00:00,215560.29,IMPS
TXN_05000,ACC_0773,ACC_0301,2024-04-27 17:00:00,153359.53,NEFT
TXN_05001,ACC_1036,ACC_1016,2025-07-17 14:00:00,87478.91,IMPS
TXN_05002,ACC_0194,ACC_0933,2025-09-04 11:00:00,429647.2,UPI
TXN_05003,ACC_0718,ACC_0581,2026-08-23 09:00:00,369172.13,UPI
TXN_05004,ACC_0996,ACC_0474,2025-09-11 23:00:00,183000.08,NEFT
TXN_05005,ACC_0982,ACC_0345,2025-02-10 08:00:00,418821.56,IMPS
TXN_05006,ACC_0327,ACC_0845,2024-04-13 12:00:00,331238.69,UPI
TXN_05007,ACC_0077,ACC_0513,2024-05-15 01:00:00,464611.37,UPI
TXN_05008,ACC_0815,ACC_0093,2026-02-15 01:00:00,130059.55,UPI
TXN_05009,ACC_0377,ACC_0451,2025-05-11 17:00:00,212209.89,NEFT
TXN_05010,ACC_0581,ACC_0690,2024-06-29 16:00:00,347852.13,IMPS
TXN_05011,ACC_0765,ACC_0144,2026-08-29 06:00:00,358584.38,IMPS
TXN_05012,ACC_0557,ACC_0332,2025-12-20 02:00:00,226615.55,NEFT
TXN_05013,ACC_0749,ACC_0709,2026-08-19 14:00:00,231552.83,RTGS
TXN_05014,ACC_0365,ACC_0835,2025-03-09 04:00:00,422577.18,NEFT
TXN_05015,ACC_0313,ACC_0494,2026-08-09 00:00:00,29818.94,IMPS
TXN_05016,ACC_0990,ACC_0157,2025-11-17 14:00:00,127522.2,RTGS
TXN_05017,ACC_0056,ACC_0993,2024-06-20 20:00:00,78633.97,UPI
TXN_05018,ACC_0493,ACC_0006,2025-10-06 04:00:00,397935.21,NEFT
TXN_05019,ACC_0744,ACC_0609,2025-12-18 20:00:00,173056.21,NEFT
TXN_05020,ACC_0727,ACC_0410,2024-08-30 16:00:00,22722.95,UPI
TXN_05021,ACC_0403,ACC_0689,2025-09-02 14:00:00,410020.67,NEFT
TXN_05022,ACC_0009,ACC_0087,2025-02-10 10:00:00,429769.13,NEFT
TXN_05023,ACC_0703,ACC_0558,2024-08-27 18:00:00,154030.3,UPI
TXN_05024,ACC_0150,ACC_0403,2026-05-04 13:00:00,250895.06,RTGS
TXN_05025,ACC_0929,ACC_0409,2026-01-30 10:00:00,314219.55,UPI
TXN_05026,ACC_1003,ACC_0908,2025-11-27 10:00:00,21216.62,IMPS
TXN_05027,ACC_0752,ACC_0262,2024-07-04 21:00:00,20336.67,NEFT
TXN_05028,ACC_0727,ACC_0992,2026-02-13 10:00:00,279101.49,NEFT
TXN_05029,ACC_0414,ACC_0899,2024-03-08 13:00:00,384472.04,NEFT
TXN_05030,ACC_0883,ACC_0631,2025-05-12 22:00:00,167481.61,RTGS
TXN_05031,ACC_0375,ACC_0367,2026-01-22 00:00:00,497942.95,IMPS
TXN_05032,ACC_0943,ACC_0436,2026-03-20 18:00:00,489308.09,RTGS
TXN_05033,ACC_0857,ACC_0871,2024-08-20 15:00:00,222610.64,NEFT
TXN_05034,ACC_0479,ACC_0217,2025-03-14 07:00:00,275906.7,IMPS
TXN_05035,ACC_0768,ACC_0774,2026-04-23 19:00:00,117324.2,UPI
TXN_05036,ACC_0083,ACC_0687,2024-09-13 14:00:00,317806.44,UPI
TXN_05037,ACC_0766,ACC_0739,2025-10-12 01:00:00,83946.74,UPI
TXN_05038,ACC_0195,ACC_0662,2024-06-25 22:00:00,392696.6,IMPS
TXN_05039,ACC_1022,ACC_0735,2026-03-04 08:00:00,294386.35,IMPS
TXN_05040,ACC_0925,ACC_0585,2025-08-12 17:00:00,147357.76,RTGS
TXN_05041,ACC_0668,ACC_0691,2025-04-30 17:00:00,105192.99,NEFT
TXN_05042,ACC_0318,ACC_0762,2024-09-09 10:00:00,282102.72,RTGS
TXN_05043,ACC_0197,ACC_0356,2025-04-20 16:00:00,302545.26,RTGS
TXN_05044,ACC_0568,ACC_0589,2024-10-05 22:00:00,435835.06,IMPS
TXN_05045,ACC_0447,ACC_0079,2025-09-30 01:00:00,158146.95,RTGS
TXN_05046,ACC_0185,ACC_0203,2025-02-02 20:00:00,52942.05,NEFT
TXN_05047,ACC_0821,ACC_0109,2025-07-24 19:00:00,177394.89,IMPS
TXN_05048,ACC_0875,ACC_0697,2024-02-26 13:00:00,160501.37,NEFT
TXN_05049,ACC_0016,ACC_0259,2026-06-05 13:00:00,450709.32,UPI
TXN_05050,ACC_0706,ACC_1002,2026-01-07 17:00:00,456725.6,IMPS
TXN_05051,ACC_0604,ACC_1010,2025-12-03 06:00:00,98269.8,RTGS
TXN_05052,ACC_0257,ACC_0685,2026-10-25 11:00:00,172792.94,RTGS
TXN_05053,ACC_0578,ACC_0205,2025-07-12 00:00:00,220248.68,RTGS
TXN_05054,ACC_0286,ACC_0824,2024-02-03 04:00:00,344521.47,RTGS
TXN_05055,ACC_0615,ACC_0720,2026-08-30 14:00:00,322921.17,UPI
TXN_05056,ACC_0881,ACC_0344,2025-07-15 13:00:00,102524.95,UPI
TXN_05057,ACC_0207,ACC_0869,2024-02-28 21:00:00,370706.31,NEFT
TXN_05058,ACC_0107,ACC_1007,2025-09-21 22:00:00,242205.88,RTGS
TXN_05059,ACC_0771,ACC_0621,2024-12-14 03:00:00,235232.97,IMPS
TXN_05060,ACC_0703,ACC_0307,2025-06-15 02:00:00,65020.62,RTGS
TXN_05061,ACC_0917,ACC_0931,2026-03-02 08:00:00,236402.34,UPI
TXN_05062,ACC_0537,ACC_0456,2026-04-17 09:00:00,177049.8,RTGS
TXN_05063,ACC_0529,ACC_0827,2024-03-09 01:00:00,421697.62,NEFT
TXN_05064,ACC_0612,ACC_0998,2025-02-07 02:00:00,418059.73,UPI
TXN_05065,ACC_0969,ACC_0281,2026-10-26 22:00:00,131273.83,RTGS
TXN_05066,ACC_0352,ACC_0069,2025-05-01 16:00:00,438820.84,UPI
TXN_05067,ACC_0020,ACC_0538,2024-10-17 09:00:00,168714.33,IMPS
TXN_05068,ACC_0858,ACC_0123,2025-10-10 13:00:00,389681.6,UPI
TXN_05069,ACC_0889,ACC_0396,2024-11-10 01:00:00,152275.92,NEFT
TXN_05070,ACC_0790,ACC_0707,2024-08-24 20:00:00,277263.37,UPI
TXN_05071,ACC_0837,ACC_0672,2025-04-04 10:00:00,222595.22,IMPS
TXN_05072,ACC_0198,ACC_0957,2026-01-27 02:00:00,134270.79,IMPS
TXN_05073,ACC_0212,ACC_1013,2025-08-01 11:00:00,316876.42,IMPS
TXN_05074,ACC_0561,ACC_0862,2025-01-01 09:00:00,498768.27,RTGS
TXN_05075,ACC_0144,ACC_0361,2025-12-12 16:00:00,275532.15,UPI
TXN_05076,ACC_0656,ACC_0822,2025-09-24 12:00:00,406411.74,IMPS
TXN_05077,ACC_0529,ACC_0748,2024-12-03 12:00:00,452457.64,UPI
TXN_05078,ACC_0092,ACC_0600,2026-09-19 09:00:00,412140.73,RTGS
TXN_05079,ACC_0472,ACC_0025,2026-07-27 20:00:00,397474.42,RTGS
TXN_05080,ACC_0280,ACC_1002,2026-02-15 22:00:00,7183.49,UPI
TXN_05081,ACC_0796,ACC_1036,2024-01-16 18:00:00,419416.3,UPI
TXN_05082,ACC_0656,ACC_0007,2025-08-02 13:00:00,257302.05,IMPS
TXN_05083,ACC_0664,ACC_0028,2024-05-10 17:00:00,349603.24,RTGS
TXN_05084,ACC_0037,ACC_0267,2025-02-07 11:00:00,333610.91,UPI
TXN_05085,ACC_0321,ACC_0381,2025-03-25 04:00:00,193448.23,NEFT
TXN_05086,ACC_0761,ACC_0749,2025-04-22 01:00:00,43831.31,UPI
TXN_05087,ACC_0395,ACC_0482,2026-04-27 21:00:00,101956.31,NEFT
TXN_05088,ACC_0470,ACC_0528,2025-11-28 04:00:00,46877.15,RTGS
TXN_05089,ACC_0940,ACC_0516,2026-07-07 20:00:00,60549.54,UPI
TXN_05090,ACC_0669,ACC_0657,2024-12-04 11:00:00,289839.35,IMPS
TXN_05091,ACC_0708,ACC_0691,2024-03-16 09:00:00,233441.44,UPI
TXN_05092,ACC_0364,ACC_0779,2024-09-16 17:00:00,457702.09,IMPS
TXN_05093,ACC_0846,ACC_0513,2025-03-29 16:00:00,404280.46,RTGS
TXN_05094,ACC_1017,ACC_0829,2025-02-22 22:00:00,297605.85,NEFT
TXN_05095,ACC_0768,ACC_0957,2024-02-16 17:00:00,254765.19,NEFT
TXN_05096,ACC_0977,ACC_0538,2025-07-04 18:00:00,483159.92,NEFT
TXN_05097,ACC_0436,ACC_0908,2026-01-20 19:00:00,306315.02,IMPS
TXN_05098,ACC_0386,ACC_0644,2025-03-22 10:00:00,302779.26,RTGS
TXN_05099,ACC_0946,ACC_0530,2025-12-08 00:00:00,393342.99,NEFT
TXN_05100,ACC_0088,ACC_0574,2026-05-01 13:00:00,405018.67,RTGS
TXN_05101,ACC_0037,ACC_0061,2024-01-29 20:00:00,377236.66,NEFT
TXN_05102,ACC_0966,ACC_0846,2025-11-14 16:00:00,353806.08,UPI
TXN_05103,ACC_0501,ACC_0369,2025-05-23 07:00:00,288787.63,UPI
TXN_05104,ACC_0032,ACC_0465,2026-03-29 19:00:00,267971.1,IMPS
TXN_05105,ACC_0259,ACC_0585,2026-03-29 08:00:00,103841.77,RTGS
TXN_05106,ACC_0960,ACC_0440,2024-06-11 17:00:00,168208.68,IMPS
TXN_05107,ACC_0312,ACC_0558,2024-05-11 20:00:00,498207.16,NEFT
TXN_05108,ACC_0314,ACC_0662,2025-05-22 15:00:00,149315.65,UPI
TXN_05109,ACC_0263,ACC_0057,2025-12-31 11:00:00,459676.54,NEFT
TXN_05110,ACC_0061,ACC_0255,2026-01-08 21:00:00,186437.14,UPI
TXN_05111,ACC_0711,ACC_0105,2024-11-21 21:00:00,494811.81,IMPS
TXN_05112,ACC_0960,ACC_0527,2025-03-31 15:00:00,120022.39,IMPS
TXN_05113,ACC_0388,ACC_0439,2026-02-11 07:00:00,474687.82,IMPS
TXN_05114,ACC_0556,ACC_0333,2026-03-11 23:00:00,285806.09,RTGS
TXN_05115,ACC_0137,ACC_0789,2024-04-05 07:00:00,6773.39,RTGS
TXN_05116,ACC_0025,ACC_0080,2026-04-10 02:00:00,10013.28,RTGS
TXN_05117,ACC_0092,ACC_0100,2025-04-24 08:00:00,476848.63,UPI
TXN_05118,ACC_0738,ACC_0827,2025-09-24 22:00:00,71880.07,RTGS
TXN_05119,ACC_0888,ACC_1019,2026-07-27 02:00:00,315871.82,IMPS
TXN_05120,ACC_0812,ACC_0635,2024-01-25 16:00:00,335634.1,UPI
TXN_05121,ACC_0260,ACC_0078,2026-08-24 08:00:00,130906.44,UPI
TXN_05122,ACC_0747,ACC_0381,2026-01-07 14:00:00,344082.83,NEFT
TXN_05123,ACC_0949,ACC_0152,2024-12-22 16:00:00,227499.81,NEFT
TXN_05124,ACC_0623,ACC_0879,2026-08-15 18:00:00,306671.98,NEFT
TXN_05125,ACC_1018,ACC_0830,2024-08-24 20:00:00,410735.09,NEFT
TXN_05126,ACC_0137,ACC_0741,2026-04-22 17:00:00,218630.2,RTGS
TXN_05127,ACC_0399,ACC_0476,2025-04-21 10:00:00,18418.65,NEFT
TXN_05128,ACC_1022,ACC_0527,2025-09-11 11:00:00,392869.02,NEFT
TXN_05129,ACC_0807,ACC_0538,2024-06-12 10:00:00,388231.29,UPI
TXN_05130,ACC_0175,ACC_0449,2026-01-09 12:00:00,141375.9,IMPS
TXN_05131,ACC_0317,ACC_0245,2025-10-28 23:00:00,420154.89,NEFT
TXN_05132,ACC_0089,ACC_0280,2026-05-26 09:00:00,378009.33,NEFT
TXN_05133,ACC_0269,ACC_0730,2025-03-17 20:00:00,183834.52,IMPS
TXN_05134,ACC_0943,ACC_0132,2026-06-17 00:00:00,474294.89,UPI
TXN_05135,ACC_0266,ACC_0139,2025-06-11 00:00:00,260085.49,RTGS
TXN_05136,ACC_0327,ACC_0062,2026-03-13 21:00:00,19890.59,IMPS
TXN_05137,ACC_0694,ACC_0507,2025-10-20 17:00:00,296383.25,NEFT
TXN_05138,ACC_1032,ACC_0882,2025-08-26 06:00:00,461956.6,IMPS
TXN_05139,ACC_0673,ACC_0587,2024-02-26 13:00:00,90007.38,UPI
TXN_05140,ACC_0041,ACC_0059,2025-10-26 22:00:00,241748.4,RTGS
TXN_05141,ACC_0849,ACC_0277,2026-04-11 04:00:00,20027.5,UPI
TXN_05142,ACC_0279,ACC_0509,2025-11-11 09:00:00,168116.93,NEFT
TXN_05143,ACC_0161,ACC_0009,2024-12-16 05:00:00,43971.44,IMPS
TXN_05144,ACC_0546,ACC_0322,2024-11-28 19:00:00,411929.69,RTGS
TXN_05145,ACC_0146,ACC_0615,2024-06-20 08:00:00,453267.68,IMPS
TXN_05146,ACC_0320,ACC_0345,2026-03-25 08:00:00,51507.16,RTGS
TXN_05147,ACC_0341,ACC_0244,2024-09-20 14:00:00,290509.26,UPI
TXN_05148,ACC_0281,ACC_0054,2024-02-05 14:00:00,15225.75,NEFT
TXN_05149,ACC_0093,ACC_0781,2025-11-13 01:00:00,408577.8,UPI
TXN_05150,ACC_0948,ACC_0824,2026-07-15 21:00:00,453495.78,IMPS
TXN_05151,ACC_0513,ACC_0325,2024-02-19 13:00:00,97468.69,NEFT
TXN_05152,ACC_0974,ACC_0549,2026-01-08 17:00:00,277458.61,UPI
TXN_05153,ACC_0153,ACC_0054,2026-03-29 17:00:00,269494.69,IMPS
TXN_05154,ACC_0525,ACC_1029,2026-06-16 06:00:00,4774.56,UPI
TXN_05155,ACC_0495,ACC_0712,2024-07-11 13:00:00,263294.46,IMPS
TXN_05156,ACC_0274,ACC_0543,2026-06-20 02:00:00,254476.66,UPI
TXN_05157,ACC_0329,ACC_0904,2025-07-20 12:00:00,100712.72,UPI
TXN_05158,ACC_0978,ACC_0325,2024-09-27 21:00:00,18174.46,RTGS
TXN_05159,ACC_0666,ACC_0942,2025-12-14 21:00:00,378876.66,UPI
TXN_05160,ACC_0192,ACC_0822,2024-03-27 01:00:00,419221.32,UPI
TXN_05161,ACC_0103,ACC_0205,2024-08-29 12:00:00,205056.72,IMPS
TXN_05162,ACC_0428,ACC_0823,2024-08-19 08:00:00,247629.89,NEFT
TXN_05163,ACC_1017,ACC_0104,2025-09-27 09:00:00,381918.96,RTGS
TXN_05164,ACC_0670,ACC_0180,2025-04-01 22:00:00,55209.44,UPI
TXN_05165,ACC_0333,ACC_1017,2026-06-22 03:00:00,448941.91,IMPS
TXN_05166,ACC_0707,ACC_0510,2026-05-24 01:00:00,159340.58,IMPS
TXN_05167,ACC_0610,ACC_0596,2025-07-02 18:00:00,41308.39,NEFT
TXN_05168,ACC_0914,ACC_0586,2026-05-03 08:00:00,161133.79,IMPS
TXN_05169,ACC_0956,ACC_0730,2025-09-01 22:00:00,74856.54,IMPS
TXN_05170,ACC_0275,ACC_0142,2025-12-31 08:00:00,301004.48,UPI
TXN_05171,ACC_0384,ACC_0355,2024-09-14 08:00:00,363990.11,IMPS
TXN_05172,ACC_0657,ACC_0587,2026-11-06 05:00:00,133289.44,IMPS
TXN_05173,ACC_0289,ACC_0690,2024-11-18 23:00:00,259057.11,NEFT
TXN_05174,ACC_0130,ACC_0674,2025-02-09 11:00:00,463060.15,RTGS
TXN_05175,ACC_0096,ACC_0208,2026-07-19 16:00:00,90419.47,IMPS
TXN_05176,ACC_0049,ACC_0613,2025-05-18 14:00:00,483683.68,IMPS
TXN_05177,ACC_0970,ACC_0575,2024-08-08 08:00:00,424310.96,RTGS
TXN_05178,ACC_0688,ACC_0710,2024-02-29 23:00:00,339575.95,UPI
TXN_05179,ACC_0872,ACC_0049,2026-10-19 10:00:00,415005.46,NEFT
TXN_05180,ACC_0296,ACC_0118,2026-09-13 14:00:00,15391.88,RTGS
TXN_05181,ACC_1009,ACC_0854,2024-06-09 12:00:00,431164.64,RTGS
TXN_05182,ACC_0688,ACC_0367,2025-01-21 07:00:00,340929.48,NEFT
TXN_05183,ACC_1008,ACC_0342,2024-08-11 20:00:00,186360.11,UPI
TXN_05184,ACC_0534,ACC_0399,2024-04-10 03:00:00,205861.19,RTGS
TXN_05185,ACC_0274,ACC_0897,2024-07-21 16:00:00,365050.04,NEFT
TXN_05186,ACC_0632,ACC_0565,2026-02-25 03:00:00,220445.58,NEFT
TXN_05187,ACC_0661,ACC_0655,2024-01-03 22:00:00,201035.92,UPI
TXN_05188,ACC_0133,ACC_0312,2026-05-16 22:00:00,363908.68,IMPS
TXN_05189,ACC_0061,ACC_0869,2025-06-18 20:00:00,478538.63,NEFT
TXN_05190,ACC_0956,ACC_0961,2026-10-08 18:00:00,309302.52,IMPS
TXN_05191,ACC_0403,ACC_0876,2024-03-18 20:00:00,304463.32,UPI
TXN_05192,ACC_0488,ACC_0043,2025-07-23 17:00:00,306627.3,UPI
TXN_05193,ACC_0183,ACC_0631,2025-04-14 06:00:00,411086.22,NEFT
TXN_05194,ACC_0257,ACC_0725,2025-03-02 21:00:00,52236.23,UPI
TXN_05195,ACC_0113,ACC_0156,2025-05-10 06:00:00,195728.39,NEFT
TXN_05196,ACC_0437,ACC_0892,2024-12-13 22:00:00,267698.49,IMPS
TXN_05197,ACC_0278,ACC_0696,2024-05-22 16:00:00,413155.05,RTGS
TXN_05198,ACC_0220,ACC_0728,2025-01-09 17:00:00,100397.22,IMPS
TXN_05199,ACC_0138,ACC_0807,2024-12-22 03:00:00,153458.78,RTGS
TXN_05200,ACC_0244,ACC_0287,2024-08-24 22:00:00,161629.3,UPI
TXN_05201,ACC_0824,ACC_0415,2024-09-11 04:00:00,362070.28,RTGS
TXN_05202,ACC_0024,ACC_0840,2024-03-09 19:00:00,467427.52,UPI
TXN_05203,ACC_0966,ACC_1017,2025-02-11 15:00:00,221630.83,IMPS
TXN_05204,ACC_0027,ACC_0015,2025-09-25 15:00:00,339316.9,NEFT
TXN_05205,ACC_0322,ACC_0195,2024-12-31 05:00:00,68746.6,IMPS
TXN_05206,ACC_0696,ACC_0073,2024-03-06 06:00:00,376986.27,NEFT
TXN_05207,ACC_0466,ACC_0903,2025-12-29 14:00:00,139502.82,IMPS
TXN_05208,ACC_0731,ACC_0194,2026-06-02 16:00:00,438915.93,IMPS
TXN_05209,ACC_0069,ACC_0668,2025-08-04 13:00:00,242203.03,UPI
TXN_05210,ACC_0722,ACC_0492,2025-06-10 22:00:00,389191.48,IMPS
TXN_05211,ACC_0625,ACC_0260,2025-04-30 07:00:00,375978.1,RTGS
TXN_05212,ACC_0213,ACC_0973,2025-07-31 11:00:00,411125.29,IMPS
TXN_05213,ACC_0632,ACC_0745,2026-04-09 08:00:00,209961.72,RTGS
TXN_05214,ACC_0153,ACC_0421,2024-11-05 23:00:00,424110.24,IMPS
TXN_05215,ACC_0573,ACC_0699,2025-12-22 22:00:00,360636.58,UPI
TXN_05216,ACC_0761,ACC_0543,2026-08-23 00:00:00,261939.68,UPI
TXN_05217,ACC_0777,ACC_0600,2026-05-29 16:00:00,445385.01,NEFT
TXN_05218,ACC_0239,ACC_0634,2026-10-05 09:00:00,334636.38,RTGS
TXN_05219,ACC_0633,ACC_0827,2026-08-22 00:00:00,206384.26,NEFT
TXN_05220,ACC_0592,ACC_0969,2025-11-16 11:00:00,477307.0,NEFT
TXN_05221,ACC_0446,ACC_0968,2026-04-14 23:00:00,449845.03,RTGS
TXN_05222,ACC_0182,ACC_0173,2024-03-27 16:00:00,151780.99,RTGS
TXN_05223,ACC_0154,ACC_0192,2024-05-03 16:00:00,358757.54,UPI
TXN_05224,ACC_0109,ACC_0700,2026-04-28 14:00:00,376302.05,UPI
TXN_05225,ACC_0923,ACC_0897,2025-01-04 05:00:00,158180.28,RTGS
TXN_05226,ACC_0471,ACC_0725,2024-05-07 03:00:00,220894.95,IMPS
TXN_05227,ACC_0511,ACC_0232,2024-05-23 08:00:00,220954.13,IMPS
TXN_05228,ACC_0027,ACC_0428,2026-09-26 23:00:00,153197.06,NEFT
TXN_05229,ACC_0144,ACC_0837,2026-01-24 20:00:00,101039.74,IMPS
TXN_05230,ACC_0063,ACC_0378,2024-04-28 03:00:00,493541.56,RTGS
TXN_05231,ACC_0413,ACC_0777,2026-09-01 22:00:00,56162.65,IMPS
TXN_05232,ACC_0740,ACC_0503,2024-02-12 06:00:00,103093.45,RTGS
TXN_05233,ACC_0990,ACC_0670,2025-10-11 04:00:00,306451.35,IMPS
TXN_05234,ACC_0965,ACC_0042,2025-12-22 14:00:00,345103.32,UPI
TXN_05235,ACC_0313,ACC_0528,2026-01-12 12:00:00,367439.35,NEFT
TXN_05236,ACC_0381,ACC_0178,2025-03-29 08:00:00,246453.51,NEFT
TXN_05237,ACC_0214,ACC_0537,2025-10-17 12:00:00,61821.74,IMPS
TXN_05238,ACC_0879,ACC_0288,2025-09-13 15:00:00,317708.91,NEFT
TXN_05239,ACC_0144,ACC_0059,2026-04-27 06:00:00,492805.3,UPI
TXN_05240,ACC_0410,ACC_0541,2026-01-04 21:00:00,310902.91,UPI
TXN_05241,ACC_0231,ACC_0746,2024-01-02 04:00:00,258474.83,IMPS
TXN_05242,ACC_0348,ACC_0072,2026-02-13 17:00:00,8646.24,RTGS
TXN_05243,ACC_0304,ACC_0948,2025-09-19 12:00:00,372783.17,RTGS
TXN_05244,ACC_0355,ACC_0412,2024-06-07 04:00:00,475994.08,NEFT
TXN_05245,ACC_0811,ACC_0088,2024-08-03 04:00:00,46912.76,RTGS
TXN_05246,ACC_0705,ACC_0872,2024-09-10 15:00:00,270170.06,RTGS
TXN_05247,ACC_0013,ACC_0340,2025-01-15 03:00:00,304433.1,UPI
TXN_05248,ACC_0309,ACC_0001,2025-08-09 23:00:00,315991.37,UPI
TXN_05249,ACC_0028,ACC_0935,2025-12-06 07:00:00,441142.85,IMPS
TXN_05250,ACC_0254,ACC_0281,2025-01-01 14:00:00,239922.62,IMPS
TXN_05251,ACC_0753,ACC_0930,2024-06-15 22:00:00,336394.01,UPI
TXN_05252,ACC_0498,ACC_0113,2024-04-07 06:00:00,388658.23,RTGS
TXN_05253,ACC_0913,ACC_0643,2026-09-20 11:00:00,175742.94,NEFT
TXN_05254,ACC_0285,ACC_0246,2025-04-18 22:00:00,210771.33,IMPS
TXN_05255,ACC_0572,ACC_0438,2026-10-13 03:00:00,24929.77,RTGS
TXN_05256,ACC_0508,ACC_0649,2025-12-29 15:00:00,480432.62,NEFT
TXN_05257,ACC_0573,ACC_0252,2025-01-28 21:00:00,442326.32,RTGS
TXN_05258,ACC_0762,ACC_0405,2025-04-10 16:00:00,41099.2,NEFT
TXN_05259,ACC_0515,ACC_0124,2025-03-25 02:00:00,282198.19,IMPS
TXN_05260,ACC_0097,ACC_0185,2025-10-12 11:00:00,59263.73,UPI
TXN_05261,ACC_0498,ACC_0483,2026-02-06 15:00:00,477283.11,RTGS
TXN_05262,ACC_0166,ACC_0798,2025-07-27 14:00:00,282457.89,RTGS
TXN_05263,ACC_0293,ACC_0856,2024-02-13 10:00:00,475551.12,UPI
TXN_05264,ACC_0235,ACC_0059,2025-10-19 10:00:00,5215.52,NEFT
TXN_05265,ACC_0949,ACC_0230,2026-09-11 04:00:00,186059.49,RTGS
TXN_05266,ACC_0895,ACC_1037,2026-01-24 20:00:00,311727.39,RTGS
TXN_05267,ACC_0961,ACC_0068,2026-08-14 04:00:00,312844.73,NEFT
TXN_05268,ACC_0984,ACC_0384,2026-09-02 08:00:00,455094.61,NEFT
TXN_05269,ACC_0968,ACC_0177,2024-02-25 01:00:00,13326.85,NEFT
TXN_05270,ACC_0759,ACC_0948,2026-08-01 13:00:00,294962.27,NEFT
TXN_05271,ACC_0459,ACC_0283,2025-02-24 22:00:00,385417.05,NEFT
TXN_05272,ACC_0646,ACC_0762,2025-05-19 11:00:00,247992.83,IMPS
TXN_05273,ACC_0363,ACC_0372,2024-06-01 01:00:00,423419.27,IMPS
TXN_05274,ACC_0224,ACC_0183,2024-11-21 21:00:00,185329.41,IMPS
TXN_05275,ACC_0518,ACC_0059,2024-09-12 05:00:00,350757.31,UPI
TXN_05276,ACC_0370,ACC_0919,2024-12-24 19:00:00,253849.46,UPI
TXN_05277,ACC_0313,ACC_0573,2024-08-07 01:00:00,404954.57,NEFT
TXN_05278,ACC_0159,ACC_0252,2025-02-17 01:00:00,2125.84,NEFT
TXN_05279,ACC_0839,ACC_0547,2025-07-23 12:00:00,80236.07,IMPS
TXN_05280,ACC_0302,ACC_0490,2025-12-27 04:00:00,377944.97,NEFT
TXN_05281,ACC_0383,ACC_0136,2026-03-16 11:00:00,414041.85,IMPS
TXN_05282,ACC_0369,ACC_0649,2025-10-22 03:00:00,274407.19,IMPS
TXN_05283,ACC_0459,ACC_0147,2026-08-18 17:00:00,198977.55,RTGS
TXN_05284,ACC_0208,ACC_0080,2025-08-08 13:00:00,30837.67,RTGS
TXN_05285,ACC_0797,ACC_0363,2024-05-18 22:00:00,11580.7,RTGS
TXN_05286,ACC_1017,ACC_0409,2025-01-11 06:00:00,234078.15,RTGS
TXN_05287,ACC_0767,ACC_0714,2024-12-07 23:00:00,222468.37,UPI
TXN_05288,ACC_0482,ACC_0558,2025-10-22 17:00:00,427506.03,NEFT
TXN_05289,ACC_0644,ACC_1037,2026-10-03 12:00:00,258170.2,RTGS
TXN_05290,ACC_0745,ACC_0327,2024-03-31 15:00:00,218029.24,RTGS
TXN_05291,ACC_0886,ACC_0010,2026-01-14 21:00:00,435641.32,NEFT
TXN_05292,ACC_0583,ACC_0429,2026-01-06 11:00:00,235266.79,NEFT
TXN_05293,ACC_0002,ACC_0815,2025-01-29 10:00:00,74330.94,UPI
TXN_05294,ACC_0768,ACC_0090,2025-02-25 01:00:00,283948.64,UPI
TXN_05295,ACC_0076,ACC_0502,2025-10-04 06:00:00,305548.71,RTGS
TXN_05296,ACC_0690,ACC_0510,2026-08-31 17:00:00,175912.04,RTGS
TXN_05297,ACC_0267,ACC_0283,2025-11-22 22:00:00,125217.65,NEFT
TXN_05298,ACC_0290,ACC_0002,2026-06-21 23:00:00,232881.4,UPI
TXN_05299,ACC_1032,ACC_0033,2024-09-02 18:00:00,210106.99,NEFT
TXN_05300,ACC_0751,ACC_0093,2024-08-19 16:00:00,457411.48,IMPS
TXN_05301,ACC_0950,ACC_0414,2026-01-31 03:00:00,234572.43,UPI
TXN_05302,ACC_0630,ACC_0746,2025-12-24 20:00:00,172970.26,RTGS
TXN_05303,ACC_0225,ACC_0369,2026-07-26 15:00:00,357702.34,NEFT
TXN_05304,ACC_0345,ACC_0207,2026-01-12 19:00:00,249701.93,UPI
TXN_05305,ACC_0504,ACC_0627,2024-06-03 19:00:00,100098.43,RTGS
TXN_05306,ACC_0184,ACC_0418,2026-01-31 21:00:00,365934.98,UPI
TXN_05307,ACC_0653,ACC_0739,2025-12-15 00:00:00,67681.57,UPI
TXN_05308,ACC_0113,ACC_0619,2024-02-24 05:00:00,448571.7,RTGS
TXN_05309,ACC_0519,ACC_0159,2026-06-03 23:00:00,310011.03,RTGS
TXN_05310,ACC_0170,ACC_0359,2025-03-31 23:00:00,494080.68,RTGS
TXN_05311,ACC_0656,ACC_0164,2024-01-24 01:00:00,31983.93,NEFT
TXN_05312,ACC_0528,ACC_0901,2024-07-26 03:00:00,195880.25,RTGS
TXN_05313,ACC_0797,ACC_1019,2025-08-07 21:00:00,364946.61,IMPS
TXN_05314,ACC_0190,ACC_0711,2024-02-24 08:00:00,97292.17,IMPS
TXN_05315,ACC_0108,ACC_0574,2025-10-28 23:00:00,113809.38,IMPS
TXN_05316,ACC_0181,ACC_0473,2025-06-24 16:00:00,354501.16,IMPS
TXN_05317,ACC_1026,ACC_0637,2025-02-16 09:00:00,246186.96,UPI
TXN_05318,ACC_0431,ACC_0988,2025-11-15 01:00:00,308833.93,IMPS
TXN_05319,ACC_0172,ACC_0882,2024-03-29 05:00:00,18917.01,UPI
TXN_05320,ACC_0059,ACC_0262,2026-07-10 19:00:00,455338.78,UPI
TXN_05321,ACC_0472,ACC_0922,2024-06-27 17:00:00,284079.92,RTGS
TXN_05322,ACC_0141,ACC_0920,2025-09-14 05:00:00,138876.91,RTGS
TXN_05323,ACC_0921,ACC_0701,2025-07-02 22:00:00,24351.05,NEFT
TXN_05324,ACC_0861,ACC_0863,2026-04-14 12:00:00,61006.39,NEFT
TXN_05325,ACC_0060,ACC_0684,2025-06-21 08:00:00,459944.43,RTGS
TXN_05326,ACC_0619,ACC_0322,2026-10-28 11:00:00,4133.68,NEFT
TXN_05327,ACC_0891,ACC_0338,2025-01-17 03:00:00,139981.24,NEFT
TXN_05328,ACC_0233,ACC_0634,2024-08-01 18:00:00,255336.76,RTGS
TXN_05329,ACC_0445,ACC_0661,2024-12-03 23:00:00,241479.68,UPI
TXN_05330,ACC_0447,ACC_0877,2024-12-05 08:00:00,474692.53,NEFT
TXN_05331,ACC_0110,ACC_0020,2024-02-14 06:00:00,425205.21,UPI
TXN_05332,ACC_0924,ACC_0073,2024-05-22 19:00:00,370175.47,NEFT
TXN_05333,ACC_0972,ACC_0300,2024-08-02 08:00:00,57605.68,RTGS
TXN_05334,ACC_0548,ACC_0457,2024-10-26 22:00:00,354426.14,UPI
TXN_05335,ACC_0322,ACC_0538,2025-08-05 13:00:00,87350.83,RTGS
TXN_05336,ACC_0480,ACC_0011,2026-09-05 06:00:00,208474.81,NEFT
TXN_05337,ACC_0724,ACC_0198,2024-06-25 15:00:00,96812.36,RTGS
TXN_05338,ACC_0085,ACC_0949,2026-09-13 08:00:00,11872.2,UPI
TXN_05339,ACC_0676,ACC_0212,2025-10-28 06:00:00,364744.62,RTGS
TXN_05340,ACC_0968,ACC_0319,2025-05-27 02:00:00,68423.19,RTGS
TXN_05341,ACC_0412,ACC_0039,2026-09-21 23:00:00,317045.1,RTGS
TXN_05342,ACC_0817,ACC_0145,2026-02-15 13:00:00,136332.93,UPI
TXN_05343,ACC_0174,ACC_0526,2025-07-21 10:00:00,285129.05,UPI
TXN_05344,ACC_1038,ACC_0918,2024-11-17 20:00:00,86618.99,RTGS
TXN_05345,ACC_0289,ACC_0094,2024-05-14 05:00:00,420271.04,IMPS
TXN_05346,ACC_0664,ACC_0149,2024-04-01 10:00:00,479290.7,IMPS
TXN_05347,ACC_0114,ACC_0912,2026-07-17 19:00:00,41664.74,UPI
TXN_05348,ACC_0986,ACC_0665,2025-05-05 19:00:00,53028.25,NEFT
TXN_05349,ACC_0172,ACC_0152,2025-02-08 11:00:00,198543.43,NEFT
TXN_05350,ACC_0152,ACC_0381,2025-07-31 08:00:00,355005.49,IMPS
TXN_05351,ACC_0502,ACC_0640,2025-11-04 14:00:00,447441.94,RTGS
TXN_05352,ACC_0590,ACC_0027,2025-10-22 20:00:00,438847.11,IMPS
TXN_05353,ACC_0538,ACC_0646,2025-12-24 20:00:00,140574.2,IMPS
TXN_05354,ACC_0730,ACC_0047,2026-01-04 01:00:00,234532.66,UPI
TXN_05355,ACC_0723,ACC_0023,2026-02-24 20:00:00,454332.25,NEFT
TXN_05356,ACC_0139,ACC_0724,2024-02-10 05:00:00,298954.18,RTGS
TXN_05357,ACC_0681,ACC_0101,2025-12-19 07:00:00,156675.29,IMPS
TXN_05358,ACC_0763,ACC_0971,2024-02-03 15:00:00,126222.25,NEFT
TXN_05359,ACC_0295,ACC_0168,2024-12-13 00:00:00,153461.32,RTGS
TXN_05360,ACC_0106,ACC_0722,2024-07-18 16:00:00,396512.31,IMPS
TXN_05361,ACC_0954,ACC_0347,2024-02-19 18:00:00,79650.26,RTGS
TXN_05362,ACC_0393,ACC_0462,2024-02-10 21:00:00,497311.25,NEFT
TXN_05363,ACC_1029,ACC_0465,2024-08-27 10:00:00,353051.77,RTGS
TXN_05364,ACC_0651,ACC_0254,2026-09-10 14:00:00,346357.52,IMPS
TXN_05365,ACC_0840,ACC_0818,2025-05-19 16:00:00,64497.68,UPI
TXN_05366,ACC_0322,ACC_0541,2024-08-31 02:00:00,349839.97,IMPS
TXN_05367,ACC_0016,ACC_0074,2025-03-06 02:00:00,359639.34,IMPS
TXN_05368,ACC_0083,ACC_0850,2024-02-23 10:00:00,45854.58,NEFT
TXN_05369,ACC_0617,ACC_0606,2024-11-03 05:00:00,263249.29,UPI
TXN_05370,ACC_0339,ACC_0650,2024-07-16 07:00:00,453034.07,UPI
TXN_05371,ACC_1033,ACC_0737,2024-04-06 05:00:00,75015.93,RTGS
TXN_05372,ACC_0289,ACC_0001,2024-04-23 08:00:00,303954.66,UPI
TXN_05373,ACC_0601,ACC_0064,2026-05-12 04:00:00,127975.86,UPI
TXN_05374,ACC_0355,ACC_0843,2024-10-10 14:00:00,460387.65,RTGS
TXN_05375,ACC_0784,ACC_0613,2025-01-26 22:00:00,20436.44,UPI
TXN_05376,ACC_0058,ACC_0280,2024-10-19 15:00:00,403280.92,NEFT
TXN_05377,ACC_0570,ACC_0459,2025-09-25 05:00:00,409433.78,UPI
TXN_05378,ACC_0625,ACC_0879,2026-10-15 01:00:00,262725.19,UPI
TXN_05379,ACC_0844,ACC_0471,2025-03-29 19:00:00,159656.54,UPI
TXN_05380,ACC_1032,ACC_0716,2024-06-17 08:00:00,364877.55,RTGS
TXN_05381,ACC_0031,ACC_0418,2024-08-22 22:00:00,430985.47,RTGS
TXN_05382,ACC_0870,ACC_0085,2024-11-18 13:00:00,393044.02,UPI
TXN_05383,ACC_0689,ACC_0956,2026-01-11 00:00:00,189646.19,NEFT
TXN_05384,ACC_0751,ACC_0927,2025-02-20 08:00:00,68488.18,NEFT
TXN_05385,ACC_0999,ACC_0369,2026-09-16 21:00:00,448219.78,IMPS
TXN_05386,ACC_0249,ACC_0983,2024-10-07 19:00:00,23109.6,RTGS
TXN_05387,ACC_0240,ACC_0575,2024-08-14 09:00:00,283231.54,NEFT
TXN_05388,ACC_0302,ACC_0137,2024-03-27 16:00:00,423207.71,RTGS
TXN_05389,ACC_0886,ACC_0332,2025-09-30 14:00:00,79018.41,RTGS
TXN_05390,ACC_0911,ACC_0482,2024-10-14 14:00:00,301838.26,UPI
TXN_05391,ACC_0442,ACC_0974,2024-09-16 22:00:00,472594.26,IMPS
TXN_05392,ACC_0824,ACC_0285,2024-01-31 07:00:00,424156.78,UPI
TXN_05393,ACC_0922,ACC_0824,2024-09-22 06:00:00,490393.76,IMPS
TXN_05394,ACC_0679,ACC_0975,2026-01-18 21:00:00,98128.05,NEFT
TXN_05395,ACC_1012,ACC_0777,2025-02-18 03:00:00,478107.71,IMPS
TXN_05396,ACC_0756,ACC_0146,2026-02-10 14:00:00,223516.19,IMPS
TXN_05397,ACC_0818,ACC_0939,2024-05-01 13:00:00,139738.69,NEFT
TXN_05398,ACC_0398,ACC_0965,2025-12-10 16:00:00,2661.06,RTGS
TXN_05399,ACC_0500,ACC_0201,2025-03-02 18:00:00,280498.41,IMPS
TXN_05400,ACC_0561,ACC_0136,2025-09-16 00:00:00,491728.67,IMPS
TXN_05401,ACC_0782,ACC_0728,2026-03-31 23:00:00,109452.53,IMPS
TXN_05402,ACC_0370,ACC_1029,2025-12-06 23:00:00,5076.91,IMPS
TXN_05403,ACC_0770,ACC_0042,2025-12-31 01:00:00,201501.75,NEFT
TXN_05404,ACC_0961,ACC_0574,2026-06-19 19:00:00,75350.08,IMPS
TXN_05405,ACC_0303,ACC_0228,2024-12-08 03:00:00,304958.84,UPI
TXN_05406,ACC_0021,ACC_0449,2024-06-17 16:00:00,221979.95,RTGS
TXN_05407,ACC_0421,ACC_0742,2026-10-26 10:00:00,463710.81,IMPS
TXN_05408,ACC_0854,ACC_0858,2024-02-02 15:00:00,264882.83,IMPS
TXN_05409,ACC_0383,ACC_0565,2025-06-21 17:00:00,220728.87,UPI
TXN_05410,ACC_1019,ACC_0572,2024-01-18 18:00:00,394127.66,IMPS
TXN_05411,ACC_0367,ACC_0445,2025-10-24 14:00:00,289295.06,RTGS
TXN_05412,ACC_0335,ACC_0964,2025-01-15 16:00:00,295599.19,UPI
TXN_05413,ACC_0386,ACC_0829,2025-09-15 02:00:00,150288.5,RTGS
TXN_05414,ACC_0779,ACC_0460,2025-08-04 00:00:00,413869.67,RTGS
TXN_05415,ACC_0153,ACC_0763,2026-03-18 11:00:00,281684.38,IMPS
TXN_05416,ACC_0839,ACC_0998,2024-11-22 14:00:00,255361.22,RTGS
TXN_05417,ACC_0422,ACC_0243,2025-11-29 07:00:00,467414.13,IMPS
TXN_05418,ACC_0898,ACC_0276,2025-08-01 07:00:00,313503.82,RTGS
TXN_05419,ACC_0760,ACC_0004,2026-01-13 05:00:00,25944.99,NEFT
TXN_05420,ACC_0399,ACC_0055,2025-02-06 12:00:00,361214.81,RTGS
TXN_05421,ACC_0667,ACC_0556,2026-05-22 21:00:00,476540.48,RTGS
TXN_05422,ACC_0461,ACC_0162,2024-09-22 06:00:00,184420.86,UPI
TXN_05423,ACC_0548,ACC_0507,2025-12-07 01:00:00,367229.63,RTGS
TXN_05424,ACC_0453,ACC_0266,2025-11-24 00:00:00,121882.51,IMPS
TXN_05425,ACC_0531,ACC_0420,2024-09-21 13:00:00,364744.75,RTGS
TXN_05426,ACC_0172,ACC_0115,2025-04-14 17:00:00,399855.38,RTGS
TXN_05427,ACC_0853,ACC_0900,2026-08-18 13:00:00,105032.52,NEFT
TXN_05428,ACC_1032,ACC_0098,2024-03-26 16:00:00,177587.63,IMPS
TXN_05429,ACC_0624,ACC_0396,2026-03-02 03:00:00,459413.63,NEFT
TXN_05430,ACC_0213,ACC_0499,2026-10-09 22:00:00,373062.34,NEFT
TXN_05431,ACC_1030,ACC_1019,2025-10-09 16:00:00,353000.08,RTGS
TXN_05432,ACC_0249,ACC_0419,2025-07-18 21:00:00,186460.4,UPI
TXN_05433,ACC_0027,ACC_0366,2024-03-08 18:00:00,204451.85,NEFT
TXN_05434,ACC_0910,ACC_0574,2026-08-16 22:00:00,279070.8,IMPS
TXN_05435,ACC_0630,ACC_0038,2024-04-16 21:00:00,393550.17,RTGS
TXN_05436,ACC_0238,ACC_0746,2025-08-12 20:00:00,242865.38,RTGS
TXN_05437,ACC_0651,ACC_0952,2025-09-02 00:00:00,91161.85,UPI
TXN_05438,ACC_0319,ACC_0236,2026-10-10 18:00:00,209368.08,RTGS
TXN_05439,ACC_0687,ACC_0785,2026-01-31 00:00:00,91498.78,RTGS
TXN_05440,ACC_0431,ACC_0622,2025-02-03 21:00:00,446221.24,NEFT
TXN_05441,ACC_0260,ACC_0544,2026-02-23 10:00:00,99128.41,UPI
TXN_05442,ACC_0204,ACC_0656,2024-05-23 19:00:00,227606.88,RTGS
TXN_05443,ACC_0380,ACC_0795,2025-04-13 08:00:00,445418.61,IMPS
TXN_05444,ACC_0662,ACC_0044,2024-11-11 05:00:00,371340.8,NEFT
TXN_05445,ACC_0395,ACC_0423,2026-10-16 10:00:00,326764.83,NEFT
TXN_05446,ACC_0696,ACC_0553,2025-04-07 18:00:00,260522.57,UPI
TXN_05447,ACC_0089,ACC_0368,2025-08-03 13:00:00,85768.57,UPI
TXN_05448,ACC_0441,ACC_0137,2025-02-13 09:00:00,403640.72,IMPS
TXN_05449,ACC_0208,ACC_0498,2025-06-01 08:00:00,322413.17,UPI
TXN_05450,ACC_0017,ACC_0694,2025-11-10 11:00:00,147155.05,UPI
TXN_05451,ACC_0150,ACC_0124,2026-09-22 07:00:00,306944.45,UPI
TXN_05452,ACC_0626,ACC_0131,2025-12-17 01:00:00,273874.94,IMPS
TXN_05453,ACC_0507,ACC_0675,2025-05-01 20:00:00,412564.84,UPI
TXN_05454,ACC_1002,ACC_0422,2024-10-08 02:00:00,93428.16,NEFT
TXN_05455,ACC_0555,ACC_0426,2025-08-01 14:00:00,412609.7,UPI
TXN_05456,ACC_0578,ACC_0965,2025-11-19 22:00:00,484116.73,RTGS
TXN_05457,ACC_0208,ACC_0748,2024-03-18 01:00:00,440713.3,UPI
TXN_05458,ACC_1001,ACC_0731,2025-08-21 21:00:00,475679.91,IMPS
TXN_05459,ACC_0645,ACC_0944,2024-07-11 13:00:00,235549.25,NEFT
TXN_05460,ACC_0194,ACC_0363,2024-04-12 07:00:00,254396.48,IMPS
TXN_05461,ACC_0434,ACC_0894,2024-02-28 00:00:00,410232.46,IMPS
TXN_05462,ACC_0108,ACC_0360,2026-09-26 05:00:00,206629.95,RTGS
TXN_05463,ACC_0407,ACC_0896,2026-02-11 18:00:00,132655.27,NEFT
TXN_05464,ACC_0533,ACC_0567,2025-08-13 14:00:00,420128.97,RTGS
TXN_05465,ACC_0384,ACC_0953,2025-02-15 11:00:00,382171.0,RTGS
TXN_05466,ACC_0762,ACC_0295,2024-08-13 22:00:00,44069.69,UPI
TXN_05467,ACC_0920,ACC_0241,2025-08-11 13:00:00,24659.48,UPI
TXN_05468,ACC_0755,ACC_0289,2024-09-14 20:00:00,1949.09,IMPS
TXN_05469,ACC_0872,ACC_0250,2025-11-13 17:00:00,281019.73,IMPS
TXN_05470,ACC_0492,ACC_0902,2026-04-09 21:00:00,71024.83,IMPS
TXN_05471,ACC_0847,ACC_0101,2026-06-16 01:00:00,101755.69,RTGS
TXN_05472,ACC_0951,ACC_0200,2024-01-21 18:00:00,30851.61,NEFT
TXN_05473,ACC_0051,ACC_0744,2025-04-13 14:00:00,176476.22,UPI
TXN_05474,ACC_1016,ACC_0411,2024-06-03 15:00:00,117560.32,UPI
TXN_05475,ACC_0876,ACC_0059,2024-07-25 04:00:00,247940.41,RTGS
TXN_05476,ACC_0225,ACC_0048,2024-07-19 18:00:00,38810.82,NEFT
TXN_05477,ACC_0944,ACC_0849,2025-01-08 01:00:00,204085.27,IMPS
TXN_05478,ACC_0929,ACC_0339,2026-08-24 04:00:00,122494.78,NEFT
TXN_05479,ACC_0102,ACC_0291,2024-04-13 09:00:00,52882.61,RTGS
TXN_05480,ACC_0953,ACC_0470,2024-07-18 07:00:00,358008.69,IMPS
TXN_05481,ACC_0274,ACC_0098,2024-02-06 01:00:00,235750.97,UPI
TXN_05482,ACC_0932,ACC_0163,2025-04-08 00:00:00,462404.24,NEFT
TXN_05483,ACC_0721,ACC_0885,2026-04-24 21:00:00,220507.35,UPI
TXN_05484,ACC_0313,ACC_0248,2026-07-01 04:00:00,223381.46,IMPS
TXN_05485,ACC_0405,ACC_0049,2025-10-19 11:00:00,482982.39,UPI
TXN_05486,ACC_0999,ACC_0435,2024-11-06 19:00:00,251585.29,IMPS
TXN_05487,ACC_0050,ACC_0375,2024-08-18 13:00:00,467838.06,UPI
TXN_05488,ACC_0640,ACC_0892,2025-03-02 01:00:00,369856.06,UPI
TXN_05489,ACC_0537,ACC_0251,2026-01-24 22:00:00,376684.0,RTGS
TXN_05490,ACC_0025,ACC_0137,2025-12-24 09:00:00,116018.83,NEFT
TXN_05491,ACC_0356,ACC_0956,2024-06-04 23:00:00,316191.32,IMPS
TXN_05492,ACC_0422,ACC_0315,2026-07-12 12:00:00,216818.15,IMPS
TXN_05493,ACC_0240,ACC_0376,2024-09-18 21:00:00,289978.81,NEFT
TXN_05494,ACC_0356,ACC_0923,2024-02-12 22:00:00,90543.52,IMPS
TXN_05495,ACC_0061,ACC_0115,2026-03-09 14:00:00,20202.32,RTGS
TXN_05496,ACC_0379,ACC_0205,2026-05-14 01:00:00,330795.44,IMPS
TXN_05497,ACC_0930,ACC_0877,2026-06-29 20:00:00,70755.94,NEFT
TXN_05498,ACC_0700,ACC_0546,2025-08-14 17:00:00,180844.91,UPI
TXN_05499,ACC_0947,ACC_0996,2024-12-16 00:00:00,348794.3,IMPS
TXN_05500,ACC_0863,ACC_1005,2026-03-23 08:00:00,310101.0,NEFT
TXN_05501,ACC_0223,ACC_0495,2026-04-12 03:00:00,234157.57,NEFT
TXN_05502,ACC_0433,ACC_0491,2026-02-27 09:00:00,421861.29,RTGS
TXN_05503,ACC_0809,ACC_0234,2026-10-04 00:00:00,342013.27,RTGS
TXN_05504,ACC_0104,ACC_0478,2026-06-06 11:00:00,81999.78,RTGS
TXN_05505,ACC_0214,ACC_0033,2024-12-01 05:00:00,59591.34,UPI
TXN_05506,ACC_0836,ACC_0378,2025-04-11 15:00:00,384704.51,RTGS
TXN_05507,ACC_0528,ACC_0952,2026-09-05 18:00:00,405320.86,IMPS
TXN_05508,ACC_0270,ACC_0587,2024-11-18 14:00:00,375182.47,RTGS
TXN_05509,ACC_0632,ACC_0504,2024-02-26 14:00:00,333008.7,IMPS
TXN_05510,ACC_0682,ACC_0353,2025-09-11 01:00:00,403702.84,IMPS
TXN_05511,ACC_0063,ACC_0364,2026-06-10 21:00:00,116079.95,RTGS
TXN_05512,ACC_0798,ACC_0644,2026-02-08 00:00:00,271542.83,UPI
TXN_05513,ACC_0040,ACC_0077,2024-06-21 23:00:00,59094.85,IMPS
TXN_05514,ACC_0185,ACC_0759,2024-12-23 16:00:00,42946.09,RTGS
TXN_05515,ACC_0619,ACC_0817,2026-09-07 18:00:00,256880.39,RTGS
TXN_05516,ACC_0458,ACC_0525,2026-10-24 17:00:00,296345.35,IMPS
TXN_05517,ACC_0695,ACC_0193,2026-08-26 10:00:00,205400.8,IMPS
TXN_05518,ACC_0454,ACC_0885,2025-10-24 15:00:00,83568.99,NEFT
TXN_05519,ACC_0227,ACC_0519,2024-07-29 14:00:00,364546.72,NEFT
TXN_05520,ACC_0350,ACC_0017,2026-01-02 23:00:00,262859.32,IMPS
TXN_05521,ACC_0460,ACC_0959,2026-02-10 04:00:00,374867.74,UPI
TXN_05522,ACC_0561,ACC_0896,2025-03-24 05:00:00,299407.58,UPI
TXN_05523,ACC_0482,ACC_0509,2026-01-12 03:00:00,313292.35,RTGS
TXN_05524,ACC_0444,ACC_0665,2025-11-19 03:00:00,90873.59,IMPS
TXN_05525,ACC_0124,ACC_0178,2025-01-19 07:00:00,98641.81,IMPS
TXN_05526,ACC_0575,ACC_0628,2025-09-11 18:00:00,102477.56,NEFT
TXN_05527,ACC_0765,ACC_0818,2024-04-27 23:00:00,260820.24,UPI
TXN_05528,ACC_0781,ACC_0267,2026-09-07 00:00:00,110191.29,NEFT
TXN_05529,ACC_0113,ACC_0272,2025-08-10 23:00:00,200954.52,NEFT
TXN_05530,ACC_0875,ACC_0412,2024-10-11 12:00:00,78397.28,UPI
TXN_05531,ACC_0273,ACC_0831,2024-07-09 03:00:00,298655.49,IMPS
TXN_05532,ACC_1022,ACC_0689,2025-08-11 12:00:00,212566.99,RTGS
TXN_05533,ACC_0584,ACC_1013,2026-04-23 00:00:00,68607.89,IMPS
TXN_05534,ACC_0966,ACC_0892,2024-04-22 10:00:00,82637.81,UPI
TXN_05535,ACC_0857,ACC_0519,2026-03-29 01:00:00,460394.0,IMPS
TXN_05536,ACC_0978,ACC_0724,2025-10-08 13:00:00,340892.8,RTGS
TXN_05537,ACC_0438,ACC_0171,2024-08-25 04:00:00,153246.16,IMPS
TXN_05538,ACC_0392,ACC_0329,2026-06-13 01:00:00,258986.02,UPI
TXN_05539,ACC_0051,ACC_0829,2024-10-23 09:00:00,485072.76,UPI
TXN_05540,ACC_0177,ACC_0488,2024-06-23 10:00:00,134246.99,NEFT
TXN_05541,ACC_0627,ACC_0312,2025-09-07 11:00:00,331210.77,NEFT
TXN_05542,ACC_0349,ACC_0940,2025-04-13 11:00:00,297450.91,IMPS
TXN_05543,ACC_0909,ACC_0724,2026-05-28 12:00:00,6724.62,RTGS
TXN_05544,ACC_0969,ACC_0178,2024-08-19 02:00:00,16754.12,NEFT
TXN_05545,ACC_1022,ACC_0265,2024-10-12 14:00:00,260915.92,RTGS
TXN_05546,ACC_0092,ACC_0252,2025-06-10 01:00:00,381011.14,RTGS
TXN_05547,ACC_0111,ACC_0479,2025-04-07 21:00:00,193445.54,UPI
TXN_05548,ACC_0609,ACC_0791,2024-04-17 06:00:00,433686.75,NEFT
TXN_05549,ACC_0661,ACC_0009,2026-03-25 15:00:00,67720.35,NEFT
TXN_05550,ACC_0130,ACC_0756,2025-08-06 04:00:00,97154.34,RTGS
TXN_05551,ACC_0383,ACC_0139,2025-11-14 06:00:00,302845.79,UPI
TXN_05552,ACC_0652,ACC_0705,2024-10-05 18:00:00,311325.88,UPI
TXN_05553,ACC_0338,ACC_0472,2024-10-30 13:00:00,232930.24,IMPS
TXN_05554,ACC_0728,ACC_0162,2025-11-10 06:00:00,34144.24,NEFT
TXN_05555,ACC_0738,ACC_0227,2024-05-25 03:00:00,219291.16,IMPS
TXN_05556,ACC_0262,ACC_0940,2024-02-13 19:00:00,332776.53,IMPS
TXN_05557,ACC_0597,ACC_0688,2026-03-14 10:00:00,399898.24,NEFT
TXN_05558,ACC_0280,ACC_0613,2025-06-16 11:00:00,163568.76,UPI
TXN_05559,ACC_0429,ACC_0088,2026-06-24 15:00:00,292220.8,RTGS
TXN_05560,ACC_0972,ACC_0689,2026-08-06 11:00:00,165049.88,IMPS
TXN_05561,ACC_0135,ACC_0379,2024-02-20 06:00:00,392867.71,UPI
TXN_05562,ACC_1022,ACC_0407,2026-06-13 22:00:00,329431.74,IMPS
TXN_05563,ACC_0819,ACC_0830,2025-09-03 15:00:00,214880.28,UPI
TXN_05564,ACC_0447,ACC_0852,2026-06-12 13:00:00,38086.78,RTGS
TXN_05565,ACC_0881,ACC_0965,2025-07-11 16:00:00,485038.53,UPI
TXN_05566,ACC_0755,ACC_0240,2026-03-25 20:00:00,316140.08,UPI
TXN_05567,ACC_0856,ACC_0689,2024-06-06 01:00:00,443355.96,UPI
TXN_05568,ACC_0884,ACC_0489,2024-10-28 15:00:00,107378.74,RTGS
TXN_05569,ACC_0346,ACC_0630,2025-05-24 05:00:00,383121.21,IMPS
TXN_05570,ACC_0464,ACC_0315,2026-09-19 16:00:00,496403.68,RTGS
TXN_05571,ACC_0260,ACC_0216,2024-07-27 01:00:00,398735.92,NEFT
TXN_05572,ACC_0110,ACC_0160,2024-03-29 08:00:00,27923.31,RTGS
TXN_05573,ACC_0586,ACC_1001,2025-08-26 22:00:00,479471.54,UPI
TXN_05574,ACC_0705,ACC_1033,2024-08-30 12:00:00,116563.13,RTGS
TXN_05575,ACC_1028,ACC_0350,2024-06-17 16:00:00,440624.48,UPI
TXN_05576,ACC_0991,ACC_0209,2025-06-06 19:00:00,167189.99,IMPS
TXN_05577,ACC_0355,ACC_0812,2026-01-13 11:00:00,872.58,NEFT
TXN_05578,ACC_0756,ACC_0698,2025-07-10 11:00:00,110999.22,NEFT
TXN_05579,ACC_1022,ACC_0943,2025-03-01 11:00:00,197397.64,NEFT
TXN_05580,ACC_0758,ACC_0313,2026-09-17 15:00:00,39731.64,RTGS
TXN_05581,ACC_0769,ACC_0408,2025-11-19 10:00:00,149147.9,RTGS
TXN_05582,ACC_0162,ACC_0868,2025-04-01 07:00:00,260468.68,IMPS
TXN_05583,ACC_0266,ACC_0507,2026-08-04 06:00:00,169816.05,IMPS
TXN_05584,ACC_0624,ACC_0022,2025-07-15 15:00:00,70176.94,NEFT
TXN_05585,ACC_0443,ACC_0460,2026-05-13 07:00:00,370456.1,NEFT
TXN_05586,ACC_0546,ACC_0440,2026-06-07 11:00:00,482409.67,NEFT
TXN_05587,ACC_0532,ACC_0140,2025-06-23 20:00:00,305524.67,NEFT
TXN_05588,ACC_0571,ACC_0938,2024-03-14 05:00:00,307994.58,UPI
TXN_05589,ACC_0933,ACC_0616,2026-04-30 06:00:00,462951.5,UPI
TXN_05590,ACC_0368,ACC_0370,2026-04-08 04:00:00,108050.61,IMPS
TXN_05591,ACC_0970,ACC_0457,2026-05-15 23:00:00,132458.28,NEFT
TXN_05592,ACC_0879,ACC_0900,2026-08-01 16:00:00,199308.79,RTGS
TXN_05593,ACC_0496,ACC_0278,2025-12-18 17:00:00,210677.26,NEFT
TXN_05594,ACC_0822,ACC_0678,2025-11-21 13:00:00,36309.15,IMPS
TXN_05595,ACC_0310,ACC_0215,2025-09-04 20:00:00,420560.67,UPI
TXN_05596,ACC_0896,ACC_0399,2024-09-14 16:00:00,463281.66,RTGS
TXN_05597,ACC_0658,ACC_0482,2024-01-15 04:00:00,212778.24,IMPS
TXN_05598,ACC_0335,ACC_0517,2026-01-23 16:00:00,321923.86,UPI
TXN_05599,ACC_0493,ACC_0151,2025-07-24 11:00:00,327610.14,IMPS
TXN_05600,ACC_0402,ACC_1019,2026-08-31 11:00:00,12307.78,IMPS
TXN_05601,ACC_0881,ACC_0014,2025-06-17 14:00:00,12700.07,UPI
TXN_05602,ACC_0736,ACC_0996,2025-06-21 06:00:00,357039.89,UPI
TXN_05603,ACC_0240,ACC_0349,2025-03-31 08:00:00,125259.24,IMPS
TXN_05604,ACC_0879,ACC_0132,2024-02-29 09:00:00,438890.98,IMPS
TXN_05605,ACC_0408,ACC_0965,2024-09-12 03:00:00,206291.86,NEFT
TXN_05606,ACC_0519,ACC_0299,2025-02-03 17:00:00,199827.58,IMPS
TXN_05607,ACC_0520,ACC_0960,2026-03-14 21:00:00,383255.88,NEFT
TXN_05608,ACC_1024,ACC_0311,2026-05-11 19:00:00,469014.81,UPI
TXN_05609,ACC_0532,ACC_0484,2025-09-17 05:00:00,437812.55,RTGS
TXN_05610,ACC_0909,ACC_0951,2024-10-13 07:00:00,14298.69,RTGS
TXN_05611,ACC_0323,ACC_0770,2024-03-29 05:00:00,268811.39,NEFT
TXN_05612,ACC_0277,ACC_0650,2024-06-27 22:00:00,297492.08,RTGS
TXN_05613,ACC_0134,ACC_0809,2024-08-09 12:00:00,157984.51,RTGS
TXN_05614,ACC_0328,ACC_0195,2026-08-04 01:00:00,372775.41,NEFT
TXN_05615,ACC_0705,ACC_0641,2025-09-11 22:00:00,420597.06,IMPS
TXN_05616,ACC_0619,ACC_0719,2024-04-07 08:00:00,213096.38,NEFT
TXN_05617,ACC_0250,ACC_0946,2025-05-22 18:00:00,2006.5,IMPS
TXN_05618,ACC_0908,ACC_0757,2025-08-20 00:00:00,362363.16,RTGS
TXN_05619,ACC_0614,ACC_0823,2025-04-09 11:00:00,139184.22,RTGS
TXN_05620,ACC_0705,ACC_0417,2025-11-24 19:00:00,127788.07,IMPS
TXN_05621,ACC_0890,ACC_0850,2024-03-10 03:00:00,390781.61,NEFT
TXN_05622,ACC_0938,ACC_0261,2025-08-02 22:00:00,299051.75,RTGS
TXN_05623,ACC_0354,ACC_0340,2025-03-24 02:00:00,65660.1,IMPS
TXN_05624,ACC_0183,ACC_0893,2025-01-16 23:00:00,429917.86,NEFT
TXN_05625,ACC_0662,ACC_0686,2026-09-12 16:00:00,50159.04,IMPS
TXN_05626,ACC_0020,ACC_0563,2024-05-08 13:00:00,344046.7,RTGS
TXN_05627,ACC_0808,ACC_0172,2024-09-20 04:00:00,308293.91,UPI
TXN_05628,ACC_0972,ACC_1009,2025-10-08 18:00:00,476681.51,NEFT
TXN_05629,ACC_0743,ACC_0589,2026-07-30 23:00:00,163811.92,IMPS
TXN_05630,ACC_0990,ACC_0683,2026-09-03 22:00:00,415601.93,IMPS
TXN_05631,ACC_0881,ACC_0624,2026-07-25 17:00:00,320645.86,IMPS
TXN_05632,ACC_0446,ACC_0422,2026-01-30 17:00:00,347611.09,IMPS
TXN_05633,ACC_0125,ACC_0406,2025-02-14 19:00:00,119312.49,NEFT
TXN_05634,ACC_1027,ACC_0650,2024-09-18 19:00:00,184378.82,NEFT
TXN_05635,ACC_0976,ACC_0210,2026-04-02 08:00:00,170659.44,RTGS
TXN_05636,ACC_0921,ACC_0720,2024-09-19 16:00:00,311329.97,UPI
TXN_05637,ACC_0840,ACC_0149,2025-03-10 03:00:00,184305.37,IMPS
TXN_05638,ACC_1016,ACC_0634,2025-10-05 16:00:00,39585.72,RTGS
TXN_05639,ACC_0611,ACC_0608,2025-04-24 17:00:00,14779.54,UPI
TXN_05640,ACC_0645,ACC_0392,2024-09-02 06:00:00,355176.77,NEFT
TXN_05641,ACC_0949,ACC_0415,2025-12-09 00:00:00,199426.86,UPI
TXN_05642,ACC_0394,ACC_0439,2026-06-09 17:00:00,364864.38,UPI
TXN_05643,ACC_0712,ACC_0628,2024-08-31 08:00:00,215187.41,IMPS
TXN_05644,ACC_0275,ACC_0645,2026-05-19 20:00:00,115357.04,IMPS
TXN_05645,ACC_0445,ACC_0684,2025-10-06 17:00:00,416895.87,UPI
TXN_05646,ACC_0818,ACC_0465,2025-03-19 12:00:00,207806.43,NEFT
TXN_05647,ACC_0268,ACC_0540,2024-08-13 17:00:00,367633.72,IMPS
TXN_05648,ACC_0983,ACC_0735,2025-09-09 03:00:00,495934.93,NEFT
TXN_05649,ACC_0210,ACC_0198,2024-12-27 15:00:00,204342.59,UPI
TXN_05650,ACC_0560,ACC_0388,2026-02-17 06:00:00,394791.36,NEFT
TXN_05651,ACC_0744,ACC_0538,2025-10-31 12:00:00,107164.45,RTGS
TXN_05652,ACC_0328,ACC_0257,2024-07-16 17:00:00,229363.06,NEFT
TXN_05653,ACC_0682,ACC_0880,2026-04-15 08:00:00,242733.44,UPI
TXN_05654,ACC_0638,ACC_0872,2025-09-29 14:00:00,169849.15,RTGS
TXN_05655,ACC_0709,ACC_0145,2025-01-03 00:00:00,319377.45,IMPS
TXN_05656,ACC_0051,ACC_0587,2025-02-04 00:00:00,265273.6,IMPS
TXN_05657,ACC_0545,ACC_0716,2026-05-13 15:00:00,248568.09,NEFT
TXN_05658,ACC_0226,ACC_0080,2024-03-31 23:00:00,61539.83,RTGS
TXN_05659,ACC_0760,ACC_0422,2025-07-24 14:00:00,381225.01,RTGS
TXN_05660,ACC_0657,ACC_0004,2025-06-05 13:00:00,224024.7,RTGS
TXN_05661,ACC_0207,ACC_0139,2026-01-16 07:00:00,92582.59,RTGS
TXN_05662,ACC_0940,ACC_0316,2024-01-22 05:00:00,341702.74,RTGS
TXN_05663,ACC_0011,ACC_0515,2026-03-21 00:00:00,225983.01,UPI
TXN_05664,ACC_1010,ACC_0050,2024-05-11 19:00:00,101428.12,UPI
TXN_05665,ACC_0759,ACC_0308,2025-04-20 00:00:00,324291.83,IMPS
TXN_05666,ACC_0215,ACC_0606,2024-02-14 07:00:00,22967.44,NEFT
TXN_05667,ACC_0751,ACC_0385,2025-02-05 10:00:00,28016.9,RTGS
TXN_05668,ACC_0677,ACC_0731,2026-10-09 22:00:00,120985.7,NEFT
TXN_05669,ACC_0454,ACC_0255,2025-10-26 16:00:00,362441.52,RTGS
TXN_05670,ACC_0206,ACC_0013,2026-08-20 06:00:00,329578.67,IMPS
TXN_05671,ACC_0270,ACC_0064,2025-11-18 09:00:00,350747.44,RTGS
TXN_05672,ACC_0054,ACC_0824,2025-12-04 18:00:00,158522.72,UPI
TXN_05673,ACC_0917,ACC_0541,2025-08-05 12:00:00,157510.2,RTGS
TXN_05674,ACC_0398,ACC_0524,2024-08-26 00:00:00,475649.96,RTGS
TXN_05675,ACC_0832,ACC_0106,2026-03-21 01:00:00,115883.68,UPI
TXN_05676,ACC_0541,ACC_0177,2024-10-16 05:00:00,214584.82,IMPS
TXN_05677,ACC_0751,ACC_0876,2024-05-03 11:00:00,409535.42,UPI
TXN_05678,ACC_0268,ACC_0739,2026-07-21 05:00:00,259521.66,NEFT
TXN_05679,ACC_0447,ACC_0502,2024-01-21 10:00:00,176329.13,RTGS
TXN_05680,ACC_0648,ACC_0545,2025-08-25 06:00:00,240561.52,RTGS
TXN_05681,ACC_0423,ACC_0198,2026-03-07 04:00:00,38667.82,NEFT
TXN_05682,ACC_0947,ACC_0554,2025-04-06 23:00:00,398894.7,NEFT
TXN_05683,ACC_0891,ACC_0974,2025-10-07 17:00:00,101379.6,NEFT
TXN_05684,ACC_0326,ACC_0655,2024-02-10 06:00:00,203278.17,UPI
TXN_05685,ACC_0803,ACC_0501,2024-07-15 15:00:00,337051.81,IMPS
TXN_05686,ACC_0892,ACC_0358,2024-01-08 16:00:00,24795.56,UPI
TXN_05687,ACC_0131,ACC_0891,2026-06-25 10:00:00,2707.78,RTGS
TXN_05688,ACC_0936,ACC_0046,2025-09-20 02:00:00,215454.33,UPI
TXN_05689,ACC_1010,ACC_0083,2024-06-04 18:00:00,292729.52,UPI
TXN_05690,ACC_0627,ACC_0368,2026-08-02 16:00:00,235287.66,UPI
TXN_05691,ACC_1007,ACC_0191,2024-06-23 18:00:00,409521.4,RTGS
TXN_05692,ACC_0054,ACC_0201,2025-03-10 00:00:00,222931.55,IMPS
TXN_05693,ACC_0850,ACC_1007,2025-12-15 13:00:00,145682.06,IMPS
TXN_05694,ACC_0387,ACC_0192,2025-06-17 19:00:00,269286.16,RTGS
TXN_05695,ACC_0358,ACC_0998,2026-04-02 05:00:00,457603.43,IMPS
TXN_05696,ACC_0484,ACC_0556,2026-09-08 02:00:00,355346.49,UPI
TXN_05697,ACC_0431,ACC_0808,2024-04-15 22:00:00,394428.28,IMPS
TXN_05698,ACC_0093,ACC_0482,2025-07-25 20:00:00,218649.13,NEFT
TXN_05699,ACC_0508,ACC_0833,2026-05-17 09:00:00,267683.19,RTGS
TXN_05700,ACC_0424,ACC_0831,2024-10-04 01:00:00,389366.04,RTGS
TXN_05701,ACC_0754,ACC_0670,2024-03-07 13:00:00,268459.17,UPI
TXN_05702,ACC_0623,ACC_0641,2026-01-22 05:00:00,363645.05,NEFT
TXN_05703,ACC_0875,ACC_0721,2026-08-03 10:00:00,394804.44,NEFT
TXN_05704,ACC_0317,ACC_0908,2025-03-02 01:00:00,12140.85,NEFT
TXN_05705,ACC_0968,ACC_0178,2025-09-18 02:00:00,413679.09,IMPS
TXN_05706,ACC_0679,ACC_1001,2026-10-22 05:00:00,233255.02,IMPS
TXN_05707,ACC_0056,ACC_0138,2024-06-30 16:00:00,362629.8,IMPS
TXN_05708,ACC_0258,ACC_0231,2025-09-26 13:00:00,481600.94,NEFT
TXN_05709,ACC_0378,ACC_0929,2025-08-16 09:00:00,140451.12,NEFT
TXN_05710,ACC_0659,ACC_0983,2026-07-05 03:00:00,346883.42,IMPS
TXN_05711,ACC_0510,ACC_0573,2025-09-05 15:00:00,70789.43,RTGS
TXN_05712,ACC_0597,ACC_0288,2025-02-03 21:00:00,242334.88,UPI
TXN_05713,ACC_0716,ACC_0614,2024-05-16 00:00:00,93048.47,IMPS
TXN_05714,ACC_0348,ACC_0221,2026-05-11 23:00:00,306236.92,UPI
TXN_05715,ACC_0247,ACC_0954,2025-10-16 09:00:00,78560.73,NEFT
TXN_05716,ACC_0650,ACC_0900,2025-11-12 17:00:00,177459.69,UPI
TXN_05717,ACC_0243,ACC_0235,2025-02-10 00:00:00,137016.81,IMPS
TXN_05718,ACC_0943,ACC_0714,2026-01-17 02:00:00,462163.72,RTGS
TXN_05719,ACC_0630,ACC_0249,2024-12-19 16:00:00,419883.34,RTGS
TXN_05720,ACC_0689,ACC_0444,2025-01-13 19:00:00,341361.07,UPI
TXN_05721,ACC_0943,ACC_0479,2024-08-10 05:00:00,433198.99,IMPS
TXN_05722,ACC_0462,ACC_0421,2024-10-13 13:00:00,323721.86,UPI
TXN_05723,ACC_0879,ACC_0498,2026-02-22 17:00:00,475858.05,NEFT
TXN_05724,ACC_0495,ACC_0634,2025-05-09 01:00:00,481789.15,RTGS
TXN_05725,ACC_0415,ACC_0576,2026-04-07 22:00:00,294756.02,UPI
TXN_05726,ACC_0121,ACC_0426,2025-01-11 02:00:00,224138.46,IMPS
TXN_05727,ACC_0832,ACC_0067,2025-10-02 10:00:00,345088.61,IMPS
TXN_05728,ACC_0011,ACC_0615,2026-07-15 12:00:00,196804.08,IMPS
TXN_05729,ACC_0171,ACC_0983,2024-10-30 11:00:00,134949.78,NEFT
TXN_05730,ACC_0356,ACC_1003,2024-04-12 14:00:00,37573.29,UPI
TXN_05731,ACC_0745,ACC_0086,2024-03-24 20:00:00,170247.56,RTGS
TXN_05732,ACC_0324,ACC_0928,2026-10-14 02:00:00,18475.69,UPI
TXN_05733,ACC_0337,ACC_0517,2026-09-19 15:00:00,15055.16,RTGS
TXN_05734,ACC_1007,ACC_0743,2024-07-23 11:00:00,475928.06,UPI
TXN_05735,ACC_0431,ACC_0475,2024-08-19 16:00:00,166466.69,UPI
TXN_05736,ACC_0703,ACC_0923,2025-12-16 14:00:00,114900.94,NEFT
TXN_05737,ACC_0319,ACC_0255,2024-01-20 11:00:00,297710.57,RTGS
TXN_05738,ACC_0595,ACC_0612,2024-01-05 08:00:00,377249.85,IMPS
TXN_05739,ACC_0691,ACC_0201,2025-10-21 23:00:00,291037.32,RTGS
TXN_05740,ACC_0914,ACC_0495,2025-08-10 09:00:00,152231.3,UPI
TXN_05741,ACC_0717,ACC_0032,2025-01-03 03:00:00,6672.62,NEFT
TXN_05742,ACC_0523,ACC_0893,2025-04-18 03:00:00,283031.69,RTGS
TXN_05743,ACC_0544,ACC_0839,2024-12-14 13:00:00,342720.38,RTGS
TXN_05744,ACC_0698,ACC_0309,2024-08-22 09:00:00,41171.81,RTGS
TXN_05745,ACC_0067,ACC_0025,2026-07-21 20:00:00,451516.55,NEFT
TXN_05746,ACC_0906,ACC_0427,2024-05-01 10:00:00,98982.96,IMPS
TXN_05747,ACC_0943,ACC_0230,2024-01-14 12:00:00,202171.29,RTGS
TXN_05748,ACC_0383,ACC_0163,2026-11-03 05:00:00,47294.54,UPI
TXN_05749,ACC_0306,ACC_0161,2024-05-03 06:00:00,451349.9,NEFT
TXN_05750,ACC_1002,ACC_0198,2025-02-13 21:00:00,211092.43,RTGS
TXN_05751,ACC_0856,ACC_0826,2025-04-20 21:00:00,344650.97,UPI
TXN_05752,ACC_0044,ACC_0291,2025-07-13 02:00:00,200937.21,IMPS
TXN_05753,ACC_0232,ACC_0372,2026-03-29 23:00:00,320621.49,RTGS
TXN_05754,ACC_0330,ACC_1001,2025-12-22 13:00:00,177492.19,NEFT
TXN_05755,ACC_0437,ACC_0276,2024-07-11 06:00:00,54155.32,IMPS
TXN_05756,ACC_0761,ACC_0155,2024-08-05 12:00:00,145109.52,RTGS
TXN_05757,ACC_0275,ACC_0336,2025-09-15 23:00:00,449728.07,NEFT
TXN_05758,ACC_0584,ACC_0384,2026-09-21 08:00:00,24791.77,IMPS
TXN_05759,ACC_0964,ACC_0315,2025-04-19 15:00:00,78437.92,NEFT
TXN_05760,ACC_0336,ACC_0506,2026-10-06 22:00:00,384139.85,RTGS
TXN_05761,ACC_0825,ACC_0001,2025-02-16 14:00:00,366293.88,UPI
TXN_05762,ACC_0638,ACC_1002,2024-01-04 16:00:00,472803.06,RTGS
TXN_05763,ACC_0328,ACC_0027,2025-09-11 04:00:00,315068.71,UPI
TXN_05764,ACC_0771,ACC_0882,2026-05-26 10:00:00,11622.54,IMPS
TXN_05765,ACC_0545,ACC_1000,2024-05-16 06:00:00,351131.32,NEFT
TXN_05766,ACC_0646,ACC_0709,2025-11-13 00:00:00,77214.75,RTGS
TXN_05767,ACC_0077,ACC_0745,2026-07-01 10:00:00,480957.68,IMPS
TXN_05768,ACC_1009,ACC_0510,2025-07-15 09:00:00,298558.04,RTGS
TXN_05769,ACC_0128,ACC_0629,2025-08-16 01:00:00,111707.65,NEFT
TXN_05770,ACC_0594,ACC_0895,2024-02-09 12:00:00,51362.03,RTGS
TXN_05771,ACC_0509,ACC_0111,2025-11-26 16:00:00,319337.37,NEFT
TXN_05772,ACC_0750,ACC_0485,2025-01-04 22:00:00,372585.34,NEFT
TXN_05773,ACC_0370,ACC_0714,2026-03-29 05:00:00,296257.76,IMPS
TXN_05774,ACC_0805,ACC_0441,2024-02-22 04:00:00,2357.32,NEFT
TXN_05775,ACC_0572,ACC_0087,2024-09-23 17:00:00,116989.04,IMPS
TXN_05776,ACC_0113,ACC_0034,2026-05-28 12:00:00,62283.78,IMPS
TXN_05777,ACC_0448,ACC_0776,2026-01-06 11:00:00,223439.07,NEFT
TXN_05778,ACC_0807,ACC_0128,2025-08-05 03:00:00,26701.75,RTGS
TXN_05779,ACC_1015,ACC_0969,2025-07-28 02:00:00,410696.66,UPI
TXN_05780,ACC_0256,ACC_0082,2025-12-31 15:00:00,408351.66,UPI
TXN_05781,ACC_0718,ACC_0408,2025-10-23 17:00:00,291813.93,NEFT
TXN_05782,ACC_0832,ACC_0925,2024-12-07 08:00:00,384619.97,IMPS
TXN_05783,ACC_0074,ACC_0709,2025-06-10 17:00:00,29930.48,NEFT
TXN_05784,ACC_0012,ACC_0748,2024-08-24 02:00:00,134858.54,IMPS
TXN_05785,ACC_0703,ACC_0997,2025-02-07 14:00:00,17340.7,IMPS
TXN_05786,ACC_0462,ACC_0614,2025-07-01 04:00:00,259014.82,UPI
TXN_05787,ACC_0728,ACC_0374,2025-08-29 10:00:00,174358.22,IMPS
TXN_05788,ACC_0971,ACC_0886,2025-10-17 13:00:00,77742.09,UPI
TXN_05789,ACC_0828,ACC_0361,2025-01-21 16:00:00,371113.38,NEFT
TXN_05790,ACC_0032,ACC_0828,2025-11-13 06:00:00,346633.53,NEFT
TXN_05791,ACC_0219,ACC_0814,2025-02-09 00:00:00,429356.99,UPI
TXN_05792,ACC_0982,ACC_0417,2024-03-05 21:00:00,225563.22,UPI
TXN_05793,ACC_0046,ACC_1007,2024-03-04 05:00:00,9003.03,IMPS
TXN_05794,ACC_0270,ACC_0934,2025-05-15 23:00:00,305709.29,IMPS
TXN_05795,ACC_0554,ACC_0844,2025-11-29 13:00:00,352786.18,IMPS
TXN_05796,ACC_0314,ACC_0775,2026-02-11 17:00:00,150201.92,NEFT
TXN_05797,ACC_0353,ACC_0734,2024-12-11 04:00:00,85506.92,NEFT
TXN_05798,ACC_0382,ACC_0648,2025-09-09 22:00:00,275487.49,IMPS
TXN_05799,ACC_0023,ACC_0277,2024-09-16 23:00:00,36045.49,RTGS
TXN_05800,ACC_0815,ACC_0370,2026-08-06 13:00:00,123283.52,UPI
TXN_05801,ACC_0378,ACC_0178,2024-08-06 05:00:00,123249.88,IMPS
TXN_05802,ACC_0936,ACC_1035,2026-06-05 06:00:00,402850.87,NEFT
TXN_05803,ACC_0602,ACC_0936,2026-07-11 16:00:00,92410.93,UPI
TXN_05804,ACC_0289,ACC_0127,2026-04-24 22:00:00,493309.07,IMPS
TXN_05805,ACC_0881,ACC_0891,2025-05-03 18:00:00,128279.56,IMPS
TXN_05806,ACC_0116,ACC_0469,2026-04-15 22:00:00,147927.52,RTGS
TXN_05807,ACC_0438,ACC_0904,2025-11-20 09:00:00,439915.56,IMPS
TXN_05808,ACC_0579,ACC_0350,2025-04-14 01:00:00,36376.71,UPI
TXN_05809,ACC_0265,ACC_0185,2025-02-02 06:00:00,164222.86,RTGS
TXN_05810,ACC_0449,ACC_0532,2024-12-08 17:00:00,8327.09,RTGS
TXN_05811,ACC_0586,ACC_0433,2025-10-19 23:00:00,101853.06,UPI
TXN_05812,ACC_0013,ACC_0376,2024-10-16 02:00:00,396630.0,NEFT
TXN_05813,ACC_0874,ACC_0108,2026-08-05 05:00:00,425565.12,NEFT
TXN_05814,ACC_0435,ACC_0988,2026-07-09 08:00:00,494602.27,RTGS
TXN_05815,ACC_0411,ACC_0969,2026-01-21 18:00:00,302971.92,UPI
TXN_05816,ACC_0657,ACC_0677,2025-07-07 02:00:00,257567.97,IMPS
TXN_05817,ACC_0479,ACC_0615,2025-04-17 23:00:00,15220.68,IMPS
TXN_05818,ACC_0037,ACC_0393,2024-06-13 10:00:00,488234.13,NEFT
TXN_05819,ACC_0937,ACC_0814,2026-06-24 00:00:00,491174.81,UPI
TXN_05820,ACC_0847,ACC_0392,2026-07-15 17:00:00,138170.66,RTGS
TXN_05821,ACC_0953,ACC_0850,2026-09-27 02:00:00,493438.03,IMPS
TXN_05822,ACC_0079,ACC_0112,2024-10-04 01:00:00,428694.37,UPI
TXN_05823,ACC_0326,ACC_0906,2025-09-25 20:00:00,410753.0,RTGS
TXN_05824,ACC_0142,ACC_0867,2026-10-18 02:00:00,73703.54,UPI
TXN_05825,ACC_0148,ACC_0189,2025-08-15 13:00:00,193250.6,IMPS
TXN_05826,ACC_0199,ACC_0846,2025-07-12 19:00:00,316285.34,RTGS
TXN_05827,ACC_0112,ACC_0392,2025-10-03 20:00:00,479123.43,IMPS
TXN_05828,ACC_0680,ACC_0886,2026-01-14 19:00:00,386661.53,UPI
TXN_05829,ACC_1023,ACC_0951,2025-04-24 03:00:00,273654.3,UPI
TXN_05830,ACC_0912,ACC_0391,2024-10-09 19:00:00,148983.95,IMPS
TXN_05831,ACC_0882,ACC_0437,2024-04-24 16:00:00,216568.94,RTGS
TXN_05832,ACC_0386,ACC_0969,2024-09-16 08:00:00,328645.17,NEFT
TXN_05833,ACC_0361,ACC_0922,2026-11-04 22:00:00,185747.88,UPI
TXN_05834,ACC_0329,ACC_0977,2024-12-20 22:00:00,237614.39,UPI
TXN_05835,ACC_0946,ACC_0596,2026-03-03 02:00:00,461729.43,IMPS
TXN_05836,ACC_0694,ACC_0208,2025-03-05 16:00:00,473393.2,RTGS
TXN_05837,ACC_0625,ACC_0644,2026-09-25 06:00:00,343837.59,RTGS
TXN_05838,ACC_0243,ACC_0100,2025-10-19 05:00:00,253521.24,IMPS
TXN_05839,ACC_0957,ACC_0634,2025-11-28 22:00:00,188226.91,RTGS
TXN_05840,ACC_0153,ACC_0539,2024-06-20 22:00:00,33405.6,UPI
TXN_05841,ACC_0564,ACC_0140,2025-01-08 16:00:00,33999.37,RTGS
TXN_05842,ACC_0989,ACC_0019,2025-01-08 03:00:00,481093.49,RTGS
TXN_05843,ACC_0090,ACC_0127,2026-02-07 21:00:00,86628.48,RTGS
TXN_05844,ACC_0938,ACC_0153,2024-10-22 21:00:00,300574.42,RTGS
TXN_05845,ACC_0034,ACC_0324,2026-07-30 20:00:00,255916.56,IMPS
TXN_05846,ACC_0334,ACC_0370,2026-05-18 11:00:00,40073.07,IMPS
TXN_05847,ACC_0994,ACC_0236,2025-05-20 05:00:00,165940.47,NEFT
TXN_05848,ACC_0748,ACC_1027,2026-10-31 22:00:00,325634.75,NEFT
TXN_05849,ACC_0973,ACC_0630,2025-01-09 10:00:00,81583.01,UPI
TXN_05850,ACC_0552,ACC_0339,2026-09-05 08:00:00,76271.47,UPI
TXN_05851,ACC_0689,ACC_0386,2026-01-08 17:00:00,365734.15,NEFT
TXN_05852,ACC_0852,ACC_0020,2025-01-01 16:00:00,397374.65,IMPS
TXN_05853,ACC_0239,ACC_0187,2024-05-25 01:00:00,34574.52,IMPS
TXN_05854,ACC_0832,ACC_0766,2026-10-14 21:00:00,482323.56,RTGS
TXN_05855,ACC_0187,ACC_0234,2024-03-23 03:00:00,384863.09,IMPS
TXN_05856,ACC_0672,ACC_0036,2024-05-24 09:00:00,119236.67,RTGS
TXN_05857,ACC_0922,ACC_0969,2026-06-28 02:00:00,28758.55,UPI
TXN_05858,ACC_0337,ACC_0683,2024-12-12 20:00:00,312102.53,IMPS
TXN_05859,ACC_0553,ACC_0072,2026-09-01 20:00:00,157809.64,UPI
TXN_05860,ACC_0681,ACC_0410,2026-09-21 07:00:00,153788.55,UPI
TXN_05861,ACC_0570,ACC_0275,2024-05-14 22:00:00,25270.48,NEFT
TXN_05862,ACC_0010,ACC_0699,2025-03-25 14:00:00,152280.4,IMPS
TXN_05863,ACC_0949,ACC_0219,2025-09-10 19:00:00,487174.51,NEFT
TXN_05864,ACC_0681,ACC_0221,2024-03-29 00:00:00,475612.64,IMPS
TXN_05865,ACC_0351,ACC_0657,2024-05-16 14:00:00,377459.5,IMPS
TXN_05866,ACC_0919,ACC_0599,2024-09-11 00:00:00,318646.37,NEFT
TXN_05867,ACC_0186,ACC_0772,2026-08-06 12:00:00,312037.54,IMPS
TXN_05868,ACC_0016,ACC_0006,2026-08-15 08:00:00,241389.94,UPI
TXN_05869,ACC_0192,ACC_0866,2025-08-17 07:00:00,468208.17,UPI
TXN_05870,ACC_0423,ACC_0401,2026-01-12 22:00:00,333406.46,IMPS
TXN_05871,ACC_0639,ACC_0524,2024-01-28 10:00:00,344217.42,RTGS
TXN_05872,ACC_0286,ACC_0709,2025-10-12 20:00:00,152407.16,RTGS
TXN_05873,ACC_0591,ACC_0805,2025-06-11 04:00:00,292229.45,UPI
TXN_05874,ACC_0234,ACC_0052,2025-12-06 21:00:00,461552.08,UPI
TXN_05875,ACC_0635,ACC_0624,2025-05-05 08:00:00,481953.29,UPI
TXN_05876,ACC_1004,ACC_0464,2025-01-05 10:00:00,290960.2,UPI
TXN_05877,ACC_0805,ACC_0507,2026-05-20 14:00:00,185947.9,RTGS
TXN_05878,ACC_0854,ACC_0474,2024-05-07 01:00:00,420962.37,UPI
TXN_05879,ACC_0037,ACC_0491,2024-10-22 13:00:00,391872.32,NEFT
TXN_05880,ACC_0725,ACC_0014,2024-07-01 10:00:00,355080.69,RTGS
TXN_05881,ACC_0972,ACC_0666,2025-04-21 09:00:00,403912.49,UPI
TXN_05882,ACC_0242,ACC_0166,2024-08-14 03:00:00,386364.77,RTGS
TXN_05883,ACC_0935,ACC_0145,2025-08-04 22:00:00,283632.17,RTGS
TXN_05884,ACC_0998,ACC_0226,2025-02-18 04:00:00,224632.89,RTGS
TXN_05885,ACC_0588,ACC_0493,2026-07-27 16:00:00,143441.42,NEFT
TXN_05886,ACC_0152,ACC_0341,2024-03-08 14:00:00,122099.07,UPI
TXN_05887,ACC_0317,ACC_0044,2024-06-13 17:00:00,200762.04,NEFT
TXN_05888,ACC_0773,ACC_0401,2024-04-27 15:00:00,444517.19,RTGS
TXN_05889,ACC_0338,ACC_0122,2025-06-09 13:00:00,65855.26,RTGS
TXN_05890,ACC_0765,ACC_1016,2026-05-04 01:00:00,369039.94,RTGS
TXN_05891,ACC_1018,ACC_1033,2024-03-09 21:00:00,396477.52,RTGS
TXN_05892,ACC_0625,ACC_0328,2026-08-29 19:00:00,427206.7,IMPS
TXN_05893,ACC_0479,ACC_0155,2024-01-15 18:00:00,43408.3,UPI
TXN_05894,ACC_0445,ACC_0415,2026-07-05 09:00:00,483014.61,NEFT
TXN_05895,ACC_0029,ACC_0385,2024-12-27 14:00:00,27032.32,NEFT
TXN_05896,ACC_0658,ACC_0702,2025-08-12 01:00:00,13916.13,UPI
TXN_05897,ACC_0955,ACC_0187,2026-04-19 18:00:00,367132.37,IMPS
TXN_05898,ACC_0147,ACC_0194,2025-01-05 15:00:00,12542.84,IMPS
TXN_05899,ACC_0834,ACC_0068,2024-03-06 00:00:00,139102.24,IMPS
TXN_05900,ACC_0313,ACC_0050,2025-12-11 12:00:00,61226.39,IMPS
TXN_05901,ACC_0683,ACC_0046,2025-04-07 11:00:00,499751.64,IMPS
TXN_05902,ACC_0168,ACC_0968,2026-06-01 11:00:00,27186.09,NEFT
TXN_05903,ACC_0669,ACC_0767,2025-08-04 04:00:00,405779.23,NEFT
TXN_05904,ACC_0731,ACC_0465,2026-05-01 00:00:00,94511.75,RTGS
TXN_05905,ACC_0276,ACC_0754,2024-01-07 20:00:00,84841.27,RTGS
TXN_05906,ACC_0257,ACC_0677,2025-09-21 15:00:00,273324.58,RTGS
TXN_05907,ACC_0695,ACC_0889,2024-01-10 08:00:00,336276.51,UPI
TXN_05908,ACC_0412,ACC_1001,2025-07-26 13:00:00,209825.38,UPI
TXN_05909,ACC_0186,ACC_0665,2026-10-25 14:00:00,431740.8,RTGS
TXN_05910,ACC_0103,ACC_0487,2024-08-08 12:00:00,367823.38,NEFT
TXN_05911,ACC_0244,ACC_0118,2025-11-30 09:00:00,91529.75,UPI
TXN_05912,ACC_0207,ACC_0318,2026-08-03 06:00:00,465012.59,RTGS
TXN_05913,ACC_0913,ACC_0765,2024-04-17 00:00:00,206757.28,NEFT
TXN_05914,ACC_0365,ACC_0242,2024-03-23 02:00:00,367697.82,UPI
TXN_05915,ACC_0665,ACC_0601,2026-01-02 05:00:00,406523.31,UPI
TXN_05916,ACC_0425,ACC_0905,2026-05-28 11:00:00,41865.69,IMPS
TXN_05917,ACC_0132,ACC_0122,2024-03-04 13:00:00,88555.66,UPI
TXN_05918,ACC_0025,ACC_0448,2025-02-08 16:00:00,135773.68,UPI
TXN_05919,ACC_0860,ACC_0858,2025-02-12 01:00:00,116344.16,NEFT
TXN_05920,ACC_0616,ACC_0538,2024-09-06 22:00:00,309675.46,RTGS
TXN_05921,ACC_0557,ACC_0239,2024-07-21 02:00:00,17499.39,RTGS
TXN_05922,ACC_0969,ACC_0124,2025-01-28 05:00:00,120168.68,RTGS
TXN_05923,ACC_0535,ACC_0254,2025-02-21 12:00:00,425214.35,RTGS
TXN_05924,ACC_0466,ACC_0458,2025-11-22 18:00:00,29570.69,RTGS
TXN_05925,ACC_0136,ACC_0440,2026-06-26 22:00:00,387252.43,UPI
TXN_05926,ACC_0592,ACC_0573,2024-03-12 11:00:00,284179.3,RTGS
TXN_05927,ACC_0580,ACC_0237,2024-02-05 15:00:00,121356.3,UPI
TXN_05928,ACC_0165,ACC_1032,2026-09-16 20:00:00,159222.28,IMPS
TXN_05929,ACC_0741,ACC_0589,2024-05-15 08:00:00,3718.57,RTGS
TXN_05930,ACC_0661,ACC_0413,2025-10-17 06:00:00,304768.32,IMPS
TXN_05931,ACC_0112,ACC_0823,2025-02-14 18:00:00,102183.48,IMPS
TXN_05932,ACC_0447,ACC_0381,2025-04-24 19:00:00,120611.05,RTGS
TXN_05933,ACC_1027,ACC_0752,2024-10-25 09:00:00,162872.71,IMPS
TXN_05934,ACC_0814,ACC_0197,2025-08-26 23:00:00,277215.04,IMPS
TXN_05935,ACC_0805,ACC_0483,2024-04-05 10:00:00,456786.82,NEFT
TXN_05936,ACC_0915,ACC_0247,2025-03-27 05:00:00,4523.95,RTGS
TXN_05937,ACC_0217,ACC_0713,2024-12-01 08:00:00,295795.16,RTGS
TXN_05938,ACC_0951,ACC_0422,2025-12-12 05:00:00,459977.28,IMPS
TXN_05939,ACC_0559,ACC_0437,2025-04-30 02:00:00,272395.04,IMPS
TXN_05940,ACC_0196,ACC_0976,2026-03-16 18:00:00,377512.14,RTGS
TXN_05941,ACC_0447,ACC_0652,2026-05-01 23:00:00,120746.75,IMPS
TXN_05942,ACC_0943,ACC_0785,2026-08-25 05:00:00,348316.29,UPI
TXN_05943,ACC_0920,ACC_0601,2025-12-02 09:00:00,74095.17,NEFT
TXN_05944,ACC_0427,ACC_0339,2026-06-12 07:00:00,168897.51,RTGS
TXN_05945,ACC_0770,ACC_0959,2025-12-17 23:00:00,488979.19,RTGS
TXN_05946,ACC_0966,ACC_0721,2024-01-14 07:00:00,119329.66,NEFT
TXN_05947,ACC_0368,ACC_0295,2025-01-26 01:00:00,469920.42,IMPS
TXN_05948,ACC_0226,ACC_0745,2025-11-14 01:00:00,370737.38,NEFT
TXN_05949,ACC_0506,ACC_0569,2026-08-09 09:00:00,345745.5,RTGS
TXN_05950,ACC_0291,ACC_0316,2026-08-01 09:00:00,481044.66,UPI
TXN_05951,ACC_0176,ACC_0946,2026-03-13 00:00:00,286563.75,RTGS
TXN_05952,ACC_0539,ACC_0559,2026-01-22 13:00:00,90108.15,UPI
TXN_05953,ACC_0204,ACC_0672,2025-05-04 19:00:00,29057.23,RTGS
TXN_05954,ACC_1019,ACC_0360,2026-10-03 01:00:00,189244.49,RTGS
TXN_05955,ACC_0177,ACC_0139,2026-09-14 02:00:00,477828.54,IMPS
TXN_05956,ACC_0073,ACC_0224,2025-08-11 05:00:00,2031.22,NEFT
TXN_05957,ACC_0431,ACC_0223,2024-11-14 02:00:00,198893.68,NEFT
TXN_05958,ACC_0276,ACC_0882,2026-07-04 11:00:00,325141.62,UPI
TXN_05959,ACC_0153,ACC_0927,2024-04-05 18:00:00,436773.42,RTGS
TXN_05960,ACC_0118,ACC_0326,2024-03-06 14:00:00,4711.44,RTGS
TXN_05961,ACC_0737,ACC_0245,2025-11-21 15:00:00,134341.5,RTGS
TXN_05962,ACC_0739,ACC_0416,2024-09-06 01:00:00,413751.91,RTGS
TXN_05963,ACC_0069,ACC_0512,2024-08-14 13:00:00,494722.35,RTGS
TXN_05964,ACC_0292,ACC_0968,2026-05-17 08:00:00,472807.18,UPI
TXN_05965,ACC_0998,ACC_0427,2026-04-03 03:00:00,419550.54,NEFT
TXN_05966,ACC_0408,ACC_0619,2024-10-17 22:00:00,178189.05,NEFT
TXN_05967,ACC_0255,ACC_0519,2024-08-01 20:00:00,410308.22,UPI
TXN_05968,ACC_0791,ACC_0199,2025-04-21 22:00:00,338505.45,IMPS
TXN_05969,ACC_0169,ACC_0648,2025-09-25 14:00:00,344882.69,RTGS
TXN_05970,ACC_0635,ACC_0153,2024-09-13 13:00:00,108529.82,RTGS
TXN_05971,ACC_0472,ACC_0579,2024-10-04 21:00:00,272846.79,RTGS
TXN_05972,ACC_0554,ACC_0783,2024-04-30 05:00:00,71250.94,IMPS
TXN_05973,ACC_0911,ACC_0677,2025-02-02 10:00:00,77583.45,NEFT
TXN_05974,ACC_0624,ACC_0182,2025-07-07 05:00:00,297067.89,RTGS
TXN_05975,ACC_0095,ACC_0718,2025-04-08 18:00:00,417234.0,UPI
TXN_05976,ACC_0684,ACC_0828,2026-06-10 09:00:00,199119.64,UPI
TXN_05977,ACC_0868,ACC_0390,2026-07-26 22:00:00,342754.45,NEFT
TXN_05978,ACC_0461,ACC_0340,2025-04-08 07:00:00,427947.7,NEFT
TXN_05979,ACC_0981,ACC_0033,2024-07-02 01:00:00,109992.78,IMPS
TXN_05980,ACC_0176,ACC_0085,2026-07-12 21:00:00,480990.6,UPI
TXN_05981,ACC_0783,ACC_0128,2025-03-20 11:00:00,276468.13,IMPS
TXN_05982,ACC_0558,ACC_0338,2024-03-20 03:00:00,401251.3,RTGS
TXN_05983,ACC_0433,ACC_0165,2025-09-15 21:00:00,405198.71,IMPS
TXN_05984,ACC_0683,ACC_0608,2026-09-08 04:00:00,176596.26,IMPS
TXN_05985,ACC_0766,ACC_0758,2024-09-04 10:00:00,48787.36,RTGS
TXN_05986,ACC_0452,ACC_0647,2026-03-25 11:00:00,281942.93,RTGS
TXN_05987,ACC_0128,ACC_0414,2025-05-23 16:00:00,279992.21,NEFT
TXN_05988,ACC_0708,ACC_0460,2025-11-19 12:00:00,207151.46,IMPS
TXN_05989,ACC_0026,ACC_0546,2024-12-28 17:00:00,64677.01,UPI
TXN_05990,ACC_0193,ACC_0498,2026-05-07 19:00:00,221798.55,RTGS
TXN_05991,ACC_0119,ACC_0257,2025-06-02 06:00:00,213472.11,NEFT
TXN_05992,ACC_0932,ACC_0056,2026-11-05 19:00:00,224725.4,RTGS
TXN_05993,ACC_0210,ACC_0295,2026-08-15 00:00:00,381588.98,IMPS
TXN_05994,ACC_0179,ACC_0280,2025-08-03 12:00:00,18475.86,RTGS
TXN_05995,ACC_0138,ACC_0455,2026-05-01 21:00:00,98428.5,RTGS
TXN_05996,ACC_0451,ACC_0449,2026-11-06 08:00:00,177937.48,NEFT
TXN_05997,ACC_0247,ACC_0037,2024-10-15 03:00:00,75714.26,NEFT
TXN_05998,ACC_0374,ACC_0882,2026-01-27 02:00:00,187964.26,IMPS
TXN_05999,ACC_0568,ACC_0971,2024-04-27 16:00:00,218754.59,UPI
TXN_06000,ACC_0110,ACC_0653,2026-02-19 21:00:00,295788.81,NEFT
TXN_06001,ACC_0288,ACC_0217,2025-12-07 21:00:00,407134.2,RTGS
TXN_06002,ACC_0725,ACC_0808,2025-05-31 21:00:00,26820.18,IMPS
TXN_06003,ACC_0021,ACC_0726,2024-01-10 20:00:00,374411.14,RTGS
TXN_06004,ACC_0847,ACC_0087,2024-05-11 20:00:00,196596.0,UPI
TXN_06005,ACC_0752,ACC_0439,2026-08-13 11:00:00,421889.74,UPI
TXN_06006,ACC_0156,ACC_0019,2026-08-01 23:00:00,354262.22,IMPS
TXN_06007,ACC_0463,ACC_0466,2025-10-03 08:00:00,401870.38,IMPS
TXN_06008,ACC_0921,ACC_1034,2024-03-06 15:00:00,74346.99,NEFT
TXN_06009,ACC_0333,ACC_0397,2026-06-16 16:00:00,140904.11,NEFT
TXN_06010,ACC_0730,ACC_0547,2026-10-09 21:00:00,271107.08,UPI
TXN_06011,ACC_0422,ACC_0032,2026-10-01 07:00:00,488480.28,RTGS
TXN_06012,ACC_0569,ACC_0296,2025-07-23 22:00:00,49979.18,RTGS
TXN_06013,ACC_0120,ACC_0162,2025-03-30 17:00:00,432055.56,UPI
TXN_06014,ACC_0069,ACC_0852,2024-05-17 19:00:00,413014.62,IMPS
TXN_06015,ACC_0691,ACC_0402,2024-12-11 18:00:00,96037.75,UPI
TXN_06016,ACC_0630,ACC_1021,2024-01-05 09:00:00,137342.97,IMPS
TXN_06017,ACC_0739,ACC_0488,2025-05-21 12:00:00,148356.75,UPI
TXN_06018,ACC_0780,ACC_0649,2024-04-05 07:00:00,264037.4,RTGS
TXN_06019,ACC_0316,ACC_0318,2025-06-26 09:00:00,201427.99,RTGS
TXN_06020,ACC_0576,ACC_0668,2025-10-16 11:00:00,210159.3,NEFT
TXN_06021,ACC_0357,ACC_0755,2024-05-04 02:00:00,470898.63,IMPS
TXN_06022,ACC_0782,ACC_0961,2026-08-12 11:00:00,352302.05,UPI
TXN_06023,ACC_0008,ACC_0285,2025-08-17 20:00:00,139692.9,NEFT
TXN_06024,ACC_0012,ACC_0822,2026-05-10 22:00:00,49004.4,IMPS
TXN_06025,ACC_0874,ACC_0611,2025-06-08 06:00:00,497744.68,RTGS
TXN_06026,ACC_0374,ACC_0183,2025-05-17 17:00:00,204589.54,NEFT
TXN_06027,ACC_1018,ACC_0895,2024-05-07 00:00:00,371385.92,UPI
TXN_06028,ACC_0595,ACC_0963,2024-08-02 00:00:00,215369.76,NEFT
TXN_06029,ACC_0399,ACC_1006,2024-03-08 18:00:00,317661.57,UPI
TXN_06030,ACC_0566,ACC_0635,2025-07-02 04:00:00,462837.56,UPI
TXN_06031,ACC_0683,ACC_0809,2026-04-04 14:00:00,475365.01,IMPS
TXN_06032,ACC_0327,ACC_0748,2024-01-26 11:00:00,7549.64,IMPS
TXN_06033,ACC_0548,ACC_0680,2025-01-16 01:00:00,458009.82,UPI
TXN_06034,ACC_0230,ACC_0178,2025-05-07 18:00:00,131779.82,RTGS
TXN_06035,ACC_0915,ACC_0507,2024-07-23 04:00:00,456872.54,NEFT
TXN_06036,ACC_0349,ACC_0270,2024-03-19 12:00:00,138910.59,IMPS
TXN_06037,ACC_0968,ACC_0410,2025-11-11 17:00:00,355653.2,RTGS
TXN_06038,ACC_0064,ACC_0470,2025-12-14 12:00:00,37833.15,IMPS
TXN_06039,ACC_0958,ACC_0016,2024-02-08 03:00:00,114182.67,UPI
TXN_06040,ACC_0607,ACC_0627,2025-04-14 07:00:00,455096.44,IMPS
TXN_06041,ACC_0098,ACC_0292,2025-01-26 06:00:00,498451.13,IMPS
TXN_06042,ACC_0985,ACC_0325,2026-10-16 14:00:00,82912.88,NEFT
TXN_06043,ACC_0072,ACC_0692,2026-02-22 19:00:00,62020.91,RTGS
TXN_06044,ACC_0548,ACC_0080,2024-02-13 09:00:00,484118.35,RTGS
TXN_06045,ACC_0799,ACC_0536,2025-07-12 14:00:00,256656.1,NEFT
TXN_06046,ACC_0744,ACC_1036,2026-01-26 11:00:00,350734.34,UPI
TXN_06047,ACC_0254,ACC_0377,2026-02-26 01:00:00,108205.71,IMPS
TXN_06048,ACC_0047,ACC_0901,2024-06-24 06:00:00,242179.28,RTGS
TXN_06049,ACC_0659,ACC_0832,2024-08-02 12:00:00,41547.91,RTGS
TXN_06050,ACC_0952,ACC_0021,2026-03-03 03:00:00,31242.76,NEFT
TXN_06051,ACC_0256,ACC_0172,2025-02-09 16:00:00,487824.3,NEFT
TXN_06052,ACC_0135,ACC_1016,2026-01-10 15:00:00,291603.23,NEFT
TXN_06053,ACC_1017,ACC_0867,2026-02-09 14:00:00,114590.28,NEFT
TXN_06054,ACC_0995,ACC_0068,2025-08-25 19:00:00,464259.05,UPI
TXN_06055,ACC_0353,ACC_0223,2024-06-25 13:00:00,225146.41,UPI
TXN_06056,ACC_0650,ACC_0381,2026-08-12 03:00:00,414236.57,UPI
TXN_06057,ACC_0324,ACC_0227,2024-04-05 08:00:00,130683.54,IMPS
TXN_06058,ACC_0204,ACC_0294,2026-02-08 06:00:00,113742.17,IMPS
TXN_06059,ACC_0146,ACC_0546,2025-04-21 19:00:00,89330.12,RTGS
TXN_06060,ACC_1031,ACC_0650,2024-09-20 01:00:00,372607.5,NEFT
TXN_06061,ACC_0618,ACC_0163,2025-06-26 17:00:00,131858.41,RTGS
TXN_06062,ACC_0540,ACC_0513,2025-10-29 16:00:00,182123.62,UPI
TXN_06063,ACC_0185,ACC_1019,2024-12-27 07:00:00,225574.43,RTGS
TXN_06064,ACC_0448,ACC_0733,2026-03-25 18:00:00,407632.11,UPI
TXN_06065,ACC_0608,ACC_0933,2026-01-23 14:00:00,204144.9,NEFT
TXN_06066,ACC_0516,ACC_0598,2024-01-03 04:00:00,110507.78,UPI
TXN_06067,ACC_0375,ACC_0547,2024-06-26 18:00:00,498735.94,IMPS
TXN_06068,ACC_0690,ACC_0250,2026-09-27 13:00:00,453486.85,RTGS
TXN_06069,ACC_0262,ACC_0734,2025-11-09 14:00:00,482280.01,RTGS
TXN_06070,ACC_0621,ACC_0577,2025-08-05 04:00:00,437336.2,UPI
TXN_06071,ACC_0579,ACC_0385,2025-08-03 22:00:00,131944.81,IMPS
TXN_06072,ACC_0159,ACC_0514,2026-08-25 05:00:00,411020.8,UPI
TXN_06073,ACC_0140,ACC_0026,2025-06-04 04:00:00,183371.53,UPI
TXN_06074,ACC_0002,ACC_0805,2025-03-28 10:00:00,242613.95,RTGS
TXN_06075,ACC_0030,ACC_0246,2024-02-04 23:00:00,367691.29,IMPS
TXN_06076,ACC_0010,ACC_0479,2024-09-03 19:00:00,248708.52,NEFT
TXN_06077,ACC_0043,ACC_1037,2026-03-02 11:00:00,447341.53,NEFT
TXN_06078,ACC_0749,ACC_0594,2024-02-26 01:00:00,97284.04,IMPS
TXN_06079,ACC_0679,ACC_1033,2026-08-12 05:00:00,43422.22,IMPS
TXN_06080,ACC_0697,ACC_0217,2025-03-18 09:00:00,153696.15,NEFT
TXN_06081,ACC_0634,ACC_0995,2025-09-01 00:00:00,466234.87,RTGS
TXN_06082,ACC_0893,ACC_0357,2025-04-23 18:00:00,340387.43,NEFT
TXN_06083,ACC_0159,ACC_0098,2024-06-08 23:00:00,36745.09,NEFT
TXN_06084,ACC_0044,ACC_0690,2025-12-06 17:00:00,127888.63,UPI
TXN_06085,ACC_0967,ACC_0618,2024-12-06 03:00:00,211424.09,NEFT
TXN_06086,ACC_0706,ACC_0543,2024-02-13 09:00:00,431781.19,RTGS
TXN_06087,ACC_0812,ACC_0458,2025-01-05 07:00:00,454411.33,RTGS
TXN_06088,ACC_0570,ACC_0992,2024-01-15 14:00:00,362429.66,IMPS
TXN_06089,ACC_0387,ACC_0363,2024-02-06 21:00:00,33443.9,IMPS
TXN_06090,ACC_0259,ACC_0139,2025-02-21 04:00:00,83093.5,RTGS
TXN_06091,ACC_0036,ACC_0320,2024-08-17 08:00:00,147907.47,IMPS
TXN_06092,ACC_0256,ACC_0166,2025-10-21 18:00:00,79902.08,IMPS
TXN_06093,ACC_0939,ACC_0772,2024-04-20 07:00:00,201709.65,NEFT
TXN_06094,ACC_0697,ACC_0376,2024-02-27 22:00:00,266056.85,RTGS
TXN_06095,ACC_0458,ACC_0267,2024-09-17 23:00:00,331745.71,IMPS
TXN_06096,ACC_0203,ACC_0958,2026-01-12 15:00:00,414025.1,UPI
TXN_06097,ACC_0490,ACC_0087,2024-02-06 22:00:00,402657.61,NEFT
TXN_06098,ACC_0151,ACC_0783,2025-02-14 14:00:00,197043.4,UPI
TXN_06099,ACC_0829,ACC_0931,2024-02-25 10:00:00,266726.04,UPI
TXN_06100,ACC_0071,ACC_0994,2024-06-26 12:00:00,401892.23,NEFT
TXN_06101,ACC_0026,ACC_0184,2025-04-09 21:00:00,245725.05,NEFT
TXN_06102,ACC_0890,ACC_0031,2025-04-29 09:00:00,197226.81,RTGS
TXN_06103,ACC_0045,ACC_0703,2025-07-20 00:00:00,310871.58,RTGS
TXN_06104,ACC_0987,ACC_0342,2025-09-24 08:00:00,330425.63,RTGS
TXN_06105,ACC_0278,ACC_0016,2024-09-21 17:00:00,483984.08,NEFT
TXN_06106,ACC_0432,ACC_0534,2024-10-09 01:00:00,465660.97,RTGS
TXN_06107,ACC_0503,ACC_0041,2024-12-30 18:00:00,395029.61,UPI
TXN_06108,ACC_1027,ACC_0206,2024-03-07 10:00:00,220420.15,IMPS
TXN_06109,ACC_0903,ACC_0516,2024-12-22 01:00:00,4142.05,NEFT
TXN_06110,ACC_0707,ACC_0456,2025-07-11 22:00:00,392070.63,NEFT
TXN_06111,ACC_0005,ACC_0087,2024-06-22 17:00:00,365634.31,RTGS
TXN_06112,ACC_0787,ACC_0789,2024-03-22 16:00:00,426710.98,UPI
TXN_06113,ACC_0899,ACC_0115,2025-01-01 10:00:00,402619.78,NEFT
TXN_06114,ACC_0985,ACC_0223,2024-12-17 19:00:00,99312.69,IMPS
TXN_06115,ACC_0183,ACC_0295,2024-02-20 01:00:00,150906.36,UPI
TXN_06116,ACC_0752,ACC_0533,2025-08-04 15:00:00,88590.67,RTGS
TXN_06117,ACC_0406,ACC_0495,2024-01-20 16:00:00,419385.19,IMPS
TXN_06118,ACC_0609,ACC_0329,2026-10-05 23:00:00,383090.88,UPI
TXN_06119,ACC_1035,ACC_0114,2024-10-06 17:00:00,166840.22,IMPS
TXN_06120,ACC_0324,ACC_0351,2024-09-01 15:00:00,376743.77,IMPS
TXN_06121,ACC_0902,ACC_0485,2025-11-02 02:00:00,67147.16,NEFT
TXN_06122,ACC_0348,ACC_0076,2024-12-04 05:00:00,320874.34,RTGS
TXN_06123,ACC_0844,ACC_0041,2025-09-21 03:00:00,111516.96,NEFT
TXN_06124,ACC_0659,ACC_0677,2025-11-11 19:00:00,218439.76,UPI
TXN_06125,ACC_0300,ACC_0053,2025-10-16 14:00:00,403469.14,IMPS
TXN_06126,ACC_0213,ACC_0932,2025-04-19 21:00:00,369193.86,RTGS
TXN_06127,ACC_0068,ACC_0376,2025-02-11 13:00:00,354580.35,IMPS
TXN_06128,ACC_0726,ACC_0747,2026-07-03 13:00:00,462269.86,RTGS
TXN_06129,ACC_0095,ACC_0893,2024-02-26 00:00:00,132600.85,RTGS
TXN_06130,ACC_0338,ACC_0502,2026-03-30 00:00:00,190119.41,NEFT
TXN_06131,ACC_0639,ACC_0915,2026-01-07 17:00:00,59896.21,RTGS
TXN_06132,ACC_0175,ACC_0242,2026-10-29 13:00:00,58897.14,IMPS
TXN_06133,ACC_0713,ACC_0604,2024-04-06 22:00:00,68751.88,IMPS
TXN_06134,ACC_0259,ACC_0188,2025-05-08 05:00:00,228839.5,UPI
TXN_06135,ACC_0975,ACC_0753,2025-04-18 01:00:00,148471.41,UPI
TXN_06136,ACC_0181,ACC_0451,2024-11-04 10:00:00,319273.12,RTGS
TXN_06137,ACC_0619,ACC_0390,2026-07-03 19:00:00,189384.27,RTGS
TXN_06138,ACC_0544,ACC_0664,2025-05-13 17:00:00,70411.74,NEFT
TXN_06139,ACC_0369,ACC_1033,2024-06-24 10:00:00,387804.97,IMPS
TXN_06140,ACC_0543,ACC_0209,2024-06-11 01:00:00,417882.82,RTGS
TXN_06141,ACC_0622,ACC_0273,2025-01-08 19:00:00,219054.93,IMPS
TXN_06142,ACC_0766,ACC_0072,2025-06-20 23:00:00,379582.66,UPI
TXN_06143,ACC_0941,ACC_0493,2026-05-09 23:00:00,220752.84,IMPS
TXN_06144,ACC_0224,ACC_0459,2025-09-22 07:00:00,100542.08,NEFT
TXN_06145,ACC_0288,ACC_0931,2024-11-13 01:00:00,403095.36,RTGS
TXN_06146,ACC_0066,ACC_0251,2024-10-06 08:00:00,188199.96,UPI
TXN_06147,ACC_0332,ACC_0713,2025-03-14 11:00:00,208291.48,NEFT
TXN_06148,ACC_0556,ACC_0396,2026-07-08 01:00:00,43705.02,NEFT
TXN_06149,ACC_0288,ACC_0801,2024-04-12 11:00:00,390054.89,IMPS
TXN_06150,ACC_1037,ACC_0342,2026-03-20 06:00:00,405767.64,NEFT
TXN_06151,ACC_0832,ACC_0271,2024-01-11 06:00:00,460168.36,IMPS
TXN_06152,ACC_0612,ACC_0385,2026-01-01 08:00:00,272684.78,NEFT
TXN_06153,ACC_0225,ACC_0907,2025-03-13 17:00:00,94475.61,UPI
TXN_06154,ACC_0300,ACC_0760,2024-04-29 22:00:00,394219.8,IMPS
TXN_06155,ACC_0282,ACC_0726,2025-07-21 18:00:00,424266.61,UPI
TXN_06156,ACC_0858,ACC_0863,2024-05-22 11:00:00,342378.13,NEFT
TXN_06157,ACC_0548,ACC_0967,2026-10-31 02:00:00,226135.2,IMPS
TXN_06158,ACC_0482,ACC_0921,2024-09-15 20:00:00,453549.71,UPI
TXN_06159,ACC_0614,ACC_0607,2024-01-04 11:00:00,108230.14,UPI
TXN_06160,ACC_0305,ACC_0395,2026-10-07 20:00:00,435269.4,UPI
TXN_06161,ACC_0622,ACC_0651,2025-06-13 22:00:00,76543.14,UPI
TXN_06162,ACC_0777,ACC_0320,2026-02-20 02:00:00,111273.28,IMPS
TXN_06163,ACC_0120,ACC_0303,2026-02-07 04:00:00,328638.41,NEFT
TXN_06164,ACC_1031,ACC_0354,2024-11-14 08:00:00,36327.37,NEFT
TXN_06165,ACC_0639,ACC_0690,2024-01-14 17:00:00,425021.0,IMPS
TXN_06166,ACC_0758,ACC_0831,2024-08-20 01:00:00,355470.02,IMPS
TXN_06167,ACC_0922,ACC_0182,2026-02-12 01:00:00,493502.82,NEFT
TXN_06168,ACC_0792,ACC_0304,2025-07-25 14:00:00,182539.32,NEFT
TXN_06169,ACC_0825,ACC_0409,2025-08-14 01:00:00,362625.16,RTGS
TXN_06170,ACC_0259,ACC_0732,2026-05-08 18:00:00,370976.49,RTGS
TXN_06171,ACC_0490,ACC_0110,2026-04-18 11:00:00,405844.65,NEFT
TXN_06172,ACC_0784,ACC_0950,2026-09-26 23:00:00,478233.5,RTGS
TXN_06173,ACC_0179,ACC_0864,2025-07-29 20:00:00,116247.95,IMPS
TXN_06174,ACC_0661,ACC_0184,2025-02-06 13:00:00,199695.83,IMPS
TXN_06175,ACC_0816,ACC_0363,2025-09-14 20:00:00,264322.14,UPI
TXN_06176,ACC_0987,ACC_0747,2026-04-28 07:00:00,24860.75,RTGS
TXN_06177,ACC_0726,ACC_0976,2025-11-19 23:00:00,69278.74,NEFT
TXN_06178,ACC_0639,ACC_0737,2026-03-11 13:00:00,266895.36,NEFT
TXN_06179,ACC_0575,ACC_0632,2026-01-24 06:00:00,338781.1,RTGS
TXN_06180,ACC_0286,ACC_0622,2024-06-02 09:00:00,72101.12,NEFT
TXN_06181,ACC_0467,ACC_1010,2026-03-20 06:00:00,66007.31,NEFT
TXN_06182,ACC_1011,ACC_0218,2025-06-20 05:00:00,305903.29,RTGS
TXN_06183,ACC_0784,ACC_0567,2024-12-01 03:00:00,171795.2,UPI
TXN_06184,ACC_0849,ACC_0166,2025-02-11 19:00:00,497465.57,UPI
TXN_06185,ACC_0790,ACC_0645,2024-12-18 04:00:00,306503.89,UPI
TXN_06186,ACC_0163,ACC_0799,2026-09-23 07:00:00,450713.33,UPI
TXN_06187,ACC_1039,ACC_0415,2025-06-25 13:00:00,335803.88,NEFT
TXN_06188,ACC_0508,ACC_0979,2024-06-15 13:00:00,54584.37,UPI
TXN_06189,ACC_0855,ACC_0505,2024-02-13 21:00:00,135763.69,UPI
TXN_06190,ACC_0315,ACC_1030,2025-04-23 17:00:00,275551.12,UPI
TXN_06191,ACC_0580,ACC_0289,2024-02-12 04:00:00,466816.5,NEFT
TXN_06192,ACC_0426,ACC_0547,2024-01-29 16:00:00,85126.91,NEFT
TXN_06193,ACC_0681,ACC_0003,2024-12-08 03:00:00,61519.49,RTGS
TXN_06194,ACC_0879,ACC_1004,2024-05-28 22:00:00,234815.9,UPI
TXN_06195,ACC_0385,ACC_0804,2025-07-20 11:00:00,205319.79,UPI
TXN_06196,ACC_0635,ACC_0381,2025-09-09 20:00:00,416894.53,UPI
TXN_06197,ACC_0526,ACC_0133,2026-03-02 03:00:00,71447.98,NEFT
TXN_06198,ACC_0106,ACC_0834,2025-07-27 07:00:00,156672.23,IMPS
TXN_06199,ACC_0488,ACC_0974,2026-02-19 18:00:00,70523.96,RTGS
TXN_06200,ACC_0704,ACC_0789,2026-08-14 23:00:00,137911.68,RTGS
TXN_06201,ACC_0730,ACC_0055,2025-12-14 15:00:00,252367.71,RTGS
TXN_06202,ACC_0218,ACC_0704,2024-10-22 00:00:00,145004.93,RTGS
TXN_06203,ACC_0696,ACC_0468,2024-06-13 11:00:00,122472.04,RTGS
TXN_06204,ACC_0730,ACC_0172,2024-10-27 02:00:00,58492.82,UPI
TXN_06205,ACC_0377,ACC_0714,2025-06-04 00:00:00,325964.35,RTGS
TXN_06206,ACC_0606,ACC_0117,2024-03-29 19:00:00,158300.34,IMPS
TXN_06207,ACC_0961,ACC_0120,2024-10-16 17:00:00,367451.03,NEFT
TXN_06208,ACC_1003,ACC_0933,2025-02-21 11:00:00,273987.73,RTGS
TXN_06209,ACC_0675,ACC_0281,2026-01-29 13:00:00,24982.0,UPI
TXN_06210,ACC_0782,ACC_0675,2025-09-22 11:00:00,478564.1,RTGS
TXN_06211,ACC_0152,ACC_0360,2026-04-07 15:00:00,162881.71,IMPS
TXN_06212,ACC_0613,ACC_1014,2025-02-11 23:00:00,32956.15,RTGS
TXN_06213,ACC_0997,ACC_0324,2024-05-18 18:00:00,276288.47,RTGS
TXN_06214,ACC_0928,ACC_0177,2025-02-23 23:00:00,141861.25,UPI
TXN_06215,ACC_0857,ACC_0404,2024-11-20 00:00:00,226624.35,RTGS
TXN_06216,ACC_0370,ACC_0587,2025-09-17 22:00:00,20205.97,IMPS
TXN_06217,ACC_0413,ACC_0555,2025-10-20 09:00:00,419811.15,IMPS
TXN_06218,ACC_0414,ACC_0364,2026-10-13 00:00:00,51297.84,IMPS
TXN_06219,ACC_0478,ACC_0604,2025-01-28 11:00:00,138383.8,RTGS
TXN_06220,ACC_0173,ACC_0732,2025-02-21 18:00:00,441740.6,RTGS
TXN_06221,ACC_0036,ACC_0758,2026-03-22 22:00:00,410951.54,UPI
TXN_06222,ACC_0460,ACC_0515,2025-07-03 02:00:00,489099.42,IMPS
TXN_06223,ACC_0151,ACC_0878,2026-10-10 03:00:00,447057.04,UPI
TXN_06224,ACC_0103,ACC_0267,2024-06-04 11:00:00,53022.27,UPI
TXN_06225,ACC_0761,ACC_0335,2026-11-04 17:00:00,176882.5,UPI
TXN_06226,ACC_0698,ACC_0211,2026-04-02 15:00:00,193523.99,NEFT
TXN_06227,ACC_0002,ACC_0190,2025-02-20 14:00:00,423645.43,UPI
TXN_06228,ACC_0168,ACC_1033,2025-10-18 01:00:00,228483.69,UPI
TXN_06229,ACC_0123,ACC_0063,2025-09-08 21:00:00,155499.21,IMPS
TXN_06230,ACC_1006,ACC_0184,2025-08-10 22:00:00,468407.42,NEFT
TXN_06231,ACC_0561,ACC_0085,2025-03-30 14:00:00,496634.82,IMPS
TXN_06232,ACC_0970,ACC_1023,2025-01-05 08:00:00,193287.39,IMPS
TXN_06233,ACC_0247,ACC_0318,2026-05-04 01:00:00,66171.0,RTGS
TXN_06234,ACC_0209,ACC_0842,2026-02-11 21:00:00,62250.83,RTGS
TXN_06235,ACC_0467,ACC_0946,2025-12-18 19:00:00,325714.64,IMPS
TXN_06236,ACC_0399,ACC_0610,2025-11-01 18:00:00,423023.52,RTGS
TXN_06237,ACC_0814,ACC_0745,2024-04-14 18:00:00,163229.39,IMPS
TXN_06238,ACC_1037,ACC_0458,2026-06-01 21:00:00,121113.92,UPI
TXN_06239,ACC_0818,ACC_0445,2026-01-17 21:00:00,134424.32,NEFT
TXN_06240,ACC_0221,ACC_0218,2025-05-04 03:00:00,238600.51,UPI
TXN_06241,ACC_0067,ACC_0815,2026-05-18 21:00:00,5062.31,RTGS
TXN_06242,ACC_0308,ACC_0858,2024-02-01 15:00:00,19083.44,RTGS
TXN_06243,ACC_0913,ACC_0311,2024-10-05 07:00:00,162502.42,NEFT
TXN_06244,ACC_0995,ACC_0888,2025-12-29 16:00:00,289654.41,RTGS
TXN_06245,ACC_0631,ACC_0587,2025-10-19 17:00:00,183600.12,UPI
TXN_06246,ACC_0535,ACC_0098,2024-12-15 20:00:00,270252.87,NEFT
TXN_06247,ACC_0036,ACC_0910,2026-06-20 18:00:00,303446.91,RTGS
TXN_06248,ACC_0413,ACC_0896,2026-03-16 09:00:00,468513.09,IMPS
TXN_06249,ACC_0925,ACC_0290,2026-11-01 17:00:00,113761.77,UPI
TXN_06250,ACC_0272,ACC_0918,2026-10-21 02:00:00,151148.62,IMPS
TXN_06251,ACC_0686,ACC_0362,2024-02-15 02:00:00,19771.98,IMPS
TXN_06252,ACC_0572,ACC_0647,2025-06-11 00:00:00,248114.76,NEFT
TXN_06253,ACC_0281,ACC_0404,2025-04-09 01:00:00,58674.69,UPI
TXN_06254,ACC_0567,ACC_0737,2024-05-08 11:00:00,73935.18,NEFT
TXN_06255,ACC_0597,ACC_0790,2024-05-05 03:00:00,59819.21,UPI
TXN_06256,ACC_0140,ACC_0078,2024-11-15 19:00:00,306720.74,NEFT
TXN_06257,ACC_0098,ACC_0256,2024-01-10 00:00:00,203012.3,RTGS
TXN_06258,ACC_0900,ACC_0084,2026-06-19 02:00:00,121207.74,NEFT
TXN_06259,ACC_0852,ACC_0192,2026-01-06 11:00:00,499980.16,UPI
TXN_06260,ACC_0814,ACC_0306,2024-10-29 23:00:00,63050.12,RTGS
TXN_06261,ACC_0555,ACC_0553,2026-02-28 18:00:00,323570.69,UPI
TXN_06262,ACC_0835,ACC_0882,2026-06-26 00:00:00,439914.89,NEFT
TXN_06263,ACC_0245,ACC_0097,2025-05-11 12:00:00,321452.5,RTGS
TXN_06264,ACC_0981,ACC_0989,2024-09-03 20:00:00,29963.74,RTGS
TXN_06265,ACC_0145,ACC_0892,2025-06-17 17:00:00,389203.08,UPI
TXN_06266,ACC_0725,ACC_0188,2024-01-17 03:00:00,393556.39,UPI
TXN_06267,ACC_0180,ACC_0635,2025-04-01 07:00:00,393594.61,IMPS
TXN_06268,ACC_0160,ACC_0624,2026-09-09 18:00:00,257279.67,RTGS
TXN_06269,ACC_0544,ACC_0743,2026-11-01 18:00:00,23996.86,NEFT
TXN_06270,ACC_0894,ACC_0479,2024-09-11 14:00:00,56188.45,NEFT
TXN_06271,ACC_0550,ACC_1006,2025-08-04 14:00:00,5573.47,NEFT
TXN_06272,ACC_0791,ACC_0454,2026-10-24 22:00:00,111745.79,UPI
TXN_06273,ACC_0027,ACC_0382,2026-10-11 12:00:00,192100.65,IMPS
TXN_06274,ACC_0389,ACC_0343,2025-11-05 13:00:00,467814.35,NEFT
TXN_06275,ACC_0502,ACC_0093,2025-10-04 10:00:00,297884.65,NEFT
TXN_06276,ACC_0953,ACC_0026,2024-07-15 12:00:00,465799.82,IMPS
TXN_06277,ACC_0119,ACC_0588,2026-08-28 03:00:00,215718.37,RTGS
TXN_06278,ACC_0367,ACC_0738,2025-12-20 16:00:00,227749.79,IMPS
TXN_06279,ACC_0853,ACC_0962,2026-01-10 01:00:00,328889.24,RTGS
TXN_06280,ACC_1032,ACC_0396,2025-09-10 12:00:00,95159.45,IMPS
TXN_06281,ACC_0337,ACC_0096,2025-03-26 18:00:00,226771.97,RTGS
TXN_06282,ACC_0855,ACC_0861,2026-08-19 12:00:00,391115.51,NEFT
TXN_06283,ACC_0573,ACC_0038,2026-04-26 20:00:00,49368.23,NEFT
TXN_06284,ACC_0104,ACC_0572,2026-05-25 20:00:00,101210.64,UPI
TXN_06285,ACC_0501,ACC_0952,2024-04-23 06:00:00,361033.9,UPI
TXN_06286,ACC_0776,ACC_0274,2026-01-01 17:00:00,389065.81,UPI
TXN_06287,ACC_0104,ACC_0962,2024-10-04 07:00:00,42987.44,NEFT
TXN_06288,ACC_0910,ACC_0604,2026-01-29 15:00:00,275312.35,IMPS
TXN_06289,ACC_0638,ACC_0104,2024-04-23 00:00:00,414871.67,UPI
TXN_06290,ACC_0518,ACC_0581,2025-10-26 12:00:00,287883.41,RTGS
TXN_06291,ACC_0374,ACC_0343,2026-04-17 06:00:00,399135.72,IMPS
TXN_06292,ACC_0167,ACC_0845,2026-03-02 23:00:00,297827.93,IMPS
TXN_06293,ACC_0831,ACC_0049,2026-08-29 10:00:00,365803.16,NEFT
TXN_06294,ACC_0178,ACC_0187,2026-10-27 20:00:00,422900.77,NEFT
TXN_06295,ACC_0929,ACC_0040,2024-10-07 18:00:00,103096.66,UPI
TXN_06296,ACC_0860,ACC_0375,2025-07-05 06:00:00,38107.84,NEFT
TXN_06297,ACC_0676,ACC_0556,2026-10-17 05:00:00,164438.69,UPI
TXN_06298,ACC_0864,ACC_1039,2026-07-04 04:00:00,221852.16,RTGS
TXN_06299,ACC_0438,ACC_0251,2025-07-09 12:00:00,277655.34,NEFT
TXN_06300,ACC_0729,ACC_0017,2024-04-10 22:00:00,432609.95,RTGS
TXN_06301,ACC_0414,ACC_0440,2025-10-23 22:00:00,6722.87,UPI
TXN_06302,ACC_0270,ACC_0804,2025-09-30 19:00:00,423205.58,UPI
TXN_06303,ACC_0058,ACC_0027,2026-10-14 12:00:00,314619.46,UPI
TXN_06304,ACC_0319,ACC_0999,2024-10-04 19:00:00,498627.2,UPI
TXN_06305,ACC_0039,ACC_0302,2025-02-10 01:00:00,170590.53,UPI
TXN_06306,ACC_0031,ACC_0674,2025-01-24 11:00:00,420641.18,UPI
TXN_06307,ACC_0503,ACC_0811,2024-03-01 16:00:00,357537.51,NEFT
TXN_06308,ACC_0320,ACC_0147,2026-02-18 01:00:00,221818.97,IMPS
TXN_06309,ACC_0459,ACC_0167,2025-03-11 18:00:00,490849.51,UPI
TXN_06310,ACC_0025,ACC_0480,2025-05-25 11:00:00,26982.86,RTGS
TXN_06311,ACC_0429,ACC_0259,2025-04-18 21:00:00,260391.29,NEFT
TXN_06312,ACC_1024,ACC_0799,2026-10-16 07:00:00,65186.27,IMPS
TXN_06313,ACC_0214,ACC_0748,2026-09-09 14:00:00,307233.64,RTGS
TXN_06314,ACC_0904,ACC_0599,2024-06-16 00:00:00,154889.09,RTGS
TXN_06315,ACC_0946,ACC_0356,2026-04-26 20:00:00,103262.91,NEFT
TXN_06316,ACC_0534,ACC_0454,2024-01-01 21:00:00,186577.05,RTGS
TXN_06317,ACC_0593,ACC_0086,2025-12-18 08:00:00,361607.38,RTGS
TXN_06318,ACC_0010,ACC_1003,2026-11-06 01:00:00,424126.99,IMPS
TXN_06319,ACC_0437,ACC_0281,2024-04-10 18:00:00,65972.93,UPI
TXN_06320,ACC_0727,ACC_0451,2026-04-19 17:00:00,215203.65,RTGS
TXN_06321,ACC_0077,ACC_0738,2025-05-19 12:00:00,417519.34,NEFT
TXN_06322,ACC_0065,ACC_0325,2024-04-15 00:00:00,10964.9,NEFT
TXN_06323,ACC_0766,ACC_0427,2024-05-02 20:00:00,171675.9,RTGS
TXN_06324,ACC_0364,ACC_0590,2024-04-19 05:00:00,359970.82,NEFT
TXN_06325,ACC_0981,ACC_0305,2024-08-06 09:00:00,211656.45,NEFT
TXN_06326,ACC_0960,ACC_0934,2024-02-19 19:00:00,26153.47,IMPS
TXN_06327,ACC_0227,ACC_0903,2024-05-22 04:00:00,489822.47,IMPS
TXN_06328,ACC_0005,ACC_0424,2025-05-06 02:00:00,364031.46,NEFT
TXN_06329,ACC_1010,ACC_0689,2026-08-27 01:00:00,164637.36,RTGS
TXN_06330,ACC_0174,ACC_0922,2026-02-28 14:00:00,243838.03,IMPS
TXN_06331,ACC_0940,ACC_0599,2025-08-19 02:00:00,234742.92,NEFT
TXN_06332,ACC_0450,ACC_0049,2026-03-06 17:00:00,449359.77,RTGS
TXN_06333,ACC_0644,ACC_0467,2024-04-15 19:00:00,443803.7,IMPS
TXN_06334,ACC_0067,ACC_0170,2025-05-13 08:00:00,322057.6,UPI
TXN_06335,ACC_0403,ACC_0520,2025-02-12 20:00:00,326717.49,RTGS
TXN_06336,ACC_0144,ACC_1028,2026-02-25 22:00:00,381583.84,NEFT
TXN_06337,ACC_0848,ACC_0200,2025-05-30 12:00:00,338062.17,NEFT
TXN_06338,ACC_0992,ACC_0787,2026-04-25 16:00:00,196934.91,RTGS
TXN_06339,ACC_0486,ACC_0775,2024-11-18 18:00:00,35602.58,NEFT
TXN_06340,ACC_0978,ACC_0148,2024-07-12 14:00:00,12949.35,IMPS
TXN_06341,ACC_0336,ACC_0893,2024-04-23 03:00:00,225093.23,IMPS
TXN_06342,ACC_0126,ACC_0674,2026-07-22 18:00:00,87113.72,NEFT
TXN_06343,ACC_0398,ACC_0947,2026-09-24 00:00:00,45594.75,UPI
TXN_06344,ACC_0192,ACC_0001,2026-06-26 07:00:00,365302.69,RTGS
TXN_06345,ACC_0754,ACC_0666,2025-07-03 09:00:00,112203.82,NEFT
TXN_06346,ACC_1027,ACC_1029,2024-02-25 02:00:00,209977.41,UPI
TXN_06347,ACC_0979,ACC_0475,2024-11-15 10:00:00,394446.12,IMPS
TXN_06348,ACC_0698,ACC_0078,2025-07-26 18:00:00,452855.88,NEFT
TXN_06349,ACC_0916,ACC_0474,2026-07-15 03:00:00,314128.84,RTGS
TXN_06350,ACC_0356,ACC_0474,2024-02-01 00:00:00,367724.46,RTGS
TXN_06351,ACC_0071,ACC_0736,2026-06-26 03:00:00,498617.82,RTGS
TXN_06352,ACC_0749,ACC_0696,2025-06-22 09:00:00,72831.45,NEFT
TXN_06353,ACC_1034,ACC_0153,2026-07-30 10:00:00,78327.87,UPI
TXN_06354,ACC_0516,ACC_0753,2025-10-02 17:00:00,283247.37,NEFT
TXN_06355,ACC_0491,ACC_0703,2026-07-17 17:00:00,51529.73,NEFT
TXN_06356,ACC_0966,ACC_0108,2026-05-31 03:00:00,92562.66,RTGS
TXN_06357,ACC_0576,ACC_0661,2024-07-19 15:00:00,97004.35,NEFT
TXN_06358,ACC_0503,ACC_0751,2026-08-18 00:00:00,156987.21,NEFT
TXN_06359,ACC_0141,ACC_0139,2026-06-30 08:00:00,365407.49,NEFT
TXN_06360,ACC_0227,ACC_0518,2024-06-24 04:00:00,489246.76,NEFT
TXN_06361,ACC_0336,ACC_0274,2026-02-05 05:00:00,127554.62,RTGS
TXN_06362,ACC_0275,ACC_0820,2026-06-24 13:00:00,133837.07,IMPS
TXN_06363,ACC_0509,ACC_0788,2026-03-16 22:00:00,424315.7,IMPS
TXN_06364,ACC_0086,ACC_0839,2026-04-07 21:00:00,325767.06,IMPS
TXN_06365,ACC_0267,ACC_0096,2024-03-06 18:00:00,357018.2,RTGS
TXN_06366,ACC_0332,ACC_0279,2024-05-23 17:00:00,121732.75,RTGS
TXN_06367,ACC_0233,ACC_0235,2024-06-20 19:00:00,197515.69,NEFT
TXN_06368,ACC_0785,ACC_0397,2026-09-21 11:00:00,274591.71,RTGS
TXN_06369,ACC_0235,ACC_0413,2025-02-14 04:00:00,100228.52,RTGS
TXN_06370,ACC_0881,ACC_0933,2024-06-17 03:00:00,164243.19,RTGS
TXN_06371,ACC_0302,ACC_0483,2025-08-09 15:00:00,325576.34,NEFT
TXN_06372,ACC_0566,ACC_0494,2026-10-27 09:00:00,17599.64,RTGS
TXN_06373,ACC_0864,ACC_0731,2024-12-30 23:00:00,187423.65,UPI
TXN_06374,ACC_0720,ACC_0284,2026-01-20 04:00:00,180456.88,IMPS
TXN_06375,ACC_0716,ACC_0037,2024-09-29 09:00:00,455035.7,IMPS
TXN_06376,ACC_0909,ACC_0061,2025-02-20 11:00:00,15557.14,RTGS
TXN_06377,ACC_1027,ACC_0399,2026-08-22 02:00:00,338529.7,IMPS
TXN_06378,ACC_0959,ACC_0323,2026-02-10 05:00:00,42489.05,IMPS
TXN_06379,ACC_0520,ACC_0079,2025-09-07 03:00:00,472549.63,NEFT
TXN_06380,ACC_0541,ACC_1034,2025-12-09 06:00:00,416479.31,NEFT
TXN_06381,ACC_0468,ACC_0753,2025-03-20 21:00:00,224021.44,IMPS
TXN_06382,ACC_0068,ACC_0286,2024-09-25 16:00:00,100367.85,RTGS
TXN_06383,ACC_0173,ACC_0548,2024-04-30 21:00:00,392768.94,IMPS
TXN_06384,ACC_0021,ACC_0022,2025-07-09 21:00:00,466520.93,NEFT
TXN_06385,ACC_1035,ACC_0883,2024-11-06 07:00:00,308419.89,NEFT
TXN_06386,ACC_0721,ACC_0685,2024-11-25 09:00:00,92862.96,NEFT
TXN_06387,ACC_0300,ACC_0744,2026-04-11 00:00:00,221681.73,NEFT
TXN_06388,ACC_0499,ACC_0396,2024-01-08 01:00:00,367215.76,IMPS
TXN_06389,ACC_0317,ACC_0585,2026-04-28 18:00:00,178837.97,RTGS
TXN_06390,ACC_0016,ACC_0429,2025-06-23 18:00:00,197350.13,RTGS
TXN_06391,ACC_0309,ACC_0308,2025-08-20 21:00:00,426576.43,RTGS
TXN_06392,ACC_0597,ACC_0244,2026-03-20 04:00:00,482091.82,IMPS
TXN_06393,ACC_0427,ACC_0104,2024-09-14 07:00:00,382546.17,UPI
TXN_06394,ACC_0158,ACC_0192,2025-11-23 11:00:00,452691.81,IMPS
TXN_06395,ACC_0319,ACC_1022,2025-07-02 14:00:00,435508.91,NEFT
TXN_06396,ACC_0175,ACC_0997,2024-04-16 21:00:00,32970.62,UPI
TXN_06397,ACC_0632,ACC_0091,2024-08-02 22:00:00,110666.9,UPI
TXN_06398,ACC_0892,ACC_0764,2026-05-11 08:00:00,146214.09,UPI
TXN_06399,ACC_0777,ACC_0139,2026-05-19 21:00:00,238357.21,RTGS
TXN_06400,ACC_0908,ACC_0979,2024-10-19 03:00:00,118267.22,UPI
TXN_06401,ACC_0319,ACC_0809,2026-09-28 05:00:00,111089.43,NEFT
TXN_06402,ACC_0170,ACC_0736,2024-04-29 12:00:00,211554.6,NEFT
TXN_06403,ACC_0759,ACC_0270,2026-09-27 18:00:00,139500.85,RTGS
TXN_06404,ACC_0067,ACC_0868,2026-09-07 10:00:00,487032.2,RTGS
TXN_06405,ACC_0336,ACC_0287,2024-06-05 10:00:00,234612.17,UPI
TXN_06406,ACC_0206,ACC_0980,2024-11-27 02:00:00,436245.22,IMPS
TXN_06407,ACC_0975,ACC_0145,2026-04-02 17:00:00,482882.75,NEFT
TXN_06408,ACC_0152,ACC_0478,2025-09-02 16:00:00,214138.44,IMPS
TXN_06409,ACC_1004,ACC_0543,2024-09-10 02:00:00,42304.94,IMPS
TXN_06410,ACC_0136,ACC_0674,2025-02-08 01:00:00,236292.85,UPI
TXN_06411,ACC_0219,ACC_0235,2025-07-15 01:00:00,67420.02,NEFT
TXN_06412,ACC_0165,ACC_0490,2025-04-02 11:00:00,180123.09,IMPS
TXN_06413,ACC_0560,ACC_0324,2024-06-17 04:00:00,271940.25,IMPS
TXN_06414,ACC_0661,ACC_0460,2026-07-17 15:00:00,395227.75,NEFT
TXN_06415,ACC_0995,ACC_0054,2026-03-15 03:00:00,139462.69,NEFT
TXN_06416,ACC_0056,ACC_0860,2026-07-28 10:00:00,194259.88,RTGS
TXN_06417,ACC_0185,ACC_1038,2024-05-20 21:00:00,177879.92,IMPS
TXN_06418,ACC_0694,ACC_0079,2024-09-05 05:00:00,441552.14,UPI
TXN_06419,ACC_0045,ACC_0460,2025-03-30 23:00:00,216460.64,NEFT
TXN_06420,ACC_0200,ACC_0142,2025-12-02 13:00:00,193712.35,UPI
TXN_06421,ACC_0240,ACC_0610,2024-10-03 16:00:00,25044.45,RTGS
TXN_06422,ACC_0169,ACC_0238,2024-12-01 03:00:00,170756.24,RTGS
TXN_06423,ACC_0980,ACC_0259,2024-05-26 01:00:00,400826.83,IMPS
TXN_06424,ACC_0961,ACC_0674,2025-12-26 11:00:00,171338.06,RTGS
TXN_06425,ACC_0586,ACC_0200,2025-09-04 16:00:00,30431.78,IMPS
TXN_06426,ACC_0615,ACC_0002,2026-07-04 19:00:00,221367.07,IMPS
TXN_06427,ACC_0383,ACC_0437,2024-08-25 05:00:00,469350.3,NEFT
TXN_06428,ACC_0512,ACC_0392,2026-03-20 05:00:00,20074.15,NEFT
TXN_06429,ACC_0191,ACC_0536,2025-03-06 02:00:00,390569.77,NEFT
TXN_06430,ACC_0510,ACC_0473,2025-02-13 05:00:00,363547.68,NEFT
TXN_06431,ACC_0502,ACC_0935,2024-05-19 14:00:00,320461.56,IMPS
TXN_06432,ACC_0407,ACC_1010,2025-04-16 17:00:00,102411.74,NEFT
TXN_06433,ACC_0102,ACC_0709,2026-07-04 21:00:00,476576.47,IMPS
TXN_06434,ACC_0363,ACC_0142,2026-09-08 20:00:00,2293.14,IMPS
TXN_06435,ACC_0292,ACC_0051,2025-11-05 03:00:00,128119.6,RTGS
TXN_06436,ACC_0999,ACC_0531,2025-04-13 02:00:00,331991.25,RTGS
TXN_06437,ACC_0616,ACC_0438,2025-02-09 01:00:00,492970.92,IMPS
TXN_06438,ACC_0613,ACC_0793,2026-04-02 14:00:00,172353.17,IMPS
TXN_06439,ACC_0462,ACC_0823,2025-04-25 10:00:00,402732.75,RTGS
TXN_06440,ACC_0164,ACC_0257,2026-09-21 04:00:00,442679.99,IMPS
TXN_06441,ACC_0422,ACC_0986,2024-04-08 05:00:00,356073.05,UPI
TXN_06442,ACC_0105,ACC_0264,2026-10-30 14:00:00,173536.77,RTGS
TXN_06443,ACC_0713,ACC_0059,2026-01-22 09:00:00,127041.72,NEFT
TXN_06444,ACC_0932,ACC_0752,2024-10-16 19:00:00,406016.7,IMPS
TXN_06445,ACC_0100,ACC_0814,2024-03-23 13:00:00,427007.92,RTGS
TXN_06446,ACC_0718,ACC_0892,2025-01-21 17:00:00,246221.38,RTGS
TXN_06447,ACC_1006,ACC_0658,2024-04-22 16:00:00,488319.8,UPI
TXN_06448,ACC_0107,ACC_0784,2024-04-30 00:00:00,309983.32,IMPS
TXN_06449,ACC_0499,ACC_0702,2025-07-08 10:00:00,53414.59,NEFT
TXN_06450,ACC_0351,ACC_0816,2026-03-12 00:00:00,301648.94,IMPS
TXN_06451,ACC_0671,ACC_0732,2024-03-02 04:00:00,84520.39,NEFT
TXN_06452,ACC_0697,ACC_0022,2024-01-26 07:00:00,157304.79,IMPS
TXN_06453,ACC_1035,ACC_0260,2024-11-25 19:00:00,39881.56,UPI
TXN_06454,ACC_0755,ACC_0686,2025-09-30 01:00:00,299938.93,RTGS
TXN_06455,ACC_0507,ACC_0353,2026-03-03 18:00:00,364077.65,NEFT
TXN_06456,ACC_0219,ACC_0012,2024-05-20 10:00:00,258568.2,UPI
TXN_06457,ACC_0432,ACC_0199,2024-11-01 09:00:00,301703.81,NEFT
TXN_06458,ACC_0585,ACC_0876,2025-02-13 00:00:00,223892.15,IMPS
TXN_06459,ACC_0475,ACC_0078,2024-10-06 08:00:00,288387.06,IMPS
TXN_06460,ACC_0958,ACC_0211,2025-07-09 00:00:00,65524.59,RTGS
TXN_06461,ACC_0993,ACC_0992,2026-01-05 17:00:00,133253.99,IMPS
TXN_06462,ACC_0299,ACC_0649,2025-11-10 22:00:00,415633.9,IMPS
TXN_06463,ACC_0232,ACC_0581,2025-08-01 21:00:00,260869.86,RTGS
TXN_06464,ACC_0663,ACC_0735,2025-10-03 20:00:00,48420.48,UPI
TXN_06465,ACC_0885,ACC_0930,2024-08-15 13:00:00,85194.56,IMPS
TXN_06466,ACC_0593,ACC_0478,2024-02-23 05:00:00,76216.9,RTGS
TXN_06467,ACC_0503,ACC_0509,2025-04-11 10:00:00,253220.82,IMPS
TXN_06468,ACC_0293,ACC_0277,2026-09-20 06:00:00,483891.64,IMPS
TXN_06469,ACC_0791,ACC_0865,2026-08-23 10:00:00,176103.94,RTGS
TXN_06470,ACC_0943,ACC_0189,2026-08-17 11:00:00,348080.82,NEFT
TXN_06471,ACC_0545,ACC_0520,2024-05-18 16:00:00,223748.65,RTGS
TXN_06472,ACC_0612,ACC_0818,2026-09-17 09:00:00,5763.28,IMPS
TXN_06473,ACC_0145,ACC_0562,2025-05-06 05:00:00,2637.32,IMPS
TXN_06474,ACC_0479,ACC_0404,2025-12-08 17:00:00,412932.99,UPI
TXN_06475,ACC_0840,ACC_0485,2024-07-07 19:00:00,93267.22,RTGS
TXN_06476,ACC_0382,ACC_0766,2025-08-07 10:00:00,432205.97,NEFT
TXN_06477,ACC_0668,ACC_0319,2026-01-10 00:00:00,28952.72,IMPS
TXN_06478,ACC_0518,ACC_0938,2024-07-19 10:00:00,196558.05,UPI
TXN_06479,ACC_0788,ACC_0028,2026-05-13 10:00:00,290209.66,UPI
TXN_06480,ACC_0195,ACC_1036,2025-08-24 20:00:00,289051.88,NEFT
TXN_06481,ACC_0835,ACC_0113,2025-05-14 01:00:00,247499.44,UPI
TXN_06482,ACC_0823,ACC_0517,2024-02-17 10:00:00,73386.73,NEFT
TXN_06483,ACC_0011,ACC_0807,2026-05-12 22:00:00,248388.03,UPI
TXN_06484,ACC_0408,ACC_0550,2025-07-10 16:00:00,338524.95,RTGS
TXN_06485,ACC_0164,ACC_0776,2025-01-07 21:00:00,450421.39,NEFT
TXN_06486,ACC_0400,ACC_0437,2026-07-05 22:00:00,53929.72,UPI
TXN_06487,ACC_0744,ACC_0649,2026-08-14 20:00:00,343874.39,NEFT
TXN_06488,ACC_0731,ACC_0677,2025-12-24 10:00:00,374494.36,NEFT
TXN_06489,ACC_0408,ACC_0947,2024-02-24 04:00:00,296220.22,UPI
TXN_06490,ACC_0575,ACC_0011,2026-01-01 22:00:00,402442.86,UPI
TXN_06491,ACC_0419,ACC_0781,2024-12-18 15:00:00,340384.81,NEFT
TXN_06492,ACC_0031,ACC_0494,2026-07-06 22:00:00,242997.87,NEFT
TXN_06493,ACC_0287,ACC_0459,2025-10-30 10:00:00,189111.22,RTGS
TXN_06494,ACC_0259,ACC_0022,2025-03-20 09:00:00,138594.11,NEFT
TXN_06495,ACC_0222,ACC_0836,2025-02-17 08:00:00,139617.75,UPI
TXN_06496,ACC_0266,ACC_0681,2025-12-19 14:00:00,383930.88,NEFT
TXN_06497,ACC_0912,ACC_0797,2025-06-24 15:00:00,80785.86,NEFT
TXN_06498,ACC_0091,ACC_0518,2026-03-15 03:00:00,72664.88,UPI
TXN_06499,ACC_0525,ACC_0849,2024-08-11 22:00:00,145938.09,UPI
TXN_06500,ACC_0955,ACC_0061,2025-04-27 20:00:00,94526.56,UPI
TXN_06501,ACC_0134,ACC_0411,2026-10-05 06:00:00,495576.35,NEFT
TXN_06502,ACC_0858,ACC_0047,2024-10-16 12:00:00,11593.82,UPI
TXN_06503,ACC_0791,ACC_0639,2026-05-18 14:00:00,236326.52,IMPS
TXN_06504,ACC_0516,ACC_0878,2024-12-16 04:00:00,10365.46,UPI
TXN_06505,ACC_0457,ACC_0755,2025-03-24 03:00:00,343459.14,IMPS
TXN_06506,ACC_0579,ACC_0352,2025-10-26 20:00:00,265352.22,UPI
TXN_06507,ACC_0685,ACC_0314,2025-10-14 18:00:00,101182.75,RTGS
TXN_06508,ACC_0562,ACC_0253,2026-11-01 06:00:00,199471.85,IMPS
TXN_06509,ACC_0907,ACC_0824,2024-04-30 01:00:00,219725.77,IMPS
TXN_06510,ACC_0967,ACC_0088,2025-08-13 17:00:00,315513.03,RTGS
TXN_06511,ACC_0243,ACC_0809,2024-01-04 14:00:00,494021.22,UPI
TXN_06512,ACC_0304,ACC_0829,2026-08-30 14:00:00,224626.66,RTGS
TXN_06513,ACC_0170,ACC_0673,2026-04-26 15:00:00,259533.57,NEFT
TXN_06514,ACC_0699,ACC_0654,2025-10-11 12:00:00,147696.98,NEFT
TXN_06515,ACC_1019,ACC_0411,2025-12-14 00:00:00,480827.69,NEFT
TXN_06516,ACC_0836,ACC_0315,2025-04-04 00:00:00,327546.83,UPI
TXN_06517,ACC_0885,ACC_0705,2026-02-24 01:00:00,165046.84,RTGS
TXN_06518,ACC_0685,ACC_0034,2026-05-27 15:00:00,271770.96,UPI
TXN_06519,ACC_0152,ACC_0357,2025-04-19 07:00:00,180273.58,RTGS
TXN_06520,ACC_0601,ACC_0814,2026-01-19 10:00:00,155620.03,NEFT
TXN_06521,ACC_0134,ACC_0476,2025-03-24 04:00:00,67625.38,UPI
TXN_06522,ACC_0515,ACC_0235,2025-11-14 12:00:00,349309.17,NEFT
TXN_06523,ACC_0574,ACC_0537,2025-03-13 18:00:00,395972.62,RTGS
TXN_06524,ACC_0118,ACC_0056,2024-11-15 10:00:00,305860.19,RTGS
TXN_06525,ACC_0784,ACC_0996,2026-01-25 04:00:00,30203.62,NEFT
TXN_06526,ACC_0115,ACC_0722,2024-07-24 18:00:00,285665.4,IMPS
TXN_06527,ACC_1031,ACC_0615,2024-05-03 07:00:00,155101.35,IMPS
TXN_06528,ACC_0530,ACC_0423,2025-08-25 11:00:00,139958.35,UPI
TXN_06529,ACC_0283,ACC_0842,2024-10-21 05:00:00,249282.39,NEFT
TXN_06530,ACC_1013,ACC_0805,2026-04-23 13:00:00,365442.63,NEFT
TXN_06531,ACC_0802,ACC_0042,2024-03-08 03:00:00,333153.83,NEFT
TXN_06532,ACC_0210,ACC_0357,2026-02-05 11:00:00,5444.81,UPI
TXN_06533,ACC_0585,ACC_0412,2024-06-24 13:00:00,31898.54,RTGS
TXN_06534,ACC_0587,ACC_0819,2025-07-30 19:00:00,138065.55,RTGS
TXN_06535,ACC_0113,ACC_0495,2026-01-30 03:00:00,323184.71,NEFT
TXN_06536,ACC_0576,ACC_0078,2024-11-25 09:00:00,62399.26,RTGS
TXN_06537,ACC_0532,ACC_0421,2025-05-16 20:00:00,51752.41,NEFT
TXN_06538,ACC_0110,ACC_0169,2026-03-24 14:00:00,347781.39,IMPS
TXN_06539,ACC_0138,ACC_0553,2024-08-31 17:00:00,292239.38,NEFT
TXN_06540,ACC_0967,ACC_0057,2024-08-14 03:00:00,374080.01,RTGS
TXN_06541,ACC_0687,ACC_0681,2026-05-01 23:00:00,196837.41,RTGS
TXN_06542,ACC_0706,ACC_0605,2026-05-05 06:00:00,153494.35,IMPS
TXN_06543,ACC_0106,ACC_0039,2024-01-22 09:00:00,449882.23,UPI
TXN_06544,ACC_0331,ACC_0132,2024-09-05 07:00:00,152048.75,RTGS
TXN_06545,ACC_0960,ACC_1010,2026-02-21 16:00:00,103412.79,UPI
TXN_06546,ACC_0199,ACC_0991,2025-03-05 18:00:00,375768.57,IMPS
TXN_06547,ACC_0421,ACC_0826,2024-01-31 19:00:00,72276.18,UPI
TXN_06548,ACC_0795,ACC_0450,2025-01-17 17:00:00,151916.03,RTGS
TXN_06549,ACC_0875,ACC_0112,2026-09-11 22:00:00,390269.8,UPI
TXN_06550,ACC_0167,ACC_0474,2024-01-15 21:00:00,309757.7,RTGS
TXN_06551,ACC_1001,ACC_0936,2025-05-06 11:00:00,144663.58,UPI
TXN_06552,ACC_1011,ACC_0038,2026-07-06 01:00:00,217627.31,UPI
TXN_06553,ACC_0549,ACC_0903,2025-08-23 03:00:00,294103.67,IMPS
TXN_06554,ACC_0352,ACC_0322,2024-06-27 03:00:00,80033.69,RTGS
TXN_06555,ACC_0603,ACC_0403,2024-11-21 04:00:00,486783.95,IMPS
TXN_06556,ACC_0038,ACC_0986,2024-05-07 01:00:00,49553.54,UPI
TXN_06557,ACC_0623,ACC_0143,2026-09-30 09:00:00,455635.2,NEFT
TXN_06558,ACC_0978,ACC_0373,2024-04-30 07:00:00,496994.34,RTGS
TXN_06559,ACC_0335,ACC_0719,2025-03-08 14:00:00,354763.21,NEFT
TXN_06560,ACC_0583,ACC_0364,2024-12-13 05:00:00,397700.7,UPI
TXN_06561,ACC_0323,ACC_0031,2024-04-18 01:00:00,4326.62,UPI
TXN_06562,ACC_0085,ACC_0693,2024-01-18 19:00:00,150744.69,IMPS
TXN_06563,ACC_0178,ACC_0838,2024-04-25 15:00:00,344272.66,NEFT
TXN_06564,ACC_0967,ACC_0295,2024-03-10 21:00:00,160825.24,RTGS
TXN_06565,ACC_0585,ACC_0829,2024-07-02 16:00:00,135815.2,IMPS
TXN_06566,ACC_0197,ACC_0227,2025-06-26 23:00:00,343791.13,NEFT
TXN_06567,ACC_0891,ACC_0090,2025-02-06 11:00:00,191997.75,NEFT
TXN_06568,ACC_0759,ACC_0681,2026-08-01 00:00:00,155641.05,UPI
TXN_06569,ACC_0982,ACC_0873,2024-12-22 20:00:00,25165.68,UPI
TXN_06570,ACC_0251,ACC_0392,2026-07-30 13:00:00,138951.83,IMPS
TXN_06571,ACC_0815,ACC_0392,2026-06-27 22:00:00,166997.18,UPI
TXN_06572,ACC_0043,ACC_0313,2024-09-20 23:00:00,390785.15,NEFT
TXN_06573,ACC_0865,ACC_0004,2026-01-27 20:00:00,227757.76,UPI
TXN_06574,ACC_0447,ACC_0555,2025-01-23 03:00:00,375688.59,NEFT
TXN_06575,ACC_0505,ACC_0880,2024-09-17 03:00:00,310599.86,IMPS
TXN_06576,ACC_0521,ACC_0724,2026-07-01 20:00:00,246975.83,IMPS
TXN_06577,ACC_0433,ACC_0951,2024-03-25 01:00:00,452393.22,IMPS
TXN_06578,ACC_0125,ACC_0442,2024-03-21 10:00:00,159233.47,RTGS
TXN_06579,ACC_0620,ACC_0153,2025-04-19 08:00:00,351612.64,UPI
TXN_06580,ACC_0136,ACC_0052,2024-05-08 22:00:00,298720.25,UPI
TXN_06581,ACC_0332,ACC_0296,2026-08-04 07:00:00,149721.17,UPI
TXN_06582,ACC_0789,ACC_0609,2024-04-13 01:00:00,465314.73,RTGS
TXN_06583,ACC_0219,ACC_0018,2025-08-21 06:00:00,353672.54,NEFT
TXN_06584,ACC_0702,ACC_0332,2025-05-26 08:00:00,351625.57,UPI
TXN_06585,ACC_0771,ACC_1030,2024-03-28 18:00:00,103298.14,RTGS
TXN_06586,ACC_0900,ACC_0847,2026-09-05 02:00:00,238699.47,RTGS
TXN_06587,ACC_0853,ACC_0532,2025-02-23 17:00:00,442890.24,RTGS
TXN_06588,ACC_0335,ACC_0207,2025-09-28 20:00:00,310261.47,UPI
TXN_06589,ACC_0361,ACC_0429,2026-05-25 17:00:00,245286.29,IMPS
TXN_06590,ACC_0476,ACC_0497,2024-09-15 08:00:00,306362.16,UPI
TXN_06591,ACC_0568,ACC_0684,2024-10-27 01:00:00,432179.08,NEFT
TXN_06592,ACC_0355,ACC_1020,2025-03-01 15:00:00,287532.88,UPI
TXN_06593,ACC_0561,ACC_0171,2025-04-04 10:00:00,352110.3,NEFT
TXN_06594,ACC_0396,ACC_0879,2025-09-14 18:00:00,192661.86,RTGS
TXN_06595,ACC_0391,ACC_0392,2024-06-02 01:00:00,41581.82,UPI
TXN_06596,ACC_0137,ACC_0778,2024-12-03 13:00:00,221189.96,IMPS
TXN_06597,ACC_0730,ACC_0618,2025-12-17 22:00:00,356118.39,IMPS
TXN_06598,ACC_0664,ACC_0291,2025-05-30 11:00:00,479497.01,IMPS
TXN_06599,ACC_0734,ACC_0678,2024-10-23 11:00:00,298901.76,IMPS
TXN_06600,ACC_0373,ACC_0848,2026-02-19 05:00:00,408390.28,RTGS
TXN_06601,ACC_0605,ACC_0419,2025-03-30 19:00:00,464975.16,RTGS
TXN_06602,ACC_0486,ACC_0148,2026-10-29 19:00:00,96700.7,NEFT
TXN_06603,ACC_1037,ACC_0975,2025-08-18 21:00:00,374818.78,UPI
TXN_06604,ACC_0012,ACC_0126,2025-07-18 18:00:00,464194.67,UPI
TXN_06605,ACC_0602,ACC_0902,2025-08-28 21:00:00,225858.77,RTGS
TXN_06606,ACC_0605,ACC_0957,2025-12-08 12:00:00,61750.42,NEFT
TXN_06607,ACC_0719,ACC_0896,2025-01-02 01:00:00,370467.16,NEFT
TXN_06608,ACC_0550,ACC_0740,2024-02-19 17:00:00,50005.41,RTGS
TXN_06609,ACC_0015,ACC_0215,2024-11-12 07:00:00,489934.65,RTGS
TXN_06610,ACC_0312,ACC_0846,2026-08-02 18:00:00,315858.39,RTGS
TXN_06611,ACC_0186,ACC_0541,2024-01-10 04:00:00,98732.2,IMPS
TXN_06612,ACC_1037,ACC_0958,2026-10-12 03:00:00,213300.42,NEFT
TXN_06613,ACC_0288,ACC_0345,2024-08-04 00:00:00,112568.58,RTGS
TXN_06614,ACC_0354,ACC_0584,2024-10-02 05:00:00,151684.59,IMPS
TXN_06615,ACC_0361,ACC_0661,2024-02-28 04:00:00,92015.4,IMPS
TXN_06616,ACC_0317,ACC_0276,2026-02-17 19:00:00,144531.33,NEFT
TXN_06617,ACC_0225,ACC_1010,2026-10-06 08:00:00,334926.0,UPI
TXN_06618,ACC_0878,ACC_0531,2024-01-07 14:00:00,364512.1,NEFT
TXN_06619,ACC_0352,ACC_0403,2024-06-06 18:00:00,299743.56,IMPS
TXN_06620,ACC_0132,ACC_0034,2024-02-20 20:00:00,207277.14,UPI
TXN_06621,ACC_0723,ACC_0153,2025-04-26 13:00:00,77704.24,UPI
TXN_06622,ACC_0866,ACC_0182,2025-10-15 14:00:00,53755.29,NEFT
TXN_06623,ACC_0682,ACC_0870,2024-01-07 18:00:00,309444.36,NEFT
TXN_06624,ACC_0158,ACC_0645,2026-01-18 04:00:00,161123.15,IMPS
TXN_06625,ACC_0537,ACC_0270,2026-01-11 21:00:00,60936.87,IMPS
TXN_06626,ACC_0138,ACC_0449,2024-04-16 06:00:00,352151.48,UPI
TXN_06627,ACC_0838,ACC_0989,2026-06-11 01:00:00,186978.73,NEFT
TXN_06628,ACC_0686,ACC_0643,2025-10-18 22:00:00,120542.6,IMPS
TXN_06629,ACC_1026,ACC_0384,2026-09-18 14:00:00,436566.93,NEFT
TXN_06630,ACC_0544,ACC_0735,2024-03-16 00:00:00,280814.85,RTGS
TXN_06631,ACC_0213,ACC_0530,2024-06-27 16:00:00,245697.97,UPI
TXN_06632,ACC_0671,ACC_0821,2024-04-24 00:00:00,51733.78,UPI
TXN_06633,ACC_0419,ACC_0126,2026-03-22 12:00:00,106332.91,RTGS
TXN_06634,ACC_0961,ACC_0028,2026-10-15 06:00:00,148186.24,RTGS
TXN_06635,ACC_0015,ACC_0209,2025-10-09 19:00:00,300858.29,IMPS
TXN_06636,ACC_1015,ACC_0490,2026-03-05 12:00:00,283078.77,UPI
TXN_06637,ACC_0117,ACC_0908,2024-11-04 03:00:00,299729.82,IMPS
TXN_06638,ACC_0299,ACC_0672,2026-07-18 16:00:00,385109.47,NEFT
TXN_06639,ACC_0349,ACC_0583,2025-09-26 11:00:00,497656.88,UPI
TXN_06640,ACC_0969,ACC_0292,2026-08-28 18:00:00,340446.32,UPI
TXN_06641,ACC_0314,ACC_0334,2025-07-03 23:00:00,496038.46,UPI
TXN_06642,ACC_0186,ACC_0120,2026-02-10 06:00:00,466383.36,IMPS
TXN_06643,ACC_1009,ACC_0378,2026-10-28 09:00:00,96690.97,IMPS
TXN_06644,ACC_0725,ACC_0777,2024-11-04 02:00:00,79275.67,UPI
TXN_06645,ACC_0557,ACC_1025,2024-12-09 03:00:00,145495.29,IMPS
TXN_06646,ACC_0139,ACC_0866,2026-05-05 06:00:00,90842.07,NEFT
TXN_06647,ACC_0355,ACC_0062,2024-12-16 00:00:00,21212.93,RTGS
TXN_06648,ACC_0289,ACC_0983,2025-03-28 11:00:00,492299.89,NEFT
TXN_06649,ACC_0267,ACC_0254,2026-05-04 21:00:00,324162.91,NEFT
TXN_06650,ACC_0687,ACC_0599,2026-04-30 20:00:00,86410.87,UPI
TXN_06651,ACC_0869,ACC_0987,2025-08-27 16:00:00,131329.71,NEFT
TXN_06652,ACC_0745,ACC_0551,2026-09-10 11:00:00,231464.68,UPI
TXN_06653,ACC_0600,ACC_0585,2026-03-16 02:00:00,488832.63,NEFT
TXN_06654,ACC_0672,ACC_0002,2024-06-18 15:00:00,317787.51,RTGS
TXN_06655,ACC_0178,ACC_0598,2025-02-09 12:00:00,127329.76,RTGS
TXN_06656,ACC_0904,ACC_0008,2025-01-01 17:00:00,30541.21,RTGS
TXN_06657,ACC_0912,ACC_0082,2025-07-28 20:00:00,43727.89,IMPS
TXN_06658,ACC_0579,ACC_0843,2025-06-30 05:00:00,271748.42,UPI
TXN_06659,ACC_0597,ACC_0160,2026-02-20 03:00:00,123840.56,NEFT
TXN_06660,ACC_0163,ACC_0925,2025-12-19 23:00:00,346549.64,UPI
TXN_06661,ACC_0559,ACC_0698,2024-06-02 19:00:00,56998.95,IMPS
TXN_06662,ACC_0933,ACC_0361,2026-10-19 17:00:00,213810.88,NEFT
TXN_06663,ACC_0782,ACC_0098,2025-01-05 01:00:00,38665.85,NEFT
TXN_06664,ACC_0183,ACC_0195,2026-08-08 18:00:00,470138.18,IMPS
TXN_06665,ACC_0870,ACC_0714,2025-06-22 18:00:00,158519.3,NEFT
TXN_06666,ACC_0508,ACC_0282,2026-05-07 16:00:00,495336.08,UPI
TXN_06667,ACC_0575,ACC_0441,2024-02-06 03:00:00,313021.32,NEFT
TXN_06668,ACC_0352,ACC_0490,2024-12-20 16:00:00,164343.02,NEFT
TXN_06669,ACC_0415,ACC_0278,2026-03-10 04:00:00,80358.77,NEFT
TXN_06670,ACC_0890,ACC_0780,2024-03-21 05:00:00,400278.27,NEFT
TXN_06671,ACC_0443,ACC_0002,2026-05-06 05:00:00,97535.92,IMPS
TXN_06672,ACC_0728,ACC_0637,2024-11-04 13:00:00,75910.98,RTGS
TXN_06673,ACC_0092,ACC_0615,2025-03-06 18:00:00,181222.1,UPI
TXN_06674,ACC_0978,ACC_0384,2025-09-04 02:00:00,495840.54,IMPS
TXN_06675,ACC_0808,ACC_0780,2025-08-17 02:00:00,326924.81,UPI
TXN_06676,ACC_0153,ACC_0026,2026-10-25 01:00:00,69104.78,UPI
TXN_06677,ACC_0006,ACC_0004,2024-05-27 08:00:00,393377.54,RTGS
TXN_06678,ACC_0171,ACC_0616,2026-08-01 14:00:00,242608.32,RTGS
TXN_06679,ACC_0571,ACC_0961,2026-03-01 01:00:00,375732.27,RTGS
TXN_06680,ACC_0129,ACC_0457,2025-09-13 08:00:00,73447.28,IMPS
TXN_06681,ACC_0298,ACC_0280,2026-03-12 19:00:00,227887.47,IMPS
TXN_06682,ACC_0030,ACC_0439,2024-04-11 21:00:00,326268.67,RTGS
TXN_06683,ACC_0565,ACC_0638,2024-06-11 16:00:00,397644.53,RTGS
TXN_06684,ACC_0979,ACC_0742,2025-02-03 12:00:00,81055.0,RTGS
TXN_06685,ACC_0675,ACC_0530,2024-02-07 18:00:00,452790.2,UPI
TXN_06686,ACC_0546,ACC_1034,2026-06-28 14:00:00,285912.02,IMPS
TXN_06687,ACC_0857,ACC_0532,2026-02-05 04:00:00,158006.33,UPI
TXN_06688,ACC_0087,ACC_0641,2025-07-09 15:00:00,367334.56,UPI
TXN_06689,ACC_0038,ACC_0123,2025-01-02 11:00:00,329407.96,RTGS
TXN_06690,ACC_0151,ACC_0097,2026-10-15 15:00:00,402361.68,IMPS
TXN_06691,ACC_0232,ACC_0818,2025-11-25 11:00:00,476768.49,UPI
TXN_06692,ACC_0578,ACC_0118,2025-01-04 11:00:00,214904.26,RTGS
TXN_06693,ACC_0232,ACC_0394,2024-04-16 23:00:00,297534.61,NEFT
TXN_06694,ACC_0130,ACC_0712,2024-01-16 03:00:00,206582.64,IMPS
TXN_06695,ACC_0812,ACC_0943,2026-01-17 22:00:00,492322.47,RTGS
TXN_06696,ACC_0526,ACC_0679,2025-12-13 06:00:00,310196.76,UPI
TXN_06697,ACC_1013,ACC_0254,2026-03-15 08:00:00,402548.7,UPI
TXN_06698,ACC_0516,ACC_0082,2026-04-13 16:00:00,458244.31,NEFT
TXN_06699,ACC_0920,ACC_0307,2025-12-03 01:00:00,436562.54,RTGS
TXN_06700,ACC_0654,ACC_0736,2026-10-22 06:00:00,480467.72,RTGS
TXN_06701,ACC_0201,ACC_0927,2026-08-19 06:00:00,171763.45,IMPS
TXN_06702,ACC_0564,ACC_0297,2026-02-06 17:00:00,83713.39,RTGS
TXN_06703,ACC_0336,ACC_0793,2026-03-03 17:00:00,43251.89,NEFT
TXN_06704,ACC_0112,ACC_0554,2026-04-19 20:00:00,325988.23,UPI
TXN_06705,ACC_0876,ACC_1028,2026-02-04 15:00:00,80127.49,RTGS
TXN_06706,ACC_0602,ACC_0212,2024-11-26 17:00:00,43405.73,IMPS
TXN_06707,ACC_1030,ACC_1035,2024-08-22 03:00:00,19663.76,NEFT
TXN_06708,ACC_0010,ACC_0056,2025-09-16 12:00:00,15968.89,RTGS
TXN_06709,ACC_0884,ACC_0762,2025-09-05 21:00:00,475519.83,RTGS
TXN_06710,ACC_0344,ACC_0873,2026-03-03 05:00:00,486397.65,IMPS
TXN_06711,ACC_0830,ACC_0336,2025-04-20 21:00:00,395902.69,UPI
TXN_06712,ACC_0327,ACC_0933,2026-01-28 17:00:00,191505.93,UPI
TXN_06713,ACC_0094,ACC_0796,2024-12-19 06:00:00,329992.46,IMPS
TXN_06714,ACC_0209,ACC_0466,2026-07-12 06:00:00,136055.37,UPI
TXN_06715,ACC_0915,ACC_0592,2024-02-14 15:00:00,30077.67,IMPS
TXN_06716,ACC_0935,ACC_0539,2026-02-10 05:00:00,226701.98,NEFT
TXN_06717,ACC_0950,ACC_0310,2025-02-16 12:00:00,52651.0,NEFT
TXN_06718,ACC_1002,ACC_0563,2024-12-06 17:00:00,423622.5,NEFT
TXN_06719,ACC_0339,ACC_0738,2025-11-13 16:00:00,454060.79,RTGS
TXN_06720,ACC_0414,ACC_0640,2024-04-11 02:00:00,11062.28,NEFT
TXN_06721,ACC_0807,ACC_0984,2024-10-30 01:00:00,482496.46,NEFT
TXN_06722,ACC_0181,ACC_0946,2025-02-24 20:00:00,50717.03,RTGS
TXN_06723,ACC_0923,ACC_0535,2026-07-29 05:00:00,50334.14,UPI
TXN_06724,ACC_0761,ACC_0998,2026-01-30 18:00:00,436615.84,IMPS
TXN_06725,ACC_0347,ACC_0592,2025-09-04 22:00:00,416102.72,RTGS
TXN_06726,ACC_0028,ACC_0022,2026-01-18 08:00:00,332359.81,RTGS
TXN_06727,ACC_0008,ACC_0881,2025-02-25 07:00:00,4253.85,UPI
TXN_06728,ACC_0013,ACC_0061,2025-04-02 05:00:00,365956.35,IMPS
TXN_06729,ACC_0483,ACC_0864,2024-11-24 19:00:00,132975.36,UPI
TXN_06730,ACC_0627,ACC_0220,2026-10-22 04:00:00,149144.61,IMPS
TXN_06731,ACC_0608,ACC_0829,2025-01-19 07:00:00,481254.35,UPI
TXN_06732,ACC_0311,ACC_0300,2026-05-07 21:00:00,9526.05,NEFT
TXN_06733,ACC_0821,ACC_0402,2025-04-09 10:00:00,272504.85,RTGS
TXN_06734,ACC_0849,ACC_0966,2024-12-17 22:00:00,135766.06,IMPS
TXN_06735,ACC_0937,ACC_0292,2025-10-28 09:00:00,170562.43,RTGS
TXN_06736,ACC_0083,ACC_0558,2026-07-04 15:00:00,136652.33,RTGS
TXN_06737,ACC_0147,ACC_0389,2026-04-05 02:00:00,142123.89,RTGS
TXN_06738,ACC_0433,ACC_0424,2024-06-22 10:00:00,398283.14,UPI
TXN_06739,ACC_0041,ACC_0153,2026-09-30 07:00:00,379064.65,UPI
TXN_06740,ACC_0074,ACC_1007,2026-06-23 12:00:00,304650.65,NEFT
TXN_06741,ACC_0207,ACC_0439,2024-12-29 11:00:00,12025.86,NEFT
TXN_06742,ACC_0376,ACC_0888,2024-04-09 03:00:00,180184.74,NEFT
TXN_06743,ACC_0544,ACC_0784,2025-10-24 02:00:00,458466.75,IMPS
TXN_06744,ACC_0021,ACC_0424,2025-03-23 16:00:00,476373.32,IMPS
TXN_06745,ACC_0477,ACC_0454,2026-09-22 19:00:00,489011.47,IMPS
TXN_06746,ACC_0783,ACC_0001,2024-03-30 10:00:00,378531.56,RTGS
TXN_06747,ACC_0108,ACC_0889,2024-04-05 16:00:00,243067.59,RTGS
TXN_06748,ACC_0227,ACC_0027,2025-02-21 16:00:00,163802.79,UPI
TXN_06749,ACC_0916,ACC_0919,2025-07-22 05:00:00,195158.43,UPI
TXN_06750,ACC_0376,ACC_0168,2026-08-09 03:00:00,41804.45,IMPS
TXN_06751,ACC_0417,ACC_0098,2025-11-22 07:00:00,89318.1,UPI
TXN_06752,ACC_0863,ACC_1029,2024-08-18 16:00:00,27698.98,RTGS
TXN_06753,ACC_0955,ACC_0770,2026-06-18 14:00:00,24872.21,NEFT
TXN_06754,ACC_0319,ACC_0781,2025-06-29 23:00:00,223856.61,RTGS
TXN_06755,ACC_0556,ACC_0642,2025-08-27 17:00:00,95296.35,IMPS
TXN_06756,ACC_0717,ACC_0304,2026-07-05 14:00:00,164717.64,IMPS
TXN_06757,ACC_0860,ACC_0857,2026-09-17 05:00:00,228058.17,IMPS
TXN_06758,ACC_0287,ACC_0435,2026-04-11 19:00:00,146846.52,RTGS
TXN_06759,ACC_0279,ACC_0380,2024-12-20 23:00:00,472784.12,IMPS
TXN_06760,ACC_0834,ACC_0060,2024-07-07 10:00:00,294280.01,UPI
TXN_06761,ACC_0508,ACC_1006,2024-06-11 23:00:00,99255.14,IMPS
TXN_06762,ACC_0720,ACC_0841,2025-08-05 18:00:00,398786.0,NEFT
TXN_06763,ACC_0311,ACC_0515,2026-06-20 04:00:00,232094.16,RTGS
TXN_06764,ACC_0349,ACC_0133,2024-07-26 11:00:00,384718.13,NEFT
TXN_06765,ACC_0843,ACC_0129,2026-02-12 09:00:00,308182.95,IMPS
TXN_06766,ACC_0915,ACC_0223,2026-01-12 05:00:00,443689.1,NEFT
TXN_06767,ACC_0488,ACC_1011,2025-05-08 11:00:00,299477.52,IMPS
TXN_06768,ACC_0484,ACC_0956,2026-08-25 17:00:00,102720.29,IMPS
TXN_06769,ACC_0557,ACC_0594,2025-05-21 04:00:00,79529.76,NEFT
TXN_06770,ACC_0053,ACC_0925,2025-12-19 21:00:00,388564.2,NEFT
TXN_06771,ACC_0144,ACC_0848,2026-09-19 01:00:00,123156.61,UPI
TXN_06772,ACC_0182,ACC_0450,2024-04-23 21:00:00,23603.41,UPI
TXN_06773,ACC_0074,ACC_0077,2025-08-24 15:00:00,258720.48,IMPS
TXN_06774,ACC_0624,ACC_0618,2025-12-06 14:00:00,249784.31,NEFT
TXN_06775,ACC_0272,ACC_0029,2024-06-19 01:00:00,412709.96,IMPS
TXN_06776,ACC_0405,ACC_0169,2024-05-15 07:00:00,427938.69,RTGS
TXN_06777,ACC_0775,ACC_0527,2025-11-21 23:00:00,329268.76,UPI
TXN_06778,ACC_0973,ACC_0089,2024-11-01 19:00:00,122959.45,RTGS
TXN_06779,ACC_0147,ACC_0746,2025-03-10 10:00:00,69023.12,IMPS
TXN_06780,ACC_0355,ACC_1027,2024-11-07 00:00:00,463538.35,RTGS
TXN_06781,ACC_0807,ACC_0944,2024-01-12 08:00:00,246828.62,UPI
TXN_06782,ACC_0500,ACC_0258,2024-08-16 11:00:00,425789.81,IMPS
TXN_06783,ACC_0373,ACC_0307,2025-03-13 14:00:00,41497.67,IMPS
TXN_06784,ACC_0957,ACC_0468,2025-08-18 14:00:00,10624.37,IMPS
TXN_06785,ACC_1026,ACC_0934,2026-08-09 13:00:00,447173.45,RTGS
TXN_06786,ACC_0989,ACC_1030,2025-07-03 01:00:00,420798.91,UPI
TXN_06787,ACC_0411,ACC_0617,2026-02-20 07:00:00,284212.86,RTGS
TXN_06788,ACC_0420,ACC_0207,2026-02-12 10:00:00,323845.85,RTGS
TXN_06789,ACC_0967,ACC_0370,2025-11-16 16:00:00,22841.74,NEFT
TXN_06790,ACC_0425,ACC_0855,2025-04-29 05:00:00,416288.04,NEFT
TXN_06791,ACC_0054,ACC_0328,2024-03-31 16:00:00,277516.07,RTGS
TXN_06792,ACC_0351,ACC_0984,2026-07-25 10:00:00,124269.97,UPI
TXN_06793,ACC_0375,ACC_0688,2024-06-17 18:00:00,50328.55,RTGS
TXN_06794,ACC_0698,ACC_0524,2025-07-04 18:00:00,25256.34,NEFT
TXN_06795,ACC_0349,ACC_0009,2026-11-04 12:00:00,416777.18,NEFT
TXN_06796,ACC_0892,ACC_0464,2024-02-18 19:00:00,229073.72,UPI
TXN_06797,ACC_0424,ACC_0724,2025-01-20 08:00:00,54860.54,IMPS
TXN_06798,ACC_0659,ACC_1022,2024-06-17 18:00:00,266290.5,NEFT
TXN_06799,ACC_0975,ACC_0394,2025-04-08 03:00:00,90750.84,IMPS
TXN_06800,ACC_0994,ACC_0427,2025-10-13 17:00:00,420712.87,NEFT
TXN_06801,ACC_0329,ACC_0945,2026-07-01 06:00:00,110244.5,NEFT
TXN_06802,ACC_0322,ACC_0075,2025-10-20 10:00:00,95432.36,RTGS
TXN_06803,ACC_0407,ACC_0006,2025-01-30 21:00:00,198571.28,UPI
TXN_06804,ACC_0023,ACC_0540,2026-10-23 20:00:00,483057.29,NEFT
TXN_06805,ACC_0485,ACC_0981,2026-02-07 23:00:00,265476.79,RTGS
TXN_06806,ACC_0105,ACC_0005,2024-06-12 07:00:00,216993.45,RTGS
TXN_06807,ACC_0644,ACC_0025,2025-02-18 09:00:00,480789.99,IMPS
TXN_06808,ACC_0413,ACC_0416,2024-10-26 00:00:00,15425.79,NEFT
TXN_06809,ACC_0898,ACC_0743,2025-06-20 04:00:00,324489.3,RTGS
TXN_06810,ACC_0986,ACC_0073,2026-04-01 07:00:00,287931.23,RTGS
TXN_06811,ACC_0466,ACC_0978,2026-02-10 21:00:00,429267.01,IMPS
TXN_06812,ACC_0625,ACC_0782,2025-03-23 08:00:00,127809.08,UPI
TXN_06813,ACC_0461,ACC_0183,2025-07-18 12:00:00,240126.66,NEFT
TXN_06814,ACC_0069,ACC_0062,2026-09-18 11:00:00,422141.26,RTGS
TXN_06815,ACC_0997,ACC_0171,2026-10-02 00:00:00,232524.94,IMPS
TXN_06816,ACC_0163,ACC_0239,2026-05-02 23:00:00,272875.52,NEFT
TXN_06817,ACC_0035,ACC_0918,2024-12-06 16:00:00,7569.19,UPI
TXN_06818,ACC_0654,ACC_0723,2026-01-18 18:00:00,181848.44,UPI
TXN_06819,ACC_0261,ACC_0993,2026-05-31 23:00:00,371732.73,NEFT
TXN_06820,ACC_0088,ACC_0119,2025-03-28 12:00:00,259435.55,NEFT
TXN_06821,ACC_0600,ACC_0205,2026-05-11 10:00:00,439865.13,NEFT
TXN_06822,ACC_0122,ACC_0519,2026-07-12 18:00:00,476243.05,NEFT
TXN_06823,ACC_0564,ACC_1026,2026-07-17 03:00:00,311012.98,UPI
TXN_06824,ACC_0521,ACC_0547,2025-10-06 22:00:00,94404.99,IMPS
TXN_06825,ACC_0753,ACC_0027,2024-10-19 07:00:00,407028.6,RTGS
TXN_06826,ACC_0874,ACC_0867,2024-05-03 18:00:00,123249.39,IMPS
TXN_06827,ACC_0142,ACC_0698,2024-08-23 03:00:00,177176.97,RTGS
TXN_06828,ACC_0594,ACC_0269,2025-10-27 21:00:00,363119.23,RTGS
TXN_06829,ACC_0917,ACC_1025,2025-05-15 10:00:00,438750.72,UPI
TXN_06830,ACC_0882,ACC_1031,2024-02-10 02:00:00,466052.9,UPI
TXN_06831,ACC_0774,ACC_0483,2024-10-20 07:00:00,316768.97,RTGS
TXN_06832,ACC_0922,ACC_0052,2026-01-02 18:00:00,480336.68,UPI
TXN_06833,ACC_0705,ACC_0413,2024-03-21 18:00:00,465140.64,RTGS
TXN_06834,ACC_0849,ACC_0653,2026-01-15 10:00:00,323873.73,UPI
TXN_06835,ACC_0943,ACC_0980,2024-07-10 22:00:00,341161.91,RTGS
TXN_06836,ACC_0229,ACC_0909,2024-06-17 07:00:00,64671.34,RTGS
TXN_06837,ACC_0111,ACC_0397,2026-09-20 12:00:00,33289.85,IMPS
TXN_06838,ACC_0841,ACC_1028,2026-09-23 07:00:00,404286.28,IMPS
TXN_06839,ACC_0581,ACC_0984,2024-08-15 07:00:00,333345.02,UPI
TXN_06840,ACC_0041,ACC_0593,2026-08-11 05:00:00,129622.38,UPI
TXN_06841,ACC_0222,ACC_0148,2025-09-15 11:00:00,6361.83,NEFT
TXN_06842,ACC_0878,ACC_0628,2024-11-21 03:00:00,487993.82,NEFT
TXN_06843,ACC_0204,ACC_1021,2025-04-07 23:00:00,92547.82,RTGS
TXN_06844,ACC_0445,ACC_0926,2026-08-09 02:00:00,294612.85,RTGS
TXN_06845,ACC_0941,ACC_0661,2025-09-16 19:00:00,39230.19,IMPS
TXN_06846,ACC_0510,ACC_0323,2025-02-24 02:00:00,57134.2,NEFT
TXN_06847,ACC_0017,ACC_0996,2025-10-23 23:00:00,332357.38,IMPS
TXN_06848,ACC_0446,ACC_0903,2024-12-07 11:00:00,409772.21,UPI
TXN_06849,ACC_0985,ACC_0077,2025-09-09 00:00:00,43236.59,RTGS
TXN_06850,ACC_0509,ACC_0469,2026-07-09 15:00:00,429914.04,NEFT
TXN_06851,ACC_0353,ACC_0230,2025-07-22 04:00:00,53759.15,UPI
TXN_06852,ACC_0652,ACC_0630,2025-05-26 02:00:00,84835.96,RTGS
TXN_06853,ACC_0875,ACC_0377,2026-05-13 04:00:00,229729.56,NEFT
TXN_06854,ACC_0343,ACC_0031,2025-04-01 15:00:00,80606.43,NEFT
TXN_06855,ACC_0169,ACC_0611,2024-04-10 13:00:00,324380.85,NEFT
TXN_06856,ACC_0579,ACC_0613,2026-10-03 20:00:00,11469.35,NEFT
TXN_06857,ACC_0786,ACC_0041,2026-04-17 02:00:00,69407.68,NEFT
TXN_06858,ACC_0217,ACC_0374,2026-09-18 03:00:00,360223.83,IMPS
TXN_06859,ACC_0467,ACC_0890,2024-03-12 13:00:00,497112.98,RTGS
TXN_06860,ACC_0330,ACC_0039,2026-08-10 14:00:00,28757.32,RTGS
TXN_06861,ACC_0045,ACC_0878,2026-04-18 10:00:00,5738.95,NEFT
TXN_06862,ACC_0441,ACC_0275,2025-06-09 00:00:00,114875.81,RTGS
TXN_06863,ACC_0434,ACC_0962,2024-03-27 15:00:00,182302.76,UPI
TXN_06864,ACC_0700,ACC_1040,2025-12-25 13:00:00,36976.45,IMPS
TXN_06865,ACC_0646,ACC_0857,2024-02-18 07:00:00,66324.84,UPI
TXN_06866,ACC_0027,ACC_0431,2026-07-25 15:00:00,450904.72,NEFT
TXN_06867,ACC_0027,ACC_0427,2024-10-15 05:00:00,346556.62,RTGS
TXN_06868,ACC_0433,ACC_0957,2026-10-23 04:00:00,257174.69,NEFT
TXN_06869,ACC_0533,ACC_0964,2026-03-29 23:00:00,325258.1,IMPS
TXN_06870,ACC_0169,ACC_0266,2025-02-01 21:00:00,73940.33,IMPS
TXN_06871,ACC_0003,ACC_0616,2025-06-25 16:00:00,158722.75,UPI
TXN_06872,ACC_0693,ACC_0689,2024-06-02 09:00:00,243393.19,IMPS
TXN_06873,ACC_0575,ACC_0377,2024-01-21 15:00:00,357882.04,RTGS
TXN_06874,ACC_0368,ACC_0320,2024-01-15 03:00:00,191753.66,IMPS
TXN_06875,ACC_0435,ACC_0965,2026-04-23 01:00:00,488336.26,IMPS
TXN_06876,ACC_0739,ACC_0754,2024-07-21 22:00:00,42472.7,NEFT
TXN_06877,ACC_0410,ACC_0790,2024-11-04 06:00:00,449005.18,NEFT
TXN_06878,ACC_0378,ACC_0713,2025-05-20 21:00:00,409355.23,NEFT
TXN_06879,ACC_0358,ACC_0965,2025-11-02 11:00:00,173572.59,UPI
TXN_06880,ACC_0891,ACC_0400,2025-05-11 18:00:00,471399.33,NEFT
TXN_06881,ACC_0124,ACC_0074,2026-01-16 06:00:00,283422.51,UPI
TXN_06882,ACC_0947,ACC_0656,2026-02-05 08:00:00,33469.98,RTGS
TXN_06883,ACC_0796,ACC_0797,2026-04-17 03:00:00,162454.16,UPI
TXN_06884,ACC_0474,ACC_0633,2026-07-25 14:00:00,72106.97,UPI
TXN_06885,ACC_0404,ACC_0626,2025-12-02 13:00:00,173727.86,IMPS
TXN_06886,ACC_0975,ACC_0403,2024-09-13 15:00:00,337199.2,IMPS
TXN_06887,ACC_0868,ACC_0277,2026-09-04 01:00:00,158188.12,NEFT
TXN_06888,ACC_0059,ACC_0615,2024-09-09 03:00:00,199910.3,IMPS
TXN_06889,ACC_1040,ACC_0020,2024-01-06 22:00:00,40796.58,NEFT
TXN_06890,ACC_0908,ACC_0836,2024-12-21 11:00:00,275150.59,IMPS
TXN_06891,ACC_0107,ACC_0504,2024-04-27 12:00:00,496636.12,UPI
TXN_06892,ACC_0156,ACC_0502,2026-01-17 04:00:00,329927.04,NEFT
TXN_06893,ACC_0750,ACC_0734,2024-08-15 05:00:00,194413.15,IMPS
TXN_06894,ACC_0897,ACC_1027,2026-09-25 02:00:00,192847.34,UPI
TXN_06895,ACC_0357,ACC_0996,2024-05-18 02:00:00,418700.75,UPI
TXN_06896,ACC_0902,ACC_0738,2026-06-07 20:00:00,383830.74,IMPS
TXN_06897,ACC_0195,ACC_0633,2026-01-05 02:00:00,169641.89,NEFT
TXN_06898,ACC_0493,ACC_0928,2026-08-31 20:00:00,96998.27,UPI
TXN_06899,ACC_0126,ACC_0685,2026-07-18 00:00:00,55233.63,UPI
TXN_06900,ACC_0863,ACC_0167,2025-08-18 13:00:00,153367.18,UPI
TXN_06901,ACC_0820,ACC_0559,2025-08-01 22:00:00,357770.72,RTGS
TXN_06902,ACC_0678,ACC_0253,2025-08-07 11:00:00,302451.52,UPI
TXN_06903,ACC_0356,ACC_0641,2024-04-13 13:00:00,15355.92,NEFT
TXN_06904,ACC_0689,ACC_0208,2024-05-13 02:00:00,82021.87,UPI
TXN_06905,ACC_0072,ACC_0907,2026-05-25 14:00:00,235862.06,RTGS
TXN_06906,ACC_0373,ACC_1004,2025-01-21 16:00:00,3107.36,RTGS
TXN_06907,ACC_0600,ACC_0321,2024-11-24 16:00:00,271552.65,UPI
TXN_06908,ACC_0916,ACC_0950,2025-10-07 16:00:00,288124.54,IMPS
TXN_06909,ACC_0853,ACC_0888,2025-03-24 03:00:00,102986.3,IMPS
TXN_06910,ACC_0959,ACC_0784,2024-02-23 09:00:00,345805.34,UPI
TXN_06911,ACC_0123,ACC_0101,2025-04-15 20:00:00,461485.92,RTGS
TXN_06912,ACC_0879,ACC_0243,2025-08-07 23:00:00,292147.28,RTGS
TXN_06913,ACC_0835,ACC_0292,2026-06-30 13:00:00,483247.36,IMPS
TXN_06914,ACC_0695,ACC_0341,2026-02-22 18:00:00,91387.98,RTGS
TXN_06915,ACC_0139,ACC_0676,2024-11-08 03:00:00,369344.02,UPI
TXN_06916,ACC_0639,ACC_0833,2025-11-14 10:00:00,234672.82,IMPS
TXN_06917,ACC_0925,ACC_0204,2026-10-25 02:00:00,450809.96,RTGS
TXN_06918,ACC_0054,ACC_0924,2024-03-09 23:00:00,17250.52,IMPS
TXN_06919,ACC_0524,ACC_0272,2024-05-21 07:00:00,451505.58,UPI
TXN_06920,ACC_0399,ACC_0493,2026-08-09 22:00:00,480833.8,NEFT
TXN_06921,ACC_0562,ACC_0726,2024-10-17 01:00:00,143854.34,IMPS
TXN_06922,ACC_0371,ACC_0171,2025-07-11 08:00:00,187838.83,IMPS
TXN_06923,ACC_0364,ACC_0074,2026-04-03 06:00:00,8215.27,RTGS
TXN_06924,ACC_0773,ACC_0751,2026-04-20 06:00:00,309043.06,RTGS
TXN_06925,ACC_0030,ACC_0877,2024-09-29 05:00:00,319915.31,IMPS
TXN_06926,ACC_0011,ACC_0906,2026-06-15 08:00:00,324772.17,NEFT
TXN_06927,ACC_0872,ACC_0405,2025-10-03 23:00:00,133976.22,IMPS
TXN_06928,ACC_0647,ACC_0284,2025-10-29 08:00:00,273991.37,UPI
TXN_06929,ACC_0155,ACC_0325,2024-07-16 00:00:00,226955.06,IMPS
TXN_06930,ACC_0546,ACC_0994,2024-05-25 11:00:00,119033.32,RTGS
TXN_06931,ACC_0918,ACC_0540,2026-03-31 19:00:00,22638.45,RTGS
TXN_06932,ACC_0903,ACC_0540,2024-04-05 15:00:00,104510.1,IMPS
TXN_06933,ACC_0966,ACC_0721,2024-08-07 00:00:00,215156.35,IMPS
TXN_06934,ACC_0507,ACC_0350,2025-10-07 11:00:00,265487.38,UPI
TXN_06935,ACC_0527,ACC_0730,2026-03-22 08:00:00,115986.01,UPI
TXN_06936,ACC_0341,ACC_0099,2025-11-09 05:00:00,419984.29,NEFT
TXN_06937,ACC_0569,ACC_0821,2024-06-16 01:00:00,217585.61,NEFT
TXN_06938,ACC_0682,ACC_0629,2025-07-06 16:00:00,283285.0,NEFT
TXN_06939,ACC_0687,ACC_0964,2026-07-13 23:00:00,186199.86,RTGS
TXN_06940,ACC_0569,ACC_0301,2025-09-19 21:00:00,88244.9,NEFT
TXN_06941,ACC_0859,ACC_0702,2024-11-13 10:00:00,489434.79,IMPS
TXN_06942,ACC_0805,ACC_0970,2026-10-14 02:00:00,277416.44,RTGS
TXN_06943,ACC_0662,ACC_1010,2026-04-01 01:00:00,463331.45,UPI
TXN_06944,ACC_0193,ACC_0199,2024-12-10 05:00:00,146609.1,RTGS
TXN_06945,ACC_0545,ACC_0171,2024-06-16 20:00:00,68024.36,UPI
TXN_06946,ACC_0051,ACC_0763,2026-07-02 01:00:00,319875.85,NEFT
TXN_06947,ACC_0753,ACC_0033,2026-02-11 16:00:00,181965.34,IMPS
TXN_06948,ACC_0570,ACC_0210,2025-01-20 15:00:00,370003.97,IMPS
TXN_06949,ACC_0978,ACC_0776,2026-08-12 21:00:00,186989.91,UPI
TXN_06950,ACC_0129,ACC_0933,2026-04-19 22:00:00,487233.86,NEFT
TXN_06951,ACC_0926,ACC_0795,2024-07-13 14:00:00,36192.21,RTGS
TXN_06952,ACC_0446,ACC_0820,2025-08-24 16:00:00,369646.04,UPI
TXN_06953,ACC_0829,ACC_0768,2026-07-16 03:00:00,361350.57,NEFT
TXN_06954,ACC_0808,ACC_0422,2026-04-30 13:00:00,365856.04,RTGS
TXN_06955,ACC_0055,ACC_0560,2024-10-14 10:00:00,451706.3,UPI
TXN_06956,ACC_0290,ACC_0115,2025-10-09 01:00:00,240714.86,UPI
TXN_06957,ACC_0339,ACC_0168,2026-01-03 23:00:00,237595.24,IMPS
TXN_06958,ACC_0925,ACC_0159,2026-01-30 01:00:00,231182.08,IMPS
TXN_06959,ACC_0355,ACC_0890,2025-11-27 09:00:00,258946.63,NEFT
TXN_06960,ACC_0264,ACC_0960,2024-05-15 14:00:00,9751.52,NEFT
TXN_06961,ACC_0165,ACC_0393,2026-09-22 02:00:00,130030.3,NEFT
TXN_06962,ACC_0665,ACC_0004,2024-02-27 08:00:00,114985.69,UPI
TXN_06963,ACC_0857,ACC_0591,2026-06-10 05:00:00,172694.95,NEFT
TXN_06964,ACC_0812,ACC_0835,2026-08-23 12:00:00,350043.53,UPI
TXN_06965,ACC_0338,ACC_0782,2026-04-17 02:00:00,378967.24,RTGS
TXN_06966,ACC_0505,ACC_0568,2024-01-03 01:00:00,495710.68,UPI
TXN_06967,ACC_0082,ACC_0836,2025-10-23 23:00:00,201294.03,RTGS
TXN_06968,ACC_0955,ACC_0953,2025-04-22 16:00:00,144487.79,NEFT
TXN_06969,ACC_0191,ACC_0781,2026-05-28 18:00:00,223726.61,RTGS
TXN_06970,ACC_0650,ACC_0513,2026-08-15 15:00:00,492750.08,NEFT
TXN_06971,ACC_0705,ACC_0124,2026-06-23 13:00:00,155243.88,UPI
TXN_06972,ACC_0057,ACC_0898,2025-06-07 23:00:00,236862.81,RTGS
TXN_06973,ACC_0472,ACC_0084,2024-03-20 02:00:00,368363.19,RTGS
TXN_06974,ACC_0923,ACC_0380,2024-08-09 06:00:00,368482.06,NEFT
TXN_06975,ACC_0214,ACC_0913,2026-10-07 21:00:00,418720.43,NEFT
TXN_06976,ACC_0861,ACC_0057,2026-07-19 16:00:00,470891.77,NEFT
TXN_06977,ACC_0540,ACC_0049,2026-06-23 19:00:00,152314.64,IMPS
TXN_06978,ACC_0377,ACC_0766,2024-01-08 15:00:00,341745.3,UPI
TXN_06979,ACC_0411,ACC_0305,2025-06-02 05:00:00,481451.19,UPI
TXN_06980,ACC_0740,ACC_0103,2024-05-23 23:00:00,329530.99,RTGS
TXN_06981,ACC_0945,ACC_0973,2024-09-20 09:00:00,463709.9,IMPS
TXN_06982,ACC_1037,ACC_0198,2025-03-07 17:00:00,182910.85,NEFT
TXN_06983,ACC_0175,ACC_0602,2024-10-23 04:00:00,182953.61,IMPS
TXN_06984,ACC_0885,ACC_0276,2024-11-03 00:00:00,199967.21,IMPS
TXN_06985,ACC_0706,ACC_1021,2025-08-24 11:00:00,499683.99,IMPS
TXN_06986,ACC_0788,ACC_0023,2026-11-05 05:00:00,263694.31,NEFT
TXN_06987,ACC_0258,ACC_0033,2026-04-13 10:00:00,335956.96,IMPS
TXN_06988,ACC_0320,ACC_0420,2024-07-12 20:00:00,131044.48,IMPS
TXN_06989,ACC_0917,ACC_0141,2025-09-20 04:00:00,256725.81,NEFT
TXN_06990,ACC_0629,ACC_0501,2026-04-21 18:00:00,158673.53,UPI
TXN_06991,ACC_0861,ACC_0103,2026-06-14 09:00:00,464981.32,RTGS
TXN_06992,ACC_0728,ACC_0616,2024-01-10 18:00:00,270413.35,NEFT
TXN_06993,ACC_0367,ACC_0991,2026-06-19 09:00:00,274559.11,RTGS
TXN_06994,ACC_0563,ACC_1023,2025-07-13 01:00:00,85943.82,UPI
TXN_06995,ACC_1000,ACC_0219,2026-08-27 13:00:00,384328.42,RTGS
TXN_06996,ACC_0088,ACC_0612,2026-08-14 17:00:00,184365.97,IMPS
TXN_06997,ACC_0184,ACC_0598,2024-02-28 13:00:00,165367.94,IMPS
TXN_06998,ACC_0663,ACC_0305,2025-10-11 05:00:00,197722.49,RTGS
TXN_06999,ACC_0793,ACC_0860,2025-01-27 05:00:00,402905.82,IMPS
TXN_07000,ACC_0987,ACC_0343,2024-06-11 16:00:00,376591.56,NEFT
TXN_07001,ACC_0946,ACC_0035,2025-12-30 23:00:00,140183.65,RTGS
TXN_07002,ACC_0218,ACC_0696,2025-01-06 14:00:00,434959.04,NEFT
TXN_07003,ACC_0291,ACC_1003,2025-08-27 03:00:00,283183.76,UPI
TXN_07004,ACC_0292,ACC_0382,2024-05-15 15:00:00,250522.04,NEFT
TXN_07005,ACC_0438,ACC_0970,2024-07-18 06:00:00,449956.6,UPI
TXN_07006,ACC_0770,ACC_0433,2025-10-31 21:00:00,60653.64,NEFT
TXN_07007,ACC_0290,ACC_0968,2025-10-27 23:00:00,423752.21,IMPS
TXN_07008,ACC_0975,ACC_0469,2024-07-30 19:00:00,450969.33,NEFT
TXN_07009,ACC_0857,ACC_0178,2026-03-30 06:00:00,357939.59,NEFT
TXN_07010,ACC_0092,ACC_0673,2025-01-17 02:00:00,482606.5,NEFT
TXN_07011,ACC_0270,ACC_0565,2025-05-30 20:00:00,77624.93,NEFT
TXN_07012,ACC_0058,ACC_0635,2025-11-08 17:00:00,59628.58,NEFT
TXN_07013,ACC_0938,ACC_0541,2024-11-29 10:00:00,155196.8,RTGS
TXN_07014,ACC_0386,ACC_0992,2025-08-04 22:00:00,70444.48,IMPS
TXN_07015,ACC_0303,ACC_0421,2024-08-07 02:00:00,207405.37,RTGS
TXN_07016,ACC_0536,ACC_1028,2026-10-24 00:00:00,480328.98,IMPS
TXN_07017,ACC_0524,ACC_0077,2026-05-29 11:00:00,442007.09,UPI
TXN_07018,ACC_0672,ACC_0221,2025-10-29 03:00:00,144873.57,UPI
TXN_07019,ACC_0177,ACC_0498,2025-05-09 19:00:00,23609.75,NEFT
TXN_07020,ACC_0293,ACC_0014,2025-10-29 12:00:00,50397.41,RTGS
TXN_07021,ACC_0781,ACC_0473,2024-03-18 07:00:00,345061.28,NEFT
TXN_07022,ACC_0742,ACC_0955,2024-02-28 18:00:00,72427.24,UPI
TXN_07023,ACC_0473,ACC_0540,2026-04-04 01:00:00,185856.16,NEFT
TXN_07024,ACC_0065,ACC_0029,2026-07-10 06:00:00,435358.01,RTGS
TXN_07025,ACC_0710,ACC_0532,2026-03-22 07:00:00,58942.91,RTGS
TXN_07026,ACC_0736,ACC_0479,2024-04-16 05:00:00,383603.4,RTGS
TXN_07027,ACC_0207,ACC_0590,2025-02-18 09:00:00,27764.77,IMPS
TXN_07028,ACC_0158,ACC_0440,2024-02-08 06:00:00,206873.26,UPI
TXN_07029,ACC_0016,ACC_0051,2026-03-13 22:00:00,260494.07,RTGS
TXN_07030,ACC_0992,ACC_0951,2025-11-05 18:00:00,56212.07,NEFT
TXN_07031,ACC_0998,ACC_0103,2025-01-15 23:00:00,330863.04,IMPS
TXN_07032,ACC_0714,ACC_0403,2025-06-04 06:00:00,163080.83,NEFT
TXN_07033,ACC_0435,ACC_0539,2026-04-13 22:00:00,7503.5,NEFT
TXN_07034,ACC_0053,ACC_0841,2024-06-09 04:00:00,106852.71,IMPS
TXN_07035,ACC_0686,ACC_0605,2024-04-05 06:00:00,45194.34,IMPS
TXN_07036,ACC_0422,ACC_0923,2026-03-18 15:00:00,246626.4,NEFT
TXN_07037,ACC_0831,ACC_0770,2024-11-22 01:00:00,114749.48,NEFT
TXN_07038,ACC_0011,ACC_0456,2025-11-26 18:00:00,63576.63,UPI
TXN_07039,ACC_0664,ACC_0625,2026-07-12 16:00:00,219630.65,RTGS
TXN_07040,ACC_0241,ACC_0020,2025-04-12 11:00:00,494545.63,NEFT
TXN_07041,ACC_1009,ACC_0344,2024-10-04 20:00:00,111360.42,RTGS
TXN_07042,ACC_0667,ACC_0719,2025-02-08 19:00:00,457126.61,IMPS
TXN_07043,ACC_0767,ACC_1021,2024-01-21 13:00:00,413416.88,UPI
TXN_07044,ACC_0132,ACC_0046,2024-11-10 16:00:00,360043.0,RTGS
TXN_07045,ACC_0702,ACC_0897,2025-08-20 11:00:00,462610.38,NEFT
TXN_07046,ACC_0603,ACC_0450,2024-04-13 16:00:00,390955.43,UPI
TXN_07047,ACC_0598,ACC_0256,2024-07-29 14:00:00,135210.96,NEFT
TXN_07048,ACC_0407,ACC_0475,2024-03-09 20:00:00,49233.76,UPI
TXN_07049,ACC_0321,ACC_0710,2024-09-13 12:00:00,494131.0,RTGS
TXN_07050,ACC_0218,ACC_0510,2024-08-13 03:00:00,426257.07,NEFT
TXN_07051,ACC_0262,ACC_0217,2024-08-20 11:00:00,181618.08,IMPS
TXN_07052,ACC_0381,ACC_0290,2024-07-08 20:00:00,184570.31,IMPS
TXN_07053,ACC_0645,ACC_0562,2024-11-11 01:00:00,198470.49,RTGS
TXN_07054,ACC_0343,ACC_0331,2025-03-02 08:00:00,168351.72,RTGS
TXN_07055,ACC_0037,ACC_0771,2024-03-17 12:00:00,413645.26,NEFT
TXN_07056,ACC_0012,ACC_0679,2026-02-16 15:00:00,391828.43,RTGS
TXN_07057,ACC_0028,ACC_0874,2025-11-10 20:00:00,201562.43,NEFT
TXN_07058,ACC_0276,ACC_0988,2024-08-26 01:00:00,130705.97,RTGS
TXN_07059,ACC_0446,ACC_0040,2024-06-07 07:00:00,276733.42,NEFT
TXN_07060,ACC_1036,ACC_0719,2025-04-28 09:00:00,324566.92,UPI
TXN_07061,ACC_0454,ACC_0432,2024-09-01 04:00:00,92937.31,UPI
TXN_07062,ACC_0897,ACC_1020,2026-09-04 09:00:00,111617.41,NEFT
TXN_07063,ACC_0909,ACC_0815,2024-07-14 06:00:00,169652.29,UPI
TXN_07064,ACC_0252,ACC_0304,2025-05-20 05:00:00,417190.59,UPI
TXN_07065,ACC_0016,ACC_0253,2026-09-01 08:00:00,217206.45,RTGS
TXN_07066,ACC_0729,ACC_0196,2026-01-17 06:00:00,408872.87,RTGS
TXN_07067,ACC_0842,ACC_0890,2024-03-28 04:00:00,111337.99,RTGS
TXN_07068,ACC_0537,ACC_0202,2024-08-04 15:00:00,358089.25,RTGS
TXN_07069,ACC_0268,ACC_0991,2025-08-05 05:00:00,175422.48,NEFT
TXN_07070,ACC_0109,ACC_0745,2025-06-02 16:00:00,392776.79,IMPS
TXN_07071,ACC_0736,ACC_0012,2026-03-11 04:00:00,312657.32,RTGS
TXN_07072,ACC_0432,ACC_0927,2025-04-13 18:00:00,32820.15,NEFT
TXN_07073,ACC_0183,ACC_1035,2025-02-15 20:00:00,424559.94,IMPS
TXN_07074,ACC_0848,ACC_0535,2024-04-06 15:00:00,113517.29,UPI
TXN_07075,ACC_0003,ACC_0447,2026-05-09 06:00:00,32802.24,IMPS
TXN_07076,ACC_0712,ACC_0811,2024-10-08 09:00:00,85156.05,UPI
TXN_07077,ACC_0327,ACC_0246,2025-07-11 20:00:00,369750.9,UPI
TXN_07078,ACC_0170,ACC_0987,2026-03-21 10:00:00,317297.54,NEFT
TXN_07079,ACC_0618,ACC_0135,2026-04-22 00:00:00,135847.97,RTGS
TXN_07080,ACC_0534,ACC_0572,2026-05-08 13:00:00,45646.47,IMPS
TXN_07081,ACC_0811,ACC_0938,2025-04-14 06:00:00,233439.46,IMPS
TXN_07082,ACC_0216,ACC_0341,2026-05-24 01:00:00,121806.81,IMPS
TXN_07083,ACC_0383,ACC_1013,2024-12-14 17:00:00,446804.55,NEFT
TXN_07084,ACC_0612,ACC_0878,2024-09-23 14:00:00,349522.09,NEFT
TXN_07085,ACC_0706,ACC_0014,2025-12-24 09:00:00,107292.79,RTGS
TXN_07086,ACC_0417,ACC_0824,2025-05-09 05:00:00,344188.52,RTGS
TXN_07087,ACC_0635,ACC_0711,2026-02-02 03:00:00,405409.61,RTGS
TXN_07088,ACC_0714,ACC_0926,2026-02-06 23:00:00,266234.63,IMPS
TXN_07089,ACC_0144,ACC_0389,2024-05-27 22:00:00,472361.85,IMPS
TXN_07090,ACC_0056,ACC_0430,2025-07-20 00:00:00,283487.76,UPI
TXN_07091,ACC_0078,ACC_0876,2025-09-22 06:00:00,201622.0,NEFT
TXN_07092,ACC_0704,ACC_0526,2026-07-04 01:00:00,483416.57,IMPS
TXN_07093,ACC_0691,ACC_0117,2024-09-24 18:00:00,168551.72,RTGS
TXN_07094,ACC_0967,ACC_0590,2024-02-26 08:00:00,76708.66,IMPS
TXN_07095,ACC_0467,ACC_0967,2024-10-20 13:00:00,6531.75,RTGS
TXN_07096,ACC_0595,ACC_0176,2026-09-12 11:00:00,423047.85,IMPS
TXN_07097,ACC_0089,ACC_0564,2024-09-29 00:00:00,190520.34,IMPS
TXN_07098,ACC_0209,ACC_0484,2026-03-02 17:00:00,58684.22,IMPS
TXN_07099,ACC_0083,ACC_0938,2026-01-20 12:00:00,164909.78,NEFT
TXN_07100,ACC_0831,ACC_0897,2025-03-20 08:00:00,160253.67,IMPS
TXN_07101,ACC_0144,ACC_0011,2024-06-24 11:00:00,390453.22,UPI
TXN_07102,ACC_0431,ACC_0703,2025-03-13 08:00:00,418528.12,NEFT
TXN_07103,ACC_0002,ACC_0725,2026-09-01 20:00:00,9194.48,NEFT
TXN_07104,ACC_0731,ACC_0011,2024-03-19 16:00:00,322054.49,RTGS
TXN_07105,ACC_0911,ACC_0331,2024-02-10 10:00:00,94017.2,UPI
TXN_07106,ACC_1007,ACC_0716,2026-10-19 22:00:00,356871.35,IMPS
TXN_07107,ACC_0850,ACC_0965,2025-11-04 10:00:00,249115.61,RTGS
TXN_07108,ACC_0020,ACC_0742,2024-07-18 06:00:00,278838.06,UPI
TXN_07109,ACC_0601,ACC_0847,2025-10-25 01:00:00,32114.82,UPI
TXN_07110,ACC_0572,ACC_0682,2024-08-08 07:00:00,74030.46,UPI
TXN_07111,ACC_0809,ACC_0283,2025-02-21 12:00:00,212338.59,RTGS
TXN_07112,ACC_0554,ACC_0088,2026-03-10 13:00:00,443317.35,RTGS
TXN_07113,ACC_0120,ACC_0799,2026-06-12 14:00:00,203555.97,IMPS
TXN_07114,ACC_0536,ACC_0456,2025-01-09 10:00:00,338690.89,RTGS
TXN_07115,ACC_0236,ACC_0723,2026-04-14 19:00:00,184667.14,IMPS
TXN_07116,ACC_0988,ACC_0935,2025-12-05 12:00:00,474218.15,NEFT
TXN_07117,ACC_0521,ACC_0727,2025-12-31 12:00:00,418013.4,UPI
TXN_07118,ACC_0364,ACC_0684,2025-01-12 00:00:00,458630.1,NEFT
TXN_07119,ACC_0982,ACC_0305,2024-09-14 09:00:00,252725.25,NEFT
TXN_07120,ACC_0392,ACC_0661,2024-03-21 03:00:00,300088.21,NEFT
TXN_07121,ACC_0313,ACC_0951,2025-01-01 18:00:00,46618.83,NEFT
TXN_07122,ACC_0934,ACC_0580,2024-08-25 12:00:00,335205.28,UPI
TXN_07123,ACC_1033,ACC_0197,2026-07-11 03:00:00,51409.4,UPI
TXN_07124,ACC_0398,ACC_0229,2025-08-31 22:00:00,7388.83,NEFT
TXN_07125,ACC_0046,ACC_0841,2026-08-31 17:00:00,238281.12,RTGS
TXN_07126,ACC_0215,ACC_0871,2025-08-06 02:00:00,329272.74,RTGS
TXN_07127,ACC_0208,ACC_0800,2024-09-21 10:00:00,421527.35,IMPS
TXN_07128,ACC_0172,ACC_0118,2024-01-14 04:00:00,119097.29,RTGS
TXN_07129,ACC_0596,ACC_1013,2026-01-22 02:00:00,76357.22,RTGS
TXN_07130,ACC_0504,ACC_0004,2025-08-07 19:00:00,306627.52,RTGS
TXN_07131,ACC_0832,ACC_0921,2025-05-11 02:00:00,59788.41,NEFT
TXN_07132,ACC_0847,ACC_0258,2024-05-28 11:00:00,439007.62,UPI
TXN_07133,ACC_0643,ACC_0961,2024-01-04 06:00:00,91083.67,UPI
TXN_07134,ACC_0929,ACC_0747,2026-01-14 21:00:00,7836.78,NEFT
TXN_07135,ACC_0309,ACC_0097,2024-11-17 08:00:00,494844.28,UPI
TXN_07136,ACC_0897,ACC_0979,2025-08-01 11:00:00,389268.26,UPI
TXN_07137,ACC_0940,ACC_0374,2025-10-02 07:00:00,249845.43,RTGS
TXN_07138,ACC_0455,ACC_0938,2025-06-10 23:00:00,270619.09,UPI
TXN_07139,ACC_0884,ACC_0563,2024-04-21 20:00:00,335523.0,RTGS
TXN_07140,ACC_0067,ACC_0138,2024-11-04 12:00:00,465469.46,UPI
TXN_07141,ACC_0732,ACC_0845,2026-06-13 10:00:00,107844.9,UPI
TXN_07142,ACC_0466,ACC_0234,2025-01-27 13:00:00,4880.25,IMPS
TXN_07143,ACC_0666,ACC_0741,2025-03-04 08:00:00,172882.3,UPI
TXN_07144,ACC_0848,ACC_0478,2024-07-29 03:00:00,189259.16,NEFT
TXN_07145,ACC_0069,ACC_0452,2025-10-29 12:00:00,140821.95,RTGS
TXN_07146,ACC_0898,ACC_0106,2024-01-11 22:00:00,127537.12,NEFT
TXN_07147,ACC_0446,ACC_0571,2024-10-05 09:00:00,171952.46,NEFT
TXN_07148,ACC_0338,ACC_0659,2025-05-25 11:00:00,255467.12,NEFT
TXN_07149,ACC_0171,ACC_0027,2024-03-29 04:00:00,83331.51,NEFT
TXN_07150,ACC_0548,ACC_0664,2026-05-21 16:00:00,41967.86,RTGS
TXN_07151,ACC_0117,ACC_0170,2025-05-17 10:00:00,46279.45,RTGS
TXN_07152,ACC_0669,ACC_0918,2026-11-06 04:00:00,110356.28,UPI
TXN_07153,ACC_0817,ACC_0551,2025-06-02 14:00:00,473106.71,IMPS
TXN_07154,ACC_0977,ACC_0337,2025-05-01 05:00:00,248972.96,RTGS
TXN_07155,ACC_0527,ACC_0453,2024-04-04 05:00:00,406765.61,NEFT
TXN_07156,ACC_0081,ACC_0323,2025-11-16 18:00:00,490073.71,NEFT
TXN_07157,ACC_0160,ACC_0731,2024-09-12 19:00:00,409210.53,IMPS
TXN_07158,ACC_0679,ACC_0986,2024-08-09 11:00:00,32185.04,UPI
TXN_07159,ACC_0156,ACC_0815,2025-08-21 00:00:00,121221.72,UPI
TXN_07160,ACC_0142,ACC_0815,2024-04-02 02:00:00,360057.11,IMPS
TXN_07161,ACC_0773,ACC_0025,2024-06-01 05:00:00,419273.96,RTGS
TXN_07162,ACC_0284,ACC_0262,2024-06-25 19:00:00,349333.9,RTGS
TXN_07163,ACC_0874,ACC_0331,2025-06-30 23:00:00,21397.39,RTGS
TXN_07164,ACC_0819,ACC_0849,2024-11-26 15:00:00,147928.73,NEFT
TXN_07165,ACC_0376,ACC_0030,2024-10-21 17:00:00,130371.95,NEFT
TXN_07166,ACC_0380,ACC_0585,2026-01-29 02:00:00,10683.93,RTGS
TXN_07167,ACC_0519,ACC_0546,2025-11-12 21:00:00,82028.01,UPI
TXN_07168,ACC_0857,ACC_1011,2026-07-14 11:00:00,460544.22,IMPS
TXN_07169,ACC_0688,ACC_0837,2024-11-20 23:00:00,460107.85,IMPS
TXN_07170,ACC_0390,ACC_0117,2024-05-29 14:00:00,6326.09,NEFT
TXN_07171,ACC_0379,ACC_0437,2024-02-11 21:00:00,461515.07,RTGS
TXN_07172,ACC_0289,ACC_0877,2024-03-20 03:00:00,161929.4,NEFT
TXN_07173,ACC_0337,ACC_0641,2024-10-02 02:00:00,491599.25,NEFT
TXN_07174,ACC_0774,ACC_0612,2025-03-17 12:00:00,414495.7,NEFT
TXN_07175,ACC_0051,ACC_0836,2026-07-25 00:00:00,226975.62,IMPS
TXN_07176,ACC_0853,ACC_0211,2025-09-08 18:00:00,37918.82,IMPS
TXN_07177,ACC_0290,ACC_0940,2025-02-20 12:00:00,368775.21,UPI
TXN_07178,ACC_1018,ACC_0957,2024-03-19 06:00:00,297801.03,IMPS
TXN_07179,ACC_0177,ACC_0304,2025-09-22 10:00:00,474997.68,NEFT
TXN_07180,ACC_0350,ACC_0072,2026-05-12 17:00:00,120275.85,UPI
TXN_07181,ACC_0238,ACC_0555,2026-07-27 08:00:00,198352.22,UPI
TXN_07182,ACC_0104,ACC_0495,2024-08-18 03:00:00,272463.08,RTGS
TXN_07183,ACC_0467,ACC_0323,2026-07-26 05:00:00,146055.39,UPI
TXN_07184,ACC_0692,ACC_0440,2026-03-15 07:00:00,142503.61,RTGS
TXN_07185,ACC_0008,ACC_0162,2024-07-30 22:00:00,434106.35,RTGS
TXN_07186,ACC_0328,ACC_0339,2026-05-07 10:00:00,415416.84,NEFT
TXN_07187,ACC_0772,ACC_0594,2026-10-26 05:00:00,134612.36,NEFT
TXN_07188,ACC_0314,ACC_0513,2024-09-30 06:00:00,166934.8,UPI
TXN_07189,ACC_0263,ACC_0796,2025-12-31 12:00:00,429124.4,IMPS
TXN_07190,ACC_0724,ACC_0359,2025-11-22 23:00:00,153376.2,IMPS
TXN_07191,ACC_0759,ACC_0678,2024-11-24 18:00:00,467822.39,RTGS
TXN_07192,ACC_0785,ACC_0649,2026-07-01 13:00:00,375804.29,UPI
TXN_07193,ACC_0308,ACC_0906,2025-07-06 06:00:00,191164.24,UPI
TXN_07194,ACC_0061,ACC_0745,2025-09-15 10:00:00,221382.19,NEFT
TXN_07195,ACC_1005,ACC_0005,2026-09-27 18:00:00,189837.3,NEFT
TXN_07196,ACC_0410,ACC_0073,2026-09-16 06:00:00,438862.57,IMPS
TXN_07197,ACC_0286,ACC_0445,2025-09-19 07:00:00,116098.67,UPI
TXN_07198,ACC_0673,ACC_0007,2025-01-13 23:00:00,303315.29,RTGS
TXN_07199,ACC_0984,ACC_0378,2024-11-13 22:00:00,44038.67,UPI
TXN_07200,ACC_0558,ACC_0583,2024-01-03 03:00:00,264899.51,RTGS
TXN_07201,ACC_0633,ACC_0497,2024-02-25 08:00:00,491292.71,UPI
TXN_07202,ACC_0963,ACC_0448,2025-12-26 20:00:00,456302.31,RTGS
TXN_07203,ACC_0762,ACC_0497,2024-02-07 17:00:00,326828.53,IMPS
TXN_07204,ACC_0469,ACC_0958,2025-06-15 07:00:00,14294.81,IMPS
TXN_07205,ACC_0746,ACC_0597,2026-01-10 15:00:00,86409.74,RTGS
TXN_07206,ACC_0569,ACC_0963,2024-09-27 21:00:00,27119.93,IMPS
TXN_07207,ACC_0911,ACC_0449,2026-09-04 18:00:00,457796.12,UPI
TXN_07208,ACC_0062,ACC_0621,2026-07-04 00:00:00,15900.78,IMPS
TXN_07209,ACC_0509,ACC_0646,2024-10-03 10:00:00,138520.94,IMPS
TXN_07210,ACC_0284,ACC_0486,2025-06-08 02:00:00,57815.98,NEFT
TXN_07211,ACC_0661,ACC_0169,2025-06-25 20:00:00,150470.3,RTGS
TXN_07212,ACC_0242,ACC_0281,2025-01-25 08:00:00,295939.0,RTGS
TXN_07213,ACC_0875,ACC_0417,2026-05-16 05:00:00,478498.99,RTGS
TXN_07214,ACC_0185,ACC_0005,2024-01-22 01:00:00,329216.2,RTGS
TXN_07215,ACC_0753,ACC_0445,2024-07-29 15:00:00,177465.43,RTGS
TXN_07216,ACC_0008,ACC_0022,2024-05-30 05:00:00,295592.39,UPI
TXN_07217,ACC_0933,ACC_0386,2024-02-14 15:00:00,199973.51,RTGS
TXN_07218,ACC_0573,ACC_0424,2025-04-29 22:00:00,434712.27,NEFT
TXN_07219,ACC_0962,ACC_0992,2026-03-30 22:00:00,124196.06,RTGS
TXN_07220,ACC_0446,ACC_0930,2026-05-17 04:00:00,89989.9,RTGS
TXN_07221,ACC_0365,ACC_0857,2024-05-18 23:00:00,393420.15,UPI
TXN_07222,ACC_0247,ACC_0792,2025-12-10 11:00:00,417124.67,UPI
TXN_07223,ACC_0318,ACC_0948,2026-01-12 15:00:00,245082.07,NEFT
TXN_07224,ACC_0998,ACC_0186,2024-02-17 08:00:00,141882.46,RTGS
TXN_07225,ACC_0438,ACC_0226,2026-11-05 00:00:00,334051.01,NEFT
TXN_07226,ACC_0239,ACC_0337,2024-07-14 11:00:00,358298.79,IMPS
TXN_07227,ACC_0363,ACC_1025,2024-10-30 23:00:00,451472.55,RTGS
TXN_07228,ACC_0017,ACC_0283,2025-04-05 09:00:00,249502.41,RTGS
TXN_07229,ACC_0522,ACC_0166,2024-08-12 06:00:00,3991.68,NEFT
TXN_07230,ACC_0423,ACC_0998,2025-04-14 19:00:00,228784.65,IMPS
TXN_07231,ACC_0672,ACC_0112,2024-07-16 14:00:00,436852.32,NEFT
TXN_07232,ACC_0456,ACC_0095,2025-01-01 12:00:00,362124.29,NEFT
TXN_07233,ACC_0292,ACC_0848,2024-09-17 03:00:00,438256.73,RTGS
TXN_07234,ACC_0230,ACC_0387,2025-06-07 06:00:00,34088.54,UPI
TXN_07235,ACC_0107,ACC_0484,2024-09-25 09:00:00,455841.24,RTGS
TXN_07236,ACC_0780,ACC_0745,2025-07-08 12:00:00,461174.09,UPI
TXN_07237,ACC_0302,ACC_0056,2025-10-26 20:00:00,74043.2,NEFT
TXN_07238,ACC_0591,ACC_0148,2026-09-18 20:00:00,168643.44,UPI
TXN_07239,ACC_0558,ACC_0848,2026-10-20 20:00:00,56074.83,NEFT
TXN_07240,ACC_0597,ACC_0127,2025-12-21 01:00:00,189775.49,UPI
TXN_07241,ACC_0232,ACC_0574,2024-01-25 04:00:00,195202.4,NEFT
TXN_07242,ACC_1029,ACC_0098,2026-01-01 14:00:00,374854.11,IMPS
TXN_07243,ACC_0399,ACC_0502,2025-05-21 04:00:00,30300.11,RTGS
TXN_07244,ACC_0201,ACC_0169,2026-11-07 10:00:00,92270.2,UPI
TXN_07245,ACC_0367,ACC_0567,2026-07-10 21:00:00,416145.26,RTGS
TXN_07246,ACC_0283,ACC_0371,2025-06-23 16:00:00,298424.63,UPI
TXN_07247,ACC_0667,ACC_0984,2025-09-23 05:00:00,84807.63,UPI
TXN_07248,ACC_0048,ACC_0649,2026-03-27 21:00:00,260426.83,UPI
TXN_07249,ACC_0317,ACC_0084,2025-04-14 07:00:00,307173.38,UPI
TXN_07250,ACC_0221,ACC_0761,2024-08-10 21:00:00,46590.37,NEFT
TXN_07251,ACC_0593,ACC_0276,2025-07-05 06:00:00,468509.81,UPI
TXN_07252,ACC_0487,ACC_0250,2025-12-06 01:00:00,225460.39,RTGS
TXN_07253,ACC_0516,ACC_0272,2025-06-09 00:00:00,429208.76,NEFT
TXN_07254,ACC_0479,ACC_0739,2025-12-24 13:00:00,250140.59,RTGS
TXN_07255,ACC_0708,ACC_0352,2025-11-02 18:00:00,397431.72,UPI
TXN_07256,ACC_0994,ACC_0324,2025-01-15 09:00:00,381496.35,RTGS
TXN_07257,ACC_0734,ACC_0740,2025-02-24 10:00:00,298672.16,IMPS
TXN_07258,ACC_0063,ACC_0816,2025-02-21 02:00:00,165462.86,NEFT
TXN_07259,ACC_0539,ACC_0632,2024-01-01 06:00:00,98851.33,UPI
TXN_07260,ACC_0939,ACC_0716,2026-02-05 21:00:00,320482.7,NEFT
TXN_07261,ACC_0382,ACC_0864,2026-04-12 11:00:00,71797.16,IMPS
TXN_07262,ACC_0196,ACC_0509,2024-12-06 17:00:00,349394.92,IMPS
TXN_07263,ACC_0013,ACC_0442,2025-09-20 10:00:00,402438.04,IMPS
TXN_07264,ACC_0074,ACC_0746,2024-07-01 23:00:00,375900.62,RTGS
TXN_07265,ACC_0928,ACC_0575,2026-10-15 22:00:00,382785.69,NEFT
TXN_07266,ACC_0152,ACC_0280,2024-10-12 08:00:00,323333.2,UPI
TXN_07267,ACC_0376,ACC_0923,2026-03-28 03:00:00,192073.92,NEFT
TXN_07268,ACC_0454,ACC_0991,2025-10-24 13:00:00,363773.14,RTGS
TXN_07269,ACC_0603,ACC_0179,2025-02-07 16:00:00,267825.63,NEFT
TXN_07270,ACC_0356,ACC_0495,2025-01-21 19:00:00,9761.26,NEFT
TXN_07271,ACC_0588,ACC_0686,2024-03-19 12:00:00,111758.88,NEFT
TXN_07272,ACC_0076,ACC_0377,2026-03-27 00:00:00,446721.0,NEFT
TXN_07273,ACC_0416,ACC_0074,2025-08-12 13:00:00,418058.98,NEFT
TXN_07274,ACC_1005,ACC_0240,2024-08-18 08:00:00,451734.24,UPI
TXN_07275,ACC_0775,ACC_0764,2025-11-08 22:00:00,339374.19,IMPS
TXN_07276,ACC_0176,ACC_0751,2025-07-04 06:00:00,468402.38,NEFT
TXN_07277,ACC_0337,ACC_0017,2026-01-26 16:00:00,450311.39,NEFT
TXN_07278,ACC_0398,ACC_1015,2024-07-29 09:00:00,387814.64,UPI
TXN_07279,ACC_0738,ACC_0417,2024-03-03 00:00:00,95211.2,RTGS
TXN_07280,ACC_0473,ACC_0657,2024-03-11 15:00:00,425206.76,NEFT
TXN_07281,ACC_0948,ACC_0129,2025-03-05 13:00:00,47032.06,UPI
TXN_07282,ACC_0867,ACC_0299,2026-05-14 14:00:00,426113.35,NEFT
TXN_07283,ACC_0459,ACC_0380,2024-08-09 23:00:00,426582.29,RTGS
TXN_07284,ACC_0863,ACC_0762,2024-01-04 04:00:00,189319.95,IMPS
TXN_07285,ACC_0365,ACC_0935,2026-01-08 00:00:00,304732.58,NEFT
TXN_07286,ACC_0806,ACC_0480,2025-11-08 05:00:00,370205.1,RTGS
TXN_07287,ACC_0763,ACC_0034,2025-10-31 00:00:00,251094.79,RTGS
TXN_07288,ACC_0074,ACC_0679,2024-11-01 23:00:00,145099.1,UPI
TXN_07289,ACC_0259,ACC_0591,2026-09-27 09:00:00,405074.35,RTGS
TXN_07290,ACC_0194,ACC_0683,2026-07-18 23:00:00,148779.04,RTGS
TXN_07291,ACC_0382,ACC_0716,2024-01-25 00:00:00,16017.27,IMPS
TXN_07292,ACC_0790,ACC_0605,2026-07-09 16:00:00,320062.08,NEFT
TXN_07293,ACC_0303,ACC_0747,2025-03-26 05:00:00,349560.05,NEFT
TXN_07294,ACC_0068,ACC_0383,2024-06-07 14:00:00,155760.33,NEFT
TXN_07295,ACC_0237,ACC_0836,2025-06-13 17:00:00,95415.2,RTGS
TXN_07296,ACC_0256,ACC_0750,2024-05-22 03:00:00,34691.77,IMPS
TXN_07297,ACC_0096,ACC_0337,2024-03-03 04:00:00,380037.68,RTGS
TXN_07298,ACC_0036,ACC_0508,2024-09-17 19:00:00,435038.16,UPI
TXN_07299,ACC_0587,ACC_0199,2026-04-26 02:00:00,184826.09,UPI
TXN_07300,ACC_0447,ACC_0804,2025-08-07 07:00:00,144303.65,RTGS
TXN_07301,ACC_0205,ACC_1029,2025-05-12 12:00:00,150207.32,IMPS
TXN_07302,ACC_0156,ACC_0754,2025-01-15 12:00:00,408999.76,IMPS
TXN_07303,ACC_0136,ACC_0358,2026-04-10 18:00:00,352532.08,RTGS
TXN_07304,ACC_0845,ACC_0221,2025-05-29 06:00:00,259215.79,IMPS
TXN_07305,ACC_0304,ACC_0688,2026-03-20 02:00:00,249205.27,UPI
TXN_07306,ACC_0683,ACC_0079,2024-10-28 11:00:00,471362.68,NEFT
TXN_07307,ACC_0792,ACC_0847,2026-09-03 15:00:00,13751.29,IMPS
TXN_07308,ACC_0192,ACC_0327,2025-10-10 07:00:00,123437.14,NEFT
TXN_07309,ACC_0524,ACC_0949,2025-06-17 08:00:00,22892.83,IMPS
TXN_07310,ACC_0049,ACC_0038,2025-08-11 19:00:00,361266.72,NEFT
TXN_07311,ACC_0838,ACC_0925,2025-03-24 20:00:00,89813.19,NEFT
TXN_07312,ACC_0388,ACC_0310,2024-06-01 00:00:00,103027.97,RTGS
TXN_07313,ACC_0505,ACC_0329,2026-03-07 18:00:00,256379.86,RTGS
TXN_07314,ACC_0605,ACC_0898,2025-09-16 11:00:00,471454.75,RTGS
TXN_07315,ACC_0807,ACC_0706,2026-09-30 09:00:00,213143.95,IMPS
TXN_07316,ACC_0442,ACC_0466,2026-08-24 11:00:00,309964.16,NEFT
TXN_07317,ACC_0669,ACC_0770,2025-06-19 14:00:00,293268.9,IMPS
TXN_07318,ACC_0918,ACC_0365,2026-09-19 06:00:00,364529.87,RTGS
TXN_07319,ACC_0138,ACC_0948,2024-12-27 00:00:00,232208.3,UPI
TXN_07320,ACC_0188,ACC_0900,2025-10-01 12:00:00,13202.73,RTGS
TXN_07321,ACC_1002,ACC_0195,2025-05-30 07:00:00,367942.76,UPI
TXN_07322,ACC_0473,ACC_0062,2024-05-23 16:00:00,386589.44,IMPS
TXN_07323,ACC_0298,ACC_0257,2025-07-19 11:00:00,469987.5,RTGS
TXN_07324,ACC_0883,ACC_0437,2026-10-21 18:00:00,221368.22,RTGS
TXN_07325,ACC_0732,ACC_0627,2025-10-31 15:00:00,316059.65,RTGS
TXN_07326,ACC_0115,ACC_0278,2025-01-18 02:00:00,290660.94,IMPS
TXN_07327,ACC_0036,ACC_0424,2026-08-26 05:00:00,208302.1,UPI
TXN_07328,ACC_0728,ACC_0058,2026-07-20 08:00:00,354506.92,RTGS
TXN_07329,ACC_0418,ACC_0822,2024-08-06 20:00:00,417933.59,RTGS
TXN_07330,ACC_0240,ACC_0883,2025-03-22 07:00:00,354114.64,RTGS
TXN_07331,ACC_0848,ACC_0589,2026-09-24 21:00:00,386664.96,UPI
TXN_07332,ACC_1018,ACC_0963,2025-02-24 17:00:00,24717.61,RTGS
TXN_07333,ACC_0788,ACC_0648,2024-11-20 06:00:00,315050.88,IMPS
TXN_07334,ACC_0597,ACC_0184,2026-08-13 07:00:00,25136.57,UPI
TXN_07335,ACC_0618,ACC_0521,2026-01-08 05:00:00,369576.35,NEFT
TXN_07336,ACC_0204,ACC_0720,2024-01-24 04:00:00,149048.49,RTGS
TXN_07337,ACC_0019,ACC_0581,2024-07-15 07:00:00,465984.38,UPI
TXN_07338,ACC_0370,ACC_0430,2026-09-29 01:00:00,413973.35,NEFT
TXN_07339,ACC_0300,ACC_0872,2025-01-25 10:00:00,317631.65,NEFT
TXN_07340,ACC_0545,ACC_0838,2025-07-15 15:00:00,87702.48,UPI
TXN_07341,ACC_0010,ACC_0788,2025-08-25 00:00:00,486105.43,IMPS
TXN_07342,ACC_0589,ACC_0037,2026-05-23 05:00:00,332991.7,NEFT
TXN_07343,ACC_0554,ACC_0931,2025-12-30 10:00:00,173260.3,RTGS
TXN_07344,ACC_0367,ACC_0137,2025-01-19 11:00:00,339977.55,NEFT
TXN_07345,ACC_0928,ACC_0655,2024-04-30 10:00:00,191554.64,NEFT
TXN_07346,ACC_0839,ACC_0494,2024-05-10 18:00:00,178529.82,IMPS
TXN_07347,ACC_0544,ACC_0034,2024-08-07 03:00:00,354961.26,RTGS
TXN_07348,ACC_0946,ACC_0615,2025-05-26 01:00:00,104946.95,RTGS
TXN_07349,ACC_0718,ACC_0652,2025-01-08 13:00:00,189697.04,NEFT
TXN_07350,ACC_0651,ACC_0551,2025-08-18 00:00:00,350150.48,UPI
TXN_07351,ACC_0928,ACC_0054,2026-04-21 02:00:00,14473.27,IMPS
TXN_07352,ACC_0680,ACC_0517,2025-11-02 17:00:00,444777.87,IMPS
TXN_07353,ACC_0475,ACC_0959,2025-09-02 03:00:00,389197.15,NEFT
TXN_07354,ACC_0590,ACC_0616,2026-08-08 12:00:00,377884.78,UPI
TXN_07355,ACC_0987,ACC_0477,2025-01-04 05:00:00,249149.01,UPI
TXN_07356,ACC_0346,ACC_0605,2025-04-02 16:00:00,481573.21,UPI
TXN_07357,ACC_0434,ACC_0554,2026-01-11 20:00:00,77435.66,UPI
TXN_07358,ACC_0653,ACC_0685,2026-04-28 01:00:00,450374.14,RTGS
TXN_07359,ACC_0106,ACC_0389,2024-04-30 03:00:00,32032.81,NEFT
TXN_07360,ACC_0961,ACC_0692,2024-08-05 07:00:00,355802.8,IMPS
TXN_07361,ACC_0228,ACC_0626,2024-09-20 18:00:00,167240.65,NEFT
TXN_07362,ACC_0585,ACC_0128,2025-03-01 03:00:00,233611.87,UPI
TXN_07363,ACC_0586,ACC_0824,2025-01-16 18:00:00,184597.88,NEFT
TXN_07364,ACC_0427,ACC_0477,2026-02-22 23:00:00,64817.58,UPI
TXN_07365,ACC_0694,ACC_1020,2025-12-04 20:00:00,159450.34,NEFT
TXN_07366,ACC_0454,ACC_0683,2025-12-25 14:00:00,6951.05,NEFT
TXN_07367,ACC_0913,ACC_0744,2024-04-19 20:00:00,413122.34,UPI
TXN_07368,ACC_0344,ACC_0858,2026-03-24 19:00:00,146294.89,IMPS
TXN_07369,ACC_0707,ACC_0589,2026-08-27 18:00:00,135232.33,UPI
TXN_07370,ACC_0841,ACC_0494,2024-12-11 00:00:00,177965.84,RTGS
TXN_07371,ACC_0714,ACC_1030,2024-04-12 12:00:00,451404.91,UPI
TXN_07372,ACC_0047,ACC_1040,2024-07-23 15:00:00,385846.62,NEFT
TXN_07373,ACC_0994,ACC_0766,2024-06-16 15:00:00,173157.94,RTGS
TXN_07374,ACC_0445,ACC_0653,2024-03-27 14:00:00,182360.59,IMPS
TXN_07375,ACC_0156,ACC_0206,2025-04-07 09:00:00,169926.05,IMPS
TXN_07376,ACC_0250,ACC_0151,2024-12-24 20:00:00,297652.71,IMPS
TXN_07377,ACC_0892,ACC_0035,2025-01-28 03:00:00,156056.12,IMPS
TXN_07378,ACC_0699,ACC_0898,2026-04-21 06:00:00,269271.88,RTGS
TXN_07379,ACC_0308,ACC_0738,2025-12-17 07:00:00,90478.67,IMPS
TXN_07380,ACC_0380,ACC_0530,2026-04-28 21:00:00,361515.14,NEFT
TXN_07381,ACC_0045,ACC_0648,2024-06-05 17:00:00,265353.38,RTGS
TXN_07382,ACC_1037,ACC_0821,2024-04-12 17:00:00,124327.77,UPI
TXN_07383,ACC_0036,ACC_0444,2026-04-13 15:00:00,499840.08,RTGS
TXN_07384,ACC_0790,ACC_0529,2025-10-30 14:00:00,94318.89,IMPS
TXN_07385,ACC_0352,ACC_0725,2025-04-03 04:00:00,386978.27,UPI
TXN_07386,ACC_0749,ACC_0759,2024-07-19 12:00:00,140835.77,IMPS
TXN_07387,ACC_0461,ACC_0700,2024-05-24 09:00:00,413344.89,NEFT
TXN_07388,ACC_0094,ACC_0097,2025-08-17 04:00:00,171372.67,RTGS
TXN_07389,ACC_0287,ACC_0316,2026-09-28 05:00:00,88188.96,NEFT
TXN_07390,ACC_0830,ACC_0410,2024-09-02 14:00:00,480401.23,RTGS
TXN_07391,ACC_0907,ACC_0862,2025-04-05 16:00:00,241850.17,IMPS
TXN_07392,ACC_0214,ACC_0152,2026-07-17 19:00:00,188911.37,RTGS
TXN_07393,ACC_0697,ACC_0988,2025-10-29 06:00:00,387883.72,UPI
TXN_07394,ACC_0632,ACC_0857,2025-07-02 10:00:00,304645.16,NEFT
TXN_07395,ACC_0049,ACC_0625,2026-02-14 13:00:00,348216.43,NEFT
TXN_07396,ACC_0842,ACC_0516,2024-11-20 00:00:00,155408.29,IMPS
TXN_07397,ACC_0746,ACC_0370,2024-09-02 19:00:00,85417.45,NEFT
TXN_07398,ACC_0495,ACC_0969,2024-09-18 08:00:00,272475.68,NEFT
TXN_07399,ACC_0500,ACC_0605,2026-01-24 05:00:00,29364.4,UPI
TXN_07400,ACC_0914,ACC_0332,2024-04-17 10:00:00,450103.28,NEFT
TXN_07401,ACC_0618,ACC_0687,2024-04-19 06:00:00,7590.86,NEFT
TXN_07402,ACC_0735,ACC_0463,2025-12-19 18:00:00,20055.57,IMPS
TXN_07403,ACC_0621,ACC_0548,2024-11-26 21:00:00,410705.25,NEFT
TXN_07404,ACC_0991,ACC_0053,2026-05-29 04:00:00,454973.52,UPI
TXN_07405,ACC_0445,ACC_0031,2025-01-24 15:00:00,228485.13,UPI
TXN_07406,ACC_0271,ACC_0239,2024-10-15 14:00:00,417066.33,IMPS
TXN_07407,ACC_0712,ACC_0326,2025-09-27 06:00:00,269110.59,RTGS
TXN_07408,ACC_0690,ACC_0914,2025-02-17 20:00:00,449805.42,UPI
TXN_07409,ACC_0072,ACC_0574,2025-02-14 09:00:00,63027.24,RTGS
TXN_07410,ACC_0303,ACC_0742,2025-10-07 23:00:00,205176.1,RTGS
TXN_07411,ACC_0805,ACC_0942,2025-09-08 08:00:00,233094.65,IMPS
TXN_07412,ACC_0135,ACC_0363,2026-04-17 08:00:00,189520.17,RTGS
TXN_07413,ACC_0998,ACC_0056,2025-05-30 07:00:00,26563.51,NEFT
TXN_07414,ACC_0333,ACC_0097,2024-07-24 01:00:00,398442.63,UPI
TXN_07415,ACC_0323,ACC_0996,2026-01-11 06:00:00,255111.13,NEFT
TXN_07416,ACC_0348,ACC_0485,2025-11-03 14:00:00,421003.46,IMPS
TXN_07417,ACC_0983,ACC_0409,2026-05-21 23:00:00,309861.53,IMPS
TXN_07418,ACC_0077,ACC_0282,2025-07-23 04:00:00,400021.72,UPI
TXN_07419,ACC_0301,ACC_0962,2025-05-20 15:00:00,338967.85,IMPS
TXN_07420,ACC_0589,ACC_0460,2024-01-28 03:00:00,309930.97,NEFT
TXN_07421,ACC_0566,ACC_0377,2026-07-03 04:00:00,269989.19,IMPS
TXN_07422,ACC_1002,ACC_0531,2024-12-22 06:00:00,476519.57,UPI
TXN_07423,ACC_0737,ACC_0432,2026-06-11 11:00:00,99472.98,IMPS
TXN_07424,ACC_0543,ACC_1040,2025-03-15 19:00:00,28657.12,IMPS
TXN_07425,ACC_0212,ACC_0226,2024-10-02 18:00:00,14446.89,RTGS
TXN_07426,ACC_0144,ACC_0348,2025-01-07 14:00:00,317488.3,UPI
TXN_07427,ACC_0154,ACC_0249,2026-07-11 09:00:00,395114.78,UPI
TXN_07428,ACC_0547,ACC_0535,2024-12-13 14:00:00,52409.26,NEFT
TXN_07429,ACC_0556,ACC_0677,2024-12-18 13:00:00,118654.03,IMPS
TXN_07430,ACC_0681,ACC_0793,2024-01-30 08:00:00,222547.74,NEFT
TXN_07431,ACC_0618,ACC_0299,2024-02-02 13:00:00,272144.56,IMPS
TXN_07432,ACC_0251,ACC_0030,2026-09-28 07:00:00,211769.58,RTGS
TXN_07433,ACC_0991,ACC_0757,2024-12-01 22:00:00,493452.94,NEFT
TXN_07434,ACC_0676,ACC_0773,2026-07-05 17:00:00,10068.43,RTGS
TXN_07435,ACC_0441,ACC_0494,2025-04-10 04:00:00,365713.87,IMPS
TXN_07436,ACC_0447,ACC_0813,2024-06-18 05:00:00,14916.77,UPI
TXN_07437,ACC_0470,ACC_1008,2024-06-22 05:00:00,161581.64,NEFT
TXN_07438,ACC_0093,ACC_0370,2026-06-08 20:00:00,219068.89,UPI
TXN_07439,ACC_0933,ACC_0356,2026-06-12 13:00:00,455304.65,UPI
TXN_07440,ACC_0925,ACC_0313,2025-08-26 05:00:00,451576.78,UPI
TXN_07441,ACC_0923,ACC_0957,2024-04-11 09:00:00,309751.6,IMPS
TXN_07442,ACC_0497,ACC_0318,2025-08-04 20:00:00,185988.54,RTGS
TXN_07443,ACC_0577,ACC_0547,2025-06-22 02:00:00,123841.23,UPI
TXN_07444,ACC_0524,ACC_0179,2026-08-17 20:00:00,78501.21,RTGS
TXN_07445,ACC_0424,ACC_0575,2026-09-03 08:00:00,253497.36,UPI
TXN_07446,ACC_0216,ACC_0249,2026-10-31 08:00:00,327168.87,RTGS
TXN_07447,ACC_0598,ACC_0517,2025-12-17 05:00:00,51910.94,NEFT
TXN_07448,ACC_0929,ACC_0333,2026-02-02 01:00:00,420933.26,UPI
TXN_07449,ACC_0443,ACC_0350,2025-03-07 16:00:00,425094.96,UPI
TXN_07450,ACC_0086,ACC_0169,2026-09-08 05:00:00,86825.35,UPI
TXN_07451,ACC_0262,ACC_0617,2025-08-18 17:00:00,154579.73,UPI
TXN_07452,ACC_0048,ACC_0355,2026-05-11 17:00:00,171764.01,IMPS
TXN_07453,ACC_1004,ACC_0983,2026-05-03 01:00:00,253039.22,RTGS
TXN_07454,ACC_0792,ACC_0975,2026-04-10 03:00:00,203956.16,UPI
TXN_07455,ACC_0998,ACC_0870,2026-04-29 09:00:00,6045.97,NEFT
TXN_07456,ACC_0326,ACC_0938,2026-04-29 23:00:00,444173.06,NEFT
TXN_07457,ACC_0614,ACC_0591,2026-08-01 18:00:00,16261.25,UPI
TXN_07458,ACC_0656,ACC_0864,2024-11-15 17:00:00,1728.3,RTGS
TXN_07459,ACC_0321,ACC_0377,2024-11-10 16:00:00,469901.72,RTGS
TXN_07460,ACC_0300,ACC_0949,2026-07-25 03:00:00,340208.49,IMPS
TXN_07461,ACC_0646,ACC_0527,2025-09-30 04:00:00,422375.95,UPI
TXN_07462,ACC_0677,ACC_1005,2025-05-11 00:00:00,249727.97,UPI
TXN_07463,ACC_0965,ACC_0865,2024-12-12 03:00:00,1712.46,IMPS
TXN_07464,ACC_0019,ACC_0882,2026-03-13 13:00:00,446872.15,NEFT
TXN_07465,ACC_0141,ACC_0334,2026-03-10 20:00:00,446437.05,NEFT
TXN_07466,ACC_0506,ACC_0155,2026-02-17 06:00:00,327916.43,NEFT
TXN_07467,ACC_0590,ACC_0322,2026-06-11 05:00:00,50059.28,IMPS
TXN_07468,ACC_0570,ACC_0270,2025-04-07 00:00:00,443809.9,IMPS
TXN_07469,ACC_0660,ACC_0524,2024-02-23 10:00:00,254742.49,RTGS
TXN_07470,ACC_0925,ACC_0973,2025-03-09 06:00:00,207111.79,RTGS
TXN_07471,ACC_0029,ACC_1017,2024-10-03 07:00:00,294167.82,IMPS
TXN_07472,ACC_0191,ACC_0543,2026-04-01 14:00:00,69006.87,NEFT
TXN_07473,ACC_0407,ACC_0907,2024-01-31 20:00:00,336777.13,IMPS
TXN_07474,ACC_0286,ACC_0604,2026-08-07 15:00:00,403739.58,UPI
TXN_07475,ACC_0827,ACC_0549,2024-04-04 03:00:00,43163.8,RTGS
TXN_07476,ACC_0415,ACC_0220,2025-01-29 21:00:00,121095.48,UPI
TXN_07477,ACC_0414,ACC_0565,2025-08-10 21:00:00,153641.68,RTGS
TXN_07478,ACC_0957,ACC_0336,2026-07-15 06:00:00,159727.5,RTGS
TXN_07479,ACC_0164,ACC_0450,2024-05-19 10:00:00,174836.24,IMPS
TXN_07480,ACC_0405,ACC_0087,2025-07-06 06:00:00,477702.27,RTGS
TXN_07481,ACC_0071,ACC_0555,2025-10-22 09:00:00,248238.77,RTGS
TXN_07482,ACC_0463,ACC_0796,2024-01-16 17:00:00,173538.38,IMPS
TXN_07483,ACC_0490,ACC_0765,2026-08-27 20:00:00,67608.25,RTGS
TXN_07484,ACC_0911,ACC_0181,2024-10-06 20:00:00,430353.21,RTGS
TXN_07485,ACC_0937,ACC_0700,2025-04-02 04:00:00,80333.34,RTGS
TXN_07486,ACC_0283,ACC_0661,2026-02-13 16:00:00,273228.71,RTGS
TXN_07487,ACC_0411,ACC_0663,2025-01-25 13:00:00,345217.66,RTGS
TXN_07488,ACC_0082,ACC_0201,2026-03-03 01:00:00,317939.42,IMPS
TXN_07489,ACC_0281,ACC_0802,2024-04-29 02:00:00,284570.34,NEFT
TXN_07490,ACC_0430,ACC_0660,2025-05-01 01:00:00,184528.38,UPI
TXN_07491,ACC_0350,ACC_0568,2025-06-08 07:00:00,335837.5,IMPS
TXN_07492,ACC_0781,ACC_1011,2026-07-18 23:00:00,176052.27,NEFT
TXN_07493,ACC_0924,ACC_0224,2026-05-05 07:00:00,272258.68,RTGS
TXN_07494,ACC_0350,ACC_0918,2026-10-10 07:00:00,432670.62,NEFT
TXN_07495,ACC_0772,ACC_0037,2025-08-13 10:00:00,200717.03,NEFT
TXN_07496,ACC_0859,ACC_0325,2024-09-07 11:00:00,166133.81,RTGS
TXN_07497,ACC_0032,ACC_0249,2025-04-07 20:00:00,391497.18,IMPS
TXN_07498,ACC_0555,ACC_0776,2025-06-24 21:00:00,431630.39,NEFT
TXN_07499,ACC_0284,ACC_0887,2024-05-21 19:00:00,127368.83,IMPS
TXN_07500,ACC_0479,ACC_0120,2026-07-01 07:00:00,477787.57,UPI
TXN_07501,ACC_0785,ACC_0076,2024-03-26 14:00:00,470170.83,RTGS
TXN_07502,ACC_0928,ACC_0325,2026-07-18 04:00:00,48716.59,RTGS
TXN_07503,ACC_0101,ACC_0312,2025-12-20 10:00:00,334529.91,RTGS
TXN_07504,ACC_0145,ACC_0204,2026-02-01 15:00:00,359489.98,NEFT
TXN_07505,ACC_0830,ACC_0479,2025-05-16 21:00:00,428280.35,RTGS
TXN_07506,ACC_0618,ACC_0501,2025-06-26 02:00:00,351734.1,NEFT
TXN_07507,ACC_0570,ACC_0803,2024-01-30 12:00:00,271019.42,RTGS
TXN_07508,ACC_0499,ACC_0611,2024-09-04 19:00:00,339646.79,NEFT
TXN_07509,ACC_0954,ACC_0259,2025-12-13 01:00:00,63675.01,IMPS
TXN_07510,ACC_0979,ACC_0178,2025-06-02 15:00:00,50050.29,NEFT
TXN_07511,ACC_0986,ACC_0646,2026-03-03 04:00:00,463191.57,IMPS
TXN_07512,ACC_0596,ACC_0625,2024-03-24 07:00:00,131514.48,IMPS
TXN_07513,ACC_0013,ACC_0247,2025-07-25 22:00:00,163241.1,RTGS
TXN_07514,ACC_0504,ACC_0131,2025-09-03 12:00:00,468629.32,IMPS
TXN_07515,ACC_0081,ACC_0831,2024-10-27 01:00:00,391850.11,UPI
TXN_07516,ACC_0628,ACC_0843,2024-11-01 23:00:00,210484.57,IMPS
TXN_07517,ACC_0628,ACC_0386,2025-12-22 23:00:00,350115.39,UPI
TXN_07518,ACC_0640,ACC_0363,2026-05-19 22:00:00,131196.62,NEFT
TXN_07519,ACC_0930,ACC_1016,2025-02-04 08:00:00,13035.09,RTGS
TXN_07520,ACC_0956,ACC_0543,2025-11-26 01:00:00,59667.91,RTGS
TXN_07521,ACC_0170,ACC_0605,2024-07-13 03:00:00,238443.23,RTGS
TXN_07522,ACC_0012,ACC_0382,2024-07-24 05:00:00,467452.18,NEFT
TXN_07523,ACC_0166,ACC_0225,2026-10-23 17:00:00,308947.01,RTGS
TXN_07524,ACC_0075,ACC_0404,2024-11-01 13:00:00,62258.24,NEFT
TXN_07525,ACC_0575,ACC_0763,2026-10-18 06:00:00,41869.38,UPI
TXN_07526,ACC_0221,ACC_0117,2025-05-24 20:00:00,68484.56,RTGS
TXN_07527,ACC_1033,ACC_0511,2024-12-30 10:00:00,166930.27,RTGS
TXN_07528,ACC_0077,ACC_0618,2026-05-26 12:00:00,353250.62,RTGS
TXN_07529,ACC_0697,ACC_0340,2026-08-07 16:00:00,393318.31,IMPS
TXN_07530,ACC_0363,ACC_0366,2026-09-16 21:00:00,216425.79,NEFT
TXN_07531,ACC_1033,ACC_0595,2026-07-15 22:00:00,483270.74,UPI
TXN_07532,ACC_0732,ACC_0771,2026-01-06 07:00:00,409472.54,IMPS
TXN_07533,ACC_0715,ACC_0947,2025-04-14 18:00:00,411439.81,UPI
TXN_07534,ACC_0322,ACC_0209,2024-03-11 14:00:00,387086.25,NEFT
TXN_07535,ACC_0232,ACC_0677,2025-11-07 04:00:00,393732.97,NEFT
TXN_07536,ACC_0208,ACC_0046,2024-08-02 13:00:00,276782.67,UPI
TXN_07537,ACC_0344,ACC_0749,2024-02-29 06:00:00,483871.97,NEFT
TXN_07538,ACC_0499,ACC_0345,2026-07-18 05:00:00,276986.71,IMPS
TXN_07539,ACC_1019,ACC_0605,2024-07-07 13:00:00,281104.0,UPI
TXN_07540,ACC_0958,ACC_0021,2024-03-03 18:00:00,444991.42,RTGS
TXN_07541,ACC_0365,ACC_0031,2026-01-10 07:00:00,60208.87,NEFT
TXN_07542,ACC_0106,ACC_0907,2024-02-04 23:00:00,366134.05,RTGS
TXN_07543,ACC_0481,ACC_0080,2024-02-18 21:00:00,16982.09,IMPS
TXN_07544,ACC_0651,ACC_0225,2026-02-08 01:00:00,16515.59,NEFT
TXN_07545,ACC_0072,ACC_0581,2025-02-27 11:00:00,126904.47,IMPS
TXN_07546,ACC_0331,ACC_0053,2024-09-07 19:00:00,150596.28,RTGS
TXN_07547,ACC_0282,ACC_0410,2024-03-08 20:00:00,371327.54,IMPS
TXN_07548,ACC_0486,ACC_0243,2024-12-23 14:00:00,379135.98,RTGS
TXN_07549,ACC_0822,ACC_0960,2025-12-13 11:00:00,319957.65,IMPS
TXN_07550,ACC_0097,ACC_0463,2025-09-20 13:00:00,275560.12,RTGS
TXN_07551,ACC_0375,ACC_0515,2026-07-08 14:00:00,451323.5,RTGS
TXN_07552,ACC_0483,ACC_0523,2026-04-13 08:00:00,385607.03,RTGS
TXN_07553,ACC_0355,ACC_0563,2024-02-07 04:00:00,187363.62,UPI
TXN_07554,ACC_0625,ACC_0969,2024-03-17 02:00:00,141834.87,RTGS
TXN_07555,ACC_0676,ACC_0689,2026-01-17 21:00:00,419210.06,RTGS
TXN_07556,ACC_0154,ACC_0801,2025-12-27 12:00:00,114135.76,RTGS
TXN_07557,ACC_0693,ACC_0551,2026-03-30 03:00:00,465574.06,IMPS
TXN_07558,ACC_0288,ACC_0361,2026-10-04 20:00:00,464260.59,NEFT
TXN_07559,ACC_0794,ACC_0780,2024-02-05 12:00:00,304911.96,IMPS
TXN_07560,ACC_0395,ACC_0431,2024-12-21 18:00:00,117330.04,NEFT
TXN_07561,ACC_0571,ACC_0157,2025-06-10 10:00:00,474642.2,IMPS
TXN_07562,ACC_0368,ACC_0284,2025-05-25 16:00:00,373110.85,NEFT
TXN_07563,ACC_0350,ACC_0918,2026-06-10 01:00:00,435603.97,IMPS
TXN_07564,ACC_0990,ACC_0220,2025-03-11 08:00:00,52381.28,IMPS
TXN_07565,ACC_0817,ACC_0828,2025-10-16 04:00:00,467257.33,IMPS
TXN_07566,ACC_0395,ACC_0319,2025-08-07 02:00:00,359783.95,NEFT
TXN_07567,ACC_0443,ACC_0218,2025-07-15 04:00:00,201773.5,RTGS
TXN_07568,ACC_0661,ACC_0998,2026-05-23 06:00:00,494798.38,RTGS
TXN_07569,ACC_0787,ACC_0349,2026-05-17 03:00:00,246869.38,RTGS
TXN_07570,ACC_0694,ACC_0476,2026-08-08 08:00:00,475535.5,RTGS
TXN_07571,ACC_0183,ACC_0020,2026-03-24 20:00:00,421674.39,IMPS
TXN_07572,ACC_0399,ACC_0068,2025-01-04 04:00:00,463285.67,NEFT
TXN_07573,ACC_0651,ACC_0697,2025-05-15 20:00:00,465946.33,RTGS
TXN_07574,ACC_0805,ACC_0963,2025-07-12 17:00:00,142328.11,UPI
TXN_07575,ACC_1035,ACC_0610,2026-10-01 14:00:00,149127.63,NEFT
TXN_07576,ACC_0674,ACC_0729,2025-04-27 14:00:00,375350.55,IMPS
TXN_07577,ACC_0925,ACC_0921,2026-10-11 05:00:00,125538.75,RTGS
TXN_07578,ACC_0446,ACC_0949,2025-09-26 12:00:00,9979.72,IMPS
TXN_07579,ACC_0533,ACC_0412,2026-03-29 21:00:00,240702.09,UPI
TXN_07580,ACC_0661,ACC_0029,2025-11-04 13:00:00,84094.56,UPI
TXN_07581,ACC_0108,ACC_0199,2025-02-17 22:00:00,427500.6,IMPS
TXN_07582,ACC_0823,ACC_0188,2025-07-16 12:00:00,233649.09,RTGS
TXN_07583,ACC_0113,ACC_0579,2025-11-29 11:00:00,93828.14,IMPS
TXN_07584,ACC_0471,ACC_0393,2026-06-29 03:00:00,375249.16,NEFT
TXN_07585,ACC_0232,ACC_0021,2025-01-09 10:00:00,57097.15,RTGS
TXN_07586,ACC_0487,ACC_0441,2026-09-20 19:00:00,25663.81,IMPS
TXN_07587,ACC_0193,ACC_0943,2024-12-26 03:00:00,119290.59,UPI
TXN_07588,ACC_0575,ACC_0194,2026-08-07 00:00:00,162627.39,RTGS
TXN_07589,ACC_0521,ACC_0231,2024-07-04 20:00:00,381258.38,IMPS
TXN_07590,ACC_0958,ACC_1012,2025-09-25 09:00:00,190666.67,IMPS
TXN_07591,ACC_0306,ACC_0254,2025-07-08 21:00:00,253973.08,IMPS
TXN_07592,ACC_0544,ACC_0732,2026-05-06 02:00:00,158671.18,RTGS
TXN_07593,ACC_0193,ACC_0780,2024-05-17 20:00:00,446792.89,IMPS
TXN_07594,ACC_0859,ACC_0623,2025-10-29 02:00:00,279405.27,NEFT
TXN_07595,ACC_0379,ACC_0332,2025-06-19 11:00:00,315983.14,UPI
TXN_07596,ACC_0621,ACC_0358,2026-10-24 23:00:00,164459.84,RTGS
TXN_07597,ACC_0069,ACC_0502,2026-01-12 20:00:00,22624.47,NEFT
TXN_07598,ACC_0776,ACC_1003,2025-05-25 15:00:00,231767.86,RTGS
TXN_07599,ACC_0719,ACC_0502,2025-05-29 15:00:00,48375.96,UPI
TXN_07600,ACC_0005,ACC_0804,2024-02-25 03:00:00,473769.23,UPI
TXN_07601,ACC_0617,ACC_0717,2025-04-20 06:00:00,191727.45,IMPS
TXN_07602,ACC_0875,ACC_0782,2024-03-26 11:00:00,194584.16,IMPS
TXN_07603,ACC_0798,ACC_0109,2026-03-23 02:00:00,9047.83,NEFT
TXN_07604,ACC_0375,ACC_0391,2026-07-24 03:00:00,260100.59,UPI
TXN_07605,ACC_0157,ACC_0798,2024-08-19 21:00:00,355336.54,RTGS
TXN_07606,ACC_0523,ACC_0166,2025-12-03 17:00:00,334210.14,IMPS
TXN_07607,ACC_0568,ACC_0397,2026-06-11 17:00:00,250698.74,NEFT
TXN_07608,ACC_0746,ACC_0351,2025-07-29 13:00:00,284527.84,UPI
TXN_07609,ACC_0197,ACC_0224,2025-11-30 16:00:00,359891.64,RTGS
TXN_07610,ACC_0440,ACC_0299,2025-04-17 05:00:00,435179.32,NEFT
TXN_07611,ACC_0821,ACC_0847,2026-01-07 06:00:00,193222.87,NEFT
TXN_07612,ACC_0402,ACC_0094,2025-07-09 21:00:00,234966.16,UPI
TXN_07613,ACC_0621,ACC_0186,2026-01-15 09:00:00,346716.03,RTGS
TXN_07614,ACC_0710,ACC_0572,2026-05-05 18:00:00,372917.37,RTGS
TXN_07615,ACC_0090,ACC_0625,2024-06-27 18:00:00,405706.98,RTGS
TXN_07616,ACC_0470,ACC_0176,2025-05-24 21:00:00,448653.93,RTGS
TXN_07617,ACC_0981,ACC_0308,2024-03-19 12:00:00,128819.58,IMPS
TXN_07618,ACC_0102,ACC_0159,2024-04-13 03:00:00,15145.28,NEFT
TXN_07619,ACC_0221,ACC_0987,2026-10-08 21:00:00,305528.78,NEFT
TXN_07620,ACC_0547,ACC_0331,2025-05-23 15:00:00,75963.1,RTGS
TXN_07621,ACC_0804,ACC_0423,2024-06-20 01:00:00,265485.44,UPI
TXN_07622,ACC_0624,ACC_0717,2025-04-06 17:00:00,246194.82,NEFT
TXN_07623,ACC_0875,ACC_0030,2026-10-13 04:00:00,65365.88,IMPS
TXN_07624,ACC_0104,ACC_0961,2025-01-28 02:00:00,185280.26,IMPS
TXN_07625,ACC_0110,ACC_1030,2025-02-09 13:00:00,159967.15,UPI
TXN_07626,ACC_0257,ACC_1007,2025-01-25 21:00:00,303212.19,UPI
TXN_07627,ACC_0984,ACC_0437,2026-06-04 00:00:00,31393.27,IMPS
TXN_07628,ACC_0311,ACC_0830,2025-12-16 19:00:00,394525.88,NEFT
TXN_07629,ACC_0382,ACC_0826,2025-05-17 15:00:00,271510.11,IMPS
TXN_07630,ACC_0196,ACC_0301,2024-02-19 08:00:00,287437.85,IMPS
TXN_07631,ACC_0154,ACC_0600,2025-11-10 22:00:00,203361.5,NEFT
TXN_07632,ACC_0806,ACC_0288,2025-06-16 22:00:00,111966.87,IMPS
TXN_07633,ACC_0291,ACC_0446,2024-11-07 07:00:00,19069.48,NEFT
TXN_07634,ACC_0989,ACC_0636,2025-01-18 19:00:00,74152.89,UPI
TXN_07635,ACC_0369,ACC_1014,2026-06-04 09:00:00,13880.83,IMPS
TXN_07636,ACC_0547,ACC_0272,2024-01-08 00:00:00,75615.41,NEFT
TXN_07637,ACC_0221,ACC_0253,2026-03-23 05:00:00,28545.17,IMPS
TXN_07638,ACC_0523,ACC_0369,2026-03-09 01:00:00,400828.56,IMPS
TXN_07639,ACC_0332,ACC_0402,2025-04-22 17:00:00,334923.31,UPI
TXN_07640,ACC_0371,ACC_0742,2025-10-15 20:00:00,206672.65,UPI
TXN_07641,ACC_0625,ACC_0037,2026-03-21 22:00:00,81875.28,UPI
TXN_07642,ACC_0860,ACC_1018,2026-02-07 23:00:00,469198.22,UPI
TXN_07643,ACC_0156,ACC_0375,2025-12-20 01:00:00,295580.48,RTGS
TXN_07644,ACC_0266,ACC_0316,2024-07-09 01:00:00,295725.01,RTGS
TXN_07645,ACC_0418,ACC_0286,2026-04-23 13:00:00,275415.7,RTGS
TXN_07646,ACC_0712,ACC_0227,2025-07-12 23:00:00,492127.86,IMPS
TXN_07647,ACC_0705,ACC_0121,2025-02-03 10:00:00,159147.5,IMPS
TXN_07648,ACC_0470,ACC_0279,2025-02-24 08:00:00,274978.64,RTGS
TXN_07649,ACC_0142,ACC_0676,2024-07-19 22:00:00,312774.74,NEFT
TXN_07650,ACC_0385,ACC_0892,2026-10-14 12:00:00,161410.7,NEFT
TXN_07651,ACC_0515,ACC_0547,2024-02-20 11:00:00,56066.94,IMPS
TXN_07652,ACC_0432,ACC_0854,2025-11-04 01:00:00,66776.57,UPI
TXN_07653,ACC_0820,ACC_0812,2026-09-17 01:00:00,53708.42,UPI
TXN_07654,ACC_0724,ACC_0263,2025-02-04 00:00:00,317264.73,IMPS
TXN_07655,ACC_0926,ACC_0322,2025-01-13 23:00:00,71085.56,IMPS
TXN_07656,ACC_0196,ACC_0213,2025-04-03 20:00:00,371544.93,RTGS
TXN_07657,ACC_0209,ACC_0349,2024-11-03 14:00:00,320335.78,NEFT
TXN_07658,ACC_0856,ACC_0974,2026-07-30 22:00:00,186884.2,RTGS
TXN_07659,ACC_0695,ACC_1009,2026-05-17 16:00:00,421523.09,IMPS
TXN_07660,ACC_0795,ACC_0584,2026-02-24 12:00:00,88753.03,RTGS
TXN_07661,ACC_0201,ACC_1026,2026-04-23 01:00:00,367666.19,RTGS
TXN_07662,ACC_0588,ACC_0912,2025-02-05 15:00:00,393176.84,RTGS
TXN_07663,ACC_0592,ACC_0553,2024-10-01 07:00:00,97097.69,RTGS
TXN_07664,ACC_0145,ACC_0375,2025-06-27 00:00:00,487058.69,RTGS
TXN_07665,ACC_0800,ACC_0190,2026-02-07 12:00:00,344745.37,IMPS
TXN_07666,ACC_0203,ACC_0516,2026-07-27 04:00:00,111612.52,RTGS
TXN_07667,ACC_0898,ACC_0886,2025-07-07 01:00:00,307667.54,RTGS
TXN_07668,ACC_0773,ACC_0501,2026-09-15 18:00:00,172787.21,IMPS
TXN_07669,ACC_0898,ACC_0256,2024-03-19 11:00:00,102244.15,RTGS
TXN_07670,ACC_0639,ACC_0470,2026-11-02 18:00:00,409028.85,NEFT
TXN_07671,ACC_0006,ACC_1001,2024-02-21 07:00:00,338872.22,UPI
TXN_07672,ACC_0933,ACC_0051,2026-01-10 22:00:00,198747.68,RTGS
TXN_07673,ACC_0505,ACC_0538,2026-09-22 13:00:00,248189.82,RTGS
TXN_07674,ACC_0357,ACC_0086,2025-02-14 07:00:00,396666.76,UPI
TXN_07675,ACC_0064,ACC_0886,2025-01-16 02:00:00,38629.64,IMPS
TXN_07676,ACC_0344,ACC_0984,2024-06-17 19:00:00,407408.47,RTGS
TXN_07677,ACC_0783,ACC_0195,2024-06-19 10:00:00,34840.26,NEFT
TXN_07678,ACC_0634,ACC_0220,2026-04-07 09:00:00,130134.71,UPI
TXN_07679,ACC_0266,ACC_0838,2024-01-17 03:00:00,127704.36,UPI
TXN_07680,ACC_0883,ACC_0163,2025-12-06 12:00:00,321845.22,IMPS
TXN_07681,ACC_0276,ACC_0431,2026-09-13 09:00:00,309175.22,UPI
TXN_07682,ACC_0454,ACC_0184,2024-04-01 13:00:00,129324.84,UPI
TXN_07683,ACC_0568,ACC_0301,2024-10-17 05:00:00,73427.22,RTGS
TXN_07684,ACC_0173,ACC_0443,2024-09-23 19:00:00,234788.31,RTGS
TXN_07685,ACC_0591,ACC_0647,2024-09-27 19:00:00,94677.84,IMPS
TXN_07686,ACC_0106,ACC_0186,2024-05-13 07:00:00,295936.13,NEFT
TXN_07687,ACC_0555,ACC_0703,2024-11-20 18:00:00,137005.11,RTGS
TXN_07688,ACC_1039,ACC_0282,2024-08-23 16:00:00,196198.32,NEFT
TXN_07689,ACC_0107,ACC_0257,2026-09-21 05:00:00,346083.7,NEFT
TXN_07690,ACC_0370,ACC_0480,2026-05-06 10:00:00,265058.9,UPI
TXN_07691,ACC_0484,ACC_0952,2025-06-12 09:00:00,29262.13,RTGS
TXN_07692,ACC_0910,ACC_0516,2024-03-21 03:00:00,425496.27,RTGS
TXN_07693,ACC_0634,ACC_0496,2026-11-03 19:00:00,54800.24,NEFT
TXN_07694,ACC_0298,ACC_0730,2024-03-06 07:00:00,444680.69,RTGS
TXN_07695,ACC_0493,ACC_0186,2024-05-11 06:00:00,96937.71,UPI
TXN_07696,ACC_0897,ACC_0819,2024-11-14 12:00:00,439793.36,UPI
TXN_07697,ACC_0219,ACC_0634,2024-11-26 07:00:00,81343.63,UPI
TXN_07698,ACC_0543,ACC_0981,2026-04-30 22:00:00,319936.85,IMPS
TXN_07699,ACC_0137,ACC_0041,2025-01-16 17:00:00,125735.5,UPI
TXN_07700,ACC_0568,ACC_0887,2025-01-22 22:00:00,18541.87,UPI
TXN_07701,ACC_0439,ACC_0736,2024-11-18 18:00:00,130208.78,RTGS
TXN_07702,ACC_0348,ACC_0734,2024-06-22 13:00:00,299712.01,UPI
TXN_07703,ACC_0648,ACC_0590,2026-10-24 05:00:00,174284.62,NEFT
TXN_07704,ACC_0231,ACC_0935,2024-08-24 05:00:00,190422.44,UPI
TXN_07705,ACC_0768,ACC_0555,2026-07-07 19:00:00,464359.65,RTGS
TXN_07706,ACC_0319,ACC_0267,2024-03-16 06:00:00,10750.11,NEFT
TXN_07707,ACC_0066,ACC_0253,2024-08-03 23:00:00,314323.2,NEFT
TXN_07708,ACC_0582,ACC_0935,2025-02-02 02:00:00,378597.1,NEFT
TXN_07709,ACC_0849,ACC_0245,2024-03-11 03:00:00,154104.81,RTGS
TXN_07710,ACC_0994,ACC_0508,2025-05-24 12:00:00,319293.52,NEFT
TXN_07711,ACC_0067,ACC_0934,2024-06-09 04:00:00,412922.45,IMPS
TXN_07712,ACC_0666,ACC_0832,2026-03-01 10:00:00,97380.66,UPI
TXN_07713,ACC_0935,ACC_0245,2025-07-06 18:00:00,492696.37,RTGS
TXN_07714,ACC_0253,ACC_1023,2025-04-16 20:00:00,107065.42,IMPS
TXN_07715,ACC_0878,ACC_0336,2024-06-14 20:00:00,142386.61,UPI
TXN_07716,ACC_0575,ACC_0673,2024-08-16 19:00:00,261459.83,UPI
TXN_07717,ACC_0505,ACC_0905,2024-07-31 20:00:00,283671.63,IMPS
TXN_07718,ACC_0482,ACC_0108,2024-08-30 20:00:00,395478.34,RTGS
TXN_07719,ACC_0507,ACC_0742,2025-05-15 09:00:00,173488.29,UPI
TXN_07720,ACC_0103,ACC_0063,2025-06-07 23:00:00,297436.98,IMPS
TXN_07721,ACC_0973,ACC_0821,2025-01-12 22:00:00,484869.11,IMPS
TXN_07722,ACC_0705,ACC_0838,2025-10-20 06:00:00,301559.03,UPI
TXN_07723,ACC_0558,ACC_0846,2024-06-21 15:00:00,75930.12,NEFT
TXN_07724,ACC_0697,ACC_0226,2026-09-18 23:00:00,31574.79,IMPS
TXN_07725,ACC_0441,ACC_0576,2024-01-16 18:00:00,153199.5,IMPS
TXN_07726,ACC_0172,ACC_0296,2025-02-10 00:00:00,402699.38,UPI
TXN_07727,ACC_0363,ACC_0325,2024-04-17 21:00:00,102688.83,IMPS
TXN_07728,ACC_0023,ACC_0612,2024-06-09 14:00:00,498639.05,NEFT
TXN_07729,ACC_0193,ACC_0361,2026-03-01 15:00:00,212336.21,UPI
TXN_07730,ACC_0645,ACC_0098,2026-04-29 12:00:00,33591.55,RTGS
TXN_07731,ACC_0595,ACC_0283,2025-01-06 11:00:00,254072.01,UPI
TXN_07732,ACC_0709,ACC_0053,2024-11-26 22:00:00,23676.54,IMPS
TXN_07733,ACC_0567,ACC_0930,2026-10-21 06:00:00,386104.84,UPI
TXN_07734,ACC_0793,ACC_0522,2026-10-12 12:00:00,46697.32,UPI
TXN_07735,ACC_0895,ACC_0829,2026-01-21 04:00:00,345754.64,UPI
TXN_07736,ACC_0855,ACC_0044,2025-08-13 14:00:00,349965.57,UPI
TXN_07737,ACC_0761,ACC_1035,2026-04-05 02:00:00,403607.69,UPI
TXN_07738,ACC_0335,ACC_0053,2024-06-30 18:00:00,188273.4,UPI
TXN_07739,ACC_0563,ACC_0620,2024-01-13 15:00:00,472205.85,UPI
TXN_07740,ACC_0774,ACC_0409,2024-01-17 10:00:00,497683.23,IMPS
TXN_07741,ACC_0095,ACC_0595,2026-09-09 23:00:00,67150.12,NEFT
TXN_07742,ACC_0057,ACC_1018,2026-02-24 03:00:00,1140.52,IMPS
TXN_07743,ACC_0095,ACC_0151,2025-10-20 22:00:00,425002.0,UPI
TXN_07744,ACC_0969,ACC_0702,2026-10-08 11:00:00,466738.21,RTGS
TXN_07745,ACC_1019,ACC_0996,2026-04-30 14:00:00,143682.37,IMPS
TXN_07746,ACC_0829,ACC_0555,2024-02-20 16:00:00,280878.87,IMPS
TXN_07747,ACC_0577,ACC_0440,2025-03-18 19:00:00,233008.71,NEFT
TXN_07748,ACC_0638,ACC_0293,2024-02-28 03:00:00,117307.26,NEFT
TXN_07749,ACC_0024,ACC_0389,2024-06-06 20:00:00,390452.7,NEFT
TXN_07750,ACC_0697,ACC_0917,2025-03-16 02:00:00,74899.33,UPI
TXN_07751,ACC_0197,ACC_0187,2024-12-31 01:00:00,314689.57,IMPS
TXN_07752,ACC_0244,ACC_0115,2026-02-24 11:00:00,433715.07,UPI
TXN_07753,ACC_0260,ACC_0459,2024-06-03 06:00:00,41720.58,NEFT
TXN_07754,ACC_0234,ACC_0900,2025-05-28 17:00:00,352718.24,RTGS
TXN_07755,ACC_0141,ACC_0609,2026-02-05 08:00:00,344023.39,IMPS
TXN_07756,ACC_0197,ACC_0002,2024-06-29 02:00:00,111638.07,UPI
TXN_07757,ACC_0731,ACC_0063,2026-08-02 13:00:00,423125.71,UPI
TXN_07758,ACC_0200,ACC_0281,2025-09-11 02:00:00,186810.74,RTGS
TXN_07759,ACC_0342,ACC_0572,2025-03-06 08:00:00,472737.98,IMPS
TXN_07760,ACC_0050,ACC_0857,2026-01-05 06:00:00,261516.95,UPI
TXN_07761,ACC_0609,ACC_0818,2024-12-02 06:00:00,41555.19,UPI
TXN_07762,ACC_0426,ACC_0761,2024-09-12 11:00:00,358565.08,RTGS
TXN_07763,ACC_0177,ACC_0233,2025-10-22 21:00:00,422085.61,NEFT
TXN_07764,ACC_0761,ACC_0121,2025-03-17 23:00:00,492119.85,NEFT
TXN_07765,ACC_1012,ACC_0893,2026-06-26 19:00:00,469459.97,UPI
TXN_07766,ACC_0506,ACC_0424,2024-12-03 23:00:00,40407.29,IMPS
TXN_07767,ACC_0741,ACC_0111,2024-10-17 22:00:00,437998.57,IMPS
TXN_07768,ACC_0316,ACC_0017,2026-05-01 18:00:00,161804.91,NEFT
TXN_07769,ACC_0011,ACC_0018,2025-08-22 12:00:00,113297.29,RTGS
TXN_07770,ACC_0170,ACC_1015,2026-07-18 13:00:00,48282.92,UPI
TXN_07771,ACC_0091,ACC_0541,2025-04-13 10:00:00,342982.12,NEFT
TXN_07772,ACC_0321,ACC_0666,2025-05-20 05:00:00,156397.23,IMPS
TXN_07773,ACC_0558,ACC_0737,2024-08-14 14:00:00,116298.8,RTGS
TXN_07774,ACC_0017,ACC_0070,2024-08-16 15:00:00,293785.37,NEFT
TXN_07775,ACC_0580,ACC_0079,2025-02-22 15:00:00,454401.21,IMPS
TXN_07776,ACC_1028,ACC_0689,2024-12-14 03:00:00,307336.27,RTGS
TXN_07777,ACC_0432,ACC_0911,2025-07-13 03:00:00,351607.13,UPI
TXN_07778,ACC_0337,ACC_0417,2025-12-12 17:00:00,71609.79,UPI
TXN_07779,ACC_0597,ACC_0306,2025-06-23 19:00:00,449391.9,IMPS
TXN_07780,ACC_0200,ACC_0679,2025-06-08 08:00:00,196820.39,RTGS
TXN_07781,ACC_0226,ACC_0529,2026-09-01 01:00:00,177505.18,IMPS
TXN_07782,ACC_1020,ACC_0578,2024-09-17 15:00:00,466338.02,NEFT
TXN_07783,ACC_0344,ACC_1010,2026-06-03 16:00:00,138423.98,RTGS
TXN_07784,ACC_0281,ACC_0889,2025-05-06 00:00:00,8896.49,NEFT
TXN_07785,ACC_0091,ACC_0854,2026-07-19 06:00:00,440302.22,RTGS
TXN_07786,ACC_0507,ACC_0909,2025-05-24 15:00:00,471093.98,UPI
TXN_07787,ACC_0308,ACC_0161,2024-10-14 14:00:00,471160.19,IMPS
TXN_07788,ACC_0401,ACC_0354,2024-05-02 18:00:00,248496.86,IMPS
TXN_07789,ACC_0921,ACC_0973,2026-05-23 04:00:00,180870.28,UPI
TXN_07790,ACC_0001,ACC_0712,2024-12-01 17:00:00,410865.05,RTGS
TXN_07791,ACC_0286,ACC_0989,2025-07-25 06:00:00,341074.77,RTGS
TXN_07792,ACC_0537,ACC_0574,2025-06-25 06:00:00,360626.18,NEFT
TXN_07793,ACC_0761,ACC_0560,2026-01-11 08:00:00,340680.77,UPI
TXN_07794,ACC_0956,ACC_0540,2025-01-25 18:00:00,422338.62,RTGS
TXN_07795,ACC_0643,ACC_0452,2025-11-24 11:00:00,155519.64,RTGS
TXN_07796,ACC_0506,ACC_0156,2024-05-02 21:00:00,199686.01,UPI
TXN_07797,ACC_0435,ACC_0670,2025-05-13 16:00:00,187582.45,UPI
TXN_07798,ACC_0611,ACC_0334,2024-02-11 21:00:00,475802.81,RTGS
TXN_07799,ACC_0826,ACC_0306,2026-01-22 01:00:00,277880.76,UPI
TXN_07800,ACC_0904,ACC_0015,2025-05-13 07:00:00,63977.76,NEFT
TXN_07801,ACC_0098,ACC_0870,2025-10-02 17:00:00,313858.59,IMPS
TXN_07802,ACC_0673,ACC_0873,2024-10-22 14:00:00,303621.47,NEFT
TXN_07803,ACC_0643,ACC_0066,2024-08-30 06:00:00,19853.52,IMPS
TXN_07804,ACC_0139,ACC_0210,2025-03-05 07:00:00,148532.36,IMPS
TXN_07805,ACC_0617,ACC_0752,2024-04-19 15:00:00,126483.63,UPI
TXN_07806,ACC_0490,ACC_0282,2026-02-11 07:00:00,339154.41,RTGS
TXN_07807,ACC_0870,ACC_0648,2024-07-30 18:00:00,153747.89,RTGS
TXN_07808,ACC_0967,ACC_0824,2026-08-23 07:00:00,76981.44,IMPS
TXN_07809,ACC_0997,ACC_0633,2025-09-16 13:00:00,435150.07,RTGS
TXN_07810,ACC_0544,ACC_0370,2026-01-04 01:00:00,165756.36,IMPS
TXN_07811,ACC_0247,ACC_0184,2026-05-08 05:00:00,221682.35,RTGS
TXN_07812,ACC_0308,ACC_0908,2024-11-11 10:00:00,397701.2,IMPS
TXN_07813,ACC_0948,ACC_1002,2025-05-09 15:00:00,128725.65,NEFT
TXN_07814,ACC_0402,ACC_0744,2026-08-03 18:00:00,141434.14,UPI
TXN_07815,ACC_0714,ACC_0548,2025-03-04 19:00:00,33652.11,NEFT
TXN_07816,ACC_0296,ACC_0559,2024-02-02 01:00:00,466508.87,IMPS
TXN_07817,ACC_0748,ACC_0538,2026-04-24 04:00:00,285249.65,RTGS
TXN_07818,ACC_0126,ACC_0495,2024-05-30 21:00:00,41540.24,NEFT
TXN_07819,ACC_0860,ACC_0226,2025-01-25 20:00:00,379713.76,RTGS
TXN_07820,ACC_1035,ACC_0842,2024-05-28 19:00:00,113760.18,IMPS
TXN_07821,ACC_0869,ACC_0528,2026-07-27 05:00:00,386796.18,UPI
TXN_07822,ACC_0453,ACC_0756,2025-06-28 01:00:00,143273.38,UPI
TXN_07823,ACC_0135,ACC_0621,2025-04-15 16:00:00,69696.81,RTGS
TXN_07824,ACC_0486,ACC_0303,2025-12-28 09:00:00,39554.52,NEFT
TXN_07825,ACC_0132,ACC_0740,2026-08-04 12:00:00,57987.32,RTGS
TXN_07826,ACC_0234,ACC_0025,2026-09-08 22:00:00,402770.45,UPI
TXN_07827,ACC_0841,ACC_0925,2026-05-05 01:00:00,428158.98,IMPS
TXN_07828,ACC_0881,ACC_0591,2026-05-03 09:00:00,114244.53,NEFT
TXN_07829,ACC_0021,ACC_0846,2025-12-15 16:00:00,366165.82,IMPS
TXN_07830,ACC_0546,ACC_0031,2025-05-13 13:00:00,391299.57,IMPS
TXN_07831,ACC_0491,ACC_0484,2024-04-23 01:00:00,440882.17,UPI
TXN_07832,ACC_1037,ACC_0589,2026-07-28 07:00:00,356080.21,RTGS
TXN_07833,ACC_0835,ACC_0386,2026-01-27 11:00:00,454929.1,NEFT
TXN_07834,ACC_0681,ACC_0490,2024-03-17 14:00:00,242804.79,UPI
TXN_07835,ACC_0396,ACC_0468,2025-07-26 07:00:00,444436.3,NEFT
TXN_07836,ACC_0189,ACC_0419,2025-06-29 08:00:00,109681.61,NEFT
TXN_07837,ACC_0173,ACC_0383,2025-06-24 09:00:00,354009.49,UPI
TXN_07838,ACC_0074,ACC_1013,2026-07-19 05:00:00,318245.02,IMPS
TXN_07839,ACC_0395,ACC_0440,2025-01-14 12:00:00,43932.26,IMPS
TXN_07840,ACC_0456,ACC_0359,2024-08-12 22:00:00,384471.39,UPI
TXN_07841,ACC_0072,ACC_0802,2025-02-07 10:00:00,187298.85,RTGS
TXN_07842,ACC_0467,ACC_0376,2026-03-25 11:00:00,416816.02,NEFT
TXN_07843,ACC_0645,ACC_0622,2026-05-19 01:00:00,396541.66,IMPS
TXN_07844,ACC_0445,ACC_0178,2025-11-08 07:00:00,40814.24,RTGS
TXN_07845,ACC_0694,ACC_0006,2025-09-24 14:00:00,231024.92,RTGS
TXN_07846,ACC_0985,ACC_0934,2026-10-12 08:00:00,128118.76,NEFT
TXN_07847,ACC_0355,ACC_0364,2024-11-20 15:00:00,350420.6,UPI
TXN_07848,ACC_0802,ACC_0961,2024-04-10 21:00:00,80734.09,IMPS
TXN_07849,ACC_0136,ACC_0259,2024-05-20 18:00:00,402506.23,RTGS
TXN_07850,ACC_0689,ACC_0881,2026-03-04 13:00:00,202329.77,UPI
TXN_07851,ACC_0655,ACC_0709,2025-12-26 15:00:00,336057.41,NEFT
TXN_07852,ACC_0425,ACC_0770,2025-03-26 00:00:00,187520.85,IMPS
TXN_07853,ACC_0067,ACC_0548,2026-11-03 05:00:00,333400.67,RTGS
TXN_07854,ACC_0111,ACC_1000,2024-10-26 09:00:00,64136.57,UPI
TXN_07855,ACC_0859,ACC_0688,2026-02-21 08:00:00,336712.18,UPI
TXN_07856,ACC_0104,ACC_0398,2026-03-15 20:00:00,369542.17,UPI
TXN_07857,ACC_0811,ACC_0300,2024-01-19 08:00:00,492311.01,NEFT
TXN_07858,ACC_0070,ACC_0352,2026-06-13 23:00:00,153543.29,IMPS
TXN_07859,ACC_0797,ACC_0179,2024-05-07 04:00:00,472648.61,UPI
TXN_07860,ACC_0153,ACC_0629,2024-12-31 04:00:00,55844.83,UPI
TXN_07861,ACC_0826,ACC_0260,2025-09-19 12:00:00,308923.81,UPI
TXN_07862,ACC_0268,ACC_0547,2026-09-26 21:00:00,110822.47,RTGS
TXN_07863,ACC_0198,ACC_0985,2026-08-15 20:00:00,101103.65,NEFT
TXN_07864,ACC_0286,ACC_0077,2026-07-07 02:00:00,330749.73,IMPS
TXN_07865,ACC_0681,ACC_0021,2024-09-23 10:00:00,108114.11,NEFT
TXN_07866,ACC_0373,ACC_0863,2024-08-13 02:00:00,180284.3,UPI
TXN_07867,ACC_0308,ACC_0291,2026-07-18 21:00:00,277042.72,IMPS
TXN_07868,ACC_0821,ACC_0355,2024-01-31 15:00:00,491155.23,NEFT
TXN_07869,ACC_0178,ACC_0482,2026-05-10 06:00:00,311675.82,RTGS
TXN_07870,ACC_0095,ACC_0166,2025-06-07 09:00:00,171663.88,NEFT
TXN_07871,ACC_1010,ACC_0326,2024-04-03 20:00:00,210309.49,RTGS
TXN_07872,ACC_0169,ACC_0310,2024-02-04 16:00:00,345161.81,NEFT
TXN_07873,ACC_0595,ACC_0333,2026-04-29 04:00:00,361180.86,RTGS
TXN_07874,ACC_0617,ACC_0539,2026-01-08 19:00:00,138410.35,NEFT
TXN_07875,ACC_0426,ACC_0220,2025-10-19 07:00:00,112533.43,NEFT
TXN_07876,ACC_1014,ACC_0255,2024-02-11 14:00:00,452453.46,NEFT
TXN_07877,ACC_0590,ACC_0534,2025-08-26 21:00:00,67524.8,IMPS
TXN_07878,ACC_1005,ACC_0039,2026-03-03 06:00:00,198731.61,UPI
TXN_07879,ACC_0869,ACC_0360,2026-05-23 06:00:00,298789.68,NEFT
TXN_07880,ACC_0914,ACC_0522,2026-06-28 20:00:00,288072.5,NEFT
TXN_07881,ACC_0101,ACC_0809,2025-10-10 21:00:00,388083.6,NEFT
TXN_07882,ACC_0477,ACC_0938,2024-04-02 04:00:00,467791.08,IMPS
TXN_07883,ACC_0645,ACC_0126,2024-10-07 08:00:00,14597.26,NEFT
TXN_07884,ACC_1019,ACC_0266,2024-03-07 14:00:00,428491.29,IMPS
TXN_07885,ACC_0055,ACC_0870,2025-08-31 20:00:00,81482.14,RTGS
TXN_07886,ACC_0242,ACC_0205,2024-02-08 22:00:00,341626.09,IMPS
TXN_07887,ACC_0844,ACC_0181,2026-01-24 06:00:00,232827.18,UPI
TXN_07888,ACC_0169,ACC_0802,2024-04-27 09:00:00,497915.18,NEFT
TXN_07889,ACC_0091,ACC_0382,2026-06-17 02:00:00,210051.84,RTGS
TXN_07890,ACC_0951,ACC_0665,2026-05-07 16:00:00,21923.99,IMPS
TXN_07891,ACC_0333,ACC_0772,2025-09-28 17:00:00,137313.42,NEFT
TXN_07892,ACC_0520,ACC_0717,2025-07-10 06:00:00,369250.69,RTGS
TXN_07893,ACC_0750,ACC_0933,2025-01-06 09:00:00,228923.01,UPI
TXN_07894,ACC_0515,ACC_0098,2025-10-02 08:00:00,193313.96,NEFT
TXN_07895,ACC_0364,ACC_1010,2024-11-30 14:00:00,308832.76,RTGS
TXN_07896,ACC_0256,ACC_0787,2025-07-24 19:00:00,22899.65,UPI
TXN_07897,ACC_0030,ACC_0803,2025-12-21 12:00:00,303975.37,RTGS
TXN_07898,ACC_0378,ACC_0579,2025-11-16 23:00:00,307849.0,IMPS
TXN_07899,ACC_0105,ACC_0237,2024-01-14 23:00:00,420551.64,UPI
TXN_07900,ACC_0803,ACC_1028,2024-11-19 05:00:00,31056.41,UPI
TXN_07901,ACC_0424,ACC_0024,2026-01-20 09:00:00,295352.98,UPI
TXN_07902,ACC_0433,ACC_0937,2026-01-17 14:00:00,394374.65,NEFT
TXN_07903,ACC_0182,ACC_0176,2025-02-05 22:00:00,138471.94,UPI
TXN_07904,ACC_0166,ACC_0142,2025-07-10 04:00:00,143299.78,RTGS
TXN_07905,ACC_0852,ACC_0655,2025-08-13 13:00:00,451879.79,UPI
TXN_07906,ACC_0942,ACC_0207,2026-11-06 07:00:00,232733.69,RTGS
TXN_07907,ACC_0145,ACC_0687,2024-07-15 20:00:00,197354.65,RTGS
TXN_07908,ACC_0774,ACC_0353,2024-10-01 23:00:00,268821.13,RTGS
TXN_07909,ACC_0189,ACC_0320,2025-01-04 07:00:00,98497.43,NEFT
TXN_07910,ACC_0293,ACC_0083,2026-01-23 00:00:00,97461.65,NEFT
TXN_07911,ACC_0770,ACC_0610,2024-02-08 10:00:00,409833.86,NEFT
TXN_07912,ACC_0145,ACC_0393,2026-08-15 16:00:00,194641.78,IMPS
TXN_07913,ACC_1026,ACC_0726,2025-09-22 02:00:00,228978.06,RTGS
TXN_07914,ACC_1025,ACC_0102,2025-03-01 21:00:00,415246.8,RTGS
TXN_07915,ACC_0103,ACC_0347,2024-01-29 02:00:00,176976.19,RTGS
TXN_07916,ACC_0195,ACC_0287,2025-06-05 11:00:00,132039.59,RTGS
TXN_07917,ACC_0168,ACC_0585,2026-08-11 04:00:00,275446.12,IMPS
TXN_07918,ACC_0400,ACC_0655,2026-06-14 00:00:00,2918.88,UPI
TXN_07919,ACC_0618,ACC_0837,2024-09-15 11:00:00,327625.08,IMPS
TXN_07920,ACC_0824,ACC_0871,2024-10-31 06:00:00,272888.85,UPI
TXN_07921,ACC_0821,ACC_0867,2025-11-27 08:00:00,6047.26,NEFT
TXN_07922,ACC_0553,ACC_0137,2024-02-24 17:00:00,53303.17,NEFT
TXN_07923,ACC_0679,ACC_0582,2025-11-09 07:00:00,14968.1,NEFT
TXN_07924,ACC_0416,ACC_0157,2025-06-19 17:00:00,464230.63,RTGS
TXN_07925,ACC_0796,ACC_0579,2024-01-25 17:00:00,490453.68,UPI
TXN_07926,ACC_0297,ACC_0336,2026-04-01 08:00:00,109943.1,NEFT
TXN_07927,ACC_0169,ACC_0574,2026-11-03 01:00:00,327895.11,IMPS
TXN_07928,ACC_0397,ACC_0453,2024-11-17 11:00:00,378334.67,IMPS
TXN_07929,ACC_0299,ACC_1022,2024-12-09 23:00:00,305169.04,RTGS
TXN_07930,ACC_0584,ACC_0172,2025-06-22 02:00:00,38953.84,UPI
TXN_07931,ACC_0737,ACC_0627,2025-12-24 06:00:00,229317.44,IMPS
TXN_07932,ACC_0671,ACC_0561,2026-09-23 22:00:00,72934.85,RTGS
TXN_07933,ACC_0745,ACC_0454,2026-07-13 03:00:00,243569.17,IMPS
TXN_07934,ACC_0200,ACC_0434,2024-07-08 13:00:00,385899.3,NEFT
TXN_07935,ACC_0390,ACC_0350,2024-05-08 21:00:00,134296.44,UPI
TXN_07936,ACC_0207,ACC_1039,2025-02-03 16:00:00,266252.82,RTGS
TXN_07937,ACC_0020,ACC_0756,2025-06-03 01:00:00,216851.5,UPI
TXN_07938,ACC_0689,ACC_0919,2026-10-07 15:00:00,257617.68,NEFT
TXN_07939,ACC_0265,ACC_0589,2026-03-18 10:00:00,56053.7,RTGS
TXN_07940,ACC_0365,ACC_0742,2024-09-23 02:00:00,50760.36,RTGS
TXN_07941,ACC_0214,ACC_0330,2026-04-06 10:00:00,382248.19,RTGS
TXN_07942,ACC_0869,ACC_0049,2024-02-13 17:00:00,478569.15,NEFT
TXN_07943,ACC_0215,ACC_0498,2024-07-22 08:00:00,492655.67,RTGS
TXN_07944,ACC_0955,ACC_0164,2026-04-07 01:00:00,140497.63,NEFT
TXN_07945,ACC_0792,ACC_0932,2025-01-14 22:00:00,214532.74,IMPS
TXN_07946,ACC_0467,ACC_0606,2025-06-02 07:00:00,194923.44,IMPS
TXN_07947,ACC_0353,ACC_0160,2025-04-12 00:00:00,77975.43,IMPS
TXN_07948,ACC_0885,ACC_0385,2025-06-03 01:00:00,358565.25,RTGS
TXN_07949,ACC_0136,ACC_0560,2024-04-21 15:00:00,125979.99,RTGS
TXN_07950,ACC_0624,ACC_0581,2026-08-29 21:00:00,445187.34,IMPS
TXN_07951,ACC_0503,ACC_0955,2025-02-19 22:00:00,16967.94,UPI
TXN_07952,ACC_0028,ACC_0780,2024-03-22 08:00:00,104636.42,UPI
TXN_07953,ACC_0561,ACC_0104,2024-06-07 00:00:00,164742.82,RTGS
TXN_07954,ACC_0663,ACC_0108,2026-08-14 05:00:00,318057.21,IMPS
TXN_07955,ACC_0096,ACC_0717,2024-12-10 04:00:00,15553.05,UPI
TXN_07956,ACC_0073,ACC_0977,2026-08-06 14:00:00,258203.1,UPI
TXN_07957,ACC_0412,ACC_0383,2024-05-27 10:00:00,491677.48,UPI
TXN_07958,ACC_0417,ACC_0101,2024-10-28 15:00:00,97894.77,IMPS
TXN_07959,ACC_0039,ACC_0738,2024-01-28 06:00:00,89953.61,UPI
TXN_07960,ACC_0231,ACC_0721,2025-02-14 01:00:00,218770.1,NEFT
TXN_07961,ACC_0926,ACC_0171,2024-03-18 13:00:00,208111.16,UPI
TXN_07962,ACC_0230,ACC_0011,2026-09-14 11:00:00,482783.53,IMPS
TXN_07963,ACC_0242,ACC_0405,2024-12-19 08:00:00,288807.51,IMPS
TXN_07964,ACC_0288,ACC_0134,2026-01-13 04:00:00,285629.25,IMPS
TXN_07965,ACC_0892,ACC_0581,2025-03-10 04:00:00,305716.65,IMPS
TXN_07966,ACC_0578,ACC_0639,2025-10-10 12:00:00,41811.1,IMPS
TXN_07967,ACC_0476,ACC_0474,2026-10-05 13:00:00,219676.35,RTGS
TXN_07968,ACC_0504,ACC_0364,2025-06-29 00:00:00,64426.7,UPI
TXN_07969,ACC_0600,ACC_0941,2025-10-22 17:00:00,63414.45,NEFT
TXN_07970,ACC_0112,ACC_0921,2025-08-19 20:00:00,410060.63,NEFT
TXN_07971,ACC_0297,ACC_0666,2025-07-31 02:00:00,260405.22,RTGS
TXN_07972,ACC_0639,ACC_0715,2025-05-23 04:00:00,221080.73,RTGS
TXN_07973,ACC_0810,ACC_0330,2026-04-09 06:00:00,55835.01,UPI
TXN_07974,ACC_0185,ACC_0812,2025-01-28 03:00:00,70496.14,IMPS
TXN_07975,ACC_0668,ACC_0015,2024-03-12 14:00:00,327513.29,IMPS
TXN_07976,ACC_0287,ACC_0939,2024-07-08 18:00:00,163441.17,NEFT
TXN_07977,ACC_0707,ACC_0184,2025-04-16 06:00:00,118280.29,RTGS
TXN_07978,ACC_0547,ACC_0931,2025-10-30 11:00:00,104116.61,IMPS
TXN_07979,ACC_0755,ACC_0206,2024-10-27 03:00:00,95413.28,NEFT
TXN_07980,ACC_1022,ACC_0383,2024-06-26 03:00:00,167426.08,UPI
TXN_07981,ACC_0886,ACC_0643,2025-07-06 23:00:00,284362.2,RTGS
TXN_07982,ACC_0750,ACC_0122,2025-04-01 22:00:00,401627.7,UPI
TXN_07983,ACC_1040,ACC_0370,2024-02-11 17:00:00,363096.96,NEFT
TXN_07984,ACC_0016,ACC_0746,2026-01-22 11:00:00,382074.47,IMPS
TXN_07985,ACC_0142,ACC_0228,2025-11-01 07:00:00,390293.83,IMPS
TXN_07986,ACC_0703,ACC_0657,2026-09-25 12:00:00,326117.99,NEFT
TXN_07987,ACC_0385,ACC_0681,2025-05-15 23:00:00,397598.2,UPI
TXN_07988,ACC_0173,ACC_0434,2025-08-01 21:00:00,306396.4,NEFT
TXN_07989,ACC_0429,ACC_0427,2024-03-13 18:00:00,97209.89,UPI
TXN_07990,ACC_0730,ACC_0769,2025-04-24 08:00:00,339155.12,RTGS
TXN_07991,ACC_0703,ACC_0537,2024-12-21 00:00:00,108797.34,NEFT
TXN_07992,ACC_0910,ACC_0889,2026-08-06 02:00:00,491288.73,NEFT
TXN_07993,ACC_0168,ACC_0427,2026-09-18 03:00:00,10313.1,IMPS
TXN_07994,ACC_0826,ACC_0375,2024-11-01 08:00:00,38957.04,NEFT
TXN_07995,ACC_0668,ACC_0876,2025-12-06 07:00:00,55560.79,IMPS
TXN_07996,ACC_0219,ACC_0636,2025-09-02 18:00:00,385835.63,RTGS
TXN_07997,ACC_0184,ACC_0335,2024-02-22 19:00:00,175427.5,UPI
TXN_07998,ACC_0844,ACC_0598,2026-08-27 00:00:00,436508.32,NEFT
TXN_07999,ACC_0293,ACC_0263,2024-05-29 01:00:00,339618.34,NEFT
TXN_08000,ACC_0838,ACC_0008,2025-10-28 06:00:00,128115.78,NEFT
TXN_08001,ACC_0829,ACC_0251,2024-07-22 02:00:00,165632.19,UPI
TXN_08002,ACC_0048,ACC_0673,2024-10-22 10:00:00,454639.99,NEFT
TXN_08003,ACC_0747,ACC_0456,2024-10-30 23:00:00,88548.21,UPI
TXN_08004,ACC_0794,ACC_0006,2024-02-12 06:00:00,42604.27,IMPS
TXN_08005,ACC_1034,ACC_1040,2026-06-09 23:00:00,385161.19,IMPS
TXN_08006,ACC_0835,ACC_0411,2024-09-27 02:00:00,323467.31,RTGS
TXN_08007,ACC_0953,ACC_0575,2025-12-06 13:00:00,384468.2,RTGS
TXN_08008,ACC_1005,ACC_0423,2025-04-18 20:00:00,285872.76,RTGS
TXN_08009,ACC_0669,ACC_0712,2025-02-21 19:00:00,460252.23,RTGS
TXN_08010,ACC_0828,ACC_0194,2024-03-13 10:00:00,406447.17,RTGS
TXN_08011,ACC_0580,ACC_1007,2024-08-04 22:00:00,31990.22,UPI
TXN_08012,ACC_0617,ACC_0878,2024-02-16 02:00:00,152158.04,RTGS
TXN_08013,ACC_0826,ACC_0698,2025-09-05 13:00:00,58017.3,RTGS
TXN_08014,ACC_0435,ACC_0345,2026-10-26 16:00:00,281048.52,UPI
TXN_08015,ACC_0694,ACC_1028,2026-08-10 03:00:00,46233.42,IMPS
TXN_08016,ACC_0626,ACC_0035,2026-07-16 00:00:00,55158.41,UPI
TXN_08017,ACC_0756,ACC_0760,2025-06-29 13:00:00,83833.65,UPI
TXN_08018,ACC_0489,ACC_0579,2026-09-14 19:00:00,426689.96,RTGS
TXN_08019,ACC_0721,ACC_0636,2026-03-17 19:00:00,147681.78,UPI
TXN_08020,ACC_0483,ACC_0318,2026-04-16 10:00:00,341357.54,UPI
TXN_08021,ACC_0152,ACC_0953,2026-09-28 22:00:00,132985.97,NEFT
TXN_08022,ACC_0607,ACC_0731,2024-10-23 04:00:00,350862.35,UPI
TXN_08023,ACC_0115,ACC_0130,2024-11-07 01:00:00,498720.94,NEFT
TXN_08024,ACC_0113,ACC_0139,2026-07-20 17:00:00,64034.05,IMPS
TXN_08025,ACC_0303,ACC_0374,2026-05-15 17:00:00,150282.72,RTGS
TXN_08026,ACC_0620,ACC_0623,2025-11-20 07:00:00,402230.0,NEFT
TXN_08027,ACC_0769,ACC_1030,2024-01-06 20:00:00,184154.31,IMPS
TXN_08028,ACC_0626,ACC_0959,2024-12-14 00:00:00,295271.95,IMPS
TXN_08029,ACC_0892,ACC_0147,2026-08-05 05:00:00,349029.62,NEFT
TXN_08030,ACC_0956,ACC_0721,2024-12-26 15:00:00,9866.05,RTGS
TXN_08031,ACC_0440,ACC_0442,2025-01-16 23:00:00,70146.19,UPI
TXN_08032,ACC_0211,ACC_0787,2024-01-11 01:00:00,50640.9,UPI
TXN_08033,ACC_0874,ACC_0111,2025-02-02 17:00:00,397818.37,UPI
TXN_08034,ACC_0836,ACC_0029,2025-04-02 14:00:00,120153.25,NEFT
TXN_08035,ACC_0322,ACC_1027,2025-06-20 02:00:00,307632.98,RTGS
TXN_08036,ACC_0172,ACC_0220,2026-07-27 04:00:00,113540.69,NEFT
TXN_08037,ACC_0769,ACC_0135,2024-05-10 21:00:00,474252.57,RTGS
TXN_08038,ACC_1008,ACC_0896,2025-09-02 14:00:00,358083.07,RTGS
TXN_08039,ACC_0730,ACC_0809,2025-04-11 16:00:00,409713.29,UPI
TXN_08040,ACC_0240,ACC_0946,2024-05-29 20:00:00,347900.49,UPI
TXN_08041,ACC_0799,ACC_0282,2024-12-14 21:00:00,390839.64,NEFT
TXN_08042,ACC_0461,ACC_0303,2026-10-04 11:00:00,394974.7,NEFT
TXN_08043,ACC_1021,ACC_0208,2024-11-10 09:00:00,176126.5,UPI
TXN_08044,ACC_0643,ACC_0247,2025-05-15 20:00:00,134622.45,UPI
TXN_08045,ACC_0026,ACC_0130,2024-06-09 22:00:00,54953.37,RTGS
TXN_08046,ACC_0285,ACC_0306,2026-11-06 08:00:00,329023.06,UPI
TXN_08047,ACC_0304,ACC_1029,2025-04-27 04:00:00,141174.57,NEFT
TXN_08048,ACC_0800,ACC_0588,2026-01-18 18:00:00,3127.45,RTGS
TXN_08049,ACC_0457,ACC_0462,2025-02-01 21:00:00,192959.09,IMPS
TXN_08050,ACC_0329,ACC_0122,2024-04-07 10:00:00,261546.87,NEFT
TXN_08051,ACC_0848,ACC_0878,2025-07-24 17:00:00,499389.71,RTGS
TXN_08052,ACC_0525,ACC_0675,2024-03-20 12:00:00,106680.69,UPI
TXN_08053,ACC_0901,ACC_0834,2024-04-12 15:00:00,185030.66,IMPS
TXN_08054,ACC_0173,ACC_0857,2026-08-01 18:00:00,143827.27,NEFT
TXN_08055,ACC_0671,ACC_0372,2025-11-06 05:00:00,49085.84,NEFT
TXN_08056,ACC_0914,ACC_0692,2024-06-19 23:00:00,2184.24,UPI
TXN_08057,ACC_0773,ACC_0644,2026-09-16 22:00:00,426600.88,NEFT
TXN_08058,ACC_0107,ACC_0388,2024-02-08 08:00:00,444551.75,RTGS
TXN_08059,ACC_0809,ACC_0273,2026-03-28 22:00:00,279670.68,IMPS
TXN_08060,ACC_0592,ACC_0693,2025-01-03 08:00:00,496529.4,NEFT
TXN_08061,ACC_0409,ACC_0693,2024-11-27 11:00:00,38248.53,NEFT
TXN_08062,ACC_0203,ACC_0933,2025-01-05 20:00:00,136569.98,RTGS
TXN_08063,ACC_0704,ACC_0892,2026-08-07 10:00:00,274082.28,NEFT
TXN_08064,ACC_0483,ACC_0881,2026-01-30 22:00:00,12213.08,IMPS
TXN_08065,ACC_0963,ACC_0330,2025-02-01 06:00:00,41129.07,UPI
TXN_08066,ACC_0034,ACC_0632,2024-09-06 20:00:00,221672.0,UPI
TXN_08067,ACC_0317,ACC_0973,2026-06-21 03:00:00,83867.45,UPI
TXN_08068,ACC_0952,ACC_0383,2024-08-02 10:00:00,375886.43,IMPS
TXN_08069,ACC_0946,ACC_0622,2025-03-19 00:00:00,272677.84,NEFT
TXN_08070,ACC_0774,ACC_0070,2026-04-28 16:00:00,407193.64,IMPS
TXN_08071,ACC_0851,ACC_0253,2026-10-01 12:00:00,386549.1,RTGS
TXN_08072,ACC_0996,ACC_0074,2026-04-28 02:00:00,19317.64,RTGS
TXN_08073,ACC_0660,ACC_0786,2024-09-10 09:00:00,81350.57,RTGS
TXN_08074,ACC_0362,ACC_0042,2024-10-11 20:00:00,34452.34,NEFT
TXN_08075,ACC_0130,ACC_0983,2024-05-06 16:00:00,369874.9,IMPS
TXN_08076,ACC_0661,ACC_0042,2024-01-28 21:00:00,399799.01,NEFT
TXN_08077,ACC_0906,ACC_0887,2024-08-17 13:00:00,319662.96,UPI
TXN_08078,ACC_0446,ACC_0844,2024-07-11 18:00:00,333697.37,IMPS
TXN_08079,ACC_0929,ACC_0411,2026-01-03 18:00:00,196213.19,RTGS
TXN_08080,ACC_0722,ACC_0017,2026-05-09 23:00:00,52514.67,NEFT
TXN_08081,ACC_0984,ACC_0571,2025-06-18 18:00:00,19948.37,RTGS
TXN_08082,ACC_0013,ACC_0988,2024-04-20 03:00:00,234757.37,UPI
TXN_08083,ACC_0172,ACC_0699,2025-01-19 04:00:00,362804.85,NEFT
TXN_08084,ACC_0449,ACC_0934,2026-02-27 11:00:00,184022.39,UPI
TXN_08085,ACC_0371,ACC_0986,2025-02-27 22:00:00,271705.44,RTGS
TXN_08086,ACC_0877,ACC_0686,2024-01-12 10:00:00,401860.48,RTGS
TXN_08087,ACC_0662,ACC_0885,2025-03-23 23:00:00,266867.93,RTGS
TXN_08088,ACC_0308,ACC_0875,2025-10-12 21:00:00,21956.77,IMPS
TXN_08089,ACC_0300,ACC_0831,2025-01-01 05:00:00,421444.19,RTGS
TXN_08090,ACC_0629,ACC_0071,2026-06-01 16:00:00,435824.36,IMPS
TXN_08091,ACC_0049,ACC_0152,2026-08-23 12:00:00,451950.98,NEFT
TXN_08092,ACC_0163,ACC_0117,2026-04-03 11:00:00,439205.09,NEFT
TXN_08093,ACC_0266,ACC_1027,2024-08-31 04:00:00,321637.14,IMPS
TXN_08094,ACC_0298,ACC_0703,2024-12-28 12:00:00,288799.99,IMPS
TXN_08095,ACC_0991,ACC_0702,2024-01-31 04:00:00,218130.46,UPI
TXN_08096,ACC_0360,ACC_0022,2024-06-16 11:00:00,151568.46,UPI
TXN_08097,ACC_0251,ACC_0630,2026-10-29 06:00:00,268896.37,RTGS
TXN_08098,ACC_0992,ACC_0006,2024-07-19 11:00:00,43230.99,IMPS
TXN_08099,ACC_0030,ACC_0931,2024-06-07 18:00:00,300620.16,NEFT
TXN_08100,ACC_0757,ACC_0603,2024-03-03 20:00:00,167619.7,IMPS
TXN_08101,ACC_0401,ACC_0816,2024-06-20 17:00:00,164147.47,UPI
TXN_08102,ACC_0832,ACC_0862,2024-12-28 17:00:00,318522.35,RTGS
TXN_08103,ACC_0412,ACC_0606,2025-02-24 20:00:00,9604.09,RTGS
TXN_08104,ACC_0970,ACC_0664,2025-10-11 11:00:00,124549.39,IMPS
TXN_08105,ACC_0838,ACC_0865,2025-09-28 17:00:00,383265.97,UPI
TXN_08106,ACC_0600,ACC_0294,2026-04-09 00:00:00,178688.76,IMPS
TXN_08107,ACC_0846,ACC_0490,2026-09-16 11:00:00,255987.61,UPI
TXN_08108,ACC_0560,ACC_0866,2025-08-22 21:00:00,478901.8,NEFT
TXN_08109,ACC_0657,ACC_0254,2024-07-30 00:00:00,5875.82,NEFT
TXN_08110,ACC_0045,ACC_0946,2025-12-05 21:00:00,337540.89,RTGS
TXN_08111,ACC_0993,ACC_0517,2025-07-29 07:00:00,290347.08,IMPS
TXN_08112,ACC_0863,ACC_0726,2026-03-09 23:00:00,498798.55,UPI
TXN_08113,ACC_0601,ACC_0084,2024-01-14 06:00:00,193384.53,UPI
TXN_08114,ACC_0541,ACC_0961,2025-06-30 19:00:00,206379.18,IMPS
TXN_08115,ACC_0503,ACC_0455,2026-10-20 12:00:00,246486.98,NEFT
TXN_08116,ACC_0526,ACC_0091,2024-03-24 23:00:00,126671.92,RTGS
TXN_08117,ACC_0488,ACC_0999,2024-05-22 19:00:00,398542.36,RTGS
TXN_08118,ACC_0197,ACC_0849,2024-06-27 07:00:00,288616.73,IMPS
TXN_08119,ACC_0823,ACC_0226,2024-02-07 05:00:00,312757.96,NEFT
TXN_08120,ACC_0515,ACC_0473,2024-12-03 08:00:00,499951.5,RTGS
TXN_08121,ACC_0680,ACC_0133,2025-12-30 04:00:00,401392.51,UPI
TXN_08122,ACC_0238,ACC_0756,2024-07-31 04:00:00,8896.72,UPI
TXN_08123,ACC_0572,ACC_0904,2026-11-07 10:00:00,147766.91,NEFT
TXN_08124,ACC_0990,ACC_0018,2025-09-03 13:00:00,401968.36,UPI
TXN_08125,ACC_0047,ACC_0676,2025-07-14 12:00:00,361851.46,IMPS
TXN_08126,ACC_0222,ACC_0735,2024-08-12 23:00:00,435983.66,NEFT
TXN_08127,ACC_0268,ACC_0062,2024-11-06 13:00:00,346285.98,RTGS
TXN_08128,ACC_0939,ACC_0433,2025-11-24 18:00:00,233596.13,RTGS
TXN_08129,ACC_0070,ACC_0623,2024-10-29 06:00:00,15544.6,IMPS
TXN_08130,ACC_0109,ACC_0088,2025-07-09 22:00:00,370111.26,UPI
TXN_08131,ACC_0742,ACC_0272,2025-08-31 01:00:00,156983.68,NEFT
TXN_08132,ACC_0718,ACC_0912,2025-03-11 15:00:00,321139.76,NEFT
TXN_08133,ACC_0979,ACC_0549,2024-07-09 22:00:00,238865.0,NEFT
TXN_08134,ACC_0290,ACC_0222,2025-04-28 14:00:00,191187.65,RTGS
TXN_08135,ACC_0364,ACC_0068,2025-06-02 23:00:00,7089.35,NEFT
TXN_08136,ACC_0639,ACC_0553,2024-10-29 19:00:00,97944.55,IMPS
TXN_08137,ACC_0560,ACC_0041,2026-02-21 01:00:00,447887.35,NEFT
TXN_08138,ACC_0916,ACC_0691,2026-03-12 15:00:00,127155.45,IMPS
TXN_08139,ACC_0803,ACC_0841,2026-05-06 00:00:00,453327.82,NEFT
TXN_08140,ACC_0862,ACC_0127,2026-03-26 23:00:00,48541.87,NEFT
TXN_08141,ACC_0626,ACC_0860,2024-02-10 14:00:00,477040.31,IMPS
TXN_08142,ACC_0021,ACC_0753,2025-05-22 02:00:00,281934.36,RTGS
TXN_08143,ACC_0707,ACC_0115,2026-05-15 05:00:00,169962.37,NEFT
TXN_08144,ACC_0878,ACC_0983,2025-12-30 22:00:00,473796.83,UPI
TXN_08145,ACC_0376,ACC_0286,2026-01-13 04:00:00,210496.45,RTGS
TXN_08146,ACC_0652,ACC_0409,2025-10-04 01:00:00,468054.82,IMPS
TXN_08147,ACC_0289,ACC_0600,2024-09-11 04:00:00,256573.82,IMPS
TXN_08148,ACC_0335,ACC_0530,2024-05-15 13:00:00,154131.22,UPI
TXN_08149,ACC_0837,ACC_1033,2025-09-15 15:00:00,273450.95,NEFT
TXN_08150,ACC_0966,ACC_0068,2024-12-06 10:00:00,322357.11,RTGS
TXN_08151,ACC_0919,ACC_0777,2025-09-16 11:00:00,179050.66,IMPS
TXN_08152,ACC_0179,ACC_0075,2025-02-07 02:00:00,58704.71,NEFT
TXN_08153,ACC_0821,ACC_0474,2026-04-03 18:00:00,311470.63,RTGS
TXN_08154,ACC_0678,ACC_1021,2024-02-01 21:00:00,276784.83,RTGS
TXN_08155,ACC_0186,ACC_0525,2024-10-31 22:00:00,103945.22,RTGS
TXN_08156,ACC_0561,ACC_0342,2026-06-23 07:00:00,122943.64,IMPS
TXN_08157,ACC_0159,ACC_0883,2025-08-04 15:00:00,357966.7,RTGS
TXN_08158,ACC_0164,ACC_0484,2026-07-11 18:00:00,137645.71,RTGS
TXN_08159,ACC_0935,ACC_0535,2024-11-08 13:00:00,328517.04,UPI
TXN_08160,ACC_0284,ACC_0716,2025-02-20 00:00:00,179335.2,RTGS
TXN_08161,ACC_0063,ACC_1011,2025-04-03 10:00:00,344350.38,IMPS
TXN_08162,ACC_0642,ACC_0589,2024-05-31 20:00:00,71899.99,IMPS
TXN_08163,ACC_0269,ACC_0289,2026-03-22 00:00:00,96028.76,UPI
TXN_08164,ACC_0302,ACC_0123,2026-10-16 12:00:00,367327.68,IMPS
TXN_08165,ACC_0492,ACC_0352,2024-10-31 08:00:00,278664.43,UPI
TXN_08166,ACC_0295,ACC_0210,2024-10-15 08:00:00,97023.32,IMPS
TXN_08167,ACC_0768,ACC_0567,2025-02-11 20:00:00,325715.29,UPI
TXN_08168,ACC_0131,ACC_1011,2024-10-27 01:00:00,938.83,NEFT
TXN_08169,ACC_0618,ACC_0614,2024-01-21 07:00:00,161957.99,RTGS
TXN_08170,ACC_0282,ACC_0099,2024-02-10 06:00:00,22594.15,NEFT
TXN_08171,ACC_0356,ACC_0705,2024-01-13 20:00:00,20322.37,UPI
TXN_08172,ACC_0490,ACC_0286,2024-03-07 10:00:00,84470.51,NEFT
TXN_08173,ACC_0838,ACC_0302,2025-04-14 16:00:00,332548.27,IMPS
TXN_08174,ACC_0507,ACC_0184,2026-05-19 14:00:00,208658.85,UPI
TXN_08175,ACC_0192,ACC_0397,2025-11-25 01:00:00,453448.9,RTGS
TXN_08176,ACC_0918,ACC_0179,2025-09-22 16:00:00,51430.66,RTGS
TXN_08177,ACC_0203,ACC_0868,2026-10-16 04:00:00,162159.84,UPI
TXN_08178,ACC_0010,ACC_0694,2024-05-20 01:00:00,193543.31,NEFT
TXN_08179,ACC_0427,ACC_0746,2024-08-06 20:00:00,32963.93,NEFT
TXN_08180,ACC_0494,ACC_1036,2024-06-03 15:00:00,426553.27,RTGS
TXN_08181,ACC_0860,ACC_0847,2024-12-05 02:00:00,451090.68,NEFT
TXN_08182,ACC_0970,ACC_0342,2025-04-12 03:00:00,53921.92,NEFT
TXN_08183,ACC_0361,ACC_0895,2025-04-15 21:00:00,342469.81,RTGS
TXN_08184,ACC_0495,ACC_0441,2024-09-03 05:00:00,134823.77,IMPS
TXN_08185,ACC_0073,ACC_0711,2024-03-26 06:00:00,235053.18,NEFT
TXN_08186,ACC_0577,ACC_0776,2024-05-18 02:00:00,476568.57,NEFT
TXN_08187,ACC_0459,ACC_0821,2024-03-18 00:00:00,327568.4,IMPS
TXN_08188,ACC_0243,ACC_0377,2024-10-25 05:00:00,43357.7,IMPS
TXN_08189,ACC_0521,ACC_0583,2024-06-03 01:00:00,388651.71,RTGS
TXN_08190,ACC_0721,ACC_0113,2026-10-18 16:00:00,96647.23,RTGS
TXN_08191,ACC_0781,ACC_1025,2026-07-31 02:00:00,327573.27,NEFT
TXN_08192,ACC_0161,ACC_0681,2024-05-24 22:00:00,233472.1,UPI
TXN_08193,ACC_1016,ACC_0511,2025-09-21 03:00:00,321721.01,RTGS
TXN_08194,ACC_1020,ACC_0067,2025-11-13 03:00:00,16972.01,IMPS
TXN_08195,ACC_0031,ACC_0798,2024-03-18 23:00:00,226724.05,NEFT
TXN_08196,ACC_0277,ACC_0566,2026-03-08 10:00:00,143073.38,NEFT
TXN_08197,ACC_0042,ACC_0028,2026-03-08 14:00:00,172518.46,RTGS
TXN_08198,ACC_0068,ACC_0414,2026-01-21 12:00:00,337491.13,RTGS
TXN_08199,ACC_1019,ACC_0044,2025-07-03 18:00:00,232656.97,UPI
TXN_08200,ACC_0022,ACC_0290,2026-04-03 18:00:00,101220.41,IMPS
TXN_08201,ACC_0228,ACC_0298,2026-03-03 01:00:00,217243.61,RTGS
TXN_08202,ACC_0546,ACC_0426,2025-02-06 14:00:00,391897.51,UPI
TXN_08203,ACC_0189,ACC_0626,2026-06-11 10:00:00,344113.77,RTGS
TXN_08204,ACC_0538,ACC_1034,2024-04-21 21:00:00,100896.1,UPI
TXN_08205,ACC_0283,ACC_0738,2025-04-14 18:00:00,242160.63,RTGS
TXN_08206,ACC_0500,ACC_0487,2025-06-03 23:00:00,59115.11,UPI
TXN_08207,ACC_0936,ACC_0036,2026-07-23 14:00:00,40279.38,UPI
TXN_08208,ACC_0709,ACC_0571,2024-06-12 22:00:00,253437.06,IMPS
TXN_08209,ACC_0355,ACC_0113,2024-07-10 21:00:00,419255.97,UPI
TXN_08210,ACC_0816,ACC_0159,2024-03-21 14:00:00,168035.36,RTGS
TXN_08211,ACC_0742,ACC_0704,2024-10-11 17:00:00,329079.98,IMPS
TXN_08212,ACC_0764,ACC_0138,2026-07-09 21:00:00,282307.31,IMPS
TXN_08213,ACC_0505,ACC_0778,2025-12-20 03:00:00,354307.83,RTGS
TXN_08214,ACC_0254,ACC_0713,2025-09-07 23:00:00,202749.63,NEFT
TXN_08215,ACC_0622,ACC_0327,2025-04-02 14:00:00,211309.73,RTGS
TXN_08216,ACC_0863,ACC_0596,2024-07-06 09:00:00,460912.08,NEFT
TXN_08217,ACC_0773,ACC_0919,2026-10-09 22:00:00,369880.96,UPI
TXN_08218,ACC_0146,ACC_0935,2025-12-13 10:00:00,228028.2,NEFT
TXN_08219,ACC_0192,ACC_0334,2024-03-27 06:00:00,7296.5,NEFT
TXN_08220,ACC_0885,ACC_1021,2026-10-02 07:00:00,202325.23,IMPS
TXN_08221,ACC_0524,ACC_0632,2024-04-22 17:00:00,63840.18,NEFT
TXN_08222,ACC_0819,ACC_0446,2026-02-06 07:00:00,360006.65,UPI
TXN_08223,ACC_0945,ACC_0855,2026-10-03 06:00:00,355342.81,UPI
TXN_08224,ACC_0947,ACC_0316,2024-10-29 19:00:00,309679.11,RTGS
TXN_08225,ACC_0567,ACC_0817,2025-09-27 11:00:00,194963.44,RTGS
TXN_08226,ACC_0522,ACC_0137,2025-07-27 08:00:00,79994.52,NEFT
TXN_08227,ACC_0945,ACC_0228,2025-12-05 18:00:00,94999.51,NEFT
TXN_08228,ACC_0146,ACC_0862,2026-07-20 16:00:00,163042.84,UPI
TXN_08229,ACC_0156,ACC_0724,2025-09-12 09:00:00,142216.62,NEFT
TXN_08230,ACC_0384,ACC_0410,2026-05-04 09:00:00,61470.94,IMPS
TXN_08231,ACC_0758,ACC_0851,2026-09-03 10:00:00,243258.32,NEFT
TXN_08232,ACC_0595,ACC_0716,2025-07-26 20:00:00,208890.13,NEFT
TXN_08233,ACC_0273,ACC_0980,2024-05-05 07:00:00,149757.22,IMPS
TXN_08234,ACC_0013,ACC_0804,2024-12-29 09:00:00,151032.09,IMPS
TXN_08235,ACC_0764,ACC_0997,2025-04-29 08:00:00,439542.23,IMPS
TXN_08236,ACC_0093,ACC_0250,2026-06-26 20:00:00,28919.83,NEFT
TXN_08237,ACC_0015,ACC_0155,2025-03-27 05:00:00,460129.6,IMPS
TXN_08238,ACC_0652,ACC_0521,2026-04-25 16:00:00,67655.44,RTGS
TXN_08239,ACC_0497,ACC_1026,2026-01-28 19:00:00,499492.06,UPI
TXN_08240,ACC_0074,ACC_0527,2024-04-06 08:00:00,276952.18,RTGS
TXN_08241,ACC_0304,ACC_0571,2025-11-14 07:00:00,164717.65,IMPS
TXN_08242,ACC_0862,ACC_0715,2024-09-11 09:00:00,34600.77,NEFT
TXN_08243,ACC_0764,ACC_0224,2025-02-07 11:00:00,118872.49,RTGS
TXN_08244,ACC_0302,ACC_1017,2026-07-29 05:00:00,4917.26,RTGS
TXN_08245,ACC_0280,ACC_0204,2026-09-16 22:00:00,333224.71,UPI
TXN_08246,ACC_0007,ACC_0764,2025-02-24 15:00:00,152953.48,NEFT
TXN_08247,ACC_0155,ACC_0472,2024-06-22 18:00:00,79139.34,RTGS
TXN_08248,ACC_0192,ACC_1008,2025-01-22 13:00:00,361909.6,UPI
TXN_08249,ACC_0009,ACC_0477,2025-12-28 05:00:00,266236.94,UPI
TXN_08250,ACC_0197,ACC_0654,2024-07-30 07:00:00,389730.27,RTGS
TXN_08251,ACC_0778,ACC_0037,2025-11-12 20:00:00,445236.37,UPI
TXN_08252,ACC_0566,ACC_0620,2025-09-15 02:00:00,86006.49,UPI
TXN_08253,ACC_0154,ACC_0565,2026-03-20 09:00:00,26723.08,RTGS
TXN_08254,ACC_0717,ACC_0778,2025-07-01 10:00:00,294322.27,UPI
TXN_08255,ACC_0456,ACC_0663,2026-04-27 23:00:00,446105.61,RTGS
TXN_08256,ACC_0443,ACC_0332,2024-01-13 18:00:00,61206.67,RTGS
TXN_08257,ACC_0459,ACC_0451,2026-10-21 18:00:00,231988.8,IMPS
TXN_08258,ACC_0407,ACC_0276,2026-08-24 03:00:00,58803.85,IMPS
TXN_08259,ACC_0159,ACC_0720,2025-08-21 05:00:00,472228.65,IMPS
TXN_08260,ACC_0214,ACC_0059,2024-09-20 22:00:00,208109.43,NEFT
TXN_08261,ACC_0318,ACC_0518,2024-12-22 13:00:00,346012.47,UPI
TXN_08262,ACC_0658,ACC_0089,2024-11-02 04:00:00,480419.29,IMPS
TXN_08263,ACC_0829,ACC_0106,2026-05-07 19:00:00,407694.74,NEFT
TXN_08264,ACC_0428,ACC_0733,2024-08-21 11:00:00,466374.55,IMPS
TXN_08265,ACC_0555,ACC_0859,2025-06-20 13:00:00,424766.14,NEFT
TXN_08266,ACC_0394,ACC_0219,2025-02-01 23:00:00,475384.07,UPI
TXN_08267,ACC_1021,ACC_0011,2025-01-14 08:00:00,486400.01,UPI
TXN_08268,ACC_0333,ACC_0099,2025-12-15 03:00:00,478851.6,UPI
TXN_08269,ACC_1038,ACC_0360,2024-09-25 22:00:00,373335.56,UPI
TXN_08270,ACC_0534,ACC_0098,2024-12-03 06:00:00,154917.11,RTGS
TXN_08271,ACC_0795,ACC_0978,2025-04-04 10:00:00,494333.48,NEFT
TXN_08272,ACC_0816,ACC_0510,2025-12-23 08:00:00,39785.86,UPI
TXN_08273,ACC_0408,ACC_0371,2024-03-21 16:00:00,232904.98,RTGS
TXN_08274,ACC_0553,ACC_0205,2024-09-15 09:00:00,76991.36,NEFT
TXN_08275,ACC_0559,ACC_0145,2026-07-18 22:00:00,405370.25,NEFT
TXN_08276,ACC_0217,ACC_0936,2025-05-17 03:00:00,9416.77,IMPS
TXN_08277,ACC_0577,ACC_0798,2024-07-18 18:00:00,294040.45,NEFT
TXN_08278,ACC_0734,ACC_0168,2026-11-05 17:00:00,71468.72,NEFT
TXN_08279,ACC_0268,ACC_0420,2025-02-14 09:00:00,269481.69,UPI
TXN_08280,ACC_0569,ACC_0273,2026-07-30 05:00:00,295920.13,NEFT
TXN_08281,ACC_0112,ACC_0446,2026-01-20 03:00:00,428417.38,UPI
TXN_08282,ACC_0368,ACC_0813,2025-07-22 08:00:00,134991.18,RTGS
TXN_08283,ACC_0664,ACC_0144,2026-11-05 21:00:00,370043.57,IMPS
TXN_08284,ACC_0241,ACC_0276,2025-07-11 20:00:00,201315.77,UPI
TXN_08285,ACC_0418,ACC_0118,2024-04-18 19:00:00,357195.32,UPI
TXN_08286,ACC_0319,ACC_0480,2024-12-13 22:00:00,83511.81,NEFT
TXN_08287,ACC_0949,ACC_0025,2024-09-04 02:00:00,41465.24,UPI
TXN_08288,ACC_0071,ACC_0702,2025-06-29 06:00:00,219489.21,IMPS
TXN_08289,ACC_0526,ACC_0777,2026-03-14 11:00:00,125678.45,RTGS
TXN_08290,ACC_0682,ACC_0092,2025-07-17 13:00:00,289068.57,UPI
TXN_08291,ACC_0364,ACC_0768,2026-02-01 05:00:00,357357.65,RTGS
TXN_08292,ACC_0504,ACC_0186,2024-07-02 14:00:00,396564.97,NEFT
TXN_08293,ACC_1033,ACC_0347,2024-08-01 20:00:00,18998.59,IMPS
TXN_08294,ACC_0697,ACC_0606,2025-04-02 07:00:00,357796.7,RTGS
TXN_08295,ACC_0383,ACC_0929,2024-04-06 21:00:00,40908.56,NEFT
TXN_08296,ACC_0455,ACC_0136,2024-04-22 10:00:00,115185.94,IMPS
TXN_08297,ACC_0653,ACC_0079,2025-12-21 22:00:00,484372.91,RTGS
TXN_08298,ACC_0331,ACC_0875,2026-08-30 21:00:00,477586.3,RTGS
TXN_08299,ACC_0447,ACC_0807,2026-08-25 20:00:00,245950.55,UPI
TXN_08300,ACC_0978,ACC_0652,2024-11-15 02:00:00,355591.71,UPI
TXN_08301,ACC_0763,ACC_0502,2024-07-29 05:00:00,186585.68,RTGS
TXN_08302,ACC_0234,ACC_0586,2025-01-08 16:00:00,432247.22,UPI
TXN_08303,ACC_0015,ACC_0668,2024-04-08 19:00:00,479267.83,RTGS
TXN_08304,ACC_0796,ACC_0798,2025-05-01 10:00:00,94008.98,RTGS
TXN_08305,ACC_0053,ACC_0849,2025-06-03 17:00:00,53392.23,RTGS
TXN_08306,ACC_0984,ACC_0550,2024-03-12 06:00:00,376180.67,IMPS
TXN_08307,ACC_0813,ACC_0839,2026-07-06 17:00:00,223062.15,RTGS
TXN_08308,ACC_0246,ACC_0301,2024-05-16 05:00:00,275763.7,IMPS
TXN_08309,ACC_0143,ACC_0958,2024-05-02 07:00:00,375529.09,NEFT
TXN_08310,ACC_0903,ACC_0487,2026-07-14 07:00:00,209599.22,UPI
TXN_08311,ACC_0710,ACC_0346,2026-10-10 20:00:00,121281.21,NEFT
TXN_08312,ACC_0087,ACC_0571,2024-12-19 19:00:00,470607.11,RTGS
TXN_08313,ACC_0027,ACC_0312,2025-01-29 19:00:00,432596.65,UPI
TXN_08314,ACC_0659,ACC_0223,2026-05-16 21:00:00,448044.81,IMPS
TXN_08315,ACC_0161,ACC_0247,2024-12-05 16:00:00,414293.66,IMPS
TXN_08316,ACC_0405,ACC_0963,2026-10-07 12:00:00,14260.75,IMPS
TXN_08317,ACC_0140,ACC_0023,2024-05-10 14:00:00,459959.3,UPI
TXN_08318,ACC_0571,ACC_0937,2024-12-22 23:00:00,170897.42,RTGS
TXN_08319,ACC_0783,ACC_0483,2024-04-30 12:00:00,248894.66,RTGS
TXN_08320,ACC_0604,ACC_0028,2026-05-10 00:00:00,434843.31,UPI
TXN_08321,ACC_0776,ACC_0683,2025-10-07 22:00:00,297727.76,IMPS
TXN_08322,ACC_1038,ACC_0380,2024-05-13 02:00:00,48985.16,NEFT
TXN_08323,ACC_0746,ACC_0873,2026-10-27 02:00:00,177186.26,RTGS
TXN_08324,ACC_0419,ACC_0669,2024-05-13 18:00:00,268753.59,UPI
TXN_08325,ACC_0418,ACC_0626,2025-01-15 07:00:00,400396.18,RTGS
TXN_08326,ACC_0164,ACC_0432,2025-07-21 20:00:00,419993.69,UPI
TXN_08327,ACC_0408,ACC_0233,2024-12-09 11:00:00,360644.72,IMPS
TXN_08328,ACC_0646,ACC_0876,2025-12-21 20:00:00,133953.57,IMPS
TXN_08329,ACC_0801,ACC_0501,2024-08-24 07:00:00,171062.34,RTGS
TXN_08330,ACC_0585,ACC_0198,2024-03-18 21:00:00,376874.77,IMPS
TXN_08331,ACC_0920,ACC_0306,2025-05-21 11:00:00,467091.32,NEFT
TXN_08332,ACC_0018,ACC_0719,2024-08-24 19:00:00,255330.46,UPI
TXN_08333,ACC_0080,ACC_0594,2025-11-20 20:00:00,135518.72,UPI
TXN_08334,ACC_0183,ACC_0323,2025-09-24 19:00:00,327558.93,RTGS
TXN_08335,ACC_0140,ACC_0065,2025-04-14 16:00:00,23271.16,IMPS
TXN_08336,ACC_0028,ACC_0276,2025-02-14 15:00:00,171339.27,UPI
TXN_08337,ACC_0743,ACC_0295,2026-04-18 09:00:00,237373.73,UPI
TXN_08338,ACC_0113,ACC_0575,2026-10-12 01:00:00,251770.47,IMPS
TXN_08339,ACC_0201,ACC_0861,2025-10-18 14:00:00,188121.44,RTGS
TXN_08340,ACC_0395,ACC_0899,2025-05-12 15:00:00,204567.38,UPI
TXN_08341,ACC_0165,ACC_0250,2024-05-07 13:00:00,461242.01,RTGS
TXN_08342,ACC_0239,ACC_0821,2026-10-13 08:00:00,131293.86,NEFT
TXN_08343,ACC_0315,ACC_0145,2025-02-24 12:00:00,71582.95,UPI
TXN_08344,ACC_0250,ACC_0136,2025-09-26 22:00:00,160250.22,UPI
TXN_08345,ACC_0324,ACC_0368,2025-08-05 00:00:00,83800.99,UPI
TXN_08346,ACC_0324,ACC_0126,2025-12-05 13:00:00,172490.81,RTGS
TXN_08347,ACC_0970,ACC_0158,2024-05-29 11:00:00,327282.93,RTGS
TXN_08348,ACC_0569,ACC_0880,2024-01-16 02:00:00,121770.77,UPI
TXN_08349,ACC_0783,ACC_0947,2026-01-07 02:00:00,128673.64,NEFT
TXN_08350,ACC_0211,ACC_0922,2025-03-10 16:00:00,351238.98,RTGS
TXN_08351,ACC_0247,ACC_0183,2026-03-06 21:00:00,186898.6,NEFT
TXN_08352,ACC_0887,ACC_0068,2024-03-11 23:00:00,390642.39,NEFT
TXN_08353,ACC_0134,ACC_0574,2026-09-24 19:00:00,112647.21,IMPS
TXN_08354,ACC_0660,ACC_0199,2024-07-11 11:00:00,132240.63,RTGS
TXN_08355,ACC_0559,ACC_0038,2026-10-15 01:00:00,136695.83,NEFT
TXN_08356,ACC_0951,ACC_0968,2025-06-16 12:00:00,195491.91,IMPS
TXN_08357,ACC_0497,ACC_0527,2025-07-17 23:00:00,36767.33,UPI
TXN_08358,ACC_0673,ACC_0655,2024-06-18 21:00:00,212623.81,RTGS
TXN_08359,ACC_0443,ACC_0467,2024-12-22 22:00:00,324781.51,RTGS
TXN_08360,ACC_0858,ACC_0273,2026-02-26 08:00:00,313532.6,NEFT
TXN_08361,ACC_0882,ACC_0428,2024-11-16 14:00:00,294176.76,IMPS
TXN_08362,ACC_0434,ACC_0059,2024-04-20 09:00:00,478293.98,NEFT
TXN_08363,ACC_0474,ACC_0289,2024-12-28 08:00:00,405934.13,NEFT
TXN_08364,ACC_0708,ACC_0946,2025-10-23 08:00:00,365545.94,RTGS
TXN_08365,ACC_0529,ACC_0780,2026-10-29 12:00:00,321369.0,NEFT
TXN_08366,ACC_0381,ACC_0095,2026-03-10 21:00:00,235244.71,UPI
TXN_08367,ACC_0407,ACC_0442,2024-03-15 01:00:00,197566.03,IMPS
TXN_08368,ACC_0503,ACC_0351,2025-06-05 07:00:00,455345.16,NEFT
TXN_08369,ACC_0469,ACC_0516,2026-08-14 05:00:00,197543.36,NEFT
TXN_08370,ACC_0519,ACC_0526,2026-08-13 21:00:00,297544.73,RTGS
TXN_08371,ACC_1000,ACC_0430,2024-05-07 06:00:00,169114.5,NEFT
TXN_08372,ACC_1034,ACC_0693,2026-09-15 21:00:00,314773.27,RTGS
TXN_08373,ACC_0457,ACC_1023,2026-10-08 01:00:00,126850.2,UPI
TXN_08374,ACC_0066,ACC_0828,2026-09-24 08:00:00,287144.51,IMPS
TXN_08375,ACC_0718,ACC_0035,2024-10-26 07:00:00,480374.5,NEFT
TXN_08376,ACC_0750,ACC_1038,2026-05-12 12:00:00,288923.73,NEFT
TXN_08377,ACC_0070,ACC_0541,2025-04-04 07:00:00,246673.18,UPI
TXN_08378,ACC_1010,ACC_0057,2026-09-15 19:00:00,320582.44,NEFT
TXN_08379,ACC_0134,ACC_1000,2026-11-06 13:00:00,268813.48,UPI
TXN_08380,ACC_0077,ACC_1015,2026-08-24 08:00:00,4823.66,NEFT
TXN_08381,ACC_0530,ACC_0674,2025-09-30 00:00:00,128291.55,RTGS
TXN_08382,ACC_0944,ACC_0075,2024-04-06 13:00:00,251561.9,UPI
TXN_08383,ACC_0412,ACC_0013,2025-08-14 02:00:00,198904.95,UPI
TXN_08384,ACC_0173,ACC_0672,2024-12-26 09:00:00,468012.37,RTGS
TXN_08385,ACC_0644,ACC_0257,2025-07-24 05:00:00,179106.68,NEFT
TXN_08386,ACC_0939,ACC_0541,2025-03-18 22:00:00,475649.12,NEFT
TXN_08387,ACC_0788,ACC_0914,2024-01-15 15:00:00,480490.41,UPI
TXN_08388,ACC_0978,ACC_0915,2026-07-03 20:00:00,230914.98,IMPS
TXN_08389,ACC_0037,ACC_0642,2024-12-21 05:00:00,343784.57,NEFT
TXN_08390,ACC_0382,ACC_0838,2026-07-22 07:00:00,370679.15,RTGS
TXN_08391,ACC_0194,ACC_0520,2024-06-10 06:00:00,488768.93,RTGS
TXN_08392,ACC_0728,ACC_0497,2025-03-31 16:00:00,324712.99,RTGS
TXN_08393,ACC_0458,ACC_0679,2026-09-10 00:00:00,268442.38,RTGS
TXN_08394,ACC_0717,ACC_0482,2025-12-30 07:00:00,306678.69,RTGS
TXN_08395,ACC_0576,ACC_0482,2024-08-08 21:00:00,306991.21,UPI
TXN_08396,ACC_1024,ACC_0451,2024-12-23 11:00:00,269734.79,UPI
TXN_08397,ACC_0749,ACC_0775,2024-09-16 16:00:00,412757.58,UPI
TXN_08398,ACC_0316,ACC_0101,2025-10-26 10:00:00,180863.54,IMPS
TXN_08399,ACC_0683,ACC_0564,2025-04-29 07:00:00,201287.51,IMPS
TXN_08400,ACC_0958,ACC_0724,2024-09-19 01:00:00,245893.64,RTGS
TXN_08401,ACC_0767,ACC_0567,2024-06-04 08:00:00,179353.39,NEFT
TXN_08402,ACC_0849,ACC_1016,2024-12-26 23:00:00,317320.31,UPI
TXN_08403,ACC_0645,ACC_0173,2026-04-26 14:00:00,309767.98,IMPS
TXN_08404,ACC_0920,ACC_0643,2024-04-06 06:00:00,402374.05,UPI
TXN_08405,ACC_0231,ACC_0805,2025-06-10 18:00:00,265945.35,RTGS
TXN_08406,ACC_0061,ACC_0518,2026-05-25 22:00:00,419064.66,RTGS
TXN_08407,ACC_0859,ACC_0331,2026-03-17 19:00:00,350765.91,UPI
TXN_08408,ACC_0666,ACC_0371,2025-01-25 06:00:00,153260.46,UPI
TXN_08409,ACC_0064,ACC_0857,2025-02-04 03:00:00,130093.23,UPI
TXN_08410,ACC_1014,ACC_0698,2024-08-22 23:00:00,1792.98,NEFT
TXN_08411,ACC_0875,ACC_0377,2024-11-24 09:00:00,376638.93,NEFT
TXN_08412,ACC_0595,ACC_0464,2024-02-02 16:00:00,378859.57,UPI
TXN_08413,ACC_0207,ACC_0708,2025-10-13 12:00:00,152229.36,UPI
TXN_08414,ACC_0481,ACC_0426,2024-06-26 13:00:00,341829.63,UPI
TXN_08415,ACC_0229,ACC_0306,2026-05-06 15:00:00,265583.14,NEFT
TXN_08416,ACC_0055,ACC_0993,2025-11-09 18:00:00,139863.33,NEFT
TXN_08417,ACC_0500,ACC_0173,2026-04-02 17:00:00,329874.56,UPI
TXN_08418,ACC_0564,ACC_0320,2026-04-04 05:00:00,15974.03,UPI
TXN_08419,ACC_0438,ACC_0568,2025-10-20 21:00:00,172418.14,IMPS
TXN_08420,ACC_0330,ACC_0880,2024-12-17 16:00:00,78719.55,RTGS
TXN_08421,ACC_0548,ACC_0465,2026-03-22 10:00:00,329964.95,RTGS
TXN_08422,ACC_0684,ACC_0067,2025-01-27 04:00:00,86274.12,RTGS
TXN_08423,ACC_0480,ACC_0237,2025-03-30 11:00:00,92390.36,IMPS
TXN_08424,ACC_0042,ACC_0539,2024-02-29 02:00:00,296635.08,RTGS
TXN_08425,ACC_0528,ACC_0634,2026-07-05 11:00:00,443247.01,RTGS
TXN_08426,ACC_1003,ACC_0894,2026-01-10 20:00:00,353702.54,RTGS
TXN_08427,ACC_0694,ACC_0254,2025-01-30 20:00:00,497487.67,IMPS
TXN_08428,ACC_0409,ACC_0140,2024-07-08 18:00:00,376292.99,RTGS
TXN_08429,ACC_0686,ACC_1010,2024-10-24 21:00:00,216315.89,RTGS
TXN_08430,ACC_0834,ACC_0397,2026-03-19 10:00:00,19914.12,NEFT
TXN_08431,ACC_0042,ACC_0347,2024-05-27 00:00:00,296357.77,IMPS
TXN_08432,ACC_0376,ACC_0792,2024-10-06 12:00:00,364366.31,RTGS
TXN_08433,ACC_0004,ACC_0021,2024-09-17 20:00:00,285799.55,IMPS
TXN_08434,ACC_0276,ACC_0955,2025-11-20 23:00:00,98849.07,NEFT
TXN_08435,ACC_0213,ACC_0367,2025-06-04 17:00:00,434746.25,IMPS
TXN_08436,ACC_0394,ACC_0447,2025-06-03 06:00:00,5214.56,IMPS
TXN_08437,ACC_0529,ACC_0474,2026-01-07 22:00:00,350383.98,UPI
TXN_08438,ACC_0796,ACC_0046,2026-01-09 04:00:00,347507.46,IMPS
TXN_08439,ACC_0306,ACC_0004,2025-07-06 20:00:00,332702.7,NEFT
TXN_08440,ACC_0574,ACC_0477,2025-11-14 14:00:00,197930.28,IMPS
TXN_08441,ACC_0446,ACC_0740,2024-06-12 21:00:00,127239.77,RTGS
TXN_08442,ACC_0728,ACC_0722,2026-04-20 11:00:00,401090.52,RTGS
TXN_08443,ACC_0049,ACC_0299,2024-07-21 02:00:00,361743.2,UPI
TXN_08444,ACC_0789,ACC_0238,2024-09-08 21:00:00,426940.04,RTGS
TXN_08445,ACC_0716,ACC_0753,2026-06-15 07:00:00,188584.87,NEFT
TXN_08446,ACC_0089,ACC_0263,2025-10-22 16:00:00,305275.76,RTGS
TXN_08447,ACC_1010,ACC_0147,2025-04-02 19:00:00,177277.43,UPI
TXN_08448,ACC_0937,ACC_0452,2026-03-10 02:00:00,460298.88,IMPS
TXN_08449,ACC_0458,ACC_0030,2025-12-04 19:00:00,94218.2,IMPS
TXN_08450,ACC_0003,ACC_0731,2025-12-15 04:00:00,209972.58,IMPS
TXN_08451,ACC_0946,ACC_0203,2026-01-28 22:00:00,223241.97,IMPS
TXN_08452,ACC_0796,ACC_0781,2026-09-01 10:00:00,80282.92,NEFT
TXN_08453,ACC_0524,ACC_0781,2026-09-06 13:00:00,256421.05,UPI
TXN_08454,ACC_0498,ACC_0813,2024-05-09 04:00:00,213028.83,UPI
TXN_08455,ACC_0827,ACC_0486,2024-12-22 00:00:00,133177.18,IMPS
TXN_08456,ACC_0428,ACC_0131,2026-07-28 14:00:00,322614.62,NEFT
TXN_08457,ACC_0414,ACC_0221,2024-12-13 16:00:00,164533.19,IMPS
TXN_08458,ACC_0816,ACC_0683,2026-09-26 13:00:00,380741.16,NEFT
TXN_08459,ACC_0710,ACC_0539,2025-10-29 07:00:00,255300.27,RTGS
TXN_08460,ACC_0702,ACC_0934,2024-05-19 06:00:00,25186.54,UPI
TXN_08461,ACC_0081,ACC_0024,2024-02-08 16:00:00,446073.21,IMPS
TXN_08462,ACC_0163,ACC_1008,2026-09-10 13:00:00,277932.51,IMPS
TXN_08463,ACC_0039,ACC_0262,2024-12-28 06:00:00,195097.32,UPI
TXN_08464,ACC_0897,ACC_0058,2024-09-14 22:00:00,74897.56,UPI
TXN_08465,ACC_0378,ACC_0358,2025-12-12 10:00:00,329978.25,UPI
TXN_08466,ACC_0043,ACC_0234,2024-05-08 13:00:00,346277.3,RTGS
TXN_08467,ACC_0990,ACC_0041,2024-09-02 06:00:00,294051.94,IMPS
TXN_08468,ACC_0374,ACC_0456,2024-07-03 02:00:00,273973.25,IMPS
TXN_08469,ACC_0249,ACC_0577,2026-02-23 07:00:00,273839.29,NEFT
TXN_08470,ACC_0488,ACC_0576,2024-03-07 23:00:00,490444.85,UPI
TXN_08471,ACC_0338,ACC_0394,2024-06-23 21:00:00,238224.18,RTGS
TXN_08472,ACC_0371,ACC_0299,2024-05-14 01:00:00,444857.01,IMPS
TXN_08473,ACC_0994,ACC_0736,2026-09-15 02:00:00,423229.37,NEFT
TXN_08474,ACC_0557,ACC_0946,2025-03-19 14:00:00,372579.23,IMPS
TXN_08475,ACC_1006,ACC_0351,2025-06-02 04:00:00,156331.65,NEFT
TXN_08476,ACC_0771,ACC_0596,2026-09-06 07:00:00,231281.0,UPI
TXN_08477,ACC_0548,ACC_0114,2025-10-10 14:00:00,275832.4,IMPS
TXN_08478,ACC_0720,ACC_0061,2024-12-29 07:00:00,210717.18,UPI
TXN_08479,ACC_0757,ACC_0075,2024-06-10 15:00:00,381070.22,RTGS
TXN_08480,ACC_0485,ACC_0632,2024-09-04 15:00:00,387870.24,IMPS
TXN_08481,ACC_0362,ACC_0118,2025-07-12 09:00:00,408631.22,RTGS
TXN_08482,ACC_0350,ACC_0817,2026-05-25 14:00:00,32687.18,NEFT
TXN_08483,ACC_0237,ACC_0055,2024-11-10 09:00:00,265165.89,RTGS
TXN_08484,ACC_0260,ACC_0375,2024-08-11 09:00:00,266291.66,IMPS
TXN_08485,ACC_0862,ACC_0812,2024-11-15 02:00:00,124171.58,RTGS
TXN_08486,ACC_0797,ACC_0164,2025-03-09 08:00:00,191895.85,UPI
TXN_08487,ACC_0079,ACC_0443,2024-10-10 20:00:00,1211.83,UPI
TXN_08488,ACC_0346,ACC_0506,2025-04-08 14:00:00,156049.38,UPI
TXN_08489,ACC_0192,ACC_0228,2025-10-28 17:00:00,106257.71,UPI
TXN_08490,ACC_0307,ACC_0369,2025-06-09 13:00:00,71288.41,RTGS
TXN_08491,ACC_0444,ACC_0686,2025-06-09 03:00:00,133363.51,NEFT
TXN_08492,ACC_0712,ACC_0975,2026-10-13 11:00:00,393626.86,IMPS
TXN_08493,ACC_0860,ACC_0473,2024-02-19 14:00:00,83972.86,IMPS
TXN_08494,ACC_0311,ACC_0785,2025-02-09 01:00:00,408369.65,UPI
TXN_08495,ACC_0243,ACC_0293,2025-10-06 16:00:00,477594.63,UPI
TXN_08496,ACC_0059,ACC_0262,2025-03-12 12:00:00,480275.8,UPI
TXN_08497,ACC_0247,ACC_0681,2025-10-06 01:00:00,293629.42,NEFT
TXN_08498,ACC_0423,ACC_0323,2026-03-09 05:00:00,281063.46,NEFT
TXN_08499,ACC_0046,ACC_0163,2025-06-25 19:00:00,487166.63,RTGS
TXN_08500,ACC_0781,ACC_1037,2024-05-09 04:00:00,36538.52,IMPS
TXN_08501,ACC_0066,ACC_0809,2026-05-03 01:00:00,231201.39,UPI
TXN_08502,ACC_0107,ACC_0318,2024-02-25 06:00:00,84845.03,IMPS
TXN_08503,ACC_0786,ACC_0884,2025-03-16 04:00:00,330999.83,IMPS
TXN_08504,ACC_0771,ACC_0788,2025-06-18 13:00:00,463228.8,IMPS
TXN_08505,ACC_0433,ACC_0893,2026-01-10 13:00:00,306123.41,NEFT
TXN_08506,ACC_0383,ACC_0012,2024-09-03 04:00:00,462332.99,UPI
TXN_08507,ACC_1039,ACC_0851,2026-05-23 11:00:00,95217.17,IMPS
TXN_08508,ACC_0654,ACC_0443,2026-10-01 06:00:00,59893.71,NEFT
TXN_08509,ACC_0543,ACC_0430,2024-08-24 09:00:00,351532.31,NEFT
TXN_08510,ACC_0976,ACC_0233,2026-03-04 16:00:00,468158.28,IMPS
TXN_08511,ACC_0867,ACC_0555,2024-11-20 23:00:00,66170.7,RTGS
TXN_08512,ACC_1014,ACC_0183,2025-05-09 22:00:00,289795.57,UPI
TXN_08513,ACC_0909,ACC_0745,2026-09-10 08:00:00,351783.85,NEFT
TXN_08514,ACC_0341,ACC_0625,2025-11-17 20:00:00,66550.87,RTGS
TXN_08515,ACC_0184,ACC_0642,2026-04-12 05:00:00,286808.14,NEFT
TXN_08516,ACC_0582,ACC_0915,2026-08-06 21:00:00,360645.98,UPI
TXN_08517,ACC_0018,ACC_0028,2024-04-24 04:00:00,101087.07,IMPS
TXN_08518,ACC_1015,ACC_0626,2024-03-23 23:00:00,235780.11,IMPS
TXN_08519,ACC_0841,ACC_0393,2025-04-05 10:00:00,451501.37,IMPS
TXN_08520,ACC_0212,ACC_0255,2026-03-25 16:00:00,273057.13,IMPS
TXN_08521,ACC_0967,ACC_0487,2026-09-29 10:00:00,301796.08,IMPS
TXN_08522,ACC_0642,ACC_0542,2026-09-11 02:00:00,366027.63,UPI
TXN_08523,ACC_0945,ACC_0806,2025-12-24 16:00:00,282438.84,IMPS
TXN_08524,ACC_0712,ACC_0479,2025-10-20 19:00:00,153004.68,IMPS
TXN_08525,ACC_0939,ACC_0058,2026-06-30 07:00:00,234291.85,RTGS
TXN_08526,ACC_0386,ACC_0270,2025-08-25 12:00:00,127941.84,UPI
TXN_08527,ACC_0534,ACC_0343,2026-10-07 12:00:00,214519.69,NEFT
TXN_08528,ACC_0047,ACC_0567,2025-08-02 19:00:00,337985.74,RTGS
TXN_08529,ACC_0604,ACC_1010,2026-04-20 18:00:00,498207.25,IMPS
TXN_08530,ACC_0762,ACC_0069,2024-06-20 14:00:00,113124.72,NEFT
TXN_08531,ACC_0725,ACC_0608,2026-05-02 05:00:00,401334.03,IMPS
TXN_08532,ACC_0546,ACC_0947,2026-01-01 18:00:00,131922.22,IMPS
TXN_08533,ACC_0153,ACC_0483,2024-08-05 23:00:00,228846.3,RTGS
TXN_08534,ACC_0058,ACC_0526,2024-09-20 15:00:00,360087.65,RTGS
TXN_08535,ACC_0381,ACC_0722,2025-11-04 19:00:00,255084.11,UPI
TXN_08536,ACC_0705,ACC_0783,2024-05-09 13:00:00,259861.54,RTGS
TXN_08537,ACC_0071,ACC_0444,2025-05-31 20:00:00,497452.88,NEFT
TXN_08538,ACC_0241,ACC_1028,2024-03-21 08:00:00,432704.39,RTGS
TXN_08539,ACC_0141,ACC_1007,2025-05-20 01:00:00,473228.78,NEFT
TXN_08540,ACC_0458,ACC_0029,2025-12-04 13:00:00,147392.38,UPI
TXN_08541,ACC_0460,ACC_0811,2026-04-16 19:00:00,359657.9,UPI
TXN_08542,ACC_0099,ACC_0412,2024-10-25 22:00:00,260572.26,NEFT
TXN_08543,ACC_0494,ACC_0326,2025-09-10 04:00:00,125341.59,IMPS
TXN_08544,ACC_0625,ACC_0908,2025-07-10 05:00:00,138109.05,NEFT
TXN_08545,ACC_0803,ACC_0128,2026-05-16 20:00:00,148567.61,UPI
TXN_08546,ACC_0829,ACC_0027,2024-05-02 07:00:00,63104.9,RTGS
TXN_08547,ACC_0335,ACC_0505,2024-03-27 12:00:00,428314.87,NEFT
TXN_08548,ACC_1000,ACC_0861,2025-05-22 09:00:00,90473.35,RTGS
TXN_08549,ACC_0777,ACC_0257,2024-09-11 13:00:00,73159.73,UPI
TXN_08550,ACC_0729,ACC_0648,2026-05-19 20:00:00,292515.13,IMPS
TXN_08551,ACC_0234,ACC_0047,2025-05-23 13:00:00,356023.68,IMPS
TXN_08552,ACC_0578,ACC_0777,2025-12-27 16:00:00,191920.63,IMPS
TXN_08553,ACC_0385,ACC_0900,2026-04-10 01:00:00,429364.9,RTGS
TXN_08554,ACC_0867,ACC_0206,2025-03-24 23:00:00,290496.12,NEFT
TXN_08555,ACC_0823,ACC_0218,2025-07-19 00:00:00,92364.8,UPI
TXN_08556,ACC_1017,ACC_0094,2025-01-29 18:00:00,391895.63,UPI
TXN_08557,ACC_0016,ACC_0040,2025-10-11 17:00:00,46171.43,UPI
TXN_08558,ACC_0468,ACC_0486,2024-08-02 05:00:00,107205.93,RTGS
TXN_08559,ACC_0963,ACC_0699,2026-05-18 14:00:00,204982.92,RTGS
TXN_08560,ACC_0260,ACC_0132,2024-07-04 07:00:00,138975.7,NEFT
TXN_08561,ACC_0133,ACC_0628,2025-01-25 10:00:00,237741.26,UPI
TXN_08562,ACC_0335,ACC_0505,2026-06-05 06:00:00,268144.4,RTGS
TXN_08563,ACC_0926,ACC_0125,2025-11-11 05:00:00,282256.73,NEFT
TXN_08564,ACC_0131,ACC_1005,2025-02-09 17:00:00,99686.54,IMPS
TXN_08565,ACC_0254,ACC_0447,2026-05-20 17:00:00,40566.79,RTGS
TXN_08566,ACC_0144,ACC_0534,2026-09-13 05:00:00,411625.05,NEFT
TXN_08567,ACC_0993,ACC_1025,2024-01-20 16:00:00,277305.16,NEFT
TXN_08568,ACC_0033,ACC_0016,2025-12-14 05:00:00,253583.63,UPI
TXN_08569,ACC_0773,ACC_0053,2025-05-29 13:00:00,244872.72,NEFT
TXN_08570,ACC_0794,ACC_0995,2025-12-28 17:00:00,490874.69,IMPS
TXN_08571,ACC_0225,ACC_0340,2025-09-28 06:00:00,150327.32,IMPS
TXN_08572,ACC_0282,ACC_0555,2025-07-29 13:00:00,399609.44,IMPS
TXN_08573,ACC_0245,ACC_0581,2024-12-25 05:00:00,286077.37,UPI
TXN_08574,ACC_0532,ACC_0302,2025-04-09 21:00:00,162217.96,IMPS
TXN_08575,ACC_0331,ACC_0313,2025-10-20 07:00:00,40094.41,UPI
TXN_08576,ACC_0641,ACC_0050,2026-09-25 01:00:00,416676.7,NEFT
TXN_08577,ACC_0049,ACC_0887,2025-05-29 00:00:00,376902.96,UPI
TXN_08578,ACC_0843,ACC_0891,2025-08-16 03:00:00,78299.96,RTGS
TXN_08579,ACC_0584,ACC_0426,2025-05-05 12:00:00,316287.96,UPI
TXN_08580,ACC_0104,ACC_0523,2024-12-19 06:00:00,79726.2,IMPS
TXN_08581,ACC_0401,ACC_0112,2024-06-28 16:00:00,372519.51,UPI
TXN_08582,ACC_0788,ACC_0998,2025-02-10 01:00:00,285065.98,UPI
TXN_08583,ACC_0511,ACC_0182,2026-03-10 01:00:00,444429.93,IMPS
TXN_08584,ACC_0241,ACC_0260,2026-08-29 06:00:00,397424.51,NEFT
TXN_08585,ACC_0147,ACC_0507,2024-11-02 12:00:00,417957.05,NEFT
TXN_08586,ACC_0426,ACC_0379,2025-09-01 12:00:00,414934.39,NEFT
TXN_08587,ACC_0265,ACC_0564,2025-01-30 17:00:00,226126.86,UPI
TXN_08588,ACC_0366,ACC_0717,2026-05-09 22:00:00,322680.4,IMPS
TXN_08589,ACC_0562,ACC_0831,2024-10-08 18:00:00,488805.38,IMPS
TXN_08590,ACC_0770,ACC_0761,2024-05-23 08:00:00,246673.64,NEFT
TXN_08591,ACC_0089,ACC_0792,2025-07-30 17:00:00,424482.98,NEFT
TXN_08592,ACC_0052,ACC_0419,2024-11-20 08:00:00,360093.1,UPI
TXN_08593,ACC_0633,ACC_0329,2026-05-01 02:00:00,71564.06,RTGS
TXN_08594,ACC_0575,ACC_0476,2025-03-24 05:00:00,294443.39,RTGS
TXN_08595,ACC_0100,ACC_0620,2024-08-23 11:00:00,335413.82,IMPS
TXN_08596,ACC_0452,ACC_0787,2026-06-23 07:00:00,456077.12,IMPS
TXN_08597,ACC_0674,ACC_0610,2026-07-07 07:00:00,92174.78,NEFT
TXN_08598,ACC_0401,ACC_0841,2024-09-06 17:00:00,224742.14,IMPS
TXN_08599,ACC_0493,ACC_0781,2025-07-14 13:00:00,440568.27,NEFT
TXN_08600,ACC_0449,ACC_0017,2025-08-15 06:00:00,306935.1,RTGS
TXN_08601,ACC_0136,ACC_0826,2026-06-08 19:00:00,217910.93,IMPS
TXN_08602,ACC_0403,ACC_0481,2024-08-18 19:00:00,265688.61,IMPS
TXN_08603,ACC_0322,ACC_0612,2025-03-16 07:00:00,256563.54,NEFT
TXN_08604,ACC_0968,ACC_0705,2024-03-10 04:00:00,283474.72,NEFT
TXN_08605,ACC_0685,ACC_0448,2024-05-21 02:00:00,260378.1,IMPS
TXN_08606,ACC_0693,ACC_0565,2024-12-17 06:00:00,377026.96,NEFT
TXN_08607,ACC_0442,ACC_0802,2025-10-19 04:00:00,252767.86,IMPS
TXN_08608,ACC_0459,ACC_0837,2024-12-30 17:00:00,262165.31,NEFT
TXN_08609,ACC_1023,ACC_0897,2024-02-04 09:00:00,24955.76,NEFT
TXN_08610,ACC_0724,ACC_0990,2025-03-07 17:00:00,376810.75,NEFT
TXN_08611,ACC_0642,ACC_0477,2026-01-14 07:00:00,258884.23,UPI
TXN_08612,ACC_0186,ACC_0009,2024-08-23 01:00:00,286665.55,RTGS
TXN_08613,ACC_0349,ACC_0098,2026-03-23 05:00:00,21809.73,NEFT
TXN_08614,ACC_0279,ACC_0566,2026-08-23 18:00:00,414884.26,RTGS
TXN_08615,ACC_0148,ACC_0576,2025-07-26 16:00:00,197979.97,UPI
TXN_08616,ACC_0308,ACC_0296,2024-06-09 03:00:00,165217.5,RTGS
TXN_08617,ACC_0905,ACC_0132,2024-11-24 03:00:00,286851.47,NEFT
TXN_08618,ACC_0894,ACC_0130,2025-06-12 15:00:00,477964.09,UPI
TXN_08619,ACC_0083,ACC_0037,2026-10-01 01:00:00,422057.04,UPI
TXN_08620,ACC_0700,ACC_0198,2025-02-20 23:00:00,180503.35,UPI
TXN_08621,ACC_0599,ACC_0123,2026-03-25 20:00:00,133301.86,NEFT
TXN_08622,ACC_0950,ACC_0063,2026-09-14 10:00:00,178084.4,RTGS
TXN_08623,ACC_0225,ACC_1003,2024-06-15 06:00:00,62734.89,IMPS
TXN_08624,ACC_0914,ACC_0171,2024-06-30 22:00:00,195680.52,NEFT
TXN_08625,ACC_0558,ACC_0481,2026-06-12 15:00:00,214393.05,UPI
TXN_08626,ACC_0507,ACC_0177,2024-02-04 16:00:00,24111.44,NEFT
TXN_08627,ACC_0895,ACC_0806,2026-01-25 06:00:00,350753.02,NEFT
TXN_08628,ACC_0263,ACC_0501,2024-08-31 20:00:00,492603.4,RTGS
TXN_08629,ACC_0043,ACC_0042,2025-10-27 01:00:00,478635.98,IMPS
TXN_08630,ACC_0885,ACC_1001,2025-10-03 11:00:00,51424.06,RTGS
TXN_08631,ACC_0858,ACC_0248,2025-11-29 12:00:00,310639.87,IMPS
TXN_08632,ACC_0586,ACC_0775,2024-05-29 10:00:00,97455.17,IMPS
TXN_08633,ACC_0008,ACC_0301,2025-03-13 23:00:00,462277.06,NEFT
TXN_08634,ACC_0589,ACC_0335,2024-01-09 02:00:00,195393.77,RTGS
TXN_08635,ACC_0950,ACC_0690,2024-12-29 12:00:00,295446.72,NEFT
TXN_08636,ACC_0429,ACC_0169,2024-08-17 18:00:00,307159.5,RTGS
TXN_08637,ACC_0579,ACC_0619,2026-09-17 10:00:00,63374.65,IMPS
TXN_08638,ACC_0431,ACC_0169,2026-07-26 02:00:00,154331.11,RTGS
TXN_08639,ACC_0126,ACC_0773,2026-09-21 09:00:00,30846.63,UPI
TXN_08640,ACC_0678,ACC_0980,2026-05-05 13:00:00,227384.58,NEFT
TXN_08641,ACC_0528,ACC_0585,2026-08-04 01:00:00,337095.51,RTGS
TXN_08642,ACC_0889,ACC_0343,2026-04-08 18:00:00,9522.97,NEFT
TXN_08643,ACC_0767,ACC_0852,2026-10-01 01:00:00,18316.15,IMPS
TXN_08644,ACC_0641,ACC_0403,2025-09-02 09:00:00,164349.47,NEFT
TXN_08645,ACC_0086,ACC_0115,2024-08-31 16:00:00,56940.06,IMPS
TXN_08646,ACC_1001,ACC_0953,2026-07-19 01:00:00,430822.31,NEFT
TXN_08647,ACC_0522,ACC_0344,2026-09-13 19:00:00,339328.08,NEFT
TXN_08648,ACC_0543,ACC_0423,2026-03-18 20:00:00,5264.49,UPI
TXN_08649,ACC_0596,ACC_0152,2024-06-14 04:00:00,409249.08,IMPS
TXN_08650,ACC_0125,ACC_0656,2026-03-24 06:00:00,395869.96,NEFT
TXN_08651,ACC_0171,ACC_0836,2026-01-30 04:00:00,8473.05,RTGS
TXN_08652,ACC_0224,ACC_0736,2026-05-04 12:00:00,409602.18,UPI
TXN_08653,ACC_0943,ACC_0773,2024-11-08 20:00:00,5686.91,RTGS
TXN_08654,ACC_0575,ACC_0073,2025-11-23 01:00:00,214340.33,IMPS
TXN_08655,ACC_0342,ACC_0509,2025-09-03 03:00:00,6810.53,UPI
TXN_08656,ACC_0987,ACC_0192,2026-09-06 17:00:00,95615.95,UPI
TXN_08657,ACC_0595,ACC_0094,2024-02-22 04:00:00,34421.08,IMPS
TXN_08658,ACC_0601,ACC_0896,2025-10-31 01:00:00,255588.48,NEFT
TXN_08659,ACC_0802,ACC_0341,2024-08-28 03:00:00,245176.76,IMPS
TXN_08660,ACC_0406,ACC_0472,2024-11-12 06:00:00,400937.87,UPI
TXN_08661,ACC_0045,ACC_0961,2026-03-05 23:00:00,58460.83,IMPS
TXN_08662,ACC_1015,ACC_0238,2024-07-17 13:00:00,423286.2,UPI
TXN_08663,ACC_0599,ACC_0209,2026-01-25 12:00:00,498981.76,RTGS
TXN_08664,ACC_0062,ACC_0124,2025-02-25 00:00:00,244356.42,IMPS
TXN_08665,ACC_0158,ACC_0795,2024-11-27 19:00:00,248777.47,UPI
TXN_08666,ACC_0704,ACC_0110,2026-03-06 13:00:00,414183.52,NEFT
TXN_08667,ACC_0176,ACC_0009,2026-06-13 11:00:00,459298.99,NEFT
TXN_08668,ACC_1017,ACC_0773,2026-07-29 19:00:00,497415.93,IMPS
TXN_08669,ACC_0910,ACC_1040,2024-10-06 03:00:00,482924.99,UPI
TXN_08670,ACC_0679,ACC_0234,2026-02-05 07:00:00,178708.0,RTGS
TXN_08671,ACC_0657,ACC_0786,2024-04-16 20:00:00,80939.6,NEFT
TXN_08672,ACC_0196,ACC_0216,2024-10-06 09:00:00,257919.23,RTGS
TXN_08673,ACC_0091,ACC_0901,2025-10-12 02:00:00,230226.29,NEFT
TXN_08674,ACC_0336,ACC_1016,2025-03-30 20:00:00,160784.59,NEFT
TXN_08675,ACC_0224,ACC_0618,2024-09-20 11:00:00,465788.0,UPI
TXN_08676,ACC_0919,ACC_0676,2026-04-13 05:00:00,397431.13,RTGS
TXN_08677,ACC_0746,ACC_0784,2024-04-15 01:00:00,164784.99,NEFT
TXN_08678,ACC_0524,ACC_0990,2026-02-11 00:00:00,427380.51,UPI
TXN_08679,ACC_0922,ACC_0514,2024-11-16 13:00:00,18809.54,UPI
TXN_08680,ACC_0466,ACC_0882,2026-01-29 22:00:00,13846.54,RTGS
TXN_08681,ACC_0717,ACC_0090,2025-01-10 14:00:00,99351.32,RTGS
TXN_08682,ACC_0287,ACC_0930,2025-05-04 13:00:00,96278.33,NEFT
TXN_08683,ACC_0956,ACC_0042,2025-01-11 23:00:00,326495.44,NEFT
TXN_08684,ACC_0274,ACC_0931,2025-12-23 02:00:00,337277.87,UPI
TXN_08685,ACC_0480,ACC_0195,2025-07-04 14:00:00,39604.37,UPI
TXN_08686,ACC_0382,ACC_0008,2025-08-07 07:00:00,418015.93,RTGS
TXN_08687,ACC_0574,ACC_0188,2026-02-19 14:00:00,302056.28,IMPS
TXN_08688,ACC_1004,ACC_0871,2024-11-24 08:00:00,113850.05,RTGS
TXN_08689,ACC_0016,ACC_0532,2025-03-31 00:00:00,389824.96,NEFT
TXN_08690,ACC_0888,ACC_0166,2026-03-20 17:00:00,73469.47,RTGS
TXN_08691,ACC_0853,ACC_1019,2025-03-01 10:00:00,50687.8,UPI
TXN_08692,ACC_0108,ACC_0751,2026-02-19 02:00:00,247985.41,IMPS
TXN_08693,ACC_0827,ACC_0225,2025-09-15 03:00:00,352802.36,IMPS
TXN_08694,ACC_0407,ACC_0852,2024-05-08 06:00:00,437209.64,NEFT
TXN_08695,ACC_0040,ACC_0722,2025-06-24 21:00:00,380332.01,NEFT
TXN_08696,ACC_0452,ACC_0520,2025-09-07 08:00:00,261071.61,IMPS
TXN_08697,ACC_0377,ACC_0526,2026-06-06 16:00:00,251408.15,NEFT
TXN_08698,ACC_0999,ACC_0212,2025-07-29 14:00:00,104443.8,NEFT
TXN_08699,ACC_0280,ACC_0326,2024-08-15 21:00:00,185014.85,UPI
TXN_08700,ACC_0570,ACC_0543,2026-10-27 09:00:00,266442.87,NEFT
TXN_08701,ACC_0697,ACC_0306,2025-03-08 07:00:00,139778.47,UPI
TXN_08702,ACC_0499,ACC_0320,2024-05-01 07:00:00,191648.76,UPI
TXN_08703,ACC_0673,ACC_0595,2024-04-26 01:00:00,369052.53,NEFT
TXN_08704,ACC_0892,ACC_0404,2026-01-10 19:00:00,299619.55,IMPS
TXN_08705,ACC_0197,ACC_0385,2026-10-26 04:00:00,410459.76,RTGS
TXN_08706,ACC_0842,ACC_0324,2026-09-10 04:00:00,459866.08,NEFT
TXN_08707,ACC_0515,ACC_1034,2025-12-27 23:00:00,107903.38,UPI
TXN_08708,ACC_0792,ACC_0355,2024-07-22 22:00:00,419726.38,IMPS
TXN_08709,ACC_0485,ACC_0819,2024-11-24 18:00:00,305353.34,IMPS
TXN_08710,ACC_0457,ACC_0154,2024-03-10 01:00:00,198482.96,RTGS
TXN_08711,ACC_0903,ACC_0178,2025-11-12 01:00:00,274876.44,NEFT
TXN_08712,ACC_0803,ACC_0076,2026-03-09 01:00:00,488112.3,NEFT
TXN_08713,ACC_0447,ACC_0374,2026-05-29 13:00:00,296986.73,UPI
TXN_08714,ACC_0750,ACC_0235,2024-02-13 11:00:00,370945.77,UPI
TXN_08715,ACC_0231,ACC_0012,2025-01-12 23:00:00,203275.51,RTGS
TXN_08716,ACC_0824,ACC_0796,2024-09-04 01:00:00,496989.08,UPI
TXN_08717,ACC_0335,ACC_0866,2026-01-13 14:00:00,478387.62,UPI
TXN_08718,ACC_0310,ACC_0249,2024-07-26 23:00:00,94349.87,RTGS
TXN_08719,ACC_0233,ACC_0723,2025-03-12 07:00:00,110523.11,NEFT
TXN_08720,ACC_0764,ACC_0927,2025-04-13 07:00:00,403257.09,RTGS
TXN_08721,ACC_0750,ACC_0177,2026-08-09 23:00:00,339539.26,NEFT
TXN_08722,ACC_0155,ACC_0107,2024-07-03 13:00:00,20140.28,NEFT
TXN_08723,ACC_0322,ACC_0180,2024-03-11 19:00:00,452093.52,RTGS
TXN_08724,ACC_0767,ACC_0391,2024-09-30 17:00:00,375241.93,NEFT
TXN_08725,ACC_0499,ACC_0861,2026-06-01 15:00:00,56452.54,IMPS
TXN_08726,ACC_0808,ACC_0309,2025-11-25 14:00:00,195462.26,RTGS
TXN_08727,ACC_0869,ACC_0114,2026-03-11 13:00:00,262721.76,IMPS
TXN_08728,ACC_0633,ACC_0050,2025-11-21 14:00:00,133803.38,RTGS
TXN_08729,ACC_0438,ACC_0583,2025-04-07 17:00:00,481181.03,IMPS
TXN_08730,ACC_0281,ACC_0922,2026-01-26 11:00:00,491006.39,IMPS
TXN_08731,ACC_0965,ACC_0801,2025-07-26 17:00:00,323726.31,UPI
TXN_08732,ACC_0559,ACC_0042,2025-09-03 05:00:00,415980.69,NEFT
TXN_08733,ACC_0199,ACC_0689,2025-09-05 23:00:00,476137.32,RTGS
TXN_08734,ACC_0386,ACC_0855,2024-08-24 00:00:00,58578.87,UPI
TXN_08735,ACC_0900,ACC_0244,2025-10-17 09:00:00,58198.21,RTGS
TXN_08736,ACC_0962,ACC_1001,2025-03-27 18:00:00,18477.07,RTGS
TXN_08737,ACC_0841,ACC_0771,2026-09-22 15:00:00,372341.74,UPI
TXN_08738,ACC_0794,ACC_0784,2024-02-18 09:00:00,462324.6,UPI
TXN_08739,ACC_0307,ACC_0111,2024-06-01 07:00:00,308162.16,UPI
TXN_08740,ACC_0948,ACC_0724,2024-08-20 06:00:00,409032.54,NEFT
TXN_08741,ACC_0317,ACC_0119,2024-10-28 12:00:00,86645.35,UPI
TXN_08742,ACC_0760,ACC_0033,2025-08-18 23:00:00,258059.9,RTGS
TXN_08743,ACC_0899,ACC_0428,2024-10-07 04:00:00,141395.0,IMPS
TXN_08744,ACC_0512,ACC_0128,2025-03-08 00:00:00,373977.62,RTGS
TXN_08745,ACC_0983,ACC_0334,2025-05-28 04:00:00,89048.02,RTGS
TXN_08746,ACC_0424,ACC_0323,2026-02-16 00:00:00,451731.49,IMPS
TXN_08747,ACC_0607,ACC_1002,2026-10-27 07:00:00,265252.1,UPI
TXN_08748,ACC_0854,ACC_0584,2024-07-10 10:00:00,264265.73,RTGS
TXN_08749,ACC_0172,ACC_0783,2024-05-03 04:00:00,182355.36,NEFT
TXN_08750,ACC_0616,ACC_0964,2024-04-04 07:00:00,436752.04,UPI
TXN_08751,ACC_0784,ACC_0952,2024-06-06 18:00:00,185928.71,IMPS
TXN_08752,ACC_0432,ACC_0208,2025-04-09 09:00:00,241513.37,NEFT
TXN_08753,ACC_0969,ACC_0528,2026-05-19 00:00:00,227197.97,UPI
TXN_08754,ACC_0241,ACC_1001,2025-06-05 15:00:00,96516.12,UPI
TXN_08755,ACC_0258,ACC_0484,2026-10-16 00:00:00,173089.43,IMPS
TXN_08756,ACC_0365,ACC_0443,2025-09-14 11:00:00,447471.33,RTGS
TXN_08757,ACC_0303,ACC_0008,2024-11-05 03:00:00,296552.39,UPI
TXN_08758,ACC_0436,ACC_0975,2024-02-27 03:00:00,318482.02,IMPS
TXN_08759,ACC_0022,ACC_0598,2026-10-27 23:00:00,311642.59,NEFT
TXN_08760,ACC_0530,ACC_0457,2025-12-04 10:00:00,161965.45,UPI
TXN_08761,ACC_0031,ACC_0866,2025-08-04 03:00:00,276109.17,RTGS
TXN_08762,ACC_0032,ACC_0268,2026-09-30 14:00:00,194960.95,UPI
TXN_08763,ACC_0972,ACC_0738,2025-09-15 10:00:00,487980.75,UPI
TXN_08764,ACC_0271,ACC_0518,2026-10-23 20:00:00,462258.53,UPI
TXN_08765,ACC_0294,ACC_0311,2026-03-21 10:00:00,283772.21,UPI
TXN_08766,ACC_0259,ACC_0419,2025-10-28 17:00:00,290598.96,NEFT
TXN_08767,ACC_0535,ACC_0799,2026-01-28 15:00:00,184637.92,UPI
TXN_08768,ACC_0598,ACC_0645,2026-06-19 12:00:00,318839.0,IMPS
TXN_08769,ACC_0326,ACC_0728,2026-03-07 14:00:00,129036.4,IMPS
TXN_08770,ACC_0123,ACC_0431,2026-10-27 06:00:00,208240.85,NEFT
TXN_08771,ACC_0281,ACC_0506,2024-05-16 06:00:00,55773.34,UPI
TXN_08772,ACC_0025,ACC_1017,2025-01-23 05:00:00,185908.82,NEFT
TXN_08773,ACC_0665,ACC_0152,2025-07-16 20:00:00,112707.62,RTGS
TXN_08774,ACC_0884,ACC_0511,2025-10-19 14:00:00,492298.37,RTGS
TXN_08775,ACC_0841,ACC_0176,2026-10-13 16:00:00,439452.08,RTGS
TXN_08776,ACC_0113,ACC_0994,2026-05-16 07:00:00,56443.73,RTGS
TXN_08777,ACC_0167,ACC_0951,2025-01-21 19:00:00,404377.24,UPI
TXN_08778,ACC_0238,ACC_0577,2026-05-23 09:00:00,225757.29,UPI
TXN_08779,ACC_0454,ACC_0197,2025-01-16 09:00:00,451356.88,UPI
TXN_08780,ACC_0705,ACC_0421,2025-09-25 10:00:00,189163.26,RTGS
TXN_08781,ACC_0112,ACC_0999,2024-07-10 13:00:00,155213.91,IMPS
TXN_08782,ACC_0755,ACC_0553,2024-01-27 09:00:00,360560.05,UPI
TXN_08783,ACC_0749,ACC_0065,2025-09-13 20:00:00,108395.32,UPI
TXN_08784,ACC_0600,ACC_0481,2024-04-05 04:00:00,121296.35,RTGS
TXN_08785,ACC_0643,ACC_0697,2025-04-17 06:00:00,1229.58,RTGS
TXN_08786,ACC_1010,ACC_0180,2025-09-30 23:00:00,84595.29,RTGS
TXN_08787,ACC_0300,ACC_0502,2025-06-22 22:00:00,264203.52,UPI
TXN_08788,ACC_0429,ACC_0178,2026-03-23 13:00:00,395542.79,RTGS
TXN_08789,ACC_0362,ACC_0930,2026-11-06 16:00:00,294299.78,IMPS
TXN_08790,ACC_0999,ACC_1027,2025-10-11 22:00:00,12512.4,UPI
TXN_08791,ACC_0342,ACC_0804,2026-05-12 10:00:00,304542.88,UPI
TXN_08792,ACC_0813,ACC_0694,2026-10-04 11:00:00,156467.55,IMPS
TXN_08793,ACC_0786,ACC_0208,2024-02-06 06:00:00,139901.55,NEFT
TXN_08794,ACC_0388,ACC_0791,2024-04-04 17:00:00,24498.39,IMPS
TXN_08795,ACC_0146,ACC_0796,2025-06-07 03:00:00,124985.51,RTGS
TXN_08796,ACC_0635,ACC_0775,2026-06-13 01:00:00,23381.93,RTGS
TXN_08797,ACC_0409,ACC_0473,2024-11-20 18:00:00,244979.14,NEFT
TXN_08798,ACC_1027,ACC_0141,2024-12-04 18:00:00,137469.33,UPI
TXN_08799,ACC_0724,ACC_0620,2026-05-20 09:00:00,377692.12,IMPS
TXN_08800,ACC_0587,ACC_0560,2024-01-23 09:00:00,329959.88,UPI
TXN_08801,ACC_0270,ACC_0717,2025-06-07 11:00:00,440131.27,UPI
TXN_08802,ACC_0649,ACC_0847,2025-03-22 20:00:00,77394.82,NEFT
TXN_08803,ACC_0429,ACC_0588,2026-06-18 15:00:00,124398.1,NEFT
TXN_08804,ACC_0178,ACC_0706,2024-12-18 13:00:00,86385.08,UPI
TXN_08805,ACC_0627,ACC_0579,2024-06-02 00:00:00,284700.09,RTGS
TXN_08806,ACC_0125,ACC_0102,2025-03-13 11:00:00,290205.1,IMPS
TXN_08807,ACC_0445,ACC_0313,2025-09-22 17:00:00,377194.02,UPI
TXN_08808,ACC_0469,ACC_0821,2024-07-24 00:00:00,318254.42,IMPS
TXN_08809,ACC_0160,ACC_0098,2024-07-21 07:00:00,212430.95,NEFT
TXN_08810,ACC_0512,ACC_0262,2026-05-16 23:00:00,475014.98,NEFT
TXN_08811,ACC_0508,ACC_0443,2026-05-12 22:00:00,376523.64,RTGS
TXN_08812,ACC_0973,ACC_0239,2025-12-20 02:00:00,227861.33,UPI
TXN_08813,ACC_0551,ACC_0545,2025-02-25 14:00:00,39375.92,RTGS
TXN_08814,ACC_0803,ACC_0097,2025-12-22 00:00:00,418233.79,UPI
TXN_08815,ACC_0497,ACC_0578,2024-10-09 20:00:00,457103.05,RTGS
TXN_08816,ACC_0595,ACC_0399,2026-10-19 08:00:00,6058.76,IMPS
TXN_08817,ACC_0541,ACC_0488,2026-06-05 01:00:00,188479.87,UPI
TXN_08818,ACC_0667,ACC_0923,2026-01-13 07:00:00,264466.79,RTGS
TXN_08819,ACC_0654,ACC_0441,2024-10-04 05:00:00,337264.49,IMPS
TXN_08820,ACC_0582,ACC_0994,2024-09-27 10:00:00,203600.99,UPI
TXN_08821,ACC_0955,ACC_1035,2025-04-19 23:00:00,12128.49,RTGS
TXN_08822,ACC_0805,ACC_0968,2026-08-26 08:00:00,306118.57,RTGS
TXN_08823,ACC_0863,ACC_0729,2024-07-22 02:00:00,143585.86,NEFT
TXN_08824,ACC_0687,ACC_1013,2024-12-25 12:00:00,436654.17,RTGS
TXN_08825,ACC_0358,ACC_0251,2024-03-18 20:00:00,196674.28,UPI
TXN_08826,ACC_0533,ACC_0495,2024-09-12 05:00:00,119214.91,NEFT
TXN_08827,ACC_0478,ACC_0473,2026-08-03 22:00:00,443535.18,UPI
TXN_08828,ACC_0805,ACC_0006,2025-05-21 20:00:00,417394.73,IMPS
TXN_08829,ACC_0541,ACC_0840,2026-05-20 17:00:00,27107.18,IMPS
TXN_08830,ACC_0643,ACC_0502,2024-10-12 13:00:00,142598.14,RTGS
TXN_08831,ACC_0808,ACC_0064,2026-02-26 09:00:00,269103.89,RTGS
TXN_08832,ACC_0484,ACC_0466,2025-10-22 14:00:00,136896.44,UPI
TXN_08833,ACC_0519,ACC_0236,2026-01-15 00:00:00,296524.87,UPI
TXN_08834,ACC_0846,ACC_0478,2025-04-15 12:00:00,297436.19,NEFT
TXN_08835,ACC_0443,ACC_0600,2025-12-08 07:00:00,366333.53,RTGS
TXN_08836,ACC_0970,ACC_0015,2026-04-09 00:00:00,209801.71,NEFT
TXN_08837,ACC_0112,ACC_0996,2026-02-17 16:00:00,498772.29,IMPS
TXN_08838,ACC_0042,ACC_0026,2025-08-02 10:00:00,203731.04,RTGS
TXN_08839,ACC_0725,ACC_0439,2024-06-13 09:00:00,110433.94,IMPS
TXN_08840,ACC_0597,ACC_0796,2024-05-14 18:00:00,51289.6,RTGS
TXN_08841,ACC_0013,ACC_0643,2026-03-01 03:00:00,176389.93,RTGS
TXN_08842,ACC_0203,ACC_1008,2025-05-11 08:00:00,419845.93,NEFT
TXN_08843,ACC_0441,ACC_0893,2026-08-10 12:00:00,176119.99,IMPS
TXN_08844,ACC_0627,ACC_0339,2026-06-21 17:00:00,139318.28,NEFT
TXN_08845,ACC_0341,ACC_0931,2024-07-11 17:00:00,57273.87,UPI
TXN_08846,ACC_0802,ACC_0430,2024-02-24 14:00:00,256947.51,RTGS
TXN_08847,ACC_0261,ACC_0191,2024-06-14 15:00:00,326932.74,RTGS
TXN_08848,ACC_0589,ACC_0717,2026-09-19 02:00:00,469131.32,NEFT
TXN_08849,ACC_0668,ACC_0019,2025-06-12 07:00:00,121058.5,IMPS
TXN_08850,ACC_0548,ACC_0269,2026-06-17 19:00:00,495619.78,NEFT
TXN_08851,ACC_1001,ACC_0068,2024-10-20 00:00:00,353785.48,RTGS
TXN_08852,ACC_0416,ACC_0381,2024-01-20 01:00:00,264260.35,UPI
TXN_08853,ACC_0624,ACC_0657,2026-02-13 18:00:00,391111.37,IMPS
TXN_08854,ACC_0972,ACC_0268,2026-04-19 15:00:00,225670.67,RTGS
TXN_08855,ACC_1005,ACC_0518,2026-04-27 04:00:00,218861.58,RTGS
TXN_08856,ACC_0015,ACC_0940,2026-09-02 15:00:00,400576.08,UPI
TXN_08857,ACC_0490,ACC_0033,2026-02-10 01:00:00,27509.14,NEFT
TXN_08858,ACC_0845,ACC_0673,2024-10-25 04:00:00,250490.28,NEFT
TXN_08859,ACC_0706,ACC_0718,2025-12-26 05:00:00,297514.5,UPI
TXN_08860,ACC_0027,ACC_0645,2025-07-07 08:00:00,486150.59,UPI
TXN_08861,ACC_0648,ACC_0738,2026-07-28 12:00:00,371189.5,IMPS
TXN_08862,ACC_0320,ACC_0312,2025-11-22 15:00:00,298172.8,IMPS
TXN_08863,ACC_0065,ACC_0406,2024-04-19 20:00:00,202947.93,NEFT
TXN_08864,ACC_0038,ACC_0094,2025-12-10 12:00:00,462094.97,RTGS
TXN_08865,ACC_0228,ACC_0900,2024-07-12 01:00:00,174543.75,NEFT
TXN_08866,ACC_0650,ACC_0023,2025-03-11 00:00:00,155652.9,RTGS
TXN_08867,ACC_0541,ACC_0519,2024-10-09 14:00:00,322726.2,RTGS
TXN_08868,ACC_0102,ACC_0864,2024-08-21 17:00:00,5963.29,NEFT
TXN_08869,ACC_0334,ACC_0052,2024-12-22 16:00:00,483539.82,NEFT
TXN_08870,ACC_0335,ACC_0560,2026-10-25 15:00:00,435823.25,RTGS
TXN_08871,ACC_0070,ACC_0026,2024-08-15 22:00:00,174244.82,IMPS
TXN_08872,ACC_0514,ACC_0861,2024-08-12 05:00:00,33467.8,UPI
TXN_08873,ACC_0812,ACC_1040,2024-03-01 19:00:00,420782.14,UPI
TXN_08874,ACC_0184,ACC_0293,2025-08-20 07:00:00,222745.51,UPI
TXN_08875,ACC_0213,ACC_0911,2026-01-22 06:00:00,442606.68,IMPS
TXN_08876,ACC_0502,ACC_0498,2026-08-29 16:00:00,395779.01,IMPS
TXN_08877,ACC_1021,ACC_0576,2025-10-02 15:00:00,416093.53,RTGS
TXN_08878,ACC_0204,ACC_0916,2025-11-30 17:00:00,109172.34,UPI
TXN_08879,ACC_0727,ACC_0146,2025-05-30 18:00:00,388438.29,NEFT
TXN_08880,ACC_0416,ACC_0249,2026-07-15 00:00:00,67749.25,NEFT
TXN_08881,ACC_0123,ACC_0556,2025-03-11 17:00:00,445681.13,RTGS
TXN_08882,ACC_0032,ACC_0356,2026-10-04 08:00:00,277167.09,UPI
TXN_08883,ACC_0565,ACC_0703,2024-09-12 02:00:00,332455.2,UPI
TXN_08884,ACC_0671,ACC_0588,2024-03-01 23:00:00,348965.24,NEFT
TXN_08885,ACC_0389,ACC_0641,2025-12-30 02:00:00,277978.85,UPI
TXN_08886,ACC_0006,ACC_0919,2024-08-15 06:00:00,12355.64,IMPS
TXN_08887,ACC_1012,ACC_0905,2026-08-07 16:00:00,180374.31,RTGS
TXN_08888,ACC_0518,ACC_0777,2025-07-13 08:00:00,364441.14,UPI
TXN_08889,ACC_0296,ACC_0462,2026-03-31 10:00:00,28196.1,IMPS
TXN_08890,ACC_0467,ACC_0305,2026-06-08 03:00:00,294416.47,IMPS
TXN_08891,ACC_1035,ACC_0443,2024-07-11 23:00:00,280698.61,UPI
TXN_08892,ACC_0712,ACC_0568,2026-08-28 21:00:00,391166.1,IMPS
TXN_08893,ACC_0022,ACC_0253,2024-03-03 23:00:00,481399.38,UPI
TXN_08894,ACC_0990,ACC_0069,2025-12-03 21:00:00,381834.24,UPI
TXN_08895,ACC_0887,ACC_0521,2024-12-27 09:00:00,14943.81,UPI
TXN_08896,ACC_0348,ACC_0363,2024-07-20 23:00:00,438709.11,IMPS
TXN_08897,ACC_1038,ACC_0641,2026-04-13 18:00:00,389470.35,RTGS
TXN_08898,ACC_0523,ACC_0053,2024-06-27 10:00:00,24006.48,RTGS
TXN_08899,ACC_0984,ACC_0131,2024-09-06 21:00:00,392293.77,RTGS
TXN_08900,ACC_0070,ACC_0193,2026-06-09 20:00:00,250132.99,UPI
TXN_08901,ACC_0656,ACC_0841,2026-04-28 18:00:00,111621.19,RTGS
TXN_08902,ACC_0812,ACC_0464,2026-06-11 13:00:00,203676.53,RTGS
TXN_08903,ACC_0342,ACC_1033,2025-11-10 18:00:00,217922.33,IMPS
TXN_08904,ACC_0449,ACC_0351,2024-11-27 01:00:00,280307.19,NEFT
TXN_08905,ACC_0242,ACC_0412,2024-02-19 21:00:00,214068.91,IMPS
TXN_08906,ACC_0034,ACC_1008,2025-07-26 08:00:00,192351.81,UPI
TXN_08907,ACC_0684,ACC_0564,2025-07-02 22:00:00,421846.04,NEFT
TXN_08908,ACC_0845,ACC_0297,2025-08-07 17:00:00,277137.88,UPI
TXN_08909,ACC_0066,ACC_0882,2024-12-12 14:00:00,491317.72,IMPS
TXN_08910,ACC_1019,ACC_0968,2024-07-13 14:00:00,190467.99,IMPS
TXN_08911,ACC_0742,ACC_0094,2026-04-18 19:00:00,395571.26,NEFT
TXN_08912,ACC_0485,ACC_0212,2026-04-09 21:00:00,379287.17,UPI
TXN_08913,ACC_0989,ACC_0284,2025-07-06 10:00:00,250551.26,RTGS
TXN_08914,ACC_0489,ACC_1034,2025-07-12 17:00:00,12064.05,RTGS
TXN_08915,ACC_0143,ACC_0116,2026-09-11 08:00:00,172834.61,IMPS
TXN_08916,ACC_0721,ACC_0179,2024-03-03 11:00:00,433510.84,UPI
TXN_08917,ACC_0772,ACC_0209,2025-10-01 20:00:00,280086.38,UPI
TXN_08918,ACC_0023,ACC_0912,2024-07-10 02:00:00,119891.3,UPI
TXN_08919,ACC_0454,ACC_0046,2025-07-10 02:00:00,317099.28,IMPS
TXN_08920,ACC_0996,ACC_0263,2024-01-23 09:00:00,313041.49,UPI
TXN_08921,ACC_0283,ACC_0884,2024-05-08 13:00:00,266341.02,RTGS
TXN_08922,ACC_0203,ACC_0271,2026-07-16 05:00:00,357269.68,IMPS
TXN_08923,ACC_0064,ACC_0644,2024-12-08 04:00:00,152922.95,UPI
TXN_08924,ACC_0422,ACC_0010,2024-12-12 22:00:00,258363.72,IMPS
TXN_08925,ACC_0390,ACC_0302,2025-01-19 15:00:00,477907.74,NEFT
TXN_08926,ACC_0129,ACC_0144,2025-09-19 23:00:00,402208.07,RTGS
TXN_08927,ACC_0655,ACC_0534,2025-03-23 18:00:00,76479.41,RTGS
TXN_08928,ACC_0925,ACC_0903,2024-11-20 06:00:00,11468.59,NEFT
TXN_08929,ACC_0033,ACC_0867,2025-11-23 16:00:00,359855.08,IMPS
TXN_08930,ACC_0415,ACC_0242,2024-01-31 05:00:00,63117.86,RTGS
TXN_08931,ACC_0304,ACC_0006,2024-09-15 03:00:00,142217.73,UPI
TXN_08932,ACC_0065,ACC_0876,2024-11-01 17:00:00,166644.16,IMPS
TXN_08933,ACC_0387,ACC_0719,2026-09-05 05:00:00,254658.59,RTGS
TXN_08934,ACC_0768,ACC_0516,2024-09-05 21:00:00,339049.48,NEFT
TXN_08935,ACC_0489,ACC_0068,2025-09-26 01:00:00,153696.14,IMPS
TXN_08936,ACC_0421,ACC_0975,2024-01-08 03:00:00,306811.52,NEFT
TXN_08937,ACC_0107,ACC_0442,2025-05-11 04:00:00,19440.87,RTGS
TXN_08938,ACC_0500,ACC_0441,2024-03-01 13:00:00,413112.68,UPI
TXN_08939,ACC_0979,ACC_0425,2024-12-12 13:00:00,214270.05,RTGS
TXN_08940,ACC_0117,ACC_0277,2025-12-21 02:00:00,44497.93,NEFT
TXN_08941,ACC_0136,ACC_1033,2025-02-11 21:00:00,171662.21,RTGS
TXN_08942,ACC_0519,ACC_0736,2026-10-05 14:00:00,276707.75,RTGS
TXN_08943,ACC_0879,ACC_0928,2025-06-11 16:00:00,436862.39,IMPS
TXN_08944,ACC_0263,ACC_0243,2026-03-27 19:00:00,113720.53,UPI
TXN_08945,ACC_0158,ACC_0922,2025-06-18 22:00:00,196416.88,NEFT
TXN_08946,ACC_0765,ACC_0197,2026-04-08 17:00:00,293068.06,IMPS
TXN_08947,ACC_0326,ACC_0052,2026-10-29 18:00:00,62512.88,UPI
TXN_08948,ACC_0638,ACC_0480,2026-01-15 15:00:00,451426.85,IMPS
TXN_08949,ACC_0416,ACC_0461,2024-08-24 09:00:00,220700.9,UPI
TXN_08950,ACC_0153,ACC_0203,2025-09-04 17:00:00,63595.41,NEFT
TXN_08951,ACC_0327,ACC_0624,2026-08-29 21:00:00,93489.61,IMPS
TXN_08952,ACC_0065,ACC_0627,2025-08-30 17:00:00,21315.81,NEFT
TXN_08953,ACC_0609,ACC_0443,2024-12-25 23:00:00,202640.63,RTGS
TXN_08954,ACC_0831,ACC_0053,2024-02-18 20:00:00,334603.62,IMPS
TXN_08955,ACC_0026,ACC_0293,2024-06-01 06:00:00,237638.54,NEFT
TXN_08956,ACC_0628,ACC_0677,2026-01-05 07:00:00,351580.27,UPI
TXN_08957,ACC_0839,ACC_0672,2024-01-02 09:00:00,250798.51,RTGS
TXN_08958,ACC_0994,ACC_0472,2026-07-13 13:00:00,333904.6,UPI
TXN_08959,ACC_0263,ACC_0569,2024-02-17 22:00:00,196497.82,RTGS
TXN_08960,ACC_0798,ACC_0329,2024-10-27 16:00:00,308212.32,UPI
TXN_08961,ACC_0170,ACC_0293,2024-10-09 10:00:00,129926.83,NEFT
TXN_08962,ACC_0912,ACC_0494,2024-08-27 17:00:00,108745.78,IMPS
TXN_08963,ACC_0998,ACC_0706,2026-10-26 19:00:00,122859.2,NEFT
TXN_08964,ACC_0270,ACC_0077,2024-08-22 17:00:00,319905.4,UPI
TXN_08965,ACC_0876,ACC_1012,2025-01-16 14:00:00,102919.39,UPI
TXN_08966,ACC_0297,ACC_0928,2025-07-25 11:00:00,110187.44,UPI
TXN_08967,ACC_0511,ACC_0783,2024-01-04 15:00:00,407056.07,NEFT
TXN_08968,ACC_0850,ACC_0270,2026-01-28 01:00:00,400858.0,NEFT
TXN_08969,ACC_0673,ACC_0584,2024-11-06 21:00:00,24455.63,NEFT
TXN_08970,ACC_0723,ACC_0947,2025-07-04 00:00:00,66758.25,IMPS
TXN_08971,ACC_0222,ACC_0295,2026-01-14 08:00:00,92412.26,UPI
TXN_08972,ACC_0734,ACC_0979,2025-03-20 20:00:00,199274.12,UPI
TXN_08973,ACC_0572,ACC_1032,2026-02-19 02:00:00,394025.65,IMPS
TXN_08974,ACC_0898,ACC_0508,2026-09-05 21:00:00,99202.46,RTGS
TXN_08975,ACC_0750,ACC_0725,2024-02-17 22:00:00,173289.62,RTGS
TXN_08976,ACC_0155,ACC_0548,2026-02-07 18:00:00,190580.34,IMPS
TXN_08977,ACC_0537,ACC_0613,2024-11-19 23:00:00,21424.17,NEFT
TXN_08978,ACC_0979,ACC_0963,2024-04-06 19:00:00,49528.71,IMPS
TXN_08979,ACC_0631,ACC_0854,2026-01-19 06:00:00,318266.27,NEFT
TXN_08980,ACC_0689,ACC_0012,2026-01-20 00:00:00,447749.27,RTGS
TXN_08981,ACC_0289,ACC_0159,2024-12-29 01:00:00,151978.78,NEFT
TXN_08982,ACC_0897,ACC_0568,2025-11-07 17:00:00,232936.77,IMPS
TXN_08983,ACC_0994,ACC_0302,2024-02-16 20:00:00,84623.74,NEFT
TXN_08984,ACC_0906,ACC_0181,2024-03-18 03:00:00,141731.87,NEFT
TXN_08985,ACC_0634,ACC_0308,2024-07-31 01:00:00,140538.93,RTGS
TXN_08986,ACC_0976,ACC_0832,2024-08-17 00:00:00,107062.64,NEFT
TXN_08987,ACC_0948,ACC_0768,2024-03-01 18:00:00,184884.19,UPI
TXN_08988,ACC_0226,ACC_0261,2024-06-12 00:00:00,223971.35,UPI
TXN_08989,ACC_0338,ACC_0717,2024-03-30 17:00:00,157698.26,RTGS
TXN_08990,ACC_0963,ACC_0092,2026-09-02 19:00:00,72042.81,RTGS
TXN_08991,ACC_0840,ACC_0237,2026-09-14 18:00:00,484627.06,IMPS
TXN_08992,ACC_0757,ACC_0979,2025-05-08 15:00:00,94419.5,RTGS
TXN_08993,ACC_0893,ACC_0946,2025-02-27 06:00:00,247228.97,UPI
TXN_08994,ACC_0386,ACC_0124,2024-12-15 11:00:00,265968.11,UPI
TXN_08995,ACC_0310,ACC_0466,2024-11-04 15:00:00,97698.91,UPI
TXN_08996,ACC_0529,ACC_0269,2024-05-09 21:00:00,53356.48,IMPS
TXN_08997,ACC_0760,ACC_0290,2026-06-20 15:00:00,493622.04,IMPS
TXN_08998,ACC_0484,ACC_0433,2024-09-12 07:00:00,447687.08,RTGS
TXN_08999,ACC_0558,ACC_0890,2024-01-20 06:00:00,251139.25,RTGS
TXN_09000,ACC_0085,ACC_0835,2024-10-26 17:00:00,341593.49,UPI
TXN_09001,ACC_1010,ACC_0268,2024-03-24 20:00:00,399104.41,UPI
TXN_09002,ACC_0558,ACC_0539,2025-02-28 16:00:00,456922.36,RTGS
TXN_09003,ACC_0540,ACC_0554,2025-01-18 21:00:00,475157.71,IMPS
TXN_09004,ACC_0452,ACC_0340,2026-06-23 04:00:00,377095.07,IMPS
TXN_09005,ACC_0704,ACC_0940,2024-02-14 19:00:00,260448.85,UPI
TXN_09006,ACC_0644,ACC_0040,2024-12-28 21:00:00,342127.35,RTGS
TXN_09007,ACC_0789,ACC_0471,2026-06-30 12:00:00,413165.06,UPI
TXN_09008,ACC_0321,ACC_0413,2026-03-26 05:00:00,466604.94,NEFT
TXN_09009,ACC_0556,ACC_0875,2024-05-18 12:00:00,189123.93,NEFT
TXN_09010,ACC_0561,ACC_0884,2025-03-09 03:00:00,53330.66,RTGS
TXN_09011,ACC_0541,ACC_0456,2024-02-28 15:00:00,7716.06,UPI
TXN_09012,ACC_0497,ACC_0934,2026-10-20 18:00:00,59977.0,RTGS
TXN_09013,ACC_0415,ACC_0727,2024-08-31 11:00:00,84254.29,UPI
TXN_09014,ACC_0215,ACC_0383,2024-12-19 05:00:00,134337.67,RTGS
TXN_09015,ACC_0496,ACC_0024,2026-10-21 00:00:00,320153.65,RTGS
TXN_09016,ACC_0382,ACC_0535,2024-02-10 06:00:00,40767.41,RTGS
TXN_09017,ACC_0293,ACC_0793,2025-08-11 20:00:00,107028.57,NEFT
TXN_09018,ACC_0334,ACC_0379,2025-08-10 23:00:00,167521.17,NEFT
TXN_09019,ACC_0673,ACC_0911,2025-04-08 18:00:00,398182.01,UPI
TXN_09020,ACC_0071,ACC_0475,2024-01-24 02:00:00,86035.16,IMPS
TXN_09021,ACC_0912,ACC_0313,2024-11-21 09:00:00,287510.78,NEFT
TXN_09022,ACC_0716,ACC_0590,2026-07-02 11:00:00,282783.42,NEFT
TXN_09023,ACC_0918,ACC_0246,2025-05-24 07:00:00,205786.81,RTGS
TXN_09024,ACC_0929,ACC_0370,2026-03-17 07:00:00,223573.55,UPI
TXN_09025,ACC_0602,ACC_0799,2024-06-20 19:00:00,355978.25,NEFT
TXN_09026,ACC_0592,ACC_0119,2025-08-16 08:00:00,284142.92,IMPS
TXN_09027,ACC_0983,ACC_0420,2024-11-06 23:00:00,303758.13,UPI
TXN_09028,ACC_0316,ACC_0983,2026-04-29 11:00:00,439746.82,UPI
TXN_09029,ACC_0224,ACC_0386,2024-11-16 05:00:00,496810.12,UPI
TXN_09030,ACC_0554,ACC_0414,2025-09-01 05:00:00,287224.37,UPI
TXN_09031,ACC_0879,ACC_0828,2024-04-13 01:00:00,42306.82,NEFT
TXN_09032,ACC_0954,ACC_0925,2025-09-25 11:00:00,5843.27,NEFT
TXN_09033,ACC_0517,ACC_1012,2025-10-18 21:00:00,150381.21,UPI
TXN_09034,ACC_0706,ACC_0965,2026-05-23 13:00:00,293880.15,NEFT
TXN_09035,ACC_0900,ACC_0301,2026-03-22 01:00:00,453676.85,RTGS
TXN_09036,ACC_0960,ACC_0529,2025-10-13 09:00:00,124473.17,IMPS
TXN_09037,ACC_0181,ACC_0508,2026-03-01 23:00:00,440602.72,RTGS
TXN_09038,ACC_0623,ACC_0908,2026-03-16 07:00:00,321675.89,UPI
TXN_09039,ACC_0580,ACC_0912,2025-07-16 02:00:00,168797.49,UPI
TXN_09040,ACC_0225,ACC_0972,2025-08-29 19:00:00,460279.87,RTGS
TXN_09041,ACC_0470,ACC_0133,2025-11-28 12:00:00,182452.51,IMPS
TXN_09042,ACC_0728,ACC_0429,2025-08-14 13:00:00,77493.52,RTGS
TXN_09043,ACC_0761,ACC_0253,2025-06-15 03:00:00,82177.0,IMPS
TXN_09044,ACC_0378,ACC_0552,2026-10-10 06:00:00,134989.52,NEFT
TXN_09045,ACC_0995,ACC_0402,2025-07-10 18:00:00,86664.56,UPI
TXN_09046,ACC_0343,ACC_0346,2026-10-15 06:00:00,449212.15,NEFT
TXN_09047,ACC_0903,ACC_1031,2025-02-11 16:00:00,10152.29,NEFT
TXN_09048,ACC_0079,ACC_0915,2025-05-06 21:00:00,191737.56,NEFT
TXN_09049,ACC_0521,ACC_0626,2026-01-30 09:00:00,106801.06,RTGS
TXN_09050,ACC_0986,ACC_0191,2024-03-17 15:00:00,346787.17,NEFT
TXN_09051,ACC_0455,ACC_0375,2024-05-28 09:00:00,200055.57,IMPS
TXN_09052,ACC_0809,ACC_0491,2024-12-09 06:00:00,484104.68,UPI
TXN_09053,ACC_0211,ACC_0935,2025-06-19 20:00:00,340794.89,RTGS
TXN_09054,ACC_0037,ACC_0142,2026-04-05 00:00:00,271615.65,NEFT
TXN_09055,ACC_0993,ACC_0968,2025-08-19 12:00:00,382926.84,RTGS
TXN_09056,ACC_0840,ACC_0405,2026-03-21 03:00:00,66308.95,RTGS
TXN_09057,ACC_0214,ACC_0179,2026-05-25 03:00:00,230195.18,NEFT
TXN_09058,ACC_0859,ACC_0539,2024-07-27 14:00:00,390885.51,IMPS
TXN_09059,ACC_0396,ACC_0626,2024-10-11 08:00:00,305608.14,UPI
TXN_09060,ACC_0057,ACC_0144,2025-08-19 18:00:00,228449.73,RTGS
TXN_09061,ACC_0590,ACC_0541,2025-11-19 18:00:00,272913.86,NEFT
TXN_09062,ACC_0291,ACC_0329,2025-03-29 04:00:00,420749.45,IMPS
TXN_09063,ACC_0983,ACC_0943,2025-09-25 01:00:00,87793.07,IMPS
TXN_09064,ACC_0395,ACC_0429,2025-06-21 11:00:00,308745.2,IMPS
TXN_09065,ACC_0078,ACC_0576,2024-02-09 17:00:00,394403.34,RTGS
TXN_09066,ACC_0693,ACC_0018,2024-11-21 19:00:00,365812.86,UPI
TXN_09067,ACC_0049,ACC_0031,2024-02-09 03:00:00,201387.15,RTGS
TXN_09068,ACC_0945,ACC_0568,2024-05-05 01:00:00,415477.62,UPI
TXN_09069,ACC_0532,ACC_0178,2026-01-30 23:00:00,327764.39,UPI
TXN_09070,ACC_0895,ACC_0671,2025-05-03 02:00:00,52164.6,RTGS
TXN_09071,ACC_0336,ACC_0354,2026-03-17 07:00:00,378482.98,RTGS
TXN_09072,ACC_0572,ACC_0766,2025-09-28 11:00:00,380744.48,RTGS
TXN_09073,ACC_1012,ACC_0119,2025-09-04 03:00:00,207538.4,NEFT
TXN_09074,ACC_0628,ACC_0073,2024-07-17 08:00:00,296241.86,UPI
TXN_09075,ACC_0071,ACC_0013,2026-07-18 23:00:00,495822.55,NEFT
TXN_09076,ACC_0712,ACC_0603,2026-10-03 11:00:00,47490.25,RTGS
TXN_09077,ACC_0483,ACC_0792,2024-06-16 06:00:00,97680.11,UPI
TXN_09078,ACC_0282,ACC_0528,2026-11-06 21:00:00,84453.87,UPI
TXN_09079,ACC_0561,ACC_1003,2026-09-07 02:00:00,460647.96,NEFT
TXN_09080,ACC_1027,ACC_0489,2025-08-15 23:00:00,147624.18,NEFT
TXN_09081,ACC_0665,ACC_0832,2025-07-26 13:00:00,351068.69,RTGS
TXN_09082,ACC_1021,ACC_0978,2025-07-06 03:00:00,492826.86,IMPS
TXN_09083,ACC_0592,ACC_0712,2026-04-21 09:00:00,273675.28,IMPS
TXN_09084,ACC_0048,ACC_0720,2025-01-02 10:00:00,303220.31,UPI
TXN_09085,ACC_0730,ACC_0583,2024-10-16 22:00:00,490432.69,NEFT
TXN_09086,ACC_0464,ACC_0150,2026-01-30 23:00:00,317338.44,UPI
TXN_09087,ACC_0234,ACC_0104,2025-09-22 21:00:00,130355.93,IMPS
TXN_09088,ACC_0247,ACC_0325,2024-05-21 04:00:00,167551.68,NEFT
TXN_09089,ACC_0862,ACC_0518,2024-07-05 02:00:00,376342.49,NEFT
TXN_09090,ACC_0394,ACC_0519,2025-09-24 01:00:00,126909.83,UPI
TXN_09091,ACC_0091,ACC_0424,2024-09-16 06:00:00,269613.45,IMPS
TXN_09092,ACC_0051,ACC_0304,2026-04-30 13:00:00,189829.88,IMPS
TXN_09093,ACC_0544,ACC_0110,2026-02-09 01:00:00,53864.8,UPI
TXN_09094,ACC_0541,ACC_0479,2025-12-12 03:00:00,182071.92,UPI
TXN_09095,ACC_0763,ACC_0301,2025-01-31 12:00:00,109790.1,RTGS
TXN_09096,ACC_0291,ACC_0353,2025-01-17 03:00:00,190243.94,NEFT
TXN_09097,ACC_0794,ACC_0146,2026-06-14 23:00:00,64667.59,UPI
TXN_09098,ACC_0787,ACC_0227,2026-04-18 18:00:00,109811.97,IMPS
TXN_09099,ACC_0115,ACC_0314,2024-07-27 12:00:00,83203.12,RTGS
TXN_09100,ACC_0025,ACC_0338,2025-03-28 23:00:00,128184.09,NEFT
TXN_09101,ACC_0082,ACC_0655,2024-06-11 04:00:00,60030.08,NEFT
TXN_09102,ACC_0246,ACC_0275,2026-07-14 09:00:00,367542.83,RTGS
TXN_09103,ACC_0927,ACC_0503,2026-03-25 18:00:00,174939.81,RTGS
TXN_09104,ACC_0379,ACC_0332,2026-05-14 05:00:00,16041.99,NEFT
TXN_09105,ACC_0869,ACC_0927,2026-02-01 11:00:00,101206.24,UPI
TXN_09106,ACC_0854,ACC_0153,2025-10-17 15:00:00,78175.34,NEFT
TXN_09107,ACC_0407,ACC_1012,2025-06-06 17:00:00,393355.1,NEFT
TXN_09108,ACC_0492,ACC_0385,2026-03-07 12:00:00,50373.65,NEFT
TXN_09109,ACC_0350,ACC_0242,2025-08-05 20:00:00,238671.92,IMPS
TXN_09110,ACC_0450,ACC_0249,2025-09-18 07:00:00,404900.92,RTGS
TXN_09111,ACC_0493,ACC_0383,2024-06-21 08:00:00,463076.34,IMPS
TXN_09112,ACC_0456,ACC_0012,2025-06-29 01:00:00,217889.91,UPI
TXN_09113,ACC_0762,ACC_0583,2024-11-05 15:00:00,272749.76,IMPS
TXN_09114,ACC_0626,ACC_0266,2026-01-09 16:00:00,196866.29,IMPS
TXN_09115,ACC_0004,ACC_0594,2025-12-31 17:00:00,81163.22,NEFT
TXN_09116,ACC_0718,ACC_0145,2024-10-13 18:00:00,353731.25,RTGS
TXN_09117,ACC_0848,ACC_0895,2025-04-14 12:00:00,341188.67,IMPS
TXN_09118,ACC_0210,ACC_0741,2024-10-08 03:00:00,442383.75,IMPS
TXN_09119,ACC_0920,ACC_0834,2026-04-08 21:00:00,423884.71,UPI
TXN_09120,ACC_0874,ACC_0303,2024-07-02 18:00:00,359579.65,IMPS
TXN_09121,ACC_0757,ACC_0959,2026-02-10 20:00:00,249393.77,RTGS
TXN_09122,ACC_0079,ACC_0384,2026-10-31 20:00:00,424568.15,NEFT
TXN_09123,ACC_0341,ACC_0011,2025-04-24 03:00:00,430533.31,IMPS
TXN_09124,ACC_0327,ACC_0293,2025-02-05 13:00:00,456478.85,RTGS
TXN_09125,ACC_0031,ACC_0686,2024-03-02 04:00:00,128467.29,UPI
TXN_09126,ACC_0657,ACC_0444,2025-04-11 16:00:00,217297.33,IMPS
TXN_09127,ACC_0894,ACC_0785,2026-01-10 16:00:00,431551.98,NEFT
TXN_09128,ACC_0692,ACC_0491,2025-04-03 17:00:00,111229.3,IMPS
TXN_09129,ACC_0761,ACC_0370,2026-02-08 13:00:00,269904.36,RTGS
TXN_09130,ACC_0684,ACC_0351,2026-09-10 06:00:00,230850.79,NEFT
TXN_09131,ACC_0412,ACC_0840,2025-12-23 10:00:00,154042.32,IMPS
TXN_09132,ACC_0196,ACC_0026,2026-08-06 08:00:00,34315.92,IMPS
TXN_09133,ACC_0150,ACC_0513,2024-08-26 14:00:00,493781.75,RTGS
TXN_09134,ACC_0012,ACC_0639,2024-04-23 10:00:00,421048.7,NEFT
TXN_09135,ACC_0035,ACC_0348,2025-10-07 17:00:00,217346.04,UPI
TXN_09136,ACC_0705,ACC_0765,2025-10-21 20:00:00,95616.03,RTGS
TXN_09137,ACC_0618,ACC_0183,2024-01-02 13:00:00,9499.44,RTGS
TXN_09138,ACC_1010,ACC_0068,2026-08-04 04:00:00,484630.93,UPI
TXN_09139,ACC_0460,ACC_0948,2026-04-30 19:00:00,214822.13,RTGS
TXN_09140,ACC_0180,ACC_0978,2026-08-05 03:00:00,361158.2,NEFT
TXN_09141,ACC_0731,ACC_0644,2024-11-18 06:00:00,214121.52,NEFT
TXN_09142,ACC_0863,ACC_0799,2024-02-26 14:00:00,105851.45,UPI
TXN_09143,ACC_0115,ACC_0852,2024-08-05 03:00:00,146203.14,UPI
TXN_09144,ACC_0137,ACC_0337,2025-10-03 20:00:00,290620.51,RTGS
TXN_09145,ACC_1032,ACC_0970,2024-09-11 13:00:00,278633.76,NEFT
TXN_09146,ACC_0952,ACC_0161,2025-06-19 15:00:00,17717.05,IMPS
TXN_09147,ACC_0934,ACC_0733,2026-07-17 07:00:00,267808.37,RTGS
TXN_09148,ACC_0596,ACC_0572,2026-01-22 10:00:00,284118.48,RTGS
TXN_09149,ACC_0986,ACC_0674,2026-10-14 23:00:00,64931.78,RTGS
TXN_09150,ACC_0196,ACC_0498,2024-10-22 20:00:00,270843.04,RTGS
TXN_09151,ACC_0026,ACC_0906,2024-10-31 06:00:00,17233.59,UPI
TXN_09152,ACC_0275,ACC_0543,2025-05-05 13:00:00,371297.88,UPI
TXN_09153,ACC_0259,ACC_1017,2024-01-13 19:00:00,396519.91,UPI
TXN_09154,ACC_0572,ACC_0587,2026-03-01 01:00:00,168344.18,UPI
TXN_09155,ACC_0595,ACC_0224,2025-03-29 09:00:00,21912.32,NEFT
TXN_09156,ACC_0806,ACC_0308,2026-07-13 20:00:00,136583.6,RTGS
TXN_09157,ACC_0146,ACC_0973,2025-10-20 21:00:00,228841.48,UPI
TXN_09158,ACC_0200,ACC_1035,2024-07-11 23:00:00,60314.49,NEFT
TXN_09159,ACC_0621,ACC_0368,2026-07-31 14:00:00,97805.42,NEFT
TXN_09160,ACC_0760,ACC_0387,2024-12-04 23:00:00,94096.73,UPI
TXN_09161,ACC_0054,ACC_0694,2025-12-21 04:00:00,432776.16,IMPS
TXN_09162,ACC_0871,ACC_0448,2026-06-18 02:00:00,287756.51,UPI
TXN_09163,ACC_0620,ACC_0020,2026-03-09 20:00:00,377099.68,NEFT
TXN_09164,ACC_0736,ACC_1010,2025-09-20 00:00:00,617.4,RTGS
TXN_09165,ACC_0678,ACC_0666,2024-02-02 03:00:00,329183.81,UPI
TXN_09166,ACC_0503,ACC_0064,2024-03-30 06:00:00,185615.28,UPI
TXN_09167,ACC_0800,ACC_0980,2026-04-22 06:00:00,316501.31,IMPS
TXN_09168,ACC_0122,ACC_0006,2026-01-15 10:00:00,334880.53,UPI
TXN_09169,ACC_0196,ACC_0450,2025-06-06 02:00:00,361149.09,NEFT
TXN_09170,ACC_0397,ACC_0210,2025-11-20 10:00:00,462274.7,RTGS
TXN_09171,ACC_0767,ACC_0665,2025-09-16 14:00:00,84972.92,UPI
TXN_09172,ACC_0659,ACC_0528,2025-07-19 03:00:00,174457.54,IMPS
TXN_09173,ACC_0163,ACC_1015,2025-07-14 12:00:00,187084.5,NEFT
TXN_09174,ACC_0305,ACC_1034,2025-04-01 22:00:00,238214.01,UPI
TXN_09175,ACC_0748,ACC_0751,2025-06-24 10:00:00,387595.82,UPI
TXN_09176,ACC_0646,ACC_0218,2024-11-22 14:00:00,240899.36,UPI
TXN_09177,ACC_0400,ACC_0276,2024-04-07 17:00:00,430077.26,NEFT
TXN_09178,ACC_0859,ACC_0103,2026-07-08 14:00:00,169505.45,UPI
TXN_09179,ACC_0744,ACC_0632,2025-10-27 07:00:00,97392.78,UPI
TXN_09180,ACC_0223,ACC_0969,2026-03-02 11:00:00,456930.28,NEFT
TXN_09181,ACC_0718,ACC_1013,2024-03-08 20:00:00,68919.57,IMPS
TXN_09182,ACC_0306,ACC_0527,2024-10-09 20:00:00,337240.74,UPI
TXN_09183,ACC_0716,ACC_0489,2024-04-10 22:00:00,434901.85,IMPS
TXN_09184,ACC_0140,ACC_0814,2024-12-24 11:00:00,482560.72,IMPS
TXN_09185,ACC_0148,ACC_0231,2025-09-05 06:00:00,46696.36,UPI
TXN_09186,ACC_0638,ACC_0513,2026-09-21 13:00:00,345947.67,UPI
TXN_09187,ACC_0329,ACC_0381,2025-04-12 13:00:00,476838.67,NEFT
TXN_09188,ACC_0004,ACC_0352,2026-04-17 21:00:00,71892.22,IMPS
TXN_09189,ACC_0442,ACC_0931,2024-03-29 01:00:00,179431.13,UPI
TXN_09190,ACC_0768,ACC_0773,2024-02-14 13:00:00,203546.52,UPI
TXN_09191,ACC_0242,ACC_0543,2026-09-24 01:00:00,274925.25,RTGS
TXN_09192,ACC_0120,ACC_0176,2026-04-14 21:00:00,171694.48,NEFT
TXN_09193,ACC_0817,ACC_0218,2024-11-02 00:00:00,407357.85,UPI
TXN_09194,ACC_0672,ACC_0746,2024-03-02 10:00:00,90254.14,RTGS
TXN_09195,ACC_0099,ACC_0417,2024-08-08 00:00:00,430376.59,RTGS
TXN_09196,ACC_0579,ACC_0822,2025-01-05 07:00:00,25768.59,UPI
TXN_09197,ACC_0168,ACC_0580,2026-02-04 09:00:00,130240.48,RTGS
TXN_09198,ACC_0756,ACC_0222,2025-02-27 04:00:00,287525.82,NEFT
TXN_09199,ACC_0278,ACC_0707,2025-04-30 10:00:00,57086.45,IMPS
TXN_09200,ACC_0879,ACC_0153,2026-06-05 08:00:00,218020.39,RTGS
TXN_09201,ACC_0909,ACC_0198,2026-03-26 04:00:00,429217.93,UPI
TXN_09202,ACC_0640,ACC_0470,2024-02-28 20:00:00,429662.36,NEFT
TXN_09203,ACC_0629,ACC_0127,2025-01-13 21:00:00,150228.34,NEFT
TXN_09204,ACC_0644,ACC_0384,2026-07-18 13:00:00,450189.35,RTGS
TXN_09205,ACC_0753,ACC_1012,2024-04-21 10:00:00,267619.71,UPI
TXN_09206,ACC_0011,ACC_1009,2025-02-17 19:00:00,477445.51,NEFT
TXN_09207,ACC_0629,ACC_0460,2025-04-28 22:00:00,112491.82,NEFT
TXN_09208,ACC_0503,ACC_0193,2026-08-11 21:00:00,206810.97,NEFT
TXN_09209,ACC_0402,ACC_0337,2025-01-28 20:00:00,484020.66,UPI
TXN_09210,ACC_0858,ACC_0552,2025-02-12 19:00:00,281376.94,NEFT
TXN_09211,ACC_0990,ACC_0988,2024-11-30 19:00:00,403620.1,UPI
TXN_09212,ACC_0551,ACC_0891,2025-09-08 02:00:00,395146.02,UPI
TXN_09213,ACC_0521,ACC_0712,2024-04-12 13:00:00,126582.99,UPI
TXN_09214,ACC_0348,ACC_0234,2025-02-07 07:00:00,17105.01,NEFT
TXN_09215,ACC_0628,ACC_0075,2025-07-06 14:00:00,453249.86,RTGS
TXN_09216,ACC_0674,ACC_0693,2024-02-25 07:00:00,259075.36,RTGS
TXN_09217,ACC_0808,ACC_0159,2024-02-08 22:00:00,348924.23,NEFT
TXN_09218,ACC_0477,ACC_0183,2026-05-11 20:00:00,479063.41,UPI
TXN_09219,ACC_0215,ACC_0203,2026-07-20 01:00:00,354913.76,UPI
TXN_09220,ACC_0278,ACC_0099,2026-07-14 18:00:00,483367.68,NEFT
TXN_09221,ACC_0296,ACC_0075,2025-09-29 11:00:00,257932.3,IMPS
TXN_09222,ACC_0367,ACC_0121,2025-11-14 12:00:00,213642.52,NEFT
TXN_09223,ACC_1002,ACC_0743,2026-07-28 16:00:00,161693.39,UPI
TXN_09224,ACC_0454,ACC_0202,2026-07-19 18:00:00,256816.29,RTGS
TXN_09225,ACC_0122,ACC_0409,2026-07-25 06:00:00,102955.78,IMPS
TXN_09226,ACC_0860,ACC_0733,2026-01-28 21:00:00,356976.51,RTGS
TXN_09227,ACC_0346,ACC_0218,2024-03-13 12:00:00,31792.16,IMPS
TXN_09228,ACC_0326,ACC_0902,2025-12-20 13:00:00,9370.52,NEFT
TXN_09229,ACC_0780,ACC_0258,2025-05-29 04:00:00,297790.25,NEFT
TXN_09230,ACC_0079,ACC_0076,2026-07-23 02:00:00,164450.29,UPI
TXN_09231,ACC_0609,ACC_0788,2024-04-19 04:00:00,36081.68,RTGS
TXN_09232,ACC_0527,ACC_0362,2024-05-06 21:00:00,235251.17,RTGS
TXN_09233,ACC_0801,ACC_0719,2024-02-28 08:00:00,146720.92,RTGS
TXN_09234,ACC_0294,ACC_0152,2026-01-15 09:00:00,253185.49,IMPS
TXN_09235,ACC_0758,ACC_0538,2024-05-10 07:00:00,30939.22,IMPS
TXN_09236,ACC_0266,ACC_0361,2025-10-17 08:00:00,312991.24,NEFT
TXN_09237,ACC_0290,ACC_0067,2025-01-05 07:00:00,445321.84,NEFT
TXN_09238,ACC_0071,ACC_0856,2025-05-31 04:00:00,204025.93,IMPS
TXN_09239,ACC_0422,ACC_0763,2025-06-19 02:00:00,322927.71,UPI
TXN_09240,ACC_0838,ACC_0978,2025-07-16 13:00:00,126993.94,UPI
TXN_09241,ACC_0899,ACC_0433,2024-03-31 21:00:00,29677.01,NEFT
TXN_09242,ACC_0416,ACC_0443,2025-06-28 15:00:00,163046.21,NEFT
TXN_09243,ACC_0184,ACC_0937,2024-01-10 07:00:00,437196.74,NEFT
TXN_09244,ACC_0275,ACC_0872,2024-07-29 16:00:00,68303.2,UPI
TXN_09245,ACC_0227,ACC_0448,2026-01-17 13:00:00,393459.96,UPI
TXN_09246,ACC_0563,ACC_0992,2024-09-09 17:00:00,181898.28,UPI
TXN_09247,ACC_0507,ACC_0987,2026-10-04 05:00:00,205792.63,UPI
TXN_09248,ACC_0760,ACC_0924,2024-07-02 00:00:00,475119.63,IMPS
TXN_09249,ACC_0034,ACC_0508,2025-02-27 21:00:00,380137.85,UPI
TXN_09250,ACC_0690,ACC_0274,2025-01-02 14:00:00,449565.5,IMPS
TXN_09251,ACC_0465,ACC_0376,2025-08-18 02:00:00,230237.12,RTGS
TXN_09252,ACC_0091,ACC_0408,2024-12-08 03:00:00,339617.43,RTGS
TXN_09253,ACC_0176,ACC_0770,2024-06-06 14:00:00,233562.87,IMPS
TXN_09254,ACC_0712,ACC_0108,2024-08-08 02:00:00,141019.91,UPI
TXN_09255,ACC_0859,ACC_0953,2026-07-03 05:00:00,492003.47,UPI
TXN_09256,ACC_0344,ACC_0584,2024-04-09 19:00:00,32342.17,RTGS
TXN_09257,ACC_0610,ACC_0783,2026-05-18 13:00:00,63957.57,RTGS
TXN_09258,ACC_0024,ACC_0228,2026-09-08 01:00:00,455192.81,NEFT
TXN_09259,ACC_0214,ACC_0058,2026-06-19 05:00:00,31889.64,NEFT
TXN_09260,ACC_1029,ACC_0897,2025-10-18 15:00:00,5130.97,RTGS
TXN_09261,ACC_0866,ACC_0733,2025-09-25 13:00:00,319531.03,IMPS
TXN_09262,ACC_0445,ACC_0058,2026-10-10 15:00:00,376929.35,RTGS
TXN_09263,ACC_0401,ACC_0738,2024-01-28 23:00:00,333060.95,UPI
TXN_09264,ACC_0785,ACC_0171,2026-05-06 05:00:00,341857.73,UPI
TXN_09265,ACC_0376,ACC_0687,2026-02-04 02:00:00,21350.35,NEFT
TXN_09266,ACC_0635,ACC_0555,2025-11-23 15:00:00,227946.38,IMPS
TXN_09267,ACC_0407,ACC_0448,2026-08-29 02:00:00,416470.91,RTGS
TXN_09268,ACC_0024,ACC_0554,2025-02-08 01:00:00,41413.14,IMPS
TXN_09269,ACC_0946,ACC_1033,2024-04-04 13:00:00,135094.39,RTGS
TXN_09270,ACC_0807,ACC_0624,2024-09-17 13:00:00,100682.74,RTGS
TXN_09271,ACC_0588,ACC_0582,2025-04-06 18:00:00,97748.44,RTGS
TXN_09272,ACC_0524,ACC_0917,2024-12-23 06:00:00,184533.34,IMPS
TXN_09273,ACC_0060,ACC_0729,2024-06-04 14:00:00,349174.63,NEFT
TXN_09274,ACC_0130,ACC_0612,2024-12-08 13:00:00,403219.22,NEFT
TXN_09275,ACC_0694,ACC_0861,2026-04-04 09:00:00,331271.41,NEFT
TXN_09276,ACC_1034,ACC_0662,2025-04-01 06:00:00,223641.83,IMPS
TXN_09277,ACC_0806,ACC_0392,2024-07-29 06:00:00,117932.64,IMPS
TXN_09278,ACC_0655,ACC_0473,2024-08-20 08:00:00,455548.48,IMPS
TXN_09279,ACC_0311,ACC_0357,2025-10-02 21:00:00,401790.6,RTGS
TXN_09280,ACC_1029,ACC_0695,2025-04-09 20:00:00,209434.0,IMPS
TXN_09281,ACC_0804,ACC_0320,2025-03-02 08:00:00,402385.19,IMPS
TXN_09282,ACC_0762,ACC_0178,2024-10-23 21:00:00,306422.08,UPI
TXN_09283,ACC_0341,ACC_0653,2025-05-12 01:00:00,167240.3,NEFT
TXN_09284,ACC_0701,ACC_0198,2025-02-06 18:00:00,453825.09,UPI
TXN_09285,ACC_0509,ACC_0278,2025-04-29 14:00:00,209340.12,RTGS
TXN_09286,ACC_0384,ACC_1009,2024-02-10 12:00:00,18338.08,UPI
TXN_09287,ACC_0929,ACC_0963,2024-08-01 19:00:00,46806.61,RTGS
TXN_09288,ACC_0121,ACC_0748,2026-07-31 11:00:00,75591.02,UPI
TXN_09289,ACC_0894,ACC_0629,2026-11-02 15:00:00,223252.43,NEFT
TXN_09290,ACC_1037,ACC_0235,2026-06-26 07:00:00,96114.54,RTGS
TXN_09291,ACC_0258,ACC_0408,2025-07-01 16:00:00,389464.18,IMPS
TXN_09292,ACC_0485,ACC_1031,2026-10-10 17:00:00,198357.53,RTGS
TXN_09293,ACC_0916,ACC_0401,2024-12-31 03:00:00,145512.65,UPI
TXN_09294,ACC_0943,ACC_0638,2026-01-18 10:00:00,57705.35,NEFT
TXN_09295,ACC_0831,ACC_0067,2026-08-04 10:00:00,48069.68,NEFT
TXN_09296,ACC_0646,ACC_0292,2026-07-20 22:00:00,442808.14,NEFT
TXN_09297,ACC_0295,ACC_0127,2024-07-02 16:00:00,459291.51,RTGS
TXN_09298,ACC_0599,ACC_0019,2024-05-05 10:00:00,247546.25,RTGS
TXN_09299,ACC_0239,ACC_0341,2026-06-21 15:00:00,54874.99,UPI
TXN_09300,ACC_0758,ACC_0760,2024-12-15 04:00:00,282643.49,NEFT
TXN_09301,ACC_0424,ACC_0786,2024-09-18 07:00:00,115632.91,NEFT
TXN_09302,ACC_0390,ACC_0455,2026-07-04 21:00:00,452658.22,UPI
TXN_09303,ACC_0082,ACC_0700,2024-04-22 08:00:00,270824.74,NEFT
TXN_09304,ACC_0423,ACC_0506,2025-07-06 16:00:00,436460.81,IMPS
TXN_09305,ACC_0758,ACC_0223,2025-03-28 12:00:00,29624.17,UPI
TXN_09306,ACC_0444,ACC_0829,2024-09-15 19:00:00,184395.25,UPI
TXN_09307,ACC_0131,ACC_0527,2024-04-17 14:00:00,219968.97,NEFT
TXN_09308,ACC_0311,ACC_0523,2026-04-24 18:00:00,496689.04,UPI
TXN_09309,ACC_0269,ACC_0482,2024-09-16 22:00:00,474274.82,NEFT
TXN_09310,ACC_0414,ACC_0385,2025-10-28 07:00:00,17170.05,RTGS
TXN_09311,ACC_0727,ACC_0301,2026-05-14 01:00:00,385155.39,UPI
TXN_09312,ACC_1000,ACC_0416,2024-03-23 13:00:00,244797.97,RTGS
TXN_09313,ACC_0250,ACC_0821,2026-03-30 07:00:00,381090.5,RTGS
TXN_09314,ACC_0368,ACC_0193,2024-12-04 00:00:00,27265.21,RTGS
TXN_09315,ACC_0593,ACC_0219,2024-06-17 15:00:00,159935.1,IMPS
TXN_09316,ACC_0409,ACC_0918,2025-05-25 00:00:00,15046.62,UPI
TXN_09317,ACC_0221,ACC_0846,2026-05-10 23:00:00,213171.11,NEFT
TXN_09318,ACC_0948,ACC_0244,2026-07-26 23:00:00,476126.59,NEFT
TXN_09319,ACC_0284,ACC_0028,2025-08-26 09:00:00,77325.9,RTGS
TXN_09320,ACC_0204,ACC_0172,2025-05-02 19:00:00,49921.26,NEFT
TXN_09321,ACC_0414,ACC_0688,2025-04-23 05:00:00,64172.9,RTGS
TXN_09322,ACC_0983,ACC_0183,2026-08-23 12:00:00,68744.08,IMPS
TXN_09323,ACC_0546,ACC_0062,2025-04-15 09:00:00,18397.68,RTGS
TXN_09324,ACC_0815,ACC_0287,2025-07-11 21:00:00,54636.67,NEFT
TXN_09325,ACC_0385,ACC_0190,2026-04-29 18:00:00,200725.49,NEFT
TXN_09326,ACC_0756,ACC_0664,2026-07-13 23:00:00,393070.3,IMPS
TXN_09327,ACC_0071,ACC_0463,2024-11-15 03:00:00,120996.37,RTGS
TXN_09328,ACC_0260,ACC_0136,2024-11-13 12:00:00,262996.0,RTGS
TXN_09329,ACC_0204,ACC_0794,2025-11-14 01:00:00,49213.5,NEFT
TXN_09330,ACC_0192,ACC_0684,2026-06-15 08:00:00,486276.75,UPI
TXN_09331,ACC_0425,ACC_0145,2024-11-03 20:00:00,15378.75,IMPS
TXN_09332,ACC_0196,ACC_0996,2026-08-17 09:00:00,48916.54,RTGS
TXN_09333,ACC_0121,ACC_0591,2025-07-05 09:00:00,163271.69,IMPS
TXN_09334,ACC_0661,ACC_0143,2025-07-30 13:00:00,304534.0,UPI
TXN_09335,ACC_0437,ACC_1027,2024-06-29 23:00:00,239287.41,IMPS
TXN_09336,ACC_0546,ACC_0138,2026-08-24 04:00:00,320049.26,NEFT
TXN_09337,ACC_0043,ACC_0359,2025-10-19 05:00:00,77973.59,RTGS
TXN_09338,ACC_0216,ACC_0635,2026-01-02 08:00:00,469630.83,UPI
TXN_09339,ACC_0865,ACC_0888,2025-12-12 10:00:00,41005.3,NEFT
TXN_09340,ACC_0088,ACC_0605,2026-04-30 23:00:00,325873.77,UPI
TXN_09341,ACC_0765,ACC_0223,2026-05-27 23:00:00,106451.33,RTGS
TXN_09342,ACC_0084,ACC_0019,2026-07-05 09:00:00,79629.51,UPI
TXN_09343,ACC_0103,ACC_0209,2026-04-09 16:00:00,131601.59,UPI
TXN_09344,ACC_0043,ACC_0757,2024-10-03 02:00:00,5932.99,RTGS
TXN_09345,ACC_0722,ACC_0889,2024-01-20 14:00:00,489547.02,NEFT
TXN_09346,ACC_0709,ACC_0788,2026-01-09 22:00:00,367647.36,NEFT
TXN_09347,ACC_0295,ACC_0250,2025-05-08 23:00:00,32452.06,RTGS
TXN_09348,ACC_0971,ACC_0514,2026-01-15 13:00:00,305919.4,RTGS
TXN_09349,ACC_0935,ACC_0678,2026-10-18 19:00:00,7207.14,IMPS
TXN_09350,ACC_0548,ACC_0079,2025-07-11 09:00:00,3238.06,IMPS
TXN_09351,ACC_0749,ACC_0821,2024-03-04 07:00:00,441273.16,NEFT
TXN_09352,ACC_0248,ACC_0728,2026-08-26 14:00:00,361201.7,UPI
TXN_09353,ACC_0940,ACC_0026,2025-11-27 13:00:00,320546.96,NEFT
TXN_09354,ACC_0145,ACC_0761,2024-06-06 19:00:00,163165.1,UPI
TXN_09355,ACC_0790,ACC_0890,2024-08-29 14:00:00,210759.48,IMPS
TXN_09356,ACC_0875,ACC_0236,2025-02-05 04:00:00,173439.7,NEFT
TXN_09357,ACC_0809,ACC_0455,2024-02-16 17:00:00,176727.1,RTGS
TXN_09358,ACC_0514,ACC_0896,2024-07-06 01:00:00,438641.97,RTGS
TXN_09359,ACC_0752,ACC_0893,2025-08-20 05:00:00,100506.16,NEFT
TXN_09360,ACC_0837,ACC_0244,2024-04-12 17:00:00,402959.54,NEFT
TXN_09361,ACC_0723,ACC_0837,2024-07-30 09:00:00,98311.23,NEFT
TXN_09362,ACC_0749,ACC_0388,2025-01-07 08:00:00,173410.27,NEFT
TXN_09363,ACC_0489,ACC_0203,2025-02-19 08:00:00,204912.64,IMPS
TXN_09364,ACC_1036,ACC_0894,2025-07-08 13:00:00,67329.64,UPI
TXN_09365,ACC_0652,ACC_0415,2024-09-17 03:00:00,424607.46,NEFT
TXN_09366,ACC_0097,ACC_0216,2025-10-11 05:00:00,139816.12,RTGS
TXN_09367,ACC_0472,ACC_0272,2024-08-13 21:00:00,367092.26,RTGS
TXN_09368,ACC_0946,ACC_0807,2025-11-30 15:00:00,92214.44,UPI
TXN_09369,ACC_1009,ACC_0408,2025-12-26 03:00:00,184692.94,NEFT
TXN_09370,ACC_0376,ACC_0013,2025-07-30 08:00:00,434853.74,IMPS
TXN_09371,ACC_0127,ACC_0887,2024-11-11 11:00:00,254047.13,RTGS
TXN_09372,ACC_0516,ACC_0916,2024-01-05 21:00:00,132437.35,IMPS
TXN_09373,ACC_0270,ACC_0168,2025-02-23 22:00:00,179712.53,IMPS
TXN_09374,ACC_0196,ACC_0464,2026-07-25 11:00:00,493516.66,NEFT
TXN_09375,ACC_0544,ACC_0700,2026-07-10 07:00:00,143558.28,UPI
TXN_09376,ACC_0427,ACC_0431,2026-09-04 04:00:00,136443.38,UPI
TXN_09377,ACC_0992,ACC_0859,2026-10-13 12:00:00,33530.79,UPI
TXN_09378,ACC_0241,ACC_0558,2024-04-16 02:00:00,379898.23,NEFT
TXN_09379,ACC_0298,ACC_0314,2026-07-10 23:00:00,459490.77,NEFT
TXN_09380,ACC_0635,ACC_0359,2026-07-07 01:00:00,87236.37,IMPS
TXN_09381,ACC_0349,ACC_0932,2025-05-08 23:00:00,338318.39,UPI
TXN_09382,ACC_0517,ACC_0678,2025-07-13 02:00:00,61841.74,UPI
TXN_09383,ACC_0650,ACC_0716,2025-12-17 04:00:00,348707.09,RTGS
TXN_09384,ACC_0710,ACC_0890,2024-12-23 21:00:00,296841.93,UPI
TXN_09385,ACC_0547,ACC_0930,2026-07-14 08:00:00,41806.56,UPI
TXN_09386,ACC_0435,ACC_0303,2024-04-03 19:00:00,475651.99,IMPS
TXN_09387,ACC_0459,ACC_0866,2024-04-11 03:00:00,299859.18,UPI
TXN_09388,ACC_0567,ACC_0842,2026-08-05 07:00:00,370763.94,UPI
TXN_09389,ACC_0503,ACC_0475,2025-11-08 11:00:00,19030.14,NEFT
TXN_09390,ACC_1029,ACC_0347,2024-12-05 11:00:00,96173.69,RTGS
TXN_09391,ACC_0312,ACC_0969,2026-06-18 17:00:00,394659.01,NEFT
TXN_09392,ACC_0957,ACC_0202,2026-01-14 20:00:00,279722.08,RTGS
TXN_09393,ACC_0732,ACC_0409,2024-04-13 03:00:00,260821.17,NEFT
TXN_09394,ACC_0506,ACC_1011,2024-07-15 00:00:00,260592.8,UPI
TXN_09395,ACC_0763,ACC_0820,2026-11-06 01:00:00,144456.17,UPI
TXN_09396,ACC_0453,ACC_0190,2026-02-21 23:00:00,35904.15,NEFT
TXN_09397,ACC_0219,ACC_1036,2024-12-03 09:00:00,396416.55,NEFT
TXN_09398,ACC_0305,ACC_0472,2026-05-30 12:00:00,110757.89,UPI
TXN_09399,ACC_0027,ACC_0637,2024-02-19 00:00:00,65675.27,RTGS
TXN_09400,ACC_0861,ACC_0474,2025-12-23 19:00:00,264687.88,RTGS
TXN_09401,ACC_0541,ACC_0933,2025-01-03 02:00:00,246710.73,IMPS
TXN_09402,ACC_0836,ACC_0985,2026-06-16 18:00:00,48176.38,NEFT
TXN_09403,ACC_0467,ACC_0807,2025-10-25 13:00:00,353719.4,IMPS
TXN_09404,ACC_1016,ACC_0836,2026-09-24 00:00:00,262049.08,NEFT
TXN_09405,ACC_0090,ACC_0658,2024-04-11 12:00:00,107002.28,NEFT
TXN_09406,ACC_0933,ACC_0853,2024-09-01 09:00:00,75047.42,NEFT
TXN_09407,ACC_0871,ACC_1039,2024-09-02 03:00:00,251235.15,RTGS
TXN_09408,ACC_0783,ACC_1038,2026-09-09 00:00:00,360997.45,IMPS
TXN_09409,ACC_0564,ACC_0263,2025-08-04 23:00:00,143328.6,NEFT
TXN_09410,ACC_0097,ACC_0517,2025-03-14 06:00:00,226846.06,NEFT
TXN_09411,ACC_0923,ACC_0103,2026-10-16 06:00:00,489447.45,IMPS
TXN_09412,ACC_0544,ACC_0779,2025-11-13 08:00:00,44763.95,NEFT
TXN_09413,ACC_0862,ACC_0479,2024-12-31 16:00:00,365077.93,UPI
TXN_09414,ACC_0391,ACC_0842,2025-01-14 19:00:00,394368.98,NEFT
TXN_09415,ACC_0389,ACC_0067,2024-05-13 18:00:00,12242.69,UPI
TXN_09416,ACC_0906,ACC_0131,2025-11-25 09:00:00,262065.49,UPI
TXN_09417,ACC_0549,ACC_0805,2025-09-13 14:00:00,134287.74,NEFT
TXN_09418,ACC_0477,ACC_1025,2026-02-16 01:00:00,313847.66,IMPS
TXN_09419,ACC_0124,ACC_0677,2026-10-30 05:00:00,316605.88,NEFT
TXN_09420,ACC_0708,ACC_0943,2026-01-31 10:00:00,358707.68,UPI
TXN_09421,ACC_0374,ACC_0798,2026-09-07 15:00:00,105914.74,IMPS
TXN_09422,ACC_0743,ACC_0749,2025-12-12 17:00:00,17326.34,IMPS
TXN_09423,ACC_0267,ACC_0963,2026-07-11 17:00:00,178518.7,IMPS
TXN_09424,ACC_0734,ACC_0729,2024-06-06 03:00:00,267953.09,RTGS
TXN_09425,ACC_0475,ACC_0970,2025-09-11 18:00:00,283281.13,UPI
TXN_09426,ACC_0405,ACC_0886,2026-07-28 06:00:00,263870.72,UPI
TXN_09427,ACC_0319,ACC_0052,2025-04-20 16:00:00,141774.33,NEFT
TXN_09428,ACC_0624,ACC_0710,2024-01-22 10:00:00,100347.31,IMPS
TXN_09429,ACC_0033,ACC_0462,2026-06-08 05:00:00,334007.91,NEFT
TXN_09430,ACC_0821,ACC_0582,2024-03-19 17:00:00,146712.25,IMPS
TXN_09431,ACC_0339,ACC_0076,2026-05-18 18:00:00,224027.05,UPI
TXN_09432,ACC_1016,ACC_0542,2024-06-05 12:00:00,358956.89,NEFT
TXN_09433,ACC_0626,ACC_0261,2026-11-07 06:00:00,469934.8,NEFT
TXN_09434,ACC_0007,ACC_0718,2025-02-22 05:00:00,474637.7,IMPS
TXN_09435,ACC_0356,ACC_0345,2025-01-14 16:00:00,463469.09,UPI
TXN_09436,ACC_0832,ACC_0357,2026-06-11 21:00:00,87210.78,IMPS
TXN_09437,ACC_1019,ACC_0271,2026-04-11 08:00:00,441836.25,UPI
TXN_09438,ACC_0928,ACC_0222,2024-09-16 05:00:00,291395.87,IMPS
TXN_09439,ACC_0073,ACC_0958,2026-09-25 01:00:00,338355.83,RTGS
TXN_09440,ACC_0566,ACC_0946,2026-03-27 00:00:00,172373.16,RTGS
TXN_09441,ACC_0872,ACC_0537,2025-03-17 12:00:00,387441.24,NEFT
TXN_09442,ACC_0974,ACC_0047,2025-03-18 18:00:00,60970.13,IMPS
TXN_09443,ACC_0573,ACC_0560,2025-10-10 12:00:00,340795.94,RTGS
TXN_09444,ACC_0962,ACC_0464,2024-09-07 19:00:00,13137.31,NEFT
TXN_09445,ACC_1014,ACC_0914,2024-03-16 10:00:00,122247.14,RTGS
TXN_09446,ACC_0857,ACC_0909,2024-08-18 16:00:00,216865.4,UPI
TXN_09447,ACC_0837,ACC_0813,2025-06-18 05:00:00,94608.69,UPI
TXN_09448,ACC_0392,ACC_0711,2025-01-25 05:00:00,182146.6,RTGS
TXN_09449,ACC_0337,ACC_0139,2025-01-29 17:00:00,184380.91,IMPS
TXN_09450,ACC_0686,ACC_0952,2024-06-13 06:00:00,163748.31,IMPS
TXN_09451,ACC_0495,ACC_0258,2024-11-30 11:00:00,41996.92,NEFT
TXN_09452,ACC_0825,ACC_0847,2024-11-18 08:00:00,219610.43,IMPS
TXN_09453,ACC_0782,ACC_0255,2025-09-22 00:00:00,232127.52,RTGS
TXN_09454,ACC_0904,ACC_0009,2024-10-30 07:00:00,374312.95,RTGS
TXN_09455,ACC_0634,ACC_0903,2025-04-29 19:00:00,360475.97,UPI
TXN_09456,ACC_0074,ACC_0412,2026-03-17 05:00:00,461496.56,IMPS
TXN_09457,ACC_0036,ACC_0746,2024-11-24 15:00:00,134823.96,IMPS
TXN_09458,ACC_0746,ACC_0842,2026-06-05 06:00:00,1261.76,IMPS
TXN_09459,ACC_0793,ACC_0481,2024-05-27 23:00:00,138198.42,UPI
TXN_09460,ACC_0402,ACC_0107,2026-04-04 02:00:00,243129.56,IMPS
TXN_09461,ACC_1018,ACC_0952,2025-09-04 08:00:00,425538.84,RTGS
TXN_09462,ACC_0115,ACC_0835,2025-06-19 07:00:00,426882.53,UPI
TXN_09463,ACC_0079,ACC_0167,2025-06-03 20:00:00,360687.66,UPI
TXN_09464,ACC_0117,ACC_0705,2024-05-04 02:00:00,407869.13,UPI
TXN_09465,ACC_0623,ACC_0980,2025-03-15 19:00:00,365003.67,UPI
TXN_09466,ACC_0482,ACC_0296,2024-08-27 14:00:00,289846.15,IMPS
TXN_09467,ACC_0851,ACC_0900,2024-06-13 13:00:00,308874.22,NEFT
TXN_09468,ACC_0143,ACC_1015,2024-08-09 23:00:00,71494.94,NEFT
TXN_09469,ACC_0242,ACC_0946,2026-03-06 03:00:00,230934.22,NEFT
TXN_09470,ACC_0640,ACC_0235,2025-01-22 23:00:00,133463.09,UPI
TXN_09471,ACC_0827,ACC_0390,2026-03-06 22:00:00,479670.64,IMPS
TXN_09472,ACC_0199,ACC_0611,2024-10-19 13:00:00,289910.27,IMPS
TXN_09473,ACC_0389,ACC_0343,2025-10-17 08:00:00,237415.8,NEFT
TXN_09474,ACC_0482,ACC_0373,2024-07-13 20:00:00,389707.79,NEFT
TXN_09475,ACC_0890,ACC_0157,2026-01-09 19:00:00,230911.87,UPI
TXN_09476,ACC_0700,ACC_0797,2026-10-07 07:00:00,478574.08,RTGS
TXN_09477,ACC_0247,ACC_0930,2025-01-31 13:00:00,3223.77,UPI
TXN_09478,ACC_0341,ACC_0551,2025-11-22 23:00:00,64658.45,UPI
TXN_09479,ACC_0550,ACC_0270,2024-08-07 19:00:00,265862.69,UPI
TXN_09480,ACC_0568,ACC_0550,2026-01-20 17:00:00,375929.44,NEFT
TXN_09481,ACC_0760,ACC_0446,2024-06-30 01:00:00,445992.26,UPI
TXN_09482,ACC_0178,ACC_0604,2025-10-26 16:00:00,470529.98,RTGS
TXN_09483,ACC_0189,ACC_0303,2026-07-24 07:00:00,187594.74,RTGS
TXN_09484,ACC_0050,ACC_0361,2024-04-23 20:00:00,296656.93,NEFT
TXN_09485,ACC_0205,ACC_0067,2025-07-18 07:00:00,450006.57,NEFT
TXN_09486,ACC_0663,ACC_0423,2025-02-18 20:00:00,430052.86,RTGS
TXN_09487,ACC_0640,ACC_0223,2026-04-17 22:00:00,137529.3,IMPS
TXN_09488,ACC_1024,ACC_0358,2024-10-29 13:00:00,93297.47,NEFT
TXN_09489,ACC_0747,ACC_0133,2026-06-24 16:00:00,258458.13,UPI
TXN_09490,ACC_0920,ACC_0309,2025-02-02 04:00:00,427151.45,UPI
TXN_09491,ACC_1039,ACC_1032,2024-07-17 00:00:00,452424.79,UPI
TXN_09492,ACC_0595,ACC_0310,2024-06-13 19:00:00,434414.93,IMPS
TXN_09493,ACC_0705,ACC_0002,2026-09-03 12:00:00,301758.83,RTGS
TXN_09494,ACC_0138,ACC_0536,2025-10-31 07:00:00,301592.75,IMPS
TXN_09495,ACC_0152,ACC_0682,2025-09-08 10:00:00,30724.08,IMPS
TXN_09496,ACC_0745,ACC_0643,2025-12-22 04:00:00,352886.36,RTGS
TXN_09497,ACC_0030,ACC_0553,2026-06-13 18:00:00,212564.08,UPI
TXN_09498,ACC_0218,ACC_0845,2025-01-14 12:00:00,361514.3,RTGS
TXN_09499,ACC_0397,ACC_0413,2024-04-10 11:00:00,471265.29,IMPS
TXN_09500,ACC_0163,ACC_0557,2025-03-14 15:00:00,274165.31,UPI
TXN_09501,ACC_0877,ACC_0774,2025-09-03 06:00:00,172508.83,IMPS
TXN_09502,ACC_0519,ACC_0085,2025-06-09 19:00:00,5358.17,UPI
TXN_09503,ACC_0519,ACC_0549,2026-10-03 13:00:00,232885.96,IMPS
TXN_09504,ACC_0544,ACC_0302,2025-08-12 02:00:00,408801.92,IMPS
TXN_09505,ACC_0632,ACC_0312,2026-02-22 12:00:00,168599.48,UPI
TXN_09506,ACC_0212,ACC_0577,2025-10-17 00:00:00,47164.32,IMPS
TXN_09507,ACC_0989,ACC_0950,2026-01-01 20:00:00,491908.53,IMPS
TXN_09508,ACC_0992,ACC_0939,2024-05-27 07:00:00,440387.1,RTGS
TXN_09509,ACC_0019,ACC_0104,2026-09-29 06:00:00,248202.22,RTGS
TXN_09510,ACC_0490,ACC_0624,2026-07-13 01:00:00,179079.92,IMPS
TXN_09511,ACC_0680,ACC_0566,2024-04-09 05:00:00,311686.27,RTGS
TXN_09512,ACC_0518,ACC_0855,2024-09-14 09:00:00,42281.33,UPI
TXN_09513,ACC_0458,ACC_0615,2026-09-26 14:00:00,342509.3,UPI
TXN_09514,ACC_0060,ACC_0784,2025-10-31 21:00:00,265342.49,NEFT
TXN_09515,ACC_0063,ACC_0147,2026-10-20 21:00:00,369655.73,NEFT
TXN_09516,ACC_0333,ACC_0639,2024-12-28 07:00:00,29918.54,RTGS
TXN_09517,ACC_0881,ACC_0590,2025-05-06 17:00:00,496470.0,UPI
TXN_09518,ACC_0853,ACC_0783,2025-01-10 04:00:00,265676.28,IMPS
TXN_09519,ACC_0157,ACC_0123,2025-08-11 04:00:00,184996.52,UPI
TXN_09520,ACC_0943,ACC_0266,2024-11-20 03:00:00,367837.97,UPI
TXN_09521,ACC_0311,ACC_0688,2025-02-27 19:00:00,96829.75,RTGS
TXN_09522,ACC_0823,ACC_0459,2024-06-26 14:00:00,358162.51,UPI
TXN_09523,ACC_0515,ACC_0750,2026-10-22 04:00:00,361627.99,RTGS
TXN_09524,ACC_0016,ACC_0937,2024-11-25 19:00:00,201972.58,UPI
TXN_09525,ACC_0412,ACC_0954,2025-05-19 07:00:00,331052.69,IMPS
TXN_09526,ACC_0924,ACC_0981,2025-10-25 15:00:00,75286.94,UPI
TXN_09527,ACC_0622,ACC_0041,2025-10-29 13:00:00,323628.06,NEFT
TXN_09528,ACC_0859,ACC_0537,2024-12-13 05:00:00,101559.79,NEFT
TXN_09529,ACC_0710,ACC_0487,2025-01-02 04:00:00,422173.32,UPI
TXN_09530,ACC_0375,ACC_0823,2026-07-29 00:00:00,197105.04,UPI
TXN_09531,ACC_0095,ACC_0350,2024-02-20 18:00:00,182256.05,UPI
TXN_09532,ACC_0097,ACC_0128,2025-03-26 10:00:00,5717.82,UPI
TXN_09533,ACC_0538,ACC_0384,2024-04-25 12:00:00,279550.63,UPI
TXN_09534,ACC_0606,ACC_0014,2024-10-06 00:00:00,331489.15,NEFT
TXN_09535,ACC_0219,ACC_0251,2024-05-29 20:00:00,167307.71,RTGS
TXN_09536,ACC_0606,ACC_0456,2025-05-07 10:00:00,287646.11,NEFT
TXN_09537,ACC_0062,ACC_1019,2026-10-14 02:00:00,401444.93,UPI
TXN_09538,ACC_0010,ACC_0498,2024-08-20 18:00:00,118996.33,NEFT
TXN_09539,ACC_0404,ACC_0556,2026-07-18 07:00:00,116069.98,NEFT
TXN_09540,ACC_0830,ACC_0949,2024-11-15 14:00:00,481982.98,UPI
TXN_09541,ACC_0965,ACC_0689,2025-05-24 02:00:00,453136.51,NEFT
TXN_09542,ACC_0212,ACC_0760,2024-07-08 01:00:00,154126.88,IMPS
TXN_09543,ACC_0563,ACC_0305,2026-07-03 22:00:00,408846.75,NEFT
TXN_09544,ACC_0753,ACC_0023,2024-08-14 02:00:00,278155.3,RTGS
TXN_09545,ACC_0128,ACC_0689,2026-10-11 10:00:00,443396.81,NEFT
TXN_09546,ACC_0809,ACC_0972,2024-08-24 22:00:00,307367.82,UPI
TXN_09547,ACC_0398,ACC_0787,2026-01-10 03:00:00,325601.48,UPI
TXN_09548,ACC_0549,ACC_0108,2026-05-14 15:00:00,487402.21,UPI
TXN_09549,ACC_0084,ACC_0716,2025-12-01 00:00:00,196230.85,IMPS
TXN_09550,ACC_0662,ACC_0732,2026-01-16 09:00:00,207043.42,NEFT
TXN_09551,ACC_0870,ACC_0366,2026-05-04 00:00:00,377017.61,IMPS
TXN_09552,ACC_0237,ACC_0123,2024-11-24 00:00:00,416025.51,NEFT
TXN_09553,ACC_0939,ACC_0082,2025-11-18 16:00:00,87154.26,NEFT
TXN_09554,ACC_0125,ACC_0534,2024-12-31 21:00:00,140189.88,IMPS
TXN_09555,ACC_0442,ACC_1028,2024-04-10 10:00:00,328496.42,IMPS
TXN_09556,ACC_0437,ACC_0974,2025-02-16 10:00:00,27044.85,NEFT
TXN_09557,ACC_0043,ACC_0727,2026-11-03 22:00:00,46958.17,NEFT
TXN_09558,ACC_0125,ACC_0593,2026-07-23 03:00:00,116631.71,NEFT
TXN_09559,ACC_0694,ACC_0448,2026-04-18 16:00:00,263528.43,RTGS
TXN_09560,ACC_0420,ACC_0511,2024-01-25 08:00:00,192564.32,RTGS
TXN_09561,ACC_0041,ACC_0795,2024-08-12 04:00:00,187803.31,RTGS
TXN_09562,ACC_0872,ACC_0731,2024-08-06 05:00:00,373200.57,NEFT
TXN_09563,ACC_0490,ACC_0524,2025-10-14 01:00:00,67147.07,UPI
TXN_09564,ACC_0599,ACC_0869,2024-09-04 01:00:00,232994.88,IMPS
TXN_09565,ACC_0285,ACC_0193,2025-08-10 11:00:00,431224.84,IMPS
TXN_09566,ACC_0860,ACC_0795,2025-02-13 04:00:00,206699.53,NEFT
TXN_09567,ACC_0389,ACC_0937,2025-12-20 13:00:00,330601.89,RTGS
TXN_09568,ACC_0357,ACC_0082,2026-09-01 01:00:00,22767.77,IMPS
TXN_09569,ACC_0130,ACC_0633,2026-09-18 10:00:00,257905.14,UPI
TXN_09570,ACC_0430,ACC_0818,2024-04-05 06:00:00,348831.3,NEFT
TXN_09571,ACC_0271,ACC_0518,2025-05-04 00:00:00,332974.78,IMPS
TXN_09572,ACC_0080,ACC_0562,2026-03-19 20:00:00,64087.47,IMPS
TXN_09573,ACC_0193,ACC_0308,2024-11-11 15:00:00,197439.89,NEFT
TXN_09574,ACC_0962,ACC_0554,2024-11-08 01:00:00,89787.21,IMPS
TXN_09575,ACC_0587,ACC_0573,2025-02-22 23:00:00,28112.38,IMPS
TXN_09576,ACC_0929,ACC_1035,2024-06-26 16:00:00,328984.21,UPI
TXN_09577,ACC_1033,ACC_0406,2025-07-12 15:00:00,239375.95,NEFT
TXN_09578,ACC_0906,ACC_0719,2024-03-13 04:00:00,278099.41,IMPS
TXN_09579,ACC_0831,ACC_0721,2026-01-05 01:00:00,403571.7,IMPS
TXN_09580,ACC_0139,ACC_0204,2024-06-24 04:00:00,273115.62,UPI
TXN_09581,ACC_0607,ACC_0781,2024-03-27 09:00:00,425919.85,IMPS
TXN_09582,ACC_0678,ACC_0929,2026-01-05 14:00:00,256431.5,RTGS
TXN_09583,ACC_0731,ACC_0875,2026-03-16 10:00:00,396442.61,RTGS
TXN_09584,ACC_0596,ACC_0345,2025-05-17 12:00:00,454790.37,NEFT
TXN_09585,ACC_0167,ACC_0394,2024-01-22 11:00:00,248692.67,NEFT
TXN_09586,ACC_0220,ACC_0675,2024-08-12 15:00:00,241067.02,IMPS
TXN_09587,ACC_0694,ACC_0307,2025-05-05 19:00:00,262396.9,UPI
TXN_09588,ACC_1025,ACC_0367,2025-07-19 23:00:00,372579.93,RTGS
TXN_09589,ACC_0187,ACC_0864,2024-06-21 12:00:00,89195.35,UPI
TXN_09590,ACC_0645,ACC_0652,2025-03-30 03:00:00,463664.93,RTGS
TXN_09591,ACC_0604,ACC_0013,2025-12-24 14:00:00,194757.15,NEFT
TXN_09592,ACC_0857,ACC_0475,2024-12-04 15:00:00,48989.76,NEFT
TXN_09593,ACC_0004,ACC_0898,2024-06-06 20:00:00,407297.68,UPI
TXN_09594,ACC_0209,ACC_0189,2026-10-23 10:00:00,315427.85,IMPS
TXN_09595,ACC_0174,ACC_0382,2026-05-04 09:00:00,443361.85,IMPS
TXN_09596,ACC_0001,ACC_0284,2026-05-15 02:00:00,238215.48,RTGS
TXN_09597,ACC_0538,ACC_0753,2024-05-29 10:00:00,419144.21,NEFT
TXN_09598,ACC_0809,ACC_0121,2024-11-05 08:00:00,24084.21,RTGS
TXN_09599,ACC_0301,ACC_0763,2025-12-20 02:00:00,464166.87,RTGS
TXN_09600,ACC_0634,ACC_0200,2026-05-01 04:00:00,13292.11,UPI
TXN_09601,ACC_0556,ACC_0051,2024-02-10 22:00:00,208394.31,NEFT
TXN_09602,ACC_0098,ACC_0374,2026-04-11 14:00:00,141339.09,IMPS
TXN_09603,ACC_0293,ACC_0006,2026-02-08 13:00:00,206993.05,IMPS
TXN_09604,ACC_0445,ACC_0704,2025-06-18 00:00:00,408164.64,NEFT
TXN_09605,ACC_0392,ACC_0469,2026-04-03 00:00:00,131038.88,NEFT
TXN_09606,ACC_0691,ACC_1026,2024-07-05 09:00:00,127282.62,RTGS
TXN_09607,ACC_0678,ACC_0955,2025-02-10 03:00:00,341054.03,UPI
TXN_09608,ACC_0584,ACC_0758,2025-08-22 08:00:00,11460.28,NEFT
TXN_09609,ACC_0908,ACC_0253,2025-07-20 21:00:00,247875.31,IMPS
TXN_09610,ACC_0241,ACC_0176,2025-08-22 15:00:00,142269.25,UPI
TXN_09611,ACC_0905,ACC_0789,2026-07-27 12:00:00,325810.12,NEFT
TXN_09612,ACC_0076,ACC_0226,2026-05-18 02:00:00,141342.09,NEFT
TXN_09613,ACC_0255,ACC_0100,2025-07-15 11:00:00,268696.83,NEFT
TXN_09614,ACC_0683,ACC_0200,2024-04-07 05:00:00,80634.69,UPI
TXN_09615,ACC_0947,ACC_0454,2024-04-07 03:00:00,423684.58,IMPS
TXN_09616,ACC_0823,ACC_0845,2025-11-10 05:00:00,16118.67,UPI
TXN_09617,ACC_0320,ACC_0804,2026-09-07 02:00:00,348966.89,IMPS
TXN_09618,ACC_0631,ACC_0753,2025-10-03 04:00:00,209176.5,IMPS
TXN_09619,ACC_0498,ACC_0038,2024-09-18 05:00:00,150654.77,IMPS
TXN_09620,ACC_0963,ACC_0315,2026-01-29 02:00:00,401854.12,RTGS
TXN_09621,ACC_0197,ACC_0414,2024-07-23 16:00:00,403407.24,RTGS
TXN_09622,ACC_0491,ACC_0898,2024-02-08 11:00:00,23357.88,UPI
TXN_09623,ACC_0421,ACC_0819,2026-07-24 20:00:00,278284.68,NEFT
TXN_09624,ACC_0878,ACC_0650,2024-05-11 11:00:00,90171.46,UPI
TXN_09625,ACC_0739,ACC_0008,2024-11-11 05:00:00,329167.16,UPI
TXN_09626,ACC_0343,ACC_0634,2024-08-08 13:00:00,57856.9,NEFT
TXN_09627,ACC_1039,ACC_0796,2026-07-09 15:00:00,449632.27,UPI
TXN_09628,ACC_0700,ACC_0989,2024-08-02 23:00:00,456510.94,UPI
TXN_09629,ACC_0340,ACC_0556,2025-07-05 12:00:00,107300.9,NEFT
TXN_09630,ACC_0525,ACC_0358,2025-10-06 17:00:00,71972.58,IMPS
TXN_09631,ACC_0006,ACC_0258,2026-04-21 17:00:00,166649.03,IMPS
TXN_09632,ACC_0475,ACC_0102,2025-08-07 06:00:00,177681.54,NEFT
TXN_09633,ACC_0389,ACC_0964,2025-04-04 11:00:00,221321.94,NEFT
TXN_09634,ACC_0627,ACC_1006,2024-08-19 07:00:00,324227.78,RTGS
TXN_09635,ACC_0107,ACC_0505,2025-10-14 09:00:00,393392.69,IMPS
TXN_09636,ACC_0257,ACC_0376,2026-05-04 11:00:00,31897.66,NEFT
TXN_09637,ACC_0443,ACC_0920,2025-03-14 02:00:00,470622.54,NEFT
TXN_09638,ACC_0802,ACC_0635,2025-06-14 11:00:00,121213.49,RTGS
TXN_09639,ACC_0432,ACC_0654,2024-11-18 01:00:00,231377.19,IMPS
TXN_09640,ACC_0369,ACC_0630,2024-10-27 00:00:00,235520.94,NEFT
TXN_09641,ACC_0236,ACC_1018,2024-07-21 19:00:00,111977.39,UPI
TXN_09642,ACC_0216,ACC_0365,2026-08-20 06:00:00,309404.61,IMPS
TXN_09643,ACC_0858,ACC_0805,2026-03-22 11:00:00,107057.23,IMPS
TXN_09644,ACC_0755,ACC_0706,2024-12-31 21:00:00,448843.73,UPI
TXN_09645,ACC_0232,ACC_0978,2024-03-04 09:00:00,448104.09,NEFT
TXN_09646,ACC_1007,ACC_0553,2024-05-29 14:00:00,152729.66,NEFT
TXN_09647,ACC_0821,ACC_0486,2026-08-16 01:00:00,189529.52,UPI
TXN_09648,ACC_0862,ACC_0516,2024-05-22 08:00:00,274548.17,RTGS
TXN_09649,ACC_0697,ACC_0839,2025-09-03 04:00:00,223797.16,NEFT
TXN_09650,ACC_0419,ACC_0278,2024-01-19 13:00:00,118510.79,RTGS
TXN_09651,ACC_0268,ACC_0108,2025-11-20 15:00:00,263619.48,RTGS
TXN_09652,ACC_0984,ACC_0158,2025-09-08 03:00:00,482160.5,IMPS
TXN_09653,ACC_0476,ACC_0861,2025-05-29 22:00:00,308310.67,IMPS
TXN_09654,ACC_0810,ACC_0694,2025-04-06 17:00:00,329654.29,UPI
TXN_09655,ACC_0454,ACC_0193,2025-12-14 11:00:00,41676.64,UPI
TXN_09656,ACC_1000,ACC_0822,2024-07-04 15:00:00,248396.83,NEFT
TXN_09657,ACC_0135,ACC_0169,2026-06-16 14:00:00,494171.66,UPI
TXN_09658,ACC_0159,ACC_0160,2026-01-10 07:00:00,431350.5,NEFT
TXN_09659,ACC_0727,ACC_0838,2026-05-28 02:00:00,22661.94,IMPS
TXN_09660,ACC_0739,ACC_0695,2024-08-04 23:00:00,389952.32,NEFT
TXN_09661,ACC_0887,ACC_0107,2025-09-16 05:00:00,472198.99,RTGS
TXN_09662,ACC_0343,ACC_0777,2026-08-20 16:00:00,308412.67,IMPS
TXN_09663,ACC_0400,ACC_0836,2025-08-17 07:00:00,447413.14,IMPS
TXN_09664,ACC_0433,ACC_0556,2026-09-01 01:00:00,170452.07,RTGS
TXN_09665,ACC_0089,ACC_0663,2026-10-08 17:00:00,111062.36,NEFT
TXN_09666,ACC_0708,ACC_0554,2024-08-26 16:00:00,243362.33,RTGS
TXN_09667,ACC_0957,ACC_0427,2025-11-25 07:00:00,24436.23,RTGS
TXN_09668,ACC_0318,ACC_0360,2025-08-11 18:00:00,25968.25,NEFT
TXN_09669,ACC_1018,ACC_0545,2025-12-08 15:00:00,204921.23,RTGS
TXN_09670,ACC_0008,ACC_0785,2025-01-07 00:00:00,452142.18,NEFT
TXN_09671,ACC_0026,ACC_0814,2025-01-21 03:00:00,373732.03,UPI
TXN_09672,ACC_0864,ACC_0356,2024-12-29 10:00:00,282490.78,NEFT
TXN_09673,ACC_0553,ACC_0520,2024-09-28 09:00:00,174205.16,IMPS
TXN_09674,ACC_0074,ACC_0936,2026-10-29 14:00:00,262354.81,NEFT
TXN_09675,ACC_0103,ACC_0696,2024-04-10 10:00:00,119001.02,UPI
TXN_09676,ACC_0337,ACC_0499,2025-07-20 01:00:00,43696.22,IMPS
TXN_09677,ACC_0688,ACC_0693,2026-05-07 12:00:00,291938.99,RTGS
TXN_09678,ACC_0570,ACC_0634,2026-07-10 12:00:00,117018.16,UPI
TXN_09679,ACC_0551,ACC_0218,2025-05-26 01:00:00,225499.04,IMPS
TXN_09680,ACC_0553,ACC_0131,2026-07-07 19:00:00,41500.27,NEFT
TXN_09681,ACC_0842,ACC_0025,2024-08-07 03:00:00,172765.79,UPI
TXN_09682,ACC_0315,ACC_0184,2025-04-09 17:00:00,171917.56,IMPS
TXN_09683,ACC_0533,ACC_0188,2024-06-02 18:00:00,94931.77,UPI
TXN_09684,ACC_0989,ACC_0913,2026-07-27 19:00:00,390187.68,IMPS
TXN_09685,ACC_0480,ACC_0015,2026-06-29 17:00:00,301351.4,UPI
TXN_09686,ACC_0369,ACC_0821,2026-01-21 06:00:00,271817.22,NEFT
TXN_09687,ACC_0001,ACC_0095,2024-04-01 18:00:00,300125.88,RTGS
TXN_09688,ACC_0936,ACC_0249,2024-09-04 16:00:00,248666.39,NEFT
TXN_09689,ACC_0719,ACC_0616,2026-03-08 09:00:00,286437.72,NEFT
TXN_09690,ACC_0775,ACC_0013,2024-01-15 18:00:00,456240.52,UPI
TXN_09691,ACC_0422,ACC_0444,2024-10-29 13:00:00,267262.49,RTGS
TXN_09692,ACC_0375,ACC_0595,2024-01-11 13:00:00,260997.17,IMPS
TXN_09693,ACC_1019,ACC_1031,2024-04-06 11:00:00,141728.99,NEFT
TXN_09694,ACC_0559,ACC_0607,2026-07-09 08:00:00,334712.95,IMPS
TXN_09695,ACC_0222,ACC_0376,2026-11-03 16:00:00,31528.46,NEFT
TXN_09696,ACC_0860,ACC_0379,2026-06-30 20:00:00,202931.36,UPI
TXN_09697,ACC_0617,ACC_0447,2024-09-14 10:00:00,46331.62,RTGS
TXN_09698,ACC_0760,ACC_0028,2025-01-06 23:00:00,266298.14,UPI
TXN_09699,ACC_0429,ACC_0867,2024-04-15 12:00:00,383217.32,IMPS
TXN_09700,ACC_0425,ACC_0152,2025-03-25 11:00:00,282302.45,IMPS
TXN_09701,ACC_0381,ACC_0038,2026-10-09 16:00:00,187378.08,UPI
TXN_09702,ACC_0048,ACC_0305,2026-04-26 16:00:00,147154.23,IMPS
TXN_09703,ACC_0870,ACC_0629,2024-01-18 15:00:00,115096.07,IMPS
TXN_09704,ACC_0716,ACC_0674,2026-09-08 18:00:00,350616.55,IMPS
TXN_09705,ACC_0844,ACC_0273,2025-03-17 01:00:00,386062.33,IMPS
TXN_09706,ACC_0693,ACC_0590,2025-08-08 00:00:00,323318.57,IMPS
TXN_09707,ACC_0325,ACC_0920,2025-07-08 00:00:00,203062.42,UPI
TXN_09708,ACC_0211,ACC_0975,2025-05-09 02:00:00,284274.0,UPI
TXN_09709,ACC_0427,ACC_0716,2026-08-27 21:00:00,5879.86,NEFT
TXN_09710,ACC_0576,ACC_0409,2024-11-06 16:00:00,431553.93,NEFT
TXN_09711,ACC_0585,ACC_0612,2024-04-16 23:00:00,477124.04,NEFT
TXN_09712,ACC_0833,ACC_0009,2024-05-27 12:00:00,99665.26,NEFT
TXN_09713,ACC_0154,ACC_0619,2024-01-12 05:00:00,195422.0,RTGS
TXN_09714,ACC_0066,ACC_0892,2024-07-28 16:00:00,28497.57,NEFT
TXN_09715,ACC_0368,ACC_0366,2026-07-17 21:00:00,285916.77,UPI
TXN_09716,ACC_0437,ACC_0007,2024-12-21 08:00:00,458277.39,IMPS
TXN_09717,ACC_0313,ACC_0289,2024-10-14 11:00:00,297077.17,NEFT
TXN_09718,ACC_0643,ACC_0630,2025-10-24 04:00:00,334024.73,UPI
TXN_09719,ACC_0844,ACC_0588,2025-06-19 21:00:00,146053.15,RTGS
TXN_09720,ACC_0116,ACC_0655,2024-02-04 00:00:00,21636.98,NEFT
TXN_09721,ACC_0832,ACC_0703,2024-04-11 07:00:00,479490.81,NEFT
TXN_09722,ACC_0999,ACC_0505,2024-10-03 06:00:00,383954.24,IMPS
TXN_09723,ACC_0132,ACC_0154,2026-01-21 04:00:00,233379.42,IMPS
TXN_09724,ACC_0453,ACC_0634,2024-02-15 16:00:00,66100.95,UPI
TXN_09725,ACC_0519,ACC_0195,2026-10-25 14:00:00,277499.21,IMPS
TXN_09726,ACC_0930,ACC_0995,2026-10-28 10:00:00,23858.53,UPI
TXN_09727,ACC_0560,ACC_0975,2024-05-27 00:00:00,47991.24,RTGS
TXN_09728,ACC_0576,ACC_0529,2026-10-02 04:00:00,325116.97,UPI
TXN_09729,ACC_0309,ACC_0492,2024-08-30 08:00:00,293114.3,UPI
TXN_09730,ACC_0402,ACC_0822,2024-04-02 02:00:00,208557.4,NEFT
TXN_09731,ACC_0202,ACC_0067,2025-04-08 22:00:00,102319.12,IMPS
TXN_09732,ACC_0234,ACC_0273,2024-05-27 20:00:00,339576.36,NEFT
TXN_09733,ACC_0674,ACC_0189,2024-06-08 15:00:00,114556.05,UPI
TXN_09734,ACC_0074,ACC_0355,2025-09-18 12:00:00,451109.93,UPI
TXN_09735,ACC_0669,ACC_0194,2024-02-16 21:00:00,306027.81,IMPS
TXN_09736,ACC_0663,ACC_0424,2026-06-17 05:00:00,49797.08,IMPS
TXN_09737,ACC_0032,ACC_0786,2024-12-26 23:00:00,462085.96,UPI
TXN_09738,ACC_0723,ACC_0868,2025-10-19 08:00:00,447621.52,RTGS
TXN_09739,ACC_0765,ACC_0298,2026-09-28 11:00:00,31138.93,UPI
TXN_09740,ACC_1015,ACC_0749,2024-07-01 17:00:00,320395.89,RTGS
TXN_09741,ACC_0469,ACC_0463,2024-03-24 20:00:00,354268.72,UPI
TXN_09742,ACC_0652,ACC_0667,2024-05-21 21:00:00,85064.61,IMPS
TXN_09743,ACC_0650,ACC_0181,2024-09-15 04:00:00,398467.33,NEFT
TXN_09744,ACC_0631,ACC_0835,2026-01-02 23:00:00,235498.98,RTGS
TXN_09745,ACC_0518,ACC_0423,2026-10-13 11:00:00,278702.69,RTGS
TXN_09746,ACC_0044,ACC_0681,2025-08-27 14:00:00,378748.11,UPI
TXN_09747,ACC_1000,ACC_0427,2026-11-04 07:00:00,258729.05,UPI
TXN_09748,ACC_0494,ACC_0408,2024-11-30 05:00:00,314694.85,IMPS
TXN_09749,ACC_0876,ACC_0223,2024-11-15 13:00:00,397104.91,IMPS
TXN_09750,ACC_0660,ACC_0095,2025-11-19 14:00:00,180398.4,IMPS
TXN_09751,ACC_1027,ACC_0589,2024-08-29 15:00:00,55589.22,UPI
TXN_09752,ACC_0174,ACC_0783,2026-03-29 20:00:00,358588.47,IMPS
TXN_09753,ACC_0503,ACC_0937,2026-07-26 01:00:00,174081.95,RTGS
TXN_09754,ACC_0953,ACC_0706,2024-02-25 18:00:00,443576.75,RTGS
TXN_09755,ACC_0225,ACC_0117,2026-02-14 15:00:00,295565.75,NEFT
TXN_09756,ACC_0135,ACC_0771,2024-06-21 14:00:00,118880.58,UPI
TXN_09757,ACC_0134,ACC_0038,2025-05-14 12:00:00,26599.34,NEFT
TXN_09758,ACC_0626,ACC_0249,2025-05-22 08:00:00,431888.35,UPI
TXN_09759,ACC_0440,ACC_0530,2026-02-15 15:00:00,33737.35,RTGS
TXN_09760,ACC_0700,ACC_0389,2024-07-15 05:00:00,52018.48,UPI
TXN_09761,ACC_0252,ACC_0868,2026-01-19 12:00:00,362701.09,NEFT
TXN_09762,ACC_0408,ACC_0420,2024-09-25 02:00:00,276711.29,NEFT
TXN_09763,ACC_0272,ACC_0972,2026-10-17 11:00:00,59411.44,RTGS
TXN_09764,ACC_0669,ACC_0293,2026-07-02 07:00:00,23764.48,NEFT
TXN_09765,ACC_0878,ACC_0792,2025-08-20 23:00:00,429700.89,UPI
TXN_09766,ACC_0308,ACC_0191,2024-12-12 06:00:00,351763.22,RTGS
TXN_09767,ACC_0789,ACC_0786,2024-04-28 21:00:00,237780.02,NEFT
TXN_09768,ACC_0366,ACC_0446,2024-04-10 15:00:00,341337.1,RTGS
TXN_09769,ACC_1020,ACC_0351,2025-10-18 09:00:00,116137.7,NEFT
TXN_09770,ACC_0063,ACC_0075,2025-06-16 17:00:00,168006.36,IMPS
TXN_09771,ACC_0710,ACC_1020,2026-07-31 11:00:00,82981.29,IMPS
TXN_09772,ACC_0630,ACC_0359,2025-02-14 00:00:00,350029.03,IMPS
TXN_09773,ACC_0130,ACC_0457,2026-04-08 16:00:00,125092.82,UPI
TXN_09774,ACC_0500,ACC_0984,2024-12-05 09:00:00,22782.41,RTGS
TXN_09775,ACC_0588,ACC_0228,2026-03-05 13:00:00,243105.12,RTGS
TXN_09776,ACC_0306,ACC_0035,2026-04-05 17:00:00,385678.13,RTGS
TXN_09777,ACC_0453,ACC_0251,2025-05-03 21:00:00,30816.93,NEFT
TXN_09778,ACC_0086,ACC_0545,2026-07-28 06:00:00,53354.29,NEFT
TXN_09779,ACC_0456,ACC_0562,2026-06-27 19:00:00,131443.23,NEFT
TXN_09780,ACC_0245,ACC_0818,2025-05-21 09:00:00,280244.54,UPI
TXN_09781,ACC_0274,ACC_0841,2025-01-10 00:00:00,471936.69,UPI
TXN_09782,ACC_0676,ACC_0902,2025-05-24 03:00:00,468123.0,UPI
TXN_09783,ACC_0974,ACC_0860,2025-08-10 10:00:00,249249.17,UPI
TXN_09784,ACC_0345,ACC_0488,2024-04-29 01:00:00,340204.19,NEFT
TXN_09785,ACC_1012,ACC_0258,2025-11-01 09:00:00,406076.82,UPI
TXN_09786,ACC_0614,ACC_0380,2025-12-16 13:00:00,9117.91,IMPS
TXN_09787,ACC_0241,ACC_0763,2024-05-27 19:00:00,335278.82,NEFT
TXN_09788,ACC_0145,ACC_0137,2025-02-14 22:00:00,335615.19,RTGS
TXN_09789,ACC_0488,ACC_0077,2025-02-20 17:00:00,188384.58,RTGS
TXN_09790,ACC_0315,ACC_0047,2025-12-21 07:00:00,352762.14,UPI
TXN_09791,ACC_0720,ACC_0032,2026-07-12 18:00:00,213868.3,RTGS
TXN_09792,ACC_0593,ACC_0692,2024-12-25 22:00:00,317618.23,NEFT
TXN_09793,ACC_0199,ACC_0760,2025-01-31 16:00:00,66279.26,NEFT
TXN_09794,ACC_0246,ACC_0451,2024-03-17 03:00:00,370628.32,IMPS
TXN_09795,ACC_0218,ACC_0514,2026-05-07 17:00:00,236385.27,NEFT
TXN_09796,ACC_0552,ACC_0418,2024-08-06 20:00:00,127442.44,UPI
TXN_09797,ACC_0687,ACC_0021,2024-09-29 15:00:00,413758.55,IMPS
TXN_09798,ACC_0883,ACC_0376,2025-12-24 11:00:00,79410.98,UPI
TXN_09799,ACC_0248,ACC_0569,2026-09-14 09:00:00,90260.44,UPI
TXN_09800,ACC_0636,ACC_0588,2025-07-13 08:00:00,450089.7,RTGS
TXN_09801,ACC_0646,ACC_0913,2026-05-23 11:00:00,105691.09,NEFT
TXN_09802,ACC_0679,ACC_0964,2026-03-03 03:00:00,225344.19,RTGS
TXN_09803,ACC_0861,ACC_0763,2024-07-25 10:00:00,481849.47,UPI
TXN_09804,ACC_0191,ACC_0805,2026-11-02 02:00:00,76784.51,NEFT
TXN_09805,ACC_0185,ACC_0252,2026-08-30 20:00:00,280011.51,NEFT
TXN_09806,ACC_0712,ACC_0891,2024-02-04 16:00:00,292432.18,IMPS
TXN_09807,ACC_0879,ACC_0335,2026-08-28 03:00:00,24043.17,RTGS
TXN_09808,ACC_0566,ACC_0869,2026-04-13 11:00:00,322102.53,IMPS
TXN_09809,ACC_0585,ACC_0711,2026-10-16 12:00:00,214570.55,NEFT
TXN_09810,ACC_0238,ACC_0633,2024-09-21 04:00:00,393288.34,IMPS
TXN_09811,ACC_0279,ACC_0290,2026-07-27 09:00:00,278342.63,NEFT
TXN_09812,ACC_0978,ACC_1001,2025-07-05 19:00:00,470746.24,RTGS
TXN_09813,ACC_0756,ACC_0819,2026-02-20 04:00:00,343468.24,NEFT
TXN_09814,ACC_0418,ACC_0401,2024-07-14 04:00:00,336568.13,NEFT
TXN_09815,ACC_0869,ACC_0155,2024-11-09 04:00:00,232995.86,NEFT
TXN_09816,ACC_0497,ACC_0836,2024-08-02 20:00:00,287268.87,NEFT
TXN_09817,ACC_0208,ACC_0584,2025-07-10 06:00:00,36527.48,UPI
TXN_09818,ACC_0595,ACC_0892,2025-08-06 21:00:00,346275.3,NEFT
TXN_09819,ACC_0041,ACC_0940,2026-07-26 23:00:00,323057.14,RTGS
TXN_09820,ACC_0154,ACC_0436,2026-05-05 00:00:00,70093.37,NEFT
TXN_09821,ACC_0682,ACC_0598,2026-01-20 15:00:00,431392.82,IMPS
TXN_09822,ACC_0157,ACC_0969,2024-03-02 06:00:00,224848.05,IMPS
TXN_09823,ACC_0126,ACC_0265,2026-01-03 05:00:00,163408.09,IMPS
TXN_09824,ACC_0325,ACC_0324,2024-10-25 21:00:00,150421.27,RTGS
TXN_09825,ACC_0109,ACC_0783,2025-07-16 12:00:00,110121.09,UPI
TXN_09826,ACC_0750,ACC_0052,2025-01-02 07:00:00,146193.15,IMPS
TXN_09827,ACC_0602,ACC_0809,2025-04-26 00:00:00,105343.43,IMPS
TXN_09828,ACC_0688,ACC_0666,2025-10-13 17:00:00,320645.85,RTGS
TXN_09829,ACC_0569,ACC_0757,2024-02-03 19:00:00,191776.9,RTGS
TXN_09830,ACC_0065,ACC_0180,2026-08-01 16:00:00,153063.98,NEFT
TXN_09831,ACC_0193,ACC_0074,2026-08-14 11:00:00,369775.25,NEFT
TXN_09832,ACC_0376,ACC_0571,2026-01-09 21:00:00,173742.21,IMPS
TXN_09833,ACC_0226,ACC_0019,2025-09-04 01:00:00,496490.41,RTGS
TXN_09834,ACC_0572,ACC_0685,2026-10-14 09:00:00,181706.22,RTGS
TXN_09835,ACC_0953,ACC_0015,2025-02-02 17:00:00,121421.76,IMPS
TXN_09836,ACC_0530,ACC_0931,2025-04-05 16:00:00,337018.44,RTGS
TXN_09837,ACC_0373,ACC_0654,2024-12-08 13:00:00,30135.68,IMPS
TXN_09838,ACC_0312,ACC_0501,2024-08-08 23:00:00,111634.49,UPI
TXN_09839,ACC_0188,ACC_0637,2024-05-09 03:00:00,57273.34,UPI
TXN_09840,ACC_0621,ACC_0084,2026-06-29 09:00:00,302779.81,IMPS
TXN_09841,ACC_0793,ACC_0293,2025-07-07 17:00:00,233963.0,UPI
TXN_09842,ACC_0058,ACC_0633,2025-03-23 10:00:00,202294.67,UPI
TXN_09843,ACC_0693,ACC_0180,2025-01-30 12:00:00,420867.04,UPI
TXN_09844,ACC_0593,ACC_0138,2024-04-25 09:00:00,274253.97,NEFT
TXN_09845,ACC_0834,ACC_0169,2024-12-01 01:00:00,346477.87,NEFT
TXN_09846,ACC_0687,ACC_0214,2025-07-21 20:00:00,205484.09,NEFT
TXN_09847,ACC_0837,ACC_0546,2026-01-07 14:00:00,406852.45,UPI
TXN_09848,ACC_0074,ACC_0277,2024-12-27 01:00:00,384223.6,UPI
TXN_09849,ACC_0002,ACC_0065,2026-01-31 10:00:00,6387.74,UPI
TXN_09850,ACC_0129,ACC_0566,2025-05-31 20:00:00,184458.42,IMPS
TXN_09851,ACC_0318,ACC_0831,2024-06-07 14:00:00,203861.36,UPI
TXN_09852,ACC_0580,ACC_0942,2025-10-25 02:00:00,349300.11,RTGS
TXN_09853,ACC_1040,ACC_0810,2024-10-23 17:00:00,325108.13,NEFT
TXN_09854,ACC_0461,ACC_0048,2024-01-07 03:00:00,442477.53,RTGS
TXN_09855,ACC_0952,ACC_0488,2024-06-05 01:00:00,241479.96,IMPS
TXN_09856,ACC_0867,ACC_0713,2025-03-14 20:00:00,285258.44,NEFT
TXN_09857,ACC_0694,ACC_0598,2026-07-08 13:00:00,122504.37,RTGS
TXN_09858,ACC_0317,ACC_0554,2025-06-12 13:00:00,3118.52,NEFT
TXN_09859,ACC_0096,ACC_0977,2025-08-11 00:00:00,438054.16,UPI
TXN_09860,ACC_0778,ACC_0298,2026-08-28 21:00:00,327019.03,IMPS
TXN_09861,ACC_0683,ACC_0656,2026-07-12 12:00:00,162565.34,UPI
TXN_09862,ACC_0439,ACC_0452,2024-04-11 17:00:00,277540.44,UPI
TXN_09863,ACC_0864,ACC_0250,2024-05-27 08:00:00,280994.54,RTGS
TXN_09864,ACC_0732,ACC_0305,2025-03-18 19:00:00,356175.35,IMPS
TXN_09865,ACC_0854,ACC_0263,2025-04-10 00:00:00,216011.3,NEFT
TXN_09866,ACC_0125,ACC_0331,2024-02-15 01:00:00,55713.0,RTGS
TXN_09867,ACC_0780,ACC_0446,2026-10-31 23:00:00,231655.92,RTGS
TXN_09868,ACC_0126,ACC_0122,2026-04-11 14:00:00,157462.0,NEFT
TXN_09869,ACC_0109,ACC_0875,2025-12-23 06:00:00,103339.81,NEFT
TXN_09870,ACC_0213,ACC_0416,2026-05-09 05:00:00,37592.87,IMPS
TXN_09871,ACC_1036,ACC_0961,2024-05-20 21:00:00,320916.13,UPI
TXN_09872,ACC_0646,ACC_0560,2024-05-07 12:00:00,194058.57,UPI
TXN_09873,ACC_0936,ACC_0157,2025-10-19 13:00:00,247324.63,NEFT
TXN_09874,ACC_0441,ACC_0215,2026-07-03 01:00:00,63486.71,UPI
TXN_09875,ACC_0018,ACC_0355,2024-09-04 00:00:00,240791.24,RTGS
TXN_09876,ACC_0572,ACC_0409,2026-03-12 17:00:00,40475.13,UPI
TXN_09877,ACC_0775,ACC_0944,2024-03-05 14:00:00,375912.87,IMPS
TXN_09878,ACC_0822,ACC_0257,2026-01-21 22:00:00,267337.15,UPI
TXN_09879,ACC_0461,ACC_0615,2025-03-12 23:00:00,173028.29,RTGS
TXN_09880,ACC_0985,ACC_0536,2025-05-16 05:00:00,405250.22,RTGS
TXN_09881,ACC_0370,ACC_0252,2025-08-24 08:00:00,340319.23,UPI
TXN_09882,ACC_0388,ACC_0894,2026-04-30 05:00:00,279685.21,IMPS
TXN_09883,ACC_0195,ACC_0161,2024-02-08 06:00:00,432388.11,IMPS
TXN_09884,ACC_0609,ACC_0662,2026-02-27 07:00:00,131514.38,IMPS
TXN_09885,ACC_0040,ACC_0841,2026-01-24 14:00:00,98876.62,UPI
TXN_09886,ACC_0746,ACC_0846,2025-12-31 19:00:00,348749.75,UPI
TXN_09887,ACC_0354,ACC_0485,2024-04-11 02:00:00,310784.4,RTGS
TXN_09888,ACC_1033,ACC_0172,2024-02-18 04:00:00,196140.45,UPI
TXN_09889,ACC_0457,ACC_0190,2026-02-26 18:00:00,295276.79,NEFT
TXN_09890,ACC_0241,ACC_0333,2026-07-18 05:00:00,364114.39,IMPS
TXN_09891,ACC_0360,ACC_0373,2025-02-02 23:00:00,151530.54,NEFT
TXN_09892,ACC_0864,ACC_0666,2026-03-24 11:00:00,157550.04,UPI
TXN_09893,ACC_0506,ACC_0505,2024-02-14 16:00:00,174752.84,UPI
TXN_09894,ACC_0412,ACC_0272,2024-09-04 04:00:00,224842.49,IMPS
TXN_09895,ACC_0787,ACC_0278,2025-12-02 04:00:00,79207.32,UPI
TXN_09896,ACC_0076,ACC_0924,2025-10-25 17:00:00,394000.39,IMPS
TXN_09897,ACC_0125,ACC_0275,2026-11-06 14:00:00,498863.13,UPI
TXN_09898,ACC_0194,ACC_0444,2024-01-03 10:00:00,68195.61,RTGS
TXN_09899,ACC_0297,ACC_0412,2024-05-21 18:00:00,100813.6,NEFT
TXN_09900,ACC_0805,ACC_0455,2025-02-24 14:00:00,368386.36,UPI
TXN_09901,ACC_0093,ACC_0334,2024-03-11 04:00:00,292735.42,NEFT
TXN_09902,ACC_0079,ACC_0398,2025-06-08 18:00:00,257830.56,UPI
TXN_09903,ACC_0482,ACC_0161,2024-11-12 03:00:00,305695.81,IMPS
TXN_09904,ACC_0454,ACC_0879,2025-08-05 00:00:00,314131.99,RTGS
TXN_09905,ACC_0475,ACC_0048,2026-08-04 09:00:00,201023.91,NEFT
TXN_09906,ACC_0146,ACC_0072,2026-03-21 00:00:00,240896.52,RTGS
TXN_09907,ACC_0705,ACC_0999,2026-07-31 17:00:00,238152.37,RTGS
TXN_09908,ACC_0012,ACC_0575,2024-01-29 21:00:00,450038.88,IMPS
TXN_09909,ACC_1034,ACC_0824,2024-06-23 03:00:00,20804.42,IMPS
TXN_09910,ACC_0120,ACC_0515,2025-07-07 22:00:00,126155.4,RTGS
TXN_09911,ACC_0235,ACC_0303,2025-12-22 08:00:00,250373.83,UPI
TXN_09912,ACC_0912,ACC_0267,2024-10-25 07:00:00,389392.86,IMPS
TXN_09913,ACC_0956,ACC_0478,2026-06-23 01:00:00,45982.34,IMPS
TXN_09914,ACC_0254,ACC_0124,2024-11-07 13:00:00,44560.75,RTGS
TXN_09915,ACC_0303,ACC_0731,2025-12-23 18:00:00,486585.48,UPI
TXN_09916,ACC_0703,ACC_0728,2026-04-24 12:00:00,340220.36,NEFT
TXN_09917,ACC_0227,ACC_0879,2024-07-27 07:00:00,120774.66,UPI
TXN_09918,ACC_0833,ACC_0835,2026-02-08 06:00:00,459608.89,IMPS
TXN_09919,ACC_0269,ACC_0511,2024-11-09 18:00:00,496900.49,RTGS
TXN_09920,ACC_1022,ACC_0626,2024-11-17 01:00:00,193867.75,IMPS
TXN_09921,ACC_0617,ACC_0223,2026-03-15 05:00:00,257320.51,RTGS
TXN_09922,ACC_0535,ACC_0305,2024-11-26 05:00:00,42260.88,RTGS
TXN_09923,ACC_0914,ACC_0116,2026-09-19 07:00:00,161016.79,NEFT
TXN_09924,ACC_0972,ACC_0991,2024-06-13 17:00:00,335642.66,RTGS
TXN_09925,ACC_0709,ACC_0501,2026-07-22 15:00:00,202284.84,NEFT
TXN_09926,ACC_0830,ACC_0152,2025-05-22 19:00:00,268167.72,NEFT
TXN_09927,ACC_0722,ACC_0700,2024-04-01 21:00:00,88756.84,IMPS
TXN_09928,ACC_0632,ACC_0469,2025-10-07 11:00:00,9515.13,UPI
TXN_09929,ACC_0537,ACC_0331,2025-06-30 02:00:00,169709.69,IMPS
TXN_09930,ACC_0179,ACC_0378,2026-10-06 04:00:00,33787.11,IMPS
TXN_09931,ACC_0949,ACC_1036,2026-07-19 09:00:00,364212.97,NEFT
TXN_09932,ACC_0439,ACC_1032,2026-08-16 14:00:00,446624.76,IMPS
TXN_09933,ACC_0267,ACC_0468,2026-09-10 01:00:00,148349.78,UPI
TXN_09934,ACC_0731,ACC_0675,2025-07-04 14:00:00,421896.43,NEFT
TXN_09935,ACC_0680,ACC_0159,2025-12-18 21:00:00,438508.99,NEFT
TXN_09936,ACC_0884,ACC_0301,2024-12-07 21:00:00,12495.12,UPI
TXN_09937,ACC_0814,ACC_0936,2025-07-18 01:00:00,93322.92,UPI
TXN_09938,ACC_0260,ACC_0327,2024-04-18 21:00:00,493975.72,UPI
TXN_09939,ACC_0117,ACC_0643,2026-08-14 20:00:00,3811.39,UPI
TXN_09940,ACC_0531,ACC_0703,2026-06-03 14:00:00,79026.76,IMPS
TXN_09941,ACC_0028,ACC_0331,2024-08-18 22:00:00,383275.04,RTGS
TXN_09942,ACC_0992,ACC_0533,2024-05-31 07:00:00,254250.18,RTGS
TXN_09943,ACC_0175,ACC_0046,2026-07-20 05:00:00,372238.01,NEFT
TXN_09944,ACC_0350,ACC_0374,2024-06-18 16:00:00,253693.88,UPI
TXN_09945,ACC_0464,ACC_0333,2024-08-03 15:00:00,361829.55,NEFT
TXN_09946,ACC_0999,ACC_0886,2026-10-27 17:00:00,228246.02,UPI
TXN_09947,ACC_0477,ACC_0882,2025-05-16 09:00:00,177864.77,NEFT
TXN_09948,ACC_0841,ACC_0216,2025-12-17 04:00:00,307518.89,IMPS
TXN_09949,ACC_0877,ACC_0036,2026-05-15 16:00:00,403242.06,NEFT
TXN_09950,ACC_0641,ACC_0085,2024-09-10 00:00:00,174570.54,UPI
TXN_09951,ACC_0371,ACC_0144,2025-06-19 13:00:00,433360.45,UPI
TXN_09952,ACC_0021,ACC_0915,2024-12-13 08:00:00,343741.11,RTGS
TXN_09953,ACC_0715,ACC_0283,2024-10-24 13:00:00,249612.08,UPI
TXN_09954,ACC_0125,ACC_0038,2024-04-07 18:00:00,181455.87,UPI
TXN_09955,ACC_0559,ACC_1037,2025-09-18 19:00:00,161253.82,NEFT
TXN_09956,ACC_0137,ACC_0796,2026-07-12 06:00:00,136494.35,UPI
TXN_09957,ACC_0571,ACC_0645,2026-07-24 22:00:00,197036.51,UPI
TXN_09958,ACC_0465,ACC_0839,2024-12-22 01:00:00,474740.41,IMPS
TXN_09959,ACC_0480,ACC_0104,2026-10-26 00:00:00,51344.14,IMPS
TXN_09960,ACC_0560,ACC_0632,2026-01-08 10:00:00,338237.86,IMPS
TXN_09961,ACC_0762,ACC_0683,2024-10-26 13:00:00,194072.68,IMPS
TXN_09962,ACC_0580,ACC_0814,2026-04-08 16:00:00,444943.62,RTGS
TXN_09963,ACC_0872,ACC_0671,2024-10-12 03:00:00,56137.68,RTGS
TXN_09964,ACC_0318,ACC_0514,2026-10-08 16:00:00,191725.75,UPI
TXN_09965,ACC_0746,ACC_0678,2024-04-02 19:00:00,183644.11,NEFT
TXN_09966,ACC_0660,ACC_0966,2026-07-21 03:00:00,296097.82,RTGS
TXN_09967,ACC_0471,ACC_0587,2026-04-13 16:00:00,431461.15,RTGS
TXN_09968,ACC_0012,ACC_0507,2026-10-26 22:00:00,29174.62,RTGS
TXN_09969,ACC_0974,ACC_0133,2026-09-19 05:00:00,114814.61,RTGS
TXN_09970,ACC_0479,ACC_0758,2026-06-02 07:00:00,278006.71,IMPS
TXN_09971,ACC_0145,ACC_0258,2026-02-02 04:00:00,127275.36,RTGS
TXN_09972,ACC_0532,ACC_0618,2025-01-07 19:00:00,241589.36,UPI
TXN_09973,ACC_0085,ACC_0094,2025-06-24 18:00:00,243485.66,UPI
TXN_09974,ACC_0834,ACC_0220,2025-05-22 09:00:00,50506.49,IMPS
TXN_09975,ACC_0683,ACC_0038,2024-05-20 01:00:00,360986.73,RTGS
TXN_09976,ACC_0912,ACC_0595,2025-10-14 07:00:00,164712.21,NEFT
TXN_09977,ACC_0307,ACC_1001,2025-02-24 09:00:00,160995.84,IMPS
TXN_09978,ACC_0124,ACC_0779,2026-02-23 22:00:00,168668.77,NEFT
TXN_09979,ACC_0609,ACC_0848,2024-07-04 10:00:00,176005.05,IMPS
TXN_09980,ACC_0326,ACC_0528,2024-07-03 06:00:00,40334.38,RTGS
TXN_09981,ACC_0814,ACC_0924,2024-04-02 09:00:00,369599.58,UPI
TXN_09982,ACC_0192,ACC_0692,2026-09-23 15:00:00,119581.52,RTGS
TXN_09983,ACC_0706,ACC_0139,2025-02-09 12:00:00,425558.26,UPI
TXN_09984,ACC_0299,ACC_0482,2024-10-14 05:00:00,163537.14,RTGS
TXN_09985,ACC_0718,ACC_0028,2024-10-17 01:00:00,473096.35,UPI
TXN_09986,ACC_0823,ACC_0602,2026-10-21 00:00:00,367248.16,UPI
TXN_09987,ACC_0249,ACC_0829,2026-08-03 18:00:00,134772.97,RTGS
TXN_09988,ACC_0471,ACC_0906,2025-10-04 19:00:00,268733.57,NEFT
TXN_09989,ACC_0469,ACC_0955,2025-10-07 22:00:00,302577.77,NEFT
TXN_09990,ACC_0936,ACC_0820,2026-04-14 14:00:00,27374.14,NEFT
TXN_09991,ACC_0176,ACC_0049,2026-01-07 13:00:00,467827.12,NEFT
TXN_09992,ACC_0557,ACC_0322,2025-10-16 14:00:00,469646.45,UPI
TXN_09993,ACC_1021,ACC_0558,2026-04-26 15:00:00,154985.28,RTGS
TXN_09994,ACC_0162,ACC_0143,2024-01-15 05:00:00,117364.97,IMPS
TXN_09995,ACC_0700,ACC_0507,2024-02-24 22:00:00,12979.18,IMPS
TXN_09996,ACC_0583,ACC_0939,2024-07-01 14:00:00,269246.5,NEFT
TXN_09997,ACC_0073,ACC_0920,2026-10-07 14:00:00,241655.04,NEFT
TXN_09998,ACC_0631,ACC_0349,2024-02-23 21:00:00,192375.89,UPI
TXN_09999,ACC_0707,ACC_0220,2026-05-03 04:00:00,467709.87,NEFT
TXN_10000,ACC_0015,ACC_0639,2025-02-05 21:00:00,96059.13,RTGS
TXN_10001,ACC_0209,ACC_0542,2025-05-01 00:00:00,54482.01,UPI
TXN_10002,ACC_0623,ACC_0991,2025-07-13 18:00:00,152488.85,IMPS
TXN_10003,ACC_0422,ACC_0636,2026-01-19 17:00:00,38687.13,UPI
TXN_10004,ACC_0489,ACC_0869,2026-03-26 02:00:00,468129.94,IMPS
TXN_10005,ACC_0571,ACC_0906,2026-09-15 01:00:00,191796.62,IMPS
TXN_10006,ACC_0786,ACC_0450,2024-05-21 11:00:00,37785.18,RTGS
TXN_10007,ACC_0130,ACC_0172,2024-11-08 21:00:00,375671.02,NEFT
TXN_10008,ACC_0832,ACC_0051,2026-08-24 07:00:00,338465.09,UPI
TXN_10009,ACC_0038,ACC_0487,2025-09-02 02:00:00,299092.28,IMPS
TXN_10010,ACC_0251,ACC_0862,2026-07-16 04:00:00,32659.36,RTGS
TXN_10011,ACC_0340,ACC_0406,2025-07-31 12:00:00,421252.87,UPI
TXN_10012,ACC_0746,ACC_0434,2024-08-03 10:00:00,341132.45,UPI
TXN_10013,ACC_0305,ACC_0840,2024-08-19 09:00:00,236168.95,UPI
TXN_10014,ACC_0235,ACC_0594,2025-04-23 15:00:00,396052.25,RTGS
TXN_10015,ACC_0433,ACC_0501,2024-05-27 06:00:00,126943.7,UPI
TXN_10016,ACC_0278,ACC_0048,2026-04-15 07:00:00,255622.54,UPI
TXN_10017,ACC_0907,ACC_0802,2024-12-28 16:00:00,256750.93,UPI
TXN_10018,ACC_0750,ACC_0834,2025-08-24 09:00:00,424262.34,IMPS
TXN_10019,ACC_0829,ACC_0523,2025-10-17 02:00:00,5642.44,IMPS
TXN_10020,ACC_0679,ACC_0872,2024-03-20 06:00:00,272782.31,IMPS
TXN_10021,ACC_0791,ACC_0217,2025-09-26 20:00:00,409927.05,RTGS
TXN_10022,ACC_0712,ACC_0775,2026-06-08 18:00:00,353741.12,RTGS
TXN_10023,ACC_0877,ACC_0895,2025-03-21 09:00:00,66017.92,UPI
TXN_10024,ACC_0053,ACC_0512,2025-05-08 12:00:00,177390.95,IMPS
TXN_10025,ACC_0792,ACC_0497,2025-04-01 03:00:00,258208.65,NEFT
TXN_10026,ACC_0292,ACC_0810,2025-08-09 09:00:00,72926.4,NEFT
TXN_10027,ACC_0834,ACC_0151,2025-02-27 05:00:00,285697.46,IMPS
TXN_10028,ACC_0763,ACC_0873,2025-11-08 07:00:00,381905.26,NEFT
TXN_10029,ACC_0938,ACC_0484,2024-04-24 23:00:00,71230.48,UPI
TXN_10030,ACC_0693,ACC_0402,2026-10-15 02:00:00,26738.42,UPI
TXN_10031,ACC_0383,ACC_0183,2025-12-31 16:00:00,478379.76,IMPS
TXN_10032,ACC_0147,ACC_0403,2026-05-18 07:00:00,443282.16,NEFT
TXN_10033,ACC_0498,ACC_0551,2024-06-16 13:00:00,277383.27,IMPS
TXN_10034,ACC_0409,ACC_0840,2024-10-13 01:00:00,472427.85,UPI
TXN_10035,ACC_0421,ACC_0764,2026-01-21 17:00:00,481780.58,IMPS
TXN_10036,ACC_0197,ACC_0958,2025-10-27 18:00:00,317176.69,UPI
TXN_10037,ACC_1037,ACC_0028,2024-12-26 06:00:00,440636.4,UPI
TXN_10038,ACC_0459,ACC_0412,2024-08-28 09:00:00,441325.54,NEFT
TXN_10039,ACC_0364,ACC_0224,2024-10-19 07:00:00,219418.49,RTGS
TXN_10040,ACC_0752,ACC_0117,2024-09-19 14:00:00,494335.88,NEFT
TXN_10041,ACC_0529,ACC_0827,2024-12-14 00:00:00,102407.66,RTGS
TXN_10042,ACC_0031,ACC_0261,2024-05-11 09:00:00,98060.65,RTGS
TXN_10043,ACC_0317,ACC_0252,2025-12-28 18:00:00,83867.5,NEFT
TXN_10044,ACC_0726,ACC_0582,2026-05-14 07:00:00,3207.22,IMPS
TXN_10045,ACC_0555,ACC_0226,2026-04-20 18:00:00,375503.87,NEFT
TXN_10046,ACC_0115,ACC_0091,2026-08-23 09:00:00,195244.04,NEFT
TXN_10047,ACC_0973,ACC_0284,2026-09-22 18:00:00,209830.75,UPI
TXN_10048,ACC_0401,ACC_0343,2025-01-29 15:00:00,305769.83,RTGS
TXN_10049,ACC_0183,ACC_0151,2025-07-29 09:00:00,77151.14,UPI
TXN_10050,ACC_0954,ACC_0107,2026-06-12 05:00:00,4323.3,RTGS
TXN_10051,ACC_0761,ACC_1013,2024-05-23 21:00:00,88562.97,RTGS
TXN_10052,ACC_0630,ACC_0165,2025-12-03 16:00:00,159109.29,UPI
TXN_10053,ACC_0763,ACC_0348,2024-04-19 11:00:00,422301.24,IMPS
TXN_10054,ACC_0211,ACC_0807,2025-06-29 23:00:00,395568.69,RTGS
TXN_10055,ACC_0269,ACC_0532,2026-10-29 18:00:00,437083.52,RTGS
TXN_10056,ACC_0017,ACC_0339,2024-06-17 18:00:00,334252.11,UPI
TXN_10057,ACC_0785,ACC_0186,2026-05-01 06:00:00,5144.24,NEFT
TXN_10058,ACC_0751,ACC_0502,2025-06-05 09:00:00,153015.07,UPI
TXN_10059,ACC_0392,ACC_0847,2026-04-04 18:00:00,84341.71,UPI
TXN_10060,ACC_0710,ACC_0807,2024-11-29 12:00:00,292372.97,UPI
TXN_10061,ACC_0805,ACC_0450,2026-10-29 02:00:00,417058.17,IMPS
TXN_10062,ACC_0494,ACC_0728,2025-04-05 14:00:00,61781.43,UPI
TXN_10063,ACC_0343,ACC_0141,2024-03-31 08:00:00,71014.59,RTGS
TXN_10064,ACC_0606,ACC_0876,2026-06-02 20:00:00,351040.85,UPI
TXN_10065,ACC_0252,ACC_0984,2024-03-03 03:00:00,474218.11,IMPS
TXN_10066,ACC_0566,ACC_0892,2024-12-26 02:00:00,27239.55,RTGS
TXN_10067,ACC_0240,ACC_0346,2026-01-25 18:00:00,400087.2,UPI
TXN_10068,ACC_0324,ACC_0630,2026-02-13 01:00:00,132211.53,NEFT
TXN_10069,ACC_0108,ACC_0116,2026-05-30 22:00:00,336980.78,UPI
TXN_10070,ACC_0243,ACC_0526,2026-06-26 04:00:00,28933.02,NEFT
TXN_10071,ACC_0115,ACC_0296,2026-01-07 07:00:00,56895.2,IMPS
TXN_10072,ACC_0400,ACC_0544,2025-06-22 05:00:00,479120.11,RTGS
TXN_10073,ACC_0164,ACC_0669,2024-12-11 03:00:00,229779.88,IMPS
TXN_10074,ACC_0239,ACC_0590,2026-02-13 23:00:00,314713.1,RTGS
TXN_10075,ACC_0552,ACC_0845,2025-09-05 22:00:00,384907.64,IMPS
TXN_10076,ACC_1001,ACC_0475,2024-04-04 10:00:00,110059.41,RTGS
TXN_10077,ACC_0252,ACC_0729,2026-08-27 23:00:00,152389.32,IMPS
TXN_10078,ACC_0176,ACC_0605,2024-12-04 01:00:00,108744.71,NEFT
TXN_10079,ACC_0360,ACC_0288,2025-10-05 04:00:00,470895.78,IMPS
TXN_10080,ACC_0196,ACC_0903,2024-06-25 13:00:00,54931.2,RTGS
TXN_10081,ACC_0052,ACC_0882,2024-02-13 23:00:00,425160.37,UPI
TXN_10082,ACC_0647,ACC_0061,2024-10-30 09:00:00,83853.26,RTGS
TXN_10083,ACC_0597,ACC_0155,2026-07-10 05:00:00,9452.5,UPI
TXN_10084,ACC_0170,ACC_0775,2025-10-11 14:00:00,383224.34,IMPS
TXN_10085,ACC_0868,ACC_0915,2025-07-03 18:00:00,460944.77,RTGS
TXN_10086,ACC_0627,ACC_0928,2024-03-06 18:00:00,255734.69,NEFT
TXN_10087,ACC_0106,ACC_1025,2025-02-14 16:00:00,45357.79,UPI
TXN_10088,ACC_0014,ACC_0100,2024-12-07 15:00:00,423425.96,UPI
TXN_10089,ACC_0151,ACC_0525,2024-05-18 23:00:00,485141.43,RTGS
TXN_10090,ACC_0605,ACC_0974,2024-04-18 19:00:00,252574.07,UPI
TXN_10091,ACC_0507,ACC_0325,2024-06-22 09:00:00,123562.27,NEFT
TXN_10092,ACC_0394,ACC_0284,2024-09-30 20:00:00,156417.59,RTGS
TXN_10093,ACC_0434,ACC_0531,2024-02-24 04:00:00,349912.9,NEFT
TXN_10094,ACC_1024,ACC_0379,2024-12-27 05:00:00,451665.86,IMPS
TXN_10095,ACC_0812,ACC_0683,2025-12-12 06:00:00,423422.52,RTGS
TXN_10096,ACC_0959,ACC_0681,2026-11-05 23:00:00,326681.99,IMPS
TXN_10097,ACC_0831,ACC_0721,2025-01-31 03:00:00,416944.98,IMPS
TXN_10098,ACC_0032,ACC_0143,2024-05-27 06:00:00,48205.47,IMPS
TXN_10099,ACC_0487,ACC_0301,2025-04-14 04:00:00,272558.91,RTGS
TXN_10100,ACC_0215,ACC_0144,2024-09-29 17:00:00,316896.95,NEFT
TXN_10101,ACC_0099,ACC_0033,2024-01-12 15:00:00,238486.2,UPI
TXN_10102,ACC_0076,ACC_0263,2025-05-18 11:00:00,87289.46,RTGS
TXN_10103,ACC_0356,ACC_0511,2025-10-29 16:00:00,220256.4,RTGS
TXN_10104,ACC_0971,ACC_0906,2025-09-05 17:00:00,418992.84,IMPS
TXN_10105,ACC_0439,ACC_0628,2024-04-30 01:00:00,330825.16,IMPS
TXN_10106,ACC_0386,ACC_0400,2026-02-23 07:00:00,439797.45,UPI
TXN_10107,ACC_0532,ACC_0282,2026-10-08 17:00:00,199324.54,NEFT
TXN_10108,ACC_0737,ACC_0922,2024-01-21 00:00:00,277725.39,UPI
TXN_10109,ACC_0636,ACC_0732,2024-05-29 17:00:00,347487.8,IMPS
TXN_10110,ACC_0979,ACC_1020,2024-05-23 16:00:00,376058.43,UPI
TXN_10111,ACC_0260,ACC_0856,2024-02-11 18:00:00,219006.76,IMPS
TXN_10112,ACC_0838,ACC_0726,2024-10-02 21:00:00,139651.82,NEFT
TXN_10113,ACC_0123,ACC_0933,2024-04-12 19:00:00,488755.24,RTGS
TXN_10114,ACC_0471,ACC_0741,2026-06-21 12:00:00,194823.9,RTGS
TXN_10115,ACC_0023,ACC_0933,2025-12-01 01:00:00,457150.47,UPI
TXN_10116,ACC_0287,ACC_0293,2024-08-20 21:00:00,46857.85,IMPS
TXN_10117,ACC_0723,ACC_0359,2025-11-13 02:00:00,461597.03,IMPS
TXN_10118,ACC_0621,ACC_0502,2025-03-22 10:00:00,478463.78,RTGS
TXN_10119,ACC_0425,ACC_0520,2025-03-10 12:00:00,397260.33,UPI
TXN_10120,ACC_0356,ACC_0256,2026-08-25 21:00:00,406736.59,IMPS
TXN_10121,ACC_0352,ACC_0785,2025-01-20 18:00:00,124117.99,RTGS
TXN_10122,ACC_0069,ACC_0066,2024-11-07 09:00:00,482217.44,RTGS
TXN_10123,ACC_0233,ACC_0201,2024-10-31 07:00:00,265409.06,NEFT
TXN_10124,ACC_0661,ACC_0150,2026-09-21 10:00:00,323826.31,IMPS
TXN_10125,ACC_0220,ACC_0361,2024-12-13 11:00:00,17898.44,IMPS
TXN_10126,ACC_0933,ACC_0381,2025-08-17 02:00:00,292576.69,NEFT
TXN_10127,ACC_0207,ACC_0465,2025-05-10 23:00:00,13849.86,RTGS
TXN_10128,ACC_0459,ACC_0700,2025-03-04 15:00:00,390591.27,IMPS
TXN_10129,ACC_0872,ACC_1000,2024-04-20 14:00:00,334996.78,UPI
TXN_10130,ACC_0646,ACC_0794,2024-04-18 23:00:00,484564.92,NEFT
TXN_10131,ACC_0275,ACC_0021,2025-04-18 21:00:00,82490.77,IMPS
TXN_10132,ACC_0726,ACC_0630,2026-02-23 00:00:00,275133.02,NEFT
TXN_10133,ACC_0651,ACC_0239,2026-05-29 22:00:00,56873.04,IMPS
TXN_10134,ACC_0786,ACC_0528,2025-05-27 12:00:00,142508.48,NEFT
TXN_10135,ACC_0657,ACC_0095,2025-04-03 11:00:00,422389.6,UPI
TXN_10136,ACC_0490,ACC_0592,2024-03-28 06:00:00,256770.95,UPI
TXN_10137,ACC_0776,ACC_0763,2024-07-07 18:00:00,212452.28,UPI
TXN_10138,ACC_0296,ACC_0870,2026-08-31 18:00:00,220841.99,IMPS
TXN_10139,ACC_0631,ACC_0634,2024-11-12 15:00:00,28253.8,IMPS
TXN_10140,ACC_1002,ACC_0875,2024-10-02 04:00:00,131670.82,RTGS
TXN_10141,ACC_0143,ACC_1000,2024-06-24 23:00:00,119711.5,NEFT
TXN_10142,ACC_0207,ACC_0069,2026-08-25 16:00:00,490516.79,RTGS
TXN_10143,ACC_0124,ACC_0494,2024-08-25 09:00:00,382943.99,IMPS
TXN_10144,ACC_0701,ACC_0501,2025-09-02 06:00:00,34028.46,UPI
TXN_10145,ACC_0295,ACC_0450,2024-05-09 06:00:00,101556.59,NEFT
TXN_10146,ACC_0417,ACC_0797,2024-09-02 09:00:00,62141.84,IMPS
TXN_10147,ACC_0386,ACC_0734,2026-08-12 17:00:00,491568.92,IMPS
TXN_10148,ACC_0659,ACC_0829,2026-08-12 05:00:00,136311.24,NEFT
TXN_10149,ACC_0590,ACC_0090,2024-08-04 18:00:00,436992.63,RTGS
TXN_10150,ACC_0679,ACC_0112,2024-10-10 15:00:00,57218.88,UPI
TXN_10151,ACC_0748,ACC_0794,2025-12-09 12:00:00,282725.37,IMPS
TXN_10152,ACC_0638,ACC_0906,2026-02-13 18:00:00,101498.5,IMPS
TXN_10153,ACC_0087,ACC_0651,2024-03-12 23:00:00,35793.66,UPI
TXN_10154,ACC_0050,ACC_0807,2024-01-04 04:00:00,353028.04,NEFT
TXN_10155,ACC_0927,ACC_0629,2026-08-14 01:00:00,393974.28,RTGS
TXN_10156,ACC_0929,ACC_0110,2024-04-05 13:00:00,129154.35,IMPS
TXN_10157,ACC_0928,ACC_0941,2024-06-23 08:00:00,153837.92,NEFT
TXN_10158,ACC_0843,ACC_0920,2024-04-02 21:00:00,127345.41,RTGS
TXN_10159,ACC_0493,ACC_0064,2024-02-06 10:00:00,171719.98,RTGS
TXN_10160,ACC_0112,ACC_0435,2024-10-14 05:00:00,48720.78,IMPS
TXN_10161,ACC_0259,ACC_0555,2025-04-02 13:00:00,395371.13,UPI
TXN_10162,ACC_0981,ACC_0103,2025-05-21 23:00:00,127360.06,IMPS
TXN_10163,ACC_0928,ACC_0041,2026-02-13 23:00:00,1566.9,NEFT
TXN_10164,ACC_0364,ACC_0186,2026-01-04 05:00:00,321205.35,RTGS
TXN_10165,ACC_0399,ACC_0267,2026-07-29 13:00:00,279606.42,UPI
TXN_10166,ACC_0183,ACC_0351,2024-12-26 01:00:00,325336.89,UPI
TXN_10167,ACC_0005,ACC_0092,2025-04-04 11:00:00,498794.65,UPI
TXN_10168,ACC_1030,ACC_0207,2024-05-13 02:00:00,72994.46,UPI
TXN_10169,ACC_0511,ACC_0436,2025-11-28 19:00:00,341952.79,IMPS
TXN_10170,ACC_0581,ACC_0540,2025-10-14 18:00:00,332546.11,IMPS
TXN_10171,ACC_0463,ACC_0248,2025-10-14 13:00:00,344261.34,IMPS
TXN_10172,ACC_0896,ACC_0016,2024-04-23 22:00:00,248758.06,NEFT
TXN_10173,ACC_0471,ACC_0904,2025-07-23 04:00:00,226538.32,NEFT
TXN_10174,ACC_0050,ACC_0054,2024-08-14 00:00:00,116367.67,IMPS
TXN_10175,ACC_0102,ACC_0140,2026-08-02 23:00:00,232393.04,RTGS
TXN_10176,ACC_0858,ACC_1039,2025-02-09 13:00:00,425922.42,NEFT
TXN_10177,ACC_0759,ACC_0612,2026-09-20 20:00:00,224708.48,UPI
TXN_10178,ACC_0950,ACC_0968,2024-10-22 16:00:00,367634.14,UPI
TXN_10179,ACC_0875,ACC_0987,2026-04-30 09:00:00,86193.09,IMPS
TXN_10180,ACC_0771,ACC_0473,2025-10-20 03:00:00,362334.93,UPI
TXN_10181,ACC_0366,ACC_0043,2026-10-24 16:00:00,243738.97,RTGS
TXN_10182,ACC_0086,ACC_0817,2026-01-13 14:00:00,363580.7,NEFT
TXN_10183,ACC_0616,ACC_0158,2025-11-09 06:00:00,997.99,UPI
TXN_10184,ACC_0149,ACC_0201,2025-03-06 15:00:00,480493.53,NEFT
TXN_10185,ACC_0627,ACC_0201,2025-07-06 00:00:00,162909.93,UPI
TXN_10186,ACC_0144,ACC_0940,2025-01-11 11:00:00,11540.36,NEFT
TXN_10187,ACC_0882,ACC_0950,2025-03-30 22:00:00,138092.66,IMPS
TXN_10188,ACC_0924,ACC_0686,2026-10-23 10:00:00,207455.53,RTGS
TXN_10189,ACC_0959,ACC_0146,2026-01-06 11:00:00,35025.22,IMPS
TXN_10190,ACC_0911,ACC_0437,2025-10-21 09:00:00,201475.25,UPI
TXN_10191,ACC_0377,ACC_0979,2026-01-08 07:00:00,295324.19,IMPS
TXN_10192,ACC_0011,ACC_0198,2024-05-28 04:00:00,383714.7,NEFT
TXN_10193,ACC_0923,ACC_0954,2025-01-25 00:00:00,334590.18,IMPS
TXN_10194,ACC_0309,ACC_0366,2026-08-26 12:00:00,64621.86,RTGS
TXN_10195,ACC_0549,ACC_0159,2025-11-19 10:00:00,167700.03,IMPS
TXN_10196,ACC_0422,ACC_0147,2024-08-09 23:00:00,366324.24,NEFT
TXN_10197,ACC_0666,ACC_0648,2025-03-18 18:00:00,400105.95,RTGS
TXN_10198,ACC_0294,ACC_0730,2025-03-20 08:00:00,465601.63,NEFT
TXN_10199,ACC_0332,ACC_0168,2025-07-10 16:00:00,25732.8,UPI
TXN_10200,ACC_0511,ACC_0737,2024-10-05 01:00:00,128815.68,UPI
TXN_10201,ACC_0185,ACC_1016,2026-06-13 03:00:00,167187.04,NEFT
TXN_10202,ACC_0276,ACC_0011,2025-01-08 04:00:00,300738.96,UPI
TXN_10203,ACC_0159,ACC_0407,2026-03-03 17:00:00,490558.01,IMPS
TXN_10204,ACC_0070,ACC_0983,2025-03-01 04:00:00,349266.44,RTGS
TXN_10205,ACC_0856,ACC_0580,2025-12-25 09:00:00,382490.35,RTGS
TXN_10206,ACC_0482,ACC_0023,2026-05-29 00:00:00,333856.78,IMPS
TXN_10207,ACC_0833,ACC_0507,2024-11-28 00:00:00,94796.46,IMPS
TXN_10208,ACC_0440,ACC_0366,2025-01-07 23:00:00,328722.26,NEFT
TXN_10209,ACC_0185,ACC_0642,2024-07-11 17:00:00,12756.1,NEFT
TXN_10210,ACC_0188,ACC_0021,2026-09-28 22:00:00,465496.5,IMPS
TXN_10211,ACC_0661,ACC_0667,2024-04-28 06:00:00,169124.4,RTGS
TXN_10212,ACC_0444,ACC_0682,2024-06-14 09:00:00,184488.0,UPI
TXN_10213,ACC_0481,ACC_0522,2026-08-18 05:00:00,125487.72,NEFT
TXN_10214,ACC_0512,ACC_0561,2026-01-20 01:00:00,194066.96,UPI
TXN_10215,ACC_0956,ACC_0443,2025-11-08 20:00:00,37391.06,IMPS
TXN_10216,ACC_0691,ACC_0888,2026-01-27 06:00:00,261114.42,IMPS
TXN_10217,ACC_0389,ACC_0381,2024-12-16 14:00:00,321988.87,UPI
TXN_10218,ACC_0428,ACC_0552,2024-03-23 15:00:00,126885.26,IMPS
TXN_10219,ACC_0316,ACC_0576,2025-04-21 19:00:00,65162.89,UPI
TXN_10220,ACC_1033,ACC_0010,2025-05-30 07:00:00,154148.3,UPI
TXN_10221,ACC_0664,ACC_0179,2026-10-12 12:00:00,461240.7,IMPS
TXN_10222,ACC_0960,ACC_0037,2025-06-09 05:00:00,62635.86,IMPS
TXN_10223,ACC_0941,ACC_0813,2025-03-23 16:00:00,470539.76,NEFT
TXN_10224,ACC_0776,ACC_0863,2026-07-19 05:00:00,93796.23,RTGS
TXN_10225,ACC_0107,ACC_0218,2025-12-08 15:00:00,160033.98,IMPS
TXN_10226,ACC_0428,ACC_0377,2025-07-14 03:00:00,52560.68,RTGS
TXN_10227,ACC_0428,ACC_0826,2024-12-24 00:00:00,43279.25,RTGS
TXN_10228,ACC_1002,ACC_0163,2025-02-21 05:00:00,399524.44,IMPS
TXN_10229,ACC_0055,ACC_0321,2025-09-18 09:00:00,263237.62,RTGS
TXN_10230,ACC_0361,ACC_0411,2024-07-22 01:00:00,201491.65,UPI
TXN_10231,ACC_0607,ACC_0265,2026-08-06 03:00:00,426075.85,UPI
TXN_10232,ACC_0475,ACC_0372,2025-04-30 11:00:00,7505.94,NEFT
TXN_10233,ACC_0604,ACC_0695,2025-01-06 03:00:00,96924.03,UPI
TXN_10234,ACC_0285,ACC_0629,2025-06-26 10:00:00,33421.9,UPI
TXN_10235,ACC_0396,ACC_0690,2025-05-25 11:00:00,95420.89,RTGS
TXN_10236,ACC_0965,ACC_0239,2024-08-25 07:00:00,69034.23,NEFT
TXN_10237,ACC_0420,ACC_1036,2025-08-28 17:00:00,410667.92,NEFT
TXN_10238,ACC_0037,ACC_0839,2026-09-24 01:00:00,99801.52,IMPS
TXN_10239,ACC_0043,ACC_0773,2025-05-12 13:00:00,23507.44,RTGS
TXN_10240,ACC_0671,ACC_0339,2025-02-13 22:00:00,220704.07,IMPS
TXN_10241,ACC_0028,ACC_0789,2026-08-04 21:00:00,198541.72,IMPS
TXN_10242,ACC_1038,ACC_0493,2024-08-18 03:00:00,61374.5,UPI
TXN_10243,ACC_0913,ACC_0674,2025-11-05 23:00:00,473967.08,UPI
TXN_10244,ACC_0233,ACC_0517,2024-07-23 15:00:00,162223.35,IMPS
TXN_10245,ACC_0379,ACC_0051,2025-07-28 03:00:00,301559.89,NEFT
TXN_10246,ACC_0779,ACC_0289,2024-05-27 22:00:00,294609.39,IMPS
TXN_10247,ACC_0209,ACC_0466,2024-07-22 00:00:00,413904.39,UPI
TXN_10248,ACC_0343,ACC_1012,2025-08-02 09:00:00,379744.66,UPI
TXN_10249,ACC_0543,ACC_0122,2026-03-01 09:00:00,240138.5,RTGS
TXN_10250,ACC_0923,ACC_0537,2025-03-04 07:00:00,325394.59,NEFT
TXN_10251,ACC_0268,ACC_0765,2024-03-18 01:00:00,201513.97,UPI
TXN_10252,ACC_0334,ACC_0705,2026-03-21 03:00:00,100187.42,IMPS
TXN_10253,ACC_0652,ACC_0278,2025-10-06 07:00:00,84197.67,UPI
TXN_10254,ACC_0764,ACC_0761,2025-05-15 19:00:00,402518.67,UPI
TXN_10255,ACC_0009,ACC_0445,2024-11-29 23:00:00,338524.4,IMPS
TXN_10256,ACC_0681,ACC_0021,2024-12-26 09:00:00,18143.07,RTGS
TXN_10257,ACC_0897,ACC_0287,2025-05-19 16:00:00,35799.4,IMPS
TXN_10258,ACC_0843,ACC_0351,2025-01-18 23:00:00,219735.11,NEFT
TXN_10259,ACC_0703,ACC_1022,2024-04-25 00:00:00,8227.71,RTGS
TXN_10260,ACC_0379,ACC_0325,2024-01-26 19:00:00,21430.89,UPI
TXN_10261,ACC_0239,ACC_0760,2026-10-26 06:00:00,466945.17,NEFT
TXN_10262,ACC_0212,ACC_0234,2026-01-27 22:00:00,359880.97,UPI
TXN_10263,ACC_0782,ACC_0270,2026-04-21 05:00:00,38305.63,UPI
TXN_10264,ACC_0263,ACC_0596,2024-10-01 15:00:00,118797.41,UPI
TXN_10265,ACC_0579,ACC_1018,2025-10-25 05:00:00,422102.55,UPI
TXN_10266,ACC_0394,ACC_0975,2025-04-23 14:00:00,58765.57,NEFT
TXN_10267,ACC_0654,ACC_0270,2024-03-06 00:00:00,29685.51,IMPS
TXN_10268,ACC_0412,ACC_0005,2025-03-13 17:00:00,201673.17,NEFT
TXN_10269,ACC_0090,ACC_0505,2026-02-13 05:00:00,37411.99,RTGS
TXN_10270,ACC_0974,ACC_0138,2024-12-20 13:00:00,69025.25,IMPS
TXN_10271,ACC_0984,ACC_0177,2026-08-26 22:00:00,26346.28,NEFT
TXN_10272,ACC_0358,ACC_0100,2024-07-08 06:00:00,374145.06,NEFT
TXN_10273,ACC_0776,ACC_0585,2026-06-13 21:00:00,62150.42,NEFT
TXN_10274,ACC_0526,ACC_0796,2026-05-29 12:00:00,485322.2,RTGS
TXN_10275,ACC_0203,ACC_0478,2026-01-11 22:00:00,356641.74,RTGS
TXN_10276,ACC_0910,ACC_0610,2025-02-28 19:00:00,347263.5,UPI
TXN_10277,ACC_1037,ACC_1005,2024-04-10 10:00:00,33507.91,UPI
TXN_10278,ACC_0200,ACC_0235,2026-10-26 06:00:00,314748.96,UPI
TXN_10279,ACC_0644,ACC_0024,2025-10-12 20:00:00,50903.79,NEFT
TXN_10280,ACC_0984,ACC_0708,2025-01-03 02:00:00,374063.03,NEFT
TXN_10281,ACC_0996,ACC_0768,2025-01-28 01:00:00,150019.96,RTGS
TXN_10282,ACC_0766,ACC_0457,2026-06-01 18:00:00,308909.68,UPI
TXN_10283,ACC_0832,ACC_1017,2026-06-10 21:00:00,289253.57,IMPS
TXN_10284,ACC_0928,ACC_0288,2025-05-15 06:00:00,370894.86,NEFT
TXN_10285,ACC_0853,ACC_0399,2024-05-26 21:00:00,168240.77,IMPS
TXN_10286,ACC_0326,ACC_0214,2025-05-26 05:00:00,148819.7,RTGS
TXN_10287,ACC_0835,ACC_0532,2024-07-03 20:00:00,483912.06,UPI
TXN_10288,ACC_0583,ACC_0739,2025-05-27 18:00:00,473479.93,UPI
TXN_10289,ACC_0323,ACC_0080,2026-01-04 15:00:00,282840.67,RTGS
TXN_10290,ACC_0954,ACC_0801,2025-08-24 13:00:00,316128.71,IMPS
TXN_10291,ACC_0342,ACC_0963,2024-03-08 13:00:00,10682.77,NEFT
TXN_10292,ACC_0093,ACC_1037,2024-09-26 04:00:00,33880.78,RTGS
TXN_10293,ACC_0905,ACC_1027,2024-09-26 18:00:00,51286.93,IMPS
TXN_10294,ACC_0170,ACC_0821,2026-08-22 21:00:00,81944.05,NEFT
TXN_10295,ACC_0866,ACC_0081,2026-06-12 02:00:00,157234.64,IMPS
TXN_10296,ACC_0889,ACC_0309,2026-08-17 20:00:00,270610.52,NEFT
TXN_10297,ACC_0046,ACC_0218,2026-08-06 16:00:00,298955.56,UPI
TXN_10298,ACC_0955,ACC_0998,2026-06-21 01:00:00,192098.2,UPI
TXN_10299,ACC_0778,ACC_0694,2024-05-06 14:00:00,223751.46,IMPS
TXN_10300,ACC_0350,ACC_0805,2026-05-11 02:00:00,415517.01,NEFT
TXN_10301,ACC_1026,ACC_0054,2025-02-20 19:00:00,77373.52,NEFT
TXN_10302,ACC_0869,ACC_0866,2025-04-04 06:00:00,233896.76,NEFT
TXN_10303,ACC_0771,ACC_1026,2025-09-29 05:00:00,146819.12,RTGS
TXN_10304,ACC_0298,ACC_0239,2026-09-02 14:00:00,115000.17,RTGS
TXN_10305,ACC_0869,ACC_0252,2026-08-26 19:00:00,113396.12,NEFT
TXN_10306,ACC_0986,ACC_0218,2024-01-14 16:00:00,179107.54,NEFT
TXN_10307,ACC_0183,ACC_0464,2026-03-21 02:00:00,144445.68,NEFT
TXN_10308,ACC_0124,ACC_0784,2025-12-13 09:00:00,156062.49,UPI
TXN_10309,ACC_0930,ACC_0096,2024-01-23 20:00:00,401336.28,NEFT
TXN_10310,ACC_0240,ACC_0494,2026-08-04 15:00:00,140013.01,IMPS
TXN_10311,ACC_0155,ACC_0368,2024-09-27 19:00:00,18147.6,RTGS
TXN_10312,ACC_0968,ACC_0468,2025-03-03 08:00:00,18497.55,UPI
TXN_10313,ACC_0141,ACC_0862,2024-09-23 02:00:00,173456.26,IMPS
TXN_10314,ACC_0486,ACC_0263,2026-02-08 06:00:00,133603.15,IMPS
TXN_10315,ACC_0761,ACC_0712,2024-02-18 09:00:00,249613.62,NEFT
TXN_10316,ACC_0054,ACC_0984,2026-11-01 14:00:00,227239.54,UPI
TXN_10317,ACC_0166,ACC_0317,2024-06-02 18:00:00,386118.16,UPI
TXN_10318,ACC_0630,ACC_0729,2024-01-01 19:00:00,424447.75,IMPS
TXN_10319,ACC_0237,ACC_0232,2025-04-17 17:00:00,347213.76,UPI
TXN_10320,ACC_0370,ACC_0930,2026-09-19 14:00:00,308653.11,NEFT
TXN_10321,ACC_0640,ACC_0524,2024-01-08 08:00:00,485032.82,NEFT
TXN_10322,ACC_0507,ACC_0206,2024-08-29 08:00:00,102363.46,IMPS
TXN_10323,ACC_0824,ACC_0661,2024-06-02 07:00:00,495169.72,RTGS
TXN_10324,ACC_0692,ACC_0768,2026-06-29 05:00:00,9335.53,NEFT
TXN_10325,ACC_0279,ACC_0373,2025-12-30 03:00:00,242502.21,UPI
TXN_10326,ACC_0471,ACC_0901,2025-04-11 03:00:00,348511.06,RTGS
TXN_10327,ACC_0514,ACC_0568,2025-11-13 00:00:00,90378.76,IMPS
TXN_10328,ACC_0721,ACC_0736,2026-02-01 23:00:00,472463.47,NEFT
TXN_10329,ACC_0768,ACC_0343,2024-10-19 18:00:00,364083.16,NEFT
TXN_10330,ACC_0700,ACC_0809,2025-10-17 16:00:00,383092.26,UPI
TXN_10331,ACC_0940,ACC_0949,2024-06-22 21:00:00,131217.44,UPI
TXN_10332,ACC_0651,ACC_0434,2026-10-30 11:00:00,320900.04,NEFT
TXN_10333,ACC_0030,ACC_0504,2026-04-18 19:00:00,407744.08,IMPS
TXN_10334,ACC_0580,ACC_0484,2026-06-23 06:00:00,451584.27,UPI
TXN_10335,ACC_0312,ACC_0594,2025-11-08 16:00:00,332073.66,UPI
TXN_10336,ACC_1016,ACC_0965,2025-05-13 07:00:00,173724.8,RTGS
TXN_10337,ACC_0573,ACC_0019,2024-04-01 02:00:00,196244.02,UPI
TXN_10338,ACC_0946,ACC_0763,2026-04-13 15:00:00,129787.02,IMPS
TXN_10339,ACC_0599,ACC_0588,2025-11-23 02:00:00,17878.29,RTGS
TXN_10340,ACC_0058,ACC_0239,2024-06-14 19:00:00,473731.75,NEFT
TXN_10341,ACC_0385,ACC_0139,2025-03-26 07:00:00,91664.55,IMPS
TXN_10342,ACC_0451,ACC_0487,2024-02-20 06:00:00,150802.29,NEFT
TXN_10343,ACC_0902,ACC_0278,2025-09-30 01:00:00,337311.64,RTGS
TXN_10344,ACC_0973,ACC_0690,2026-07-18 21:00:00,234954.23,IMPS
TXN_10345,ACC_0547,ACC_0123,2025-06-22 15:00:00,328393.86,IMPS
TXN_10346,ACC_0027,ACC_0613,2024-02-14 06:00:00,275031.37,RTGS
TXN_10347,ACC_0314,ACC_0510,2026-09-26 06:00:00,278738.95,UPI
TXN_10348,ACC_0443,ACC_0394,2026-04-04 08:00:00,17183.41,IMPS
TXN_10349,ACC_0599,ACC_0423,2025-04-01 07:00:00,46006.85,IMPS
TXN_10350,ACC_0497,ACC_1015,2025-02-19 01:00:00,45637.79,RTGS
TXN_10351,ACC_0386,ACC_0592,2024-10-05 16:00:00,417283.7,IMPS
TXN_10352,ACC_0289,ACC_0929,2025-07-19 11:00:00,89337.65,IMPS
TXN_10353,ACC_0732,ACC_0177,2025-09-13 23:00:00,39359.54,NEFT
TXN_10354,ACC_0974,ACC_1024,2025-03-15 12:00:00,325451.48,UPI
TXN_10355,ACC_0686,ACC_0752,2025-09-01 17:00:00,165438.75,UPI
TXN_10356,ACC_0265,ACC_0221,2024-09-13 22:00:00,298464.51,RTGS
TXN_10357,ACC_0845,ACC_0653,2025-12-07 07:00:00,21454.34,RTGS
TXN_10358,ACC_0045,ACC_0674,2024-02-22 04:00:00,343541.41,UPI
TXN_10359,ACC_0444,ACC_0625,2026-05-25 07:00:00,448899.08,IMPS
TXN_10360,ACC_0092,ACC_0848,2025-03-25 01:00:00,336085.28,IMPS
TXN_10361,ACC_0072,ACC_0906,2026-08-17 18:00:00,248053.56,IMPS
TXN_10362,ACC_0106,ACC_0616,2025-01-03 20:00:00,190751.14,IMPS
TXN_10363,ACC_0483,ACC_0869,2025-01-14 09:00:00,399403.01,RTGS
TXN_10364,ACC_0494,ACC_0665,2026-10-13 13:00:00,354329.84,UPI
TXN_10365,ACC_1039,ACC_0774,2024-04-27 04:00:00,147619.65,RTGS
TXN_10366,ACC_0079,ACC_0314,2026-02-05 17:00:00,69686.62,NEFT
TXN_10367,ACC_0957,ACC_0635,2024-03-09 12:00:00,425192.62,NEFT
TXN_10368,ACC_0728,ACC_0492,2024-08-09 14:00:00,324970.81,RTGS
TXN_10369,ACC_0862,ACC_0259,2024-02-14 21:00:00,133819.5,NEFT
TXN_10370,ACC_0601,ACC_1032,2024-08-23 04:00:00,290433.56,NEFT
TXN_10371,ACC_0907,ACC_1028,2026-08-19 08:00:00,253501.19,RTGS
TXN_10372,ACC_0140,ACC_1004,2024-01-08 22:00:00,239130.48,IMPS
TXN_10373,ACC_0788,ACC_0089,2024-08-15 12:00:00,409668.23,RTGS
TXN_10374,ACC_0025,ACC_0341,2024-08-08 01:00:00,190387.69,IMPS
TXN_10375,ACC_0061,ACC_0638,2026-06-23 01:00:00,290378.63,IMPS
TXN_10376,ACC_0363,ACC_0169,2026-10-30 19:00:00,391171.3,IMPS
TXN_10377,ACC_0075,ACC_0827,2026-10-28 03:00:00,456876.6,IMPS
TXN_10378,ACC_0449,ACC_0385,2024-11-08 07:00:00,134250.39,NEFT
TXN_10379,ACC_0575,ACC_0325,2025-10-24 18:00:00,37682.54,UPI
TXN_10380,ACC_0980,ACC_0850,2026-01-09 18:00:00,54729.05,RTGS
TXN_10381,ACC_0022,ACC_0398,2026-02-21 00:00:00,354351.81,RTGS
TXN_10382,ACC_0515,ACC_0907,2024-09-24 00:00:00,188949.68,RTGS
TXN_10383,ACC_0709,ACC_0943,2024-06-15 10:00:00,197559.27,UPI
TXN_10384,ACC_0692,ACC_0858,2024-08-28 19:00:00,424982.98,RTGS
TXN_10385,ACC_0003,ACC_0742,2026-01-06 22:00:00,180773.32,UPI
TXN_10386,ACC_0418,ACC_0057,2024-05-27 23:00:00,305903.32,IMPS
TXN_10387,ACC_0815,ACC_0200,2025-11-24 20:00:00,96094.78,NEFT
TXN_10388,ACC_0892,ACC_0507,2024-03-28 19:00:00,331163.9,NEFT
TXN_10389,ACC_0780,ACC_0846,2024-04-18 06:00:00,436577.79,IMPS
TXN_10390,ACC_0184,ACC_0522,2024-07-14 22:00:00,370395.55,IMPS
TXN_10391,ACC_0329,ACC_0670,2026-01-04 01:00:00,118630.34,RTGS
TXN_10392,ACC_0754,ACC_0061,2025-06-17 11:00:00,179348.03,NEFT
TXN_10393,ACC_0915,ACC_1008,2025-11-01 09:00:00,313230.33,IMPS
TXN_10394,ACC_0683,ACC_0788,2024-12-08 06:00:00,389831.03,UPI
TXN_10395,ACC_0514,ACC_0812,2025-09-10 23:00:00,275751.4,UPI
TXN_10396,ACC_0268,ACC_0619,2025-04-18 19:00:00,138626.65,IMPS
TXN_10397,ACC_0580,ACC_0269,2025-08-09 22:00:00,353873.49,RTGS
TXN_10398,ACC_0980,ACC_0872,2025-06-04 02:00:00,476513.82,IMPS
TXN_10399,ACC_0353,ACC_0397,2024-12-09 20:00:00,386335.86,UPI
TXN_10400,ACC_0183,ACC_0202,2025-04-29 02:00:00,314737.6,RTGS
TXN_10401,ACC_0245,ACC_0845,2025-06-05 23:00:00,154674.5,RTGS
TXN_10402,ACC_0984,ACC_0821,2026-08-15 23:00:00,51480.8,IMPS
TXN_10403,ACC_0858,ACC_0309,2024-11-06 20:00:00,23154.77,RTGS
TXN_10404,ACC_0588,ACC_0986,2025-04-22 11:00:00,455646.88,UPI
TXN_10405,ACC_0730,ACC_0683,2026-03-31 05:00:00,480865.06,NEFT
TXN_10406,ACC_0955,ACC_0160,2025-10-09 15:00:00,454594.38,NEFT
TXN_10407,ACC_0523,ACC_0947,2024-04-06 20:00:00,192776.48,IMPS
TXN_10408,ACC_0446,ACC_0158,2024-06-24 09:00:00,255411.64,NEFT
TXN_10409,ACC_0207,ACC_0531,2024-08-06 09:00:00,171607.14,NEFT
TXN_10410,ACC_0698,ACC_0149,2024-12-18 21:00:00,157779.09,UPI
TXN_10411,ACC_0224,ACC_0898,2025-06-27 06:00:00,94540.9,IMPS
TXN_10412,ACC_0221,ACC_0117,2025-10-01 01:00:00,74504.41,NEFT
TXN_10413,ACC_0771,ACC_0048,2024-07-31 21:00:00,67336.28,RTGS
TXN_10414,ACC_0661,ACC_0051,2024-12-06 15:00:00,218921.68,UPI
TXN_10415,ACC_0618,ACC_0125,2024-08-31 12:00:00,193916.93,IMPS
TXN_10416,ACC_0376,ACC_0569,2024-03-03 05:00:00,80897.85,RTGS
TXN_10417,ACC_0077,ACC_0627,2025-11-14 08:00:00,238145.52,IMPS
TXN_10418,ACC_0649,ACC_0628,2025-03-30 12:00:00,120107.39,RTGS
TXN_10419,ACC_0789,ACC_0628,2026-09-23 22:00:00,322739.18,NEFT
TXN_10420,ACC_0864,ACC_0107,2026-06-13 15:00:00,382521.82,RTGS
TXN_10421,ACC_0040,ACC_0621,2026-10-30 03:00:00,348790.21,NEFT
TXN_10422,ACC_0719,ACC_0870,2024-02-23 17:00:00,492494.75,UPI
TXN_10423,ACC_0440,ACC_0145,2024-08-08 04:00:00,397862.98,NEFT
TXN_10424,ACC_0394,ACC_0568,2025-06-18 18:00:00,413930.83,NEFT
TXN_10425,ACC_0824,ACC_0500,2024-02-06 17:00:00,95225.65,UPI
TXN_10426,ACC_0129,ACC_0779,2025-01-23 02:00:00,163897.85,NEFT
TXN_10427,ACC_0598,ACC_0172,2026-04-29 10:00:00,290213.24,NEFT
TXN_10428,ACC_0686,ACC_0930,2024-08-22 09:00:00,77744.53,UPI
TXN_10429,ACC_0081,ACC_0832,2026-02-26 09:00:00,175394.8,IMPS
TXN_10430,ACC_0126,ACC_0791,2024-10-08 23:00:00,405207.76,NEFT
TXN_10431,ACC_0294,ACC_0022,2024-04-14 04:00:00,21769.51,UPI
TXN_10432,ACC_0568,ACC_0077,2026-11-02 21:00:00,448578.05,UPI
TXN_10433,ACC_0153,ACC_0351,2025-12-19 15:00:00,420133.8,IMPS
TXN_10434,ACC_0321,ACC_0681,2025-12-10 13:00:00,194158.51,IMPS
TXN_10435,ACC_0260,ACC_0027,2026-05-26 09:00:00,31090.39,RTGS
TXN_10436,ACC_0974,ACC_0588,2025-09-03 11:00:00,111118.27,UPI
TXN_10437,ACC_0717,ACC_0193,2025-03-09 02:00:00,360243.86,RTGS
TXN_10438,ACC_0718,ACC_0603,2025-03-07 16:00:00,339820.09,UPI
TXN_10439,ACC_0111,ACC_0236,2025-03-31 04:00:00,216376.65,NEFT
TXN_10440,ACC_1026,ACC_0103,2024-03-17 14:00:00,249577.68,IMPS
TXN_10441,ACC_0051,ACC_0782,2024-03-22 03:00:00,40273.35,IMPS
TXN_10442,ACC_0291,ACC_0021,2025-10-21 17:00:00,116856.64,NEFT
TXN_10443,ACC_0744,ACC_0599,2026-07-15 15:00:00,497697.7,UPI
TXN_10444,ACC_0736,ACC_0112,2025-07-17 14:00:00,105873.95,NEFT
TXN_10445,ACC_0337,ACC_0085,2025-04-10 09:00:00,426121.05,IMPS
TXN_10446,ACC_1039,ACC_0367,2024-06-22 00:00:00,63466.67,IMPS
TXN_10447,ACC_1020,ACC_0373,2024-06-05 12:00:00,135012.32,RTGS
TXN_10448,ACC_0695,ACC_0908,2025-07-05 09:00:00,27121.56,RTGS
TXN_10449,ACC_0281,ACC_0472,2025-08-13 11:00:00,90154.89,IMPS
TXN_10450,ACC_0320,ACC_0005,2024-02-26 08:00:00,59962.22,UPI
TXN_10451,ACC_0306,ACC_1032,2025-04-30 14:00:00,402395.2,IMPS
TXN_10452,ACC_0931,ACC_0138,2025-06-27 12:00:00,381799.06,IMPS
TXN_10453,ACC_0700,ACC_0357,2026-07-18 05:00:00,358530.43,UPI
TXN_10454,ACC_0218,ACC_0614,2025-09-23 07:00:00,247141.79,NEFT
TXN_10455,ACC_0169,ACC_0971,2025-05-27 17:00:00,212881.93,RTGS
TXN_10456,ACC_0402,ACC_0119,2026-01-20 08:00:00,143754.32,UPI
TXN_10457,ACC_0152,ACC_0188,2024-05-05 20:00:00,281120.28,RTGS
TXN_10458,ACC_0496,ACC_0579,2024-11-04 05:00:00,315275.24,NEFT
TXN_10459,ACC_0742,ACC_0459,2026-02-10 18:00:00,97553.6,UPI
TXN_10460,ACC_0260,ACC_0774,2026-04-14 05:00:00,266461.34,RTGS
TXN_10461,ACC_0773,ACC_0388,2024-12-14 10:00:00,305533.44,IMPS
TXN_10462,ACC_0839,ACC_0682,2026-02-21 10:00:00,438511.07,IMPS
TXN_10463,ACC_0016,ACC_0353,2026-05-07 06:00:00,127611.78,RTGS
TXN_10464,ACC_0779,ACC_0137,2025-09-30 10:00:00,150904.85,RTGS
TXN_10465,ACC_0559,ACC_0048,2024-06-16 21:00:00,66642.18,RTGS
TXN_10466,ACC_0748,ACC_1013,2025-04-13 21:00:00,134269.8,UPI
TXN_10467,ACC_0306,ACC_0223,2024-04-25 16:00:00,109068.17,RTGS
TXN_10468,ACC_0760,ACC_0946,2026-03-11 21:00:00,339106.91,IMPS
TXN_10469,ACC_0389,ACC_0604,2024-08-09 15:00:00,63302.65,IMPS
TXN_10470,ACC_0324,ACC_0735,2026-04-21 16:00:00,351278.55,NEFT
TXN_10471,ACC_0707,ACC_0922,2026-06-21 00:00:00,356075.16,RTGS
TXN_10472,ACC_0037,ACC_0469,2024-11-26 21:00:00,287380.07,IMPS
TXN_10473,ACC_0364,ACC_0846,2026-10-10 20:00:00,400591.99,RTGS
TXN_10474,ACC_0162,ACC_0399,2026-01-31 11:00:00,74371.9,RTGS
TXN_10475,ACC_0140,ACC_0307,2025-11-30 15:00:00,208362.85,IMPS
TXN_10476,ACC_0020,ACC_0125,2025-05-27 09:00:00,312186.83,UPI
TXN_10477,ACC_0757,ACC_0732,2024-06-15 22:00:00,169782.06,NEFT
TXN_10478,ACC_0259,ACC_0098,2026-10-16 19:00:00,491330.72,UPI
TXN_10479,ACC_0706,ACC_0212,2024-08-24 22:00:00,110992.75,NEFT
TXN_10480,ACC_0868,ACC_0317,2026-05-28 12:00:00,197415.63,NEFT
TXN_10481,ACC_0682,ACC_0348,2026-05-15 11:00:00,81344.88,NEFT
TXN_10482,ACC_0488,ACC_0655,2025-07-29 06:00:00,288017.91,UPI
TXN_10483,ACC_0322,ACC_0891,2024-07-05 12:00:00,229422.47,NEFT
TXN_10484,ACC_0764,ACC_0290,2024-10-04 22:00:00,70773.13,NEFT
TXN_10485,ACC_0400,ACC_0853,2025-04-12 22:00:00,229491.3,NEFT
TXN_10486,ACC_0427,ACC_0348,2025-12-30 22:00:00,256782.92,NEFT
TXN_10487,ACC_0679,ACC_0123,2024-10-07 19:00:00,322661.15,IMPS
TXN_10488,ACC_0740,ACC_0563,2025-10-18 19:00:00,72546.33,NEFT
TXN_10489,ACC_0801,ACC_0278,2025-01-24 13:00:00,23534.92,RTGS
TXN_10490,ACC_0118,ACC_0966,2025-05-07 09:00:00,295496.26,RTGS
TXN_10491,ACC_0068,ACC_0466,2025-04-02 09:00:00,227701.8,RTGS
TXN_10492,ACC_0185,ACC_0574,2025-06-17 13:00:00,223702.68,IMPS
TXN_10493,ACC_0951,ACC_0952,2026-03-17 21:00:00,301110.94,NEFT
TXN_10494,ACC_0779,ACC_0005,2024-03-29 12:00:00,57284.18,NEFT
TXN_10495,ACC_0184,ACC_0346,2026-04-23 09:00:00,108595.55,IMPS
TXN_10496,ACC_0359,ACC_0277,2024-02-25 05:00:00,194384.56,RTGS
TXN_10497,ACC_0229,ACC_0509,2026-05-28 23:00:00,300781.89,IMPS
TXN_10498,ACC_0791,ACC_0490,2025-04-11 05:00:00,473133.48,RTGS
TXN_10499,ACC_0469,ACC_0118,2026-05-31 23:00:00,371001.81,UPI
TXN_10500,ACC_0599,ACC_0003,2026-07-10 02:00:00,35939.03,UPI
TXN_10501,ACC_0783,ACC_1019,2026-07-31 11:00:00,291415.65,NEFT
TXN_10502,ACC_0165,ACC_0920,2024-10-03 04:00:00,97765.63,NEFT
TXN_10503,ACC_0655,ACC_0874,2024-07-02 00:00:00,49463.69,IMPS
TXN_10504,ACC_0796,ACC_0195,2026-02-06 20:00:00,425975.47,NEFT
TXN_10505,ACC_0547,ACC_0105,2026-02-14 09:00:00,209597.75,UPI
TXN_10506,ACC_0184,ACC_0763,2025-11-25 14:00:00,282205.53,NEFT
TXN_10507,ACC_0210,ACC_0393,2024-02-03 07:00:00,431667.46,UPI
TXN_10508,ACC_0822,ACC_0105,2025-10-16 21:00:00,455642.86,NEFT
TXN_10509,ACC_0286,ACC_0923,2025-06-15 14:00:00,207351.16,IMPS
TXN_10510,ACC_0781,ACC_0225,2025-08-30 05:00:00,317962.78,IMPS
TXN_10511,ACC_0834,ACC_0584,2024-11-21 21:00:00,239577.07,IMPS
TXN_10512,ACC_0068,ACC_0492,2025-01-28 00:00:00,396569.9,UPI
TXN_10513,ACC_0350,ACC_0521,2026-05-25 20:00:00,188647.25,IMPS
TXN_10514,ACC_0958,ACC_0700,2026-05-23 15:00:00,4474.84,NEFT
TXN_10515,ACC_0507,ACC_0486,2024-09-14 14:00:00,98815.48,NEFT
TXN_10516,ACC_0574,ACC_0768,2025-08-14 12:00:00,291589.56,RTGS
TXN_10517,ACC_0799,ACC_0592,2026-05-02 01:00:00,468471.6,UPI
TXN_10518,ACC_0393,ACC_0574,2024-09-01 23:00:00,290082.84,IMPS
TXN_10519,ACC_1014,ACC_0040,2026-03-30 22:00:00,132980.02,RTGS
TXN_10520,ACC_0055,ACC_0333,2026-04-22 13:00:00,429778.71,UPI
TXN_10521,ACC_0523,ACC_0373,2024-01-24 07:00:00,116594.31,IMPS
TXN_10522,ACC_0837,ACC_0759,2024-07-01 20:00:00,473990.87,NEFT
TXN_10523,ACC_0096,ACC_0094,2026-05-07 19:00:00,265604.29,RTGS
TXN_10524,ACC_0921,ACC_0262,2025-08-06 11:00:00,414883.94,NEFT
TXN_10525,ACC_0631,ACC_0348,2026-06-28 02:00:00,458453.98,NEFT
TXN_10526,ACC_0369,ACC_0900,2025-03-25 17:00:00,431196.92,RTGS
TXN_10527,ACC_0521,ACC_0462,2024-01-24 05:00:00,37804.05,NEFT
TXN_10528,ACC_0936,ACC_0470,2025-03-10 22:00:00,6303.95,IMPS
TXN_10529,ACC_0578,ACC_0865,2025-02-21 05:00:00,229151.64,RTGS
TXN_10530,ACC_0977,ACC_0560,2024-11-01 19:00:00,371537.87,UPI
TXN_10531,ACC_0079,ACC_0166,2025-05-21 00:00:00,459142.62,IMPS
TXN_10532,ACC_0403,ACC_0494,2024-03-08 00:00:00,197786.06,UPI
TXN_10533,ACC_0411,ACC_0067,2026-08-14 16:00:00,31219.01,RTGS
TXN_10534,ACC_0519,ACC_0845,2025-08-05 19:00:00,27100.25,IMPS
TXN_10535,ACC_0621,ACC_0001,2025-05-30 18:00:00,160599.98,IMPS
TXN_10536,ACC_0171,ACC_0787,2024-07-24 07:00:00,416173.33,UPI
TXN_10537,ACC_0433,ACC_1010,2025-07-29 10:00:00,6135.84,NEFT
TXN_10538,ACC_0843,ACC_0585,2024-06-06 01:00:00,336762.36,UPI
TXN_10539,ACC_0265,ACC_0378,2026-05-19 20:00:00,16304.54,NEFT
TXN_10540,ACC_0289,ACC_0384,2025-05-27 12:00:00,73296.2,NEFT
TXN_10541,ACC_0660,ACC_0991,2026-06-23 17:00:00,129140.73,RTGS
TXN_10542,ACC_0769,ACC_0015,2025-04-04 13:00:00,412268.54,RTGS
TXN_10543,ACC_0763,ACC_0211,2026-03-26 20:00:00,497197.68,NEFT
TXN_10544,ACC_0012,ACC_0982,2026-07-18 19:00:00,288462.29,NEFT
TXN_10545,ACC_0064,ACC_0294,2026-01-20 10:00:00,395034.45,IMPS
TXN_10546,ACC_0810,ACC_0316,2024-10-06 21:00:00,12244.48,UPI
TXN_10547,ACC_0386,ACC_0374,2026-09-10 08:00:00,451851.44,IMPS
TXN_10548,ACC_0437,ACC_0995,2026-04-23 21:00:00,161600.56,RTGS
TXN_10549,ACC_1032,ACC_0735,2026-01-18 06:00:00,320774.23,IMPS
TXN_10550,ACC_0559,ACC_0192,2024-08-25 15:00:00,271670.57,IMPS
TXN_10551,ACC_0417,ACC_0596,2024-07-22 20:00:00,188583.11,RTGS
TXN_10552,ACC_0571,ACC_0987,2024-08-07 10:00:00,253150.1,UPI
TXN_10553,ACC_0777,ACC_0021,2026-09-14 19:00:00,277298.79,IMPS
TXN_10554,ACC_1012,ACC_0497,2026-08-15 00:00:00,184119.62,IMPS
TXN_10555,ACC_0097,ACC_0666,2024-03-30 21:00:00,283367.43,NEFT
TXN_10556,ACC_0817,ACC_0662,2026-06-17 21:00:00,33981.49,IMPS
TXN_10557,ACC_0386,ACC_0930,2026-08-29 02:00:00,325911.03,IMPS
TXN_10558,ACC_0758,ACC_0504,2025-05-26 08:00:00,380067.43,IMPS
TXN_10559,ACC_0439,ACC_0864,2024-09-25 01:00:00,149844.56,NEFT
TXN_10560,ACC_0666,ACC_0107,2025-03-20 22:00:00,14153.89,IMPS
TXN_10561,ACC_0567,ACC_0534,2025-11-25 22:00:00,351479.07,UPI
TXN_10562,ACC_0932,ACC_0073,2026-05-21 04:00:00,107754.24,UPI
TXN_10563,ACC_0646,ACC_0139,2025-02-13 19:00:00,464519.13,IMPS
TXN_10564,ACC_0774,ACC_0576,2026-10-21 19:00:00,294097.99,IMPS
TXN_10565,ACC_0649,ACC_0812,2024-08-09 05:00:00,187810.7,RTGS
TXN_10566,ACC_0107,ACC_0242,2026-08-04 19:00:00,149717.32,NEFT
TXN_10567,ACC_0482,ACC_0996,2025-12-04 15:00:00,401797.36,NEFT
TXN_10568,ACC_0506,ACC_0187,2024-07-07 02:00:00,67539.78,UPI
TXN_10569,ACC_0119,ACC_0294,2025-01-15 02:00:00,273047.21,NEFT
TXN_10570,ACC_0794,ACC_0945,2025-09-25 16:00:00,381572.48,RTGS
TXN_10571,ACC_0117,ACC_0696,2025-08-23 19:00:00,156775.02,NEFT
TXN_10572,ACC_0227,ACC_0761,2024-04-15 10:00:00,123059.3,NEFT
TXN_10573,ACC_0838,ACC_0871,2024-09-08 19:00:00,352728.67,RTGS
TXN_10574,ACC_0629,ACC_0894,2025-10-15 12:00:00,429463.29,UPI
TXN_10575,ACC_0393,ACC_0254,2025-07-03 05:00:00,98798.34,NEFT
TXN_10576,ACC_0826,ACC_0540,2025-08-21 01:00:00,118628.2,RTGS
TXN_10577,ACC_0371,ACC_0190,2024-08-14 21:00:00,243310.81,IMPS
TXN_10578,ACC_0927,ACC_0928,2025-05-04 18:00:00,292064.88,NEFT
TXN_10579,ACC_1008,ACC_0027,2025-12-08 14:00:00,256189.01,RTGS
TXN_10580,ACC_0207,ACC_0092,2026-04-30 08:00:00,242108.59,UPI
TXN_10581,ACC_0578,ACC_0079,2024-10-10 04:00:00,454032.4,UPI
TXN_10582,ACC_0370,ACC_0175,2025-02-11 02:00:00,246036.51,UPI
TXN_10583,ACC_0422,ACC_0745,2024-01-15 13:00:00,437112.74,IMPS
TXN_10584,ACC_0162,ACC_0255,2025-12-10 11:00:00,322834.28,IMPS
TXN_10585,ACC_0287,ACC_0785,2025-08-01 16:00:00,327055.87,UPI
TXN_10586,ACC_0407,ACC_0160,2025-07-23 05:00:00,388849.85,NEFT
TXN_10587,ACC_0414,ACC_0710,2024-01-19 01:00:00,69638.73,UPI
TXN_10588,ACC_0851,ACC_0391,2024-10-21 13:00:00,489703.22,RTGS
TXN_10589,ACC_0162,ACC_0299,2026-07-18 00:00:00,104854.73,NEFT
TXN_10590,ACC_0335,ACC_0500,2024-01-06 07:00:00,196167.86,UPI
TXN_10591,ACC_0661,ACC_0785,2024-07-18 06:00:00,479762.37,UPI
TXN_10592,ACC_0376,ACC_0201,2024-07-19 14:00:00,392230.02,RTGS
TXN_10593,ACC_0303,ACC_0387,2025-07-17 10:00:00,295029.56,UPI
TXN_10594,ACC_0102,ACC_0625,2025-04-15 17:00:00,129849.16,RTGS
TXN_10595,ACC_0993,ACC_0618,2026-09-15 11:00:00,382257.21,UPI
TXN_10596,ACC_0688,ACC_0805,2025-11-03 16:00:00,18701.65,UPI
TXN_10597,ACC_0464,ACC_0177,2024-01-10 10:00:00,260964.63,RTGS
TXN_10598,ACC_0562,ACC_0042,2026-09-11 01:00:00,258575.12,IMPS
TXN_10599,ACC_0338,ACC_0161,2024-11-20 21:00:00,472614.87,UPI
TXN_10600,ACC_0102,ACC_0645,2025-01-13 09:00:00,180556.98,NEFT
TXN_10601,ACC_0248,ACC_0268,2025-12-24 17:00:00,190418.98,UPI
TXN_10602,ACC_0454,ACC_0950,2026-04-25 14:00:00,5221.02,NEFT
TXN_10603,ACC_0693,ACC_0911,2024-07-04 16:00:00,450577.71,IMPS
TXN_10604,ACC_0198,ACC_0682,2024-05-16 05:00:00,376168.84,RTGS
TXN_10605,ACC_0857,ACC_0023,2026-05-25 17:00:00,148061.69,UPI
TXN_10606,ACC_1015,ACC_0974,2025-10-27 04:00:00,489269.62,NEFT
TXN_10607,ACC_0514,ACC_0789,2025-01-01 22:00:00,296715.98,IMPS
TXN_10608,ACC_0719,ACC_0126,2025-11-12 17:00:00,284798.89,RTGS
TXN_10609,ACC_0680,ACC_0420,2026-09-01 01:00:00,354108.55,NEFT
TXN_10610,ACC_0771,ACC_0044,2025-11-18 13:00:00,447009.05,IMPS
TXN_10611,ACC_0205,ACC_0051,2026-09-09 18:00:00,131991.07,IMPS
TXN_10612,ACC_0870,ACC_0787,2024-01-12 12:00:00,415050.45,NEFT
TXN_10613,ACC_0190,ACC_0146,2025-04-22 08:00:00,320803.3,NEFT
TXN_10614,ACC_0137,ACC_0078,2026-01-23 19:00:00,118368.39,RTGS
TXN_10615,ACC_0820,ACC_0447,2024-07-17 13:00:00,403732.31,UPI
TXN_10616,ACC_0715,ACC_0963,2026-10-18 07:00:00,13625.64,NEFT
TXN_10617,ACC_0314,ACC_0130,2025-12-04 01:00:00,297599.19,RTGS
TXN_10618,ACC_0600,ACC_0425,2025-10-01 18:00:00,184280.35,UPI
TXN_10619,ACC_0347,ACC_0330,2026-07-11 10:00:00,190751.9,NEFT
TXN_10620,ACC_0966,ACC_0642,2026-09-11 08:00:00,2612.22,RTGS
TXN_10621,ACC_0377,ACC_0042,2026-07-11 20:00:00,12878.44,UPI
TXN_10622,ACC_1034,ACC_0943,2026-03-03 11:00:00,171578.21,NEFT
TXN_10623,ACC_0411,ACC_0174,2026-03-27 11:00:00,96661.99,IMPS
TXN_10624,ACC_0872,ACC_0679,2024-10-18 12:00:00,395277.4,IMPS
TXN_10625,ACC_0065,ACC_0421,2025-11-12 11:00:00,74914.16,NEFT
TXN_10626,ACC_0100,ACC_0007,2024-05-31 20:00:00,61006.81,UPI
TXN_10627,ACC_0638,ACC_0153,2026-06-20 18:00:00,201125.32,UPI
TXN_10628,ACC_0622,ACC_0654,2026-04-23 14:00:00,236276.22,RTGS
TXN_10629,ACC_1013,ACC_0991,2026-03-31 13:00:00,324062.63,UPI
TXN_10630,ACC_0555,ACC_0328,2026-05-10 18:00:00,494703.72,RTGS
TXN_10631,ACC_0177,ACC_0583,2026-08-08 03:00:00,231768.13,UPI
TXN_10632,ACC_0298,ACC_0089,2026-02-09 21:00:00,359222.94,RTGS
TXN_10633,ACC_0187,ACC_0654,2026-10-24 09:00:00,341686.82,NEFT
TXN_10634,ACC_0535,ACC_0634,2025-04-14 14:00:00,379447.45,NEFT
TXN_10635,ACC_0351,ACC_0746,2025-12-11 11:00:00,120972.32,UPI
TXN_10636,ACC_0878,ACC_0105,2026-10-06 04:00:00,254265.67,IMPS
TXN_10637,ACC_0183,ACC_0488,2024-09-13 00:00:00,294649.09,RTGS
TXN_10638,ACC_0374,ACC_0753,2025-06-09 18:00:00,6746.42,NEFT
TXN_10639,ACC_0852,ACC_1004,2026-06-20 00:00:00,314711.46,NEFT
TXN_10640,ACC_0328,ACC_1038,2024-11-16 03:00:00,265673.75,UPI
TXN_10641,ACC_0709,ACC_0432,2026-04-03 02:00:00,299711.28,IMPS
TXN_10642,ACC_0233,ACC_0236,2025-01-19 16:00:00,129108.06,RTGS
TXN_10643,ACC_0418,ACC_0245,2025-04-13 19:00:00,288206.33,IMPS
TXN_10644,ACC_0149,ACC_0688,2025-04-26 13:00:00,143196.73,RTGS
TXN_10645,ACC_0956,ACC_0920,2024-04-11 04:00:00,394313.2,IMPS
TXN_10646,ACC_0494,ACC_0357,2026-08-16 17:00:00,167612.68,RTGS
TXN_10647,ACC_0015,ACC_0511,2025-08-05 21:00:00,489457.36,RTGS
TXN_10648,ACC_0601,ACC_0514,2024-09-12 13:00:00,77720.8,IMPS
TXN_10649,ACC_0654,ACC_0872,2026-06-22 00:00:00,114036.45,UPI
TXN_10650,ACC_0711,ACC_0812,2024-06-21 04:00:00,163888.89,RTGS
TXN_10651,ACC_0259,ACC_0397,2024-02-13 06:00:00,134942.12,RTGS
TXN_10652,ACC_0396,ACC_0453,2025-10-10 21:00:00,383750.97,IMPS
TXN_10653,ACC_0632,ACC_0950,2024-07-25 12:00:00,192142.72,RTGS
TXN_10654,ACC_0304,ACC_0101,2026-06-10 09:00:00,56135.95,RTGS
TXN_10655,ACC_0448,ACC_0767,2025-10-25 03:00:00,320771.68,RTGS
TXN_10656,ACC_0420,ACC_0861,2024-05-18 16:00:00,494854.43,UPI
TXN_10657,ACC_0249,ACC_1039,2026-03-01 14:00:00,89507.75,UPI
TXN_10658,ACC_0279,ACC_0779,2024-01-20 23:00:00,92477.93,UPI
TXN_10659,ACC_0920,ACC_0150,2024-09-24 10:00:00,399784.22,NEFT
TXN_10660,ACC_0869,ACC_0007,2026-01-12 18:00:00,110352.62,UPI
TXN_10661,ACC_0695,ACC_0123,2025-03-06 08:00:00,323313.94,IMPS
TXN_10662,ACC_0729,ACC_1004,2025-10-01 13:00:00,161826.17,RTGS
TXN_10663,ACC_0563,ACC_0973,2024-08-06 18:00:00,420538.36,IMPS
TXN_10664,ACC_0876,ACC_0145,2026-04-26 03:00:00,429267.76,UPI
TXN_10665,ACC_0760,ACC_0902,2026-10-30 18:00:00,370865.29,UPI
TXN_10666,ACC_0012,ACC_0220,2024-05-16 07:00:00,41178.16,UPI
TXN_10667,ACC_0992,ACC_0510,2025-11-15 08:00:00,404275.23,NEFT
TXN_10668,ACC_0403,ACC_0033,2025-06-06 08:00:00,240657.74,UPI
TXN_10669,ACC_0079,ACC_0722,2024-12-07 17:00:00,261996.75,UPI
TXN_10670,ACC_0125,ACC_0828,2025-08-16 06:00:00,319834.42,NEFT
TXN_10671,ACC_0812,ACC_0745,2025-01-26 18:00:00,238311.86,UPI
TXN_10672,ACC_0043,ACC_0815,2025-09-26 00:00:00,121310.18,NEFT
TXN_10673,ACC_0263,ACC_0607,2026-04-23 03:00:00,106733.32,RTGS
TXN_10674,ACC_0221,ACC_0207,2024-10-23 01:00:00,170624.68,RTGS
TXN_10675,ACC_0812,ACC_0195,2025-10-28 02:00:00,241046.4,IMPS
TXN_10676,ACC_0120,ACC_0032,2025-04-04 19:00:00,323682.5,IMPS
TXN_10677,ACC_0712,ACC_0860,2024-02-13 03:00:00,125457.15,UPI
TXN_10678,ACC_0703,ACC_0028,2025-02-04 20:00:00,328697.66,UPI
TXN_10679,ACC_0199,ACC_0106,2025-06-07 01:00:00,296146.25,RTGS
TXN_10680,ACC_0923,ACC_0814,2025-02-24 00:00:00,453231.75,NEFT
TXN_10681,ACC_0152,ACC_0496,2024-12-12 17:00:00,224038.15,RTGS
TXN_10682,ACC_0758,ACC_0714,2024-09-25 17:00:00,467038.27,RTGS
TXN_10683,ACC_0228,ACC_0789,2024-10-03 23:00:00,413157.29,IMPS
TXN_10684,ACC_0571,ACC_0008,2024-09-26 01:00:00,402287.63,UPI
TXN_10685,ACC_0993,ACC_0422,2026-07-24 06:00:00,387246.63,UPI
TXN_10686,ACC_0259,ACC_0831,2024-04-02 05:00:00,280353.86,RTGS
TXN_10687,ACC_0627,ACC_0504,2024-12-20 05:00:00,424186.88,IMPS
TXN_10688,ACC_0340,ACC_0397,2025-12-13 08:00:00,41189.11,UPI
TXN_10689,ACC_0776,ACC_0658,2026-07-25 09:00:00,249791.71,UPI
TXN_10690,ACC_0324,ACC_0648,2025-12-31 03:00:00,51941.97,RTGS
TXN_10691,ACC_0591,ACC_0978,2025-02-14 02:00:00,90588.5,RTGS
TXN_10692,ACC_0465,ACC_0454,2024-12-09 07:00:00,229013.99,NEFT
TXN_10693,ACC_0763,ACC_0549,2024-02-09 18:00:00,408494.16,UPI
TXN_10694,ACC_0104,ACC_0958,2024-12-02 06:00:00,107399.48,UPI
TXN_10695,ACC_0863,ACC_0284,2024-06-11 17:00:00,242713.83,RTGS
TXN_10696,ACC_0257,ACC_0808,2025-01-19 23:00:00,447803.54,NEFT
TXN_10697,ACC_0746,ACC_0479,2026-02-12 12:00:00,357699.75,RTGS
TXN_10698,ACC_0619,ACC_1023,2026-05-05 23:00:00,154380.91,UPI
TXN_10699,ACC_0406,ACC_0214,2025-12-01 08:00:00,238949.52,UPI
TXN_10700,ACC_0445,ACC_0040,2024-04-29 19:00:00,336881.53,RTGS
TXN_10701,ACC_0299,ACC_0057,2026-04-18 01:00:00,331981.84,NEFT
TXN_10702,ACC_0661,ACC_0232,2026-02-27 00:00:00,214636.7,UPI
TXN_10703,ACC_0716,ACC_0150,2025-08-23 01:00:00,10545.46,IMPS
TXN_10704,ACC_0158,ACC_0765,2026-06-28 17:00:00,476348.94,RTGS
TXN_10705,ACC_0660,ACC_0658,2025-10-17 14:00:00,328903.03,IMPS
TXN_10706,ACC_0772,ACC_0343,2024-01-26 19:00:00,251695.92,NEFT
TXN_10707,ACC_0134,ACC_0367,2025-11-23 13:00:00,480591.39,UPI
TXN_10708,ACC_0732,ACC_0042,2026-10-06 20:00:00,278728.25,NEFT
TXN_10709,ACC_0633,ACC_0391,2024-01-10 21:00:00,156281.84,NEFT
TXN_10710,ACC_0345,ACC_0170,2024-05-02 04:00:00,435050.05,IMPS
TXN_10711,ACC_0914,ACC_0252,2024-02-14 18:00:00,385161.85,UPI
TXN_10712,ACC_0159,ACC_0168,2026-09-06 01:00:00,479392.66,NEFT
TXN_10713,ACC_0880,ACC_0734,2024-08-16 21:00:00,335241.83,IMPS
TXN_10714,ACC_0402,ACC_0870,2026-08-08 09:00:00,45176.06,UPI
TXN_10715,ACC_0596,ACC_0863,2024-12-03 22:00:00,284416.17,RTGS
TXN_10716,ACC_0848,ACC_0591,2025-12-14 16:00:00,285487.82,UPI
TXN_10717,ACC_0039,ACC_0098,2024-09-17 02:00:00,413102.91,RTGS
TXN_10718,ACC_0945,ACC_0283,2026-07-29 17:00:00,39320.21,RTGS
TXN_10719,ACC_0810,ACC_0775,2026-10-04 23:00:00,155700.61,RTGS
TXN_10720,ACC_0115,ACC_0174,2025-08-23 04:00:00,482033.53,UPI
TXN_10721,ACC_0078,ACC_0788,2026-09-01 00:00:00,357491.83,NEFT
TXN_10722,ACC_0601,ACC_0352,2025-07-15 16:00:00,322250.93,NEFT
TXN_10723,ACC_0623,ACC_0208,2025-08-23 07:00:00,410729.75,NEFT
TXN_10724,ACC_0118,ACC_0583,2024-06-05 12:00:00,406823.2,RTGS
TXN_10725,ACC_0689,ACC_0146,2024-01-19 04:00:00,108012.69,RTGS
TXN_10726,ACC_0322,ACC_0135,2024-09-11 11:00:00,130256.1,RTGS
TXN_10727,ACC_0212,ACC_0320,2026-10-25 17:00:00,328194.14,IMPS
TXN_10728,ACC_0868,ACC_0020,2025-04-15 09:00:00,309600.97,UPI
TXN_10729,ACC_0755,ACC_0877,2025-12-26 16:00:00,459885.85,RTGS
TXN_10730,ACC_0321,ACC_0065,2026-08-10 03:00:00,216460.78,RTGS
TXN_10731,ACC_0853,ACC_0390,2024-09-01 02:00:00,80829.55,NEFT
TXN_10732,ACC_0062,ACC_0930,2025-08-29 03:00:00,174714.26,UPI
TXN_10733,ACC_0940,ACC_0661,2024-03-22 08:00:00,317343.35,RTGS
TXN_10734,ACC_0229,ACC_0141,2025-06-03 00:00:00,107434.16,IMPS
TXN_10735,ACC_0470,ACC_0350,2025-08-14 13:00:00,18384.51,UPI
TXN_10736,ACC_0838,ACC_0795,2026-09-21 21:00:00,363918.84,IMPS
TXN_10737,ACC_0190,ACC_0047,2024-12-22 23:00:00,8015.27,UPI
TXN_10738,ACC_0298,ACC_0870,2024-11-04 02:00:00,7856.58,NEFT
TXN_10739,ACC_0331,ACC_0717,2024-08-14 05:00:00,148282.87,IMPS
TXN_10740,ACC_0472,ACC_0808,2025-07-04 14:00:00,61064.88,IMPS
TXN_10741,ACC_0440,ACC_0707,2024-12-12 20:00:00,61136.54,RTGS
TXN_10742,ACC_0051,ACC_0060,2025-01-19 05:00:00,76219.09,UPI
TXN_10743,ACC_0305,ACC_0146,2024-06-12 07:00:00,489377.4,RTGS
TXN_10744,ACC_0084,ACC_0141,2025-12-19 14:00:00,496280.48,NEFT
TXN_10745,ACC_0360,ACC_0536,2026-03-16 08:00:00,188962.21,RTGS
TXN_10746,ACC_0489,ACC_0405,2025-04-15 15:00:00,167342.27,RTGS
TXN_10747,ACC_0255,ACC_1004,2024-03-22 19:00:00,102544.91,RTGS
TXN_10748,ACC_0037,ACC_0323,2024-08-06 19:00:00,424139.18,IMPS
TXN_10749,ACC_0217,ACC_0521,2025-07-19 21:00:00,311006.74,IMPS
TXN_10750,ACC_0709,ACC_0360,2026-07-01 14:00:00,65533.9,NEFT
TXN_10751,ACC_0169,ACC_0189,2024-06-06 01:00:00,47586.18,IMPS
TXN_10752,ACC_0157,ACC_0747,2024-08-14 00:00:00,12034.42,RTGS
TXN_10753,ACC_0917,ACC_0601,2026-06-14 00:00:00,79138.98,RTGS
TXN_10754,ACC_0024,ACC_0940,2025-01-30 22:00:00,122621.3,RTGS
TXN_10755,ACC_0887,ACC_0068,2025-02-14 01:00:00,198735.08,NEFT
TXN_10756,ACC_0180,ACC_0435,2025-11-26 20:00:00,472946.85,UPI
TXN_10757,ACC_0766,ACC_0510,2026-03-01 23:00:00,425601.34,IMPS
TXN_10758,ACC_0018,ACC_1035,2025-04-21 07:00:00,192112.57,RTGS
TXN_10759,ACC_0367,ACC_0292,2024-07-05 14:00:00,208961.15,IMPS
TXN_10760,ACC_0495,ACC_0977,2025-07-07 12:00:00,135315.64,RTGS
TXN_10761,ACC_0659,ACC_0556,2026-04-17 12:00:00,404163.55,IMPS
TXN_10762,ACC_0202,ACC_0818,2024-06-20 03:00:00,25262.58,RTGS
TXN_10763,ACC_0622,ACC_1010,2026-08-19 14:00:00,5642.1,UPI
TXN_10764,ACC_0195,ACC_0682,2024-05-22 13:00:00,172316.52,UPI
TXN_10765,ACC_0860,ACC_0008,2024-10-04 01:00:00,94615.04,RTGS
TXN_10766,ACC_0157,ACC_0649,2025-04-13 19:00:00,124160.11,RTGS
TXN_10767,ACC_0172,ACC_0421,2024-01-08 02:00:00,408588.19,NEFT
TXN_10768,ACC_0978,ACC_0113,2024-10-10 14:00:00,403140.01,UPI
TXN_10769,ACC_0405,ACC_0845,2024-05-13 08:00:00,349131.08,UPI
TXN_10770,ACC_0838,ACC_0574,2025-09-27 17:00:00,397272.72,IMPS
TXN_10771,ACC_0465,ACC_0058,2024-11-01 08:00:00,356935.04,IMPS
TXN_10772,ACC_0601,ACC_0836,2024-01-01 18:00:00,272202.93,UPI
TXN_10773,ACC_0371,ACC_0356,2024-08-03 15:00:00,4009.11,UPI
TXN_10774,ACC_0095,ACC_0093,2025-03-26 15:00:00,232916.99,NEFT
TXN_10775,ACC_0972,ACC_0414,2024-10-05 13:00:00,314607.7,IMPS
TXN_10776,ACC_0607,ACC_1032,2026-10-22 23:00:00,115348.8,UPI
TXN_10777,ACC_0040,ACC_0820,2026-10-26 05:00:00,122106.5,NEFT
TXN_10778,ACC_0017,ACC_0558,2025-02-05 03:00:00,170934.1,RTGS
TXN_10779,ACC_0383,ACC_0655,2025-03-05 13:00:00,478846.35,IMPS
TXN_10780,ACC_0662,ACC_0302,2024-05-17 05:00:00,311552.88,RTGS
TXN_10781,ACC_0154,ACC_0784,2025-04-23 00:00:00,135107.64,IMPS
TXN_10782,ACC_0113,ACC_0481,2025-01-11 11:00:00,88794.11,IMPS
TXN_10783,ACC_0103,ACC_0222,2026-09-01 20:00:00,362976.09,IMPS
TXN_10784,ACC_0470,ACC_0085,2026-08-02 05:00:00,322760.61,UPI
TXN_10785,ACC_0035,ACC_0848,2024-10-21 08:00:00,435419.24,UPI
TXN_10786,ACC_0170,ACC_1037,2025-03-19 23:00:00,444629.71,UPI
TXN_10787,ACC_0992,ACC_0632,2026-05-29 04:00:00,310863.02,IMPS
TXN_10788,ACC_0999,ACC_0216,2024-10-15 13:00:00,273076.26,NEFT
TXN_10789,ACC_0521,ACC_0400,2024-09-01 23:00:00,317028.41,UPI
TXN_10790,ACC_0309,ACC_0888,2025-10-02 20:00:00,242281.68,NEFT
TXN_10791,ACC_0466,ACC_0896,2024-01-20 20:00:00,241209.26,RTGS
TXN_10792,ACC_0067,ACC_0350,2024-02-23 03:00:00,293689.88,NEFT
TXN_10793,ACC_0544,ACC_0638,2025-12-28 18:00:00,56663.22,RTGS
TXN_10794,ACC_0326,ACC_0310,2025-10-12 13:00:00,88721.46,NEFT
TXN_10795,ACC_0709,ACC_0287,2024-01-25 23:00:00,413673.96,UPI
TXN_10796,ACC_0004,ACC_0116,2025-02-21 00:00:00,360391.86,NEFT
TXN_10797,ACC_0988,ACC_0637,2025-12-23 10:00:00,145859.45,IMPS
TXN_10798,ACC_0721,ACC_0848,2024-07-21 11:00:00,297217.44,IMPS
TXN_10799,ACC_0827,ACC_0168,2025-11-24 11:00:00,453248.04,IMPS
TXN_10800,ACC_0176,ACC_1029,2025-04-01 01:00:00,250725.12,RTGS
TXN_10801,ACC_0986,ACC_1036,2024-02-03 07:00:00,88208.89,UPI
TXN_10802,ACC_0825,ACC_0015,2024-01-18 23:00:00,173317.77,NEFT
TXN_10803,ACC_0946,ACC_0377,2025-01-24 15:00:00,34958.49,NEFT
TXN_10804,ACC_0527,ACC_0983,2024-08-23 12:00:00,151462.42,UPI
TXN_10805,ACC_0400,ACC_0555,2025-05-28 23:00:00,236433.45,UPI
TXN_10806,ACC_0089,ACC_1014,2024-04-12 21:00:00,376691.34,RTGS
TXN_10807,ACC_0445,ACC_0295,2025-03-10 16:00:00,469611.97,NEFT
TXN_10808,ACC_0876,ACC_0376,2026-09-09 13:00:00,178075.11,RTGS
TXN_10809,ACC_0393,ACC_0895,2024-12-17 22:00:00,343800.6,RTGS
TXN_10810,ACC_0291,ACC_0094,2024-10-27 22:00:00,129009.45,UPI
TXN_10811,ACC_0751,ACC_0055,2025-03-27 03:00:00,105981.6,IMPS
TXN_10812,ACC_0433,ACC_0547,2024-07-09 09:00:00,425084.22,IMPS
TXN_10813,ACC_0551,ACC_0089,2024-01-26 18:00:00,178686.2,NEFT
TXN_10814,ACC_0244,ACC_0469,2024-02-12 01:00:00,467050.49,RTGS
TXN_10815,ACC_0390,ACC_0583,2026-01-21 12:00:00,152208.38,NEFT
TXN_10816,ACC_0602,ACC_0473,2025-02-23 06:00:00,4064.41,IMPS
TXN_10817,ACC_0217,ACC_0122,2024-02-25 18:00:00,7774.31,UPI
TXN_10818,ACC_0004,ACC_1002,2024-05-16 06:00:00,482837.01,RTGS
TXN_10819,ACC_0696,ACC_0456,2024-07-26 12:00:00,312745.88,RTGS
TXN_10820,ACC_0774,ACC_0011,2024-08-25 09:00:00,29411.81,NEFT
TXN_10821,ACC_0758,ACC_0558,2024-09-13 00:00:00,427943.29,RTGS
TXN_10822,ACC_0997,ACC_0519,2024-07-03 04:00:00,252848.4,NEFT
TXN_10823,ACC_0396,ACC_0517,2026-05-17 09:00:00,427179.16,IMPS
TXN_10824,ACC_0797,ACC_0861,2026-09-15 05:00:00,217201.86,IMPS
TXN_10825,ACC_0449,ACC_0588,2025-11-19 16:00:00,243493.06,UPI
TXN_10826,ACC_0595,ACC_0803,2024-09-10 21:00:00,6008.63,IMPS
TXN_10827,ACC_0847,ACC_0811,2024-03-25 00:00:00,62116.13,NEFT
TXN_10828,ACC_0264,ACC_0357,2025-09-25 17:00:00,143575.96,UPI
TXN_10829,ACC_0061,ACC_0688,2025-06-10 11:00:00,146701.53,NEFT
TXN_10830,ACC_0149,ACC_0049,2025-09-19 13:00:00,212170.94,IMPS
TXN_10831,ACC_0501,ACC_0098,2024-12-28 01:00:00,333584.9,RTGS
TXN_10832,ACC_0636,ACC_0179,2026-08-26 18:00:00,376176.42,NEFT
TXN_10833,ACC_0088,ACC_0711,2026-11-06 01:00:00,319968.77,IMPS
TXN_10834,ACC_0263,ACC_0398,2026-08-08 22:00:00,163496.16,NEFT
TXN_10835,ACC_0037,ACC_0042,2024-10-07 00:00:00,298244.13,IMPS
TXN_10836,ACC_0904,ACC_0940,2025-12-12 10:00:00,334387.35,RTGS
TXN_10837,ACC_0139,ACC_0911,2025-01-17 10:00:00,116934.81,UPI
TXN_10838,ACC_0903,ACC_0464,2026-06-19 18:00:00,298054.46,UPI
TXN_10839,ACC_0932,ACC_0061,2026-03-15 21:00:00,438636.87,IMPS
TXN_10840,ACC_0589,ACC_0773,2025-05-25 20:00:00,65606.59,RTGS
TXN_10841,ACC_0685,ACC_0753,2024-02-29 11:00:00,138381.07,UPI
TXN_10842,ACC_1033,ACC_0128,2024-05-16 13:00:00,358807.73,RTGS
TXN_10843,ACC_0117,ACC_0011,2024-01-18 10:00:00,275897.91,IMPS
TXN_10844,ACC_0738,ACC_0592,2026-09-16 17:00:00,344034.08,IMPS
TXN_10845,ACC_0804,ACC_0092,2025-09-04 23:00:00,357871.53,IMPS
TXN_10846,ACC_0925,ACC_0719,2026-10-14 14:00:00,46201.79,NEFT
TXN_10847,ACC_0119,ACC_0692,2025-12-29 08:00:00,255793.45,IMPS
TXN_10848,ACC_0245,ACC_0826,2026-06-01 09:00:00,456739.48,NEFT
TXN_10849,ACC_0867,ACC_0941,2024-08-19 10:00:00,15847.74,NEFT
TXN_10850,ACC_0616,ACC_0530,2024-05-08 10:00:00,47416.06,NEFT
TXN_10851,ACC_0579,ACC_0648,2026-06-30 01:00:00,72102.93,NEFT
TXN_10852,ACC_0431,ACC_0089,2026-05-09 09:00:00,72251.31,IMPS
TXN_10853,ACC_0537,ACC_0355,2025-04-26 19:00:00,269864.0,NEFT
TXN_10854,ACC_0232,ACC_0807,2025-03-08 21:00:00,276696.61,IMPS
TXN_10855,ACC_0117,ACC_0673,2025-09-13 23:00:00,157389.11,NEFT
TXN_10856,ACC_0738,ACC_0135,2025-11-28 04:00:00,171188.56,NEFT
TXN_10857,ACC_0874,ACC_0617,2024-02-27 10:00:00,2807.55,UPI
TXN_10858,ACC_0102,ACC_0631,2026-01-15 22:00:00,396400.07,IMPS
TXN_10859,ACC_0048,ACC_0437,2024-09-06 23:00:00,248116.75,UPI
TXN_10860,ACC_0819,ACC_0484,2025-05-29 12:00:00,93451.65,RTGS
TXN_10861,ACC_0173,ACC_0233,2025-08-20 11:00:00,462539.52,UPI
TXN_10862,ACC_0134,ACC_0207,2024-06-21 02:00:00,72965.82,NEFT
TXN_10863,ACC_0387,ACC_0427,2024-07-06 23:00:00,191286.79,RTGS
TXN_10864,ACC_0981,ACC_0099,2026-10-14 17:00:00,254746.78,RTGS
TXN_10865,ACC_0314,ACC_0746,2025-08-15 01:00:00,314690.84,NEFT
TXN_10866,ACC_0670,ACC_0800,2025-05-10 05:00:00,182778.13,IMPS
TXN_10867,ACC_0863,ACC_0929,2025-02-28 11:00:00,458454.94,UPI
TXN_10868,ACC_0167,ACC_0662,2024-01-15 20:00:00,294759.63,RTGS
TXN_10869,ACC_0976,ACC_0354,2026-03-07 05:00:00,86301.35,IMPS
TXN_10870,ACC_0032,ACC_0656,2025-10-01 22:00:00,15515.57,NEFT
TXN_10871,ACC_0526,ACC_0036,2025-05-01 12:00:00,476528.23,NEFT
TXN_10872,ACC_1007,ACC_0445,2025-07-12 07:00:00,354403.44,UPI
TXN_10873,ACC_0877,ACC_0189,2024-09-05 19:00:00,286614.71,UPI
TXN_10874,ACC_0927,ACC_0596,2024-05-17 08:00:00,479764.95,IMPS
TXN_10875,ACC_0611,ACC_0039,2026-04-08 14:00:00,156910.4,IMPS
TXN_10876,ACC_0162,ACC_0073,2024-03-01 19:00:00,257361.37,UPI
TXN_10877,ACC_0745,ACC_0775,2024-03-03 20:00:00,175753.21,NEFT
TXN_10878,ACC_0735,ACC_0341,2024-12-22 03:00:00,205239.35,RTGS
TXN_10879,ACC_0797,ACC_0672,2025-12-06 12:00:00,83058.67,UPI
TXN_10880,ACC_0133,ACC_0820,2025-01-07 06:00:00,89306.92,IMPS
TXN_10881,ACC_0222,ACC_0190,2025-01-30 06:00:00,280232.58,UPI
TXN_10882,ACC_0573,ACC_0163,2026-10-15 08:00:00,419170.07,RTGS
TXN_10883,ACC_0067,ACC_0056,2025-12-21 12:00:00,188699.42,IMPS
TXN_10884,ACC_0993,ACC_0391,2025-03-14 03:00:00,133923.23,NEFT
TXN_10885,ACC_0225,ACC_0619,2024-12-28 15:00:00,48145.98,RTGS
TXN_10886,ACC_0368,ACC_0989,2024-03-29 00:00:00,14961.74,IMPS
TXN_10887,ACC_0528,ACC_0898,2025-11-17 19:00:00,244934.63,UPI
TXN_10888,ACC_0745,ACC_0850,2024-09-12 07:00:00,8500.31,UPI
TXN_10889,ACC_0527,ACC_0294,2026-03-28 04:00:00,97987.2,IMPS
TXN_10890,ACC_0892,ACC_0957,2024-05-21 13:00:00,197800.96,NEFT
TXN_10891,ACC_0773,ACC_0128,2024-06-13 08:00:00,291736.53,RTGS
TXN_10892,ACC_0730,ACC_0874,2024-11-16 09:00:00,137848.94,RTGS
TXN_10893,ACC_0603,ACC_0814,2025-06-08 15:00:00,224471.43,IMPS
TXN_10894,ACC_0440,ACC_0836,2025-07-24 20:00:00,26970.86,IMPS
TXN_10895,ACC_0716,ACC_0542,2025-08-22 11:00:00,337844.87,RTGS
TXN_10896,ACC_0836,ACC_0346,2026-08-20 04:00:00,412476.36,NEFT
TXN_10897,ACC_0907,ACC_0619,2024-08-25 03:00:00,133510.16,UPI
TXN_10898,ACC_0464,ACC_0575,2026-01-22 15:00:00,422596.94,IMPS
TXN_10899,ACC_0484,ACC_0820,2025-03-16 04:00:00,377643.52,IMPS
TXN_10900,ACC_0745,ACC_0504,2025-04-11 01:00:00,41332.2,NEFT
TXN_10901,ACC_0504,ACC_0120,2026-05-29 19:00:00,432061.11,UPI
TXN_10902,ACC_0326,ACC_0765,2025-10-28 13:00:00,414549.17,UPI
TXN_10903,ACC_0566,ACC_0424,2024-06-06 04:00:00,273425.72,UPI
TXN_10904,ACC_0966,ACC_0730,2024-02-21 01:00:00,403214.84,UPI
TXN_10905,ACC_0636,ACC_0644,2024-12-07 17:00:00,46617.62,RTGS
TXN_10906,ACC_0886,ACC_0360,2026-06-19 15:00:00,56500.5,NEFT
TXN_10907,ACC_0850,ACC_0762,2025-02-25 16:00:00,443688.73,RTGS
TXN_10908,ACC_0788,ACC_0996,2025-05-15 10:00:00,298692.49,RTGS
TXN_10909,ACC_0275,ACC_0738,2024-12-03 17:00:00,427651.91,RTGS
TXN_10910,ACC_0484,ACC_0614,2026-08-09 19:00:00,31492.29,RTGS
TXN_10911,ACC_0168,ACC_0825,2024-01-17 13:00:00,3246.96,IMPS
TXN_10912,ACC_0684,ACC_0314,2025-07-25 22:00:00,277225.61,UPI
TXN_10913,ACC_0817,ACC_0258,2025-01-08 05:00:00,55784.13,RTGS
TXN_10914,ACC_0892,ACC_0807,2026-02-07 16:00:00,234315.83,RTGS
TXN_10915,ACC_0870,ACC_0190,2024-03-09 00:00:00,227276.83,IMPS
TXN_10916,ACC_0545,ACC_0200,2025-05-06 00:00:00,14333.23,RTGS
TXN_10917,ACC_0301,ACC_0047,2026-07-08 14:00:00,67880.22,UPI
TXN_10918,ACC_0848,ACC_0013,2025-07-26 06:00:00,198529.31,IMPS
TXN_10919,ACC_0322,ACC_0872,2024-01-29 01:00:00,459045.91,RTGS
TXN_10920,ACC_0804,ACC_0788,2026-03-17 16:00:00,25759.65,IMPS
TXN_10921,ACC_0253,ACC_0278,2026-06-24 13:00:00,422848.05,NEFT
TXN_10922,ACC_0275,ACC_0970,2026-07-26 04:00:00,247197.48,UPI
TXN_10923,ACC_0124,ACC_1038,2026-04-22 16:00:00,193943.37,UPI
TXN_10924,ACC_0661,ACC_0292,2025-07-22 21:00:00,345246.83,UPI
TXN_10925,ACC_0379,ACC_0891,2025-01-27 23:00:00,294838.71,UPI
TXN_10926,ACC_0392,ACC_0892,2025-12-29 00:00:00,309750.58,NEFT
TXN_10927,ACC_0974,ACC_0531,2026-08-02 06:00:00,133692.37,NEFT
TXN_10928,ACC_0507,ACC_0790,2026-01-17 07:00:00,66832.24,IMPS
TXN_10929,ACC_0243,ACC_0058,2026-09-28 06:00:00,377525.56,NEFT
TXN_10930,ACC_1024,ACC_0661,2026-05-20 20:00:00,245529.68,RTGS
TXN_10931,ACC_0455,ACC_0474,2026-01-19 10:00:00,183430.59,NEFT
TXN_10932,ACC_0869,ACC_0027,2024-10-05 14:00:00,215392.47,UPI
TXN_10933,ACC_0639,ACC_0234,2025-08-17 17:00:00,119748.71,NEFT
TXN_10934,ACC_0966,ACC_0221,2026-04-11 05:00:00,470630.43,RTGS
TXN_10935,ACC_0117,ACC_0005,2024-11-11 08:00:00,212769.98,IMPS
TXN_10936,ACC_0521,ACC_0542,2025-01-07 20:00:00,68039.82,UPI
TXN_10937,ACC_0210,ACC_0869,2024-02-07 15:00:00,200577.36,UPI
TXN_10938,ACC_0837,ACC_0756,2024-10-22 10:00:00,248209.07,NEFT
TXN_10939,ACC_0496,ACC_0385,2024-04-17 09:00:00,16116.76,NEFT
TXN_10940,ACC_0384,ACC_0079,2024-12-02 03:00:00,256781.77,UPI
TXN_10941,ACC_0431,ACC_0370,2024-11-14 06:00:00,78222.37,UPI
TXN_10942,ACC_1013,ACC_0439,2024-03-25 07:00:00,160690.79,IMPS
TXN_10943,ACC_0897,ACC_0133,2026-01-24 14:00:00,120167.51,UPI
TXN_10944,ACC_0527,ACC_0435,2024-09-30 21:00:00,393026.75,RTGS
TXN_10945,ACC_0899,ACC_0568,2026-03-18 07:00:00,274568.99,IMPS
TXN_10946,ACC_0104,ACC_0321,2024-08-15 21:00:00,271365.27,UPI
TXN_10947,ACC_0321,ACC_0184,2026-06-06 05:00:00,208605.96,IMPS
TXN_10948,ACC_1003,ACC_0197,2026-03-26 07:00:00,345588.66,IMPS
TXN_10949,ACC_0264,ACC_0126,2024-12-30 23:00:00,237567.09,IMPS
TXN_10950,ACC_0909,ACC_0960,2024-06-27 06:00:00,450296.35,NEFT
TXN_10951,ACC_0069,ACC_0913,2025-11-05 14:00:00,152265.83,NEFT
TXN_10952,ACC_0729,ACC_0965,2024-06-02 01:00:00,311003.79,NEFT
TXN_10953,ACC_0490,ACC_0532,2024-05-16 14:00:00,324448.83,NEFT
TXN_10954,ACC_0635,ACC_0230,2024-03-27 16:00:00,126738.15,NEFT
TXN_10955,ACC_0440,ACC_0094,2025-06-04 07:00:00,489468.85,RTGS
TXN_10956,ACC_1024,ACC_0427,2025-09-11 07:00:00,19602.6,UPI
TXN_10957,ACC_0405,ACC_0644,2026-04-09 09:00:00,359485.21,UPI
TXN_10958,ACC_0177,ACC_0137,2026-07-27 00:00:00,288052.32,IMPS
TXN_10959,ACC_0995,ACC_0588,2026-09-04 11:00:00,93457.18,RTGS
TXN_10960,ACC_0269,ACC_0320,2026-02-21 17:00:00,149564.59,UPI
TXN_10961,ACC_0097,ACC_0609,2026-03-12 07:00:00,172161.46,RTGS
TXN_10962,ACC_0716,ACC_0824,2024-04-23 04:00:00,469220.97,RTGS
TXN_10963,ACC_0076,ACC_0724,2024-01-31 22:00:00,446629.69,NEFT
TXN_10964,ACC_0338,ACC_0041,2024-07-13 22:00:00,31900.36,IMPS
TXN_10965,ACC_0564,ACC_0674,2024-05-24 13:00:00,489880.07,NEFT
TXN_10966,ACC_0917,ACC_0422,2024-04-07 17:00:00,149366.5,UPI
TXN_10967,ACC_0415,ACC_0499,2024-10-11 21:00:00,431174.21,IMPS
TXN_10968,ACC_0512,ACC_0262,2026-01-02 11:00:00,355031.04,IMPS
TXN_10969,ACC_1036,ACC_0719,2024-05-20 10:00:00,114668.04,NEFT
TXN_10970,ACC_0084,ACC_0497,2024-03-16 20:00:00,94278.93,UPI
TXN_10971,ACC_0402,ACC_0391,2026-01-10 08:00:00,3079.69,NEFT
TXN_10972,ACC_0842,ACC_0725,2026-10-20 00:00:00,197806.44,NEFT
TXN_10973,ACC_0953,ACC_0662,2024-11-11 11:00:00,137205.49,RTGS
TXN_10974,ACC_0345,ACC_0224,2026-07-01 03:00:00,74775.9,RTGS
TXN_10975,ACC_0923,ACC_0037,2025-07-30 08:00:00,464440.35,RTGS
TXN_10976,ACC_0086,ACC_1027,2026-01-07 09:00:00,129574.49,IMPS
TXN_10977,ACC_0424,ACC_0323,2024-01-25 02:00:00,498702.63,IMPS
TXN_10978,ACC_0078,ACC_0015,2026-06-03 20:00:00,25842.53,UPI
TXN_10979,ACC_0621,ACC_0398,2024-10-07 22:00:00,236179.99,RTGS
TXN_10980,ACC_0693,ACC_0871,2026-05-26 07:00:00,349250.83,NEFT
TXN_10981,ACC_0206,ACC_0664,2026-07-30 11:00:00,255328.1,IMPS
TXN_10982,ACC_0601,ACC_0755,2026-05-30 08:00:00,110637.86,NEFT
TXN_10983,ACC_0979,ACC_0114,2025-06-18 13:00:00,217135.36,NEFT
TXN_10984,ACC_0351,ACC_0037,2026-10-28 23:00:00,4749.62,UPI
TXN_10985,ACC_0426,ACC_0471,2024-05-21 06:00:00,263132.8,IMPS
TXN_10986,ACC_0465,ACC_0694,2026-03-01 10:00:00,161270.74,RTGS
TXN_10987,ACC_0926,ACC_0463,2026-07-20 16:00:00,347542.08,RTGS
TXN_10988,ACC_0728,ACC_0521,2026-10-27 18:00:00,416191.24,IMPS
TXN_10989,ACC_0670,ACC_0854,2025-05-15 06:00:00,454822.61,IMPS
TXN_10990,ACC_0327,ACC_0974,2025-08-13 09:00:00,142229.13,RTGS
TXN_10991,ACC_0139,ACC_0615,2024-02-10 00:00:00,440595.94,NEFT
TXN_10992,ACC_0730,ACC_0749,2024-09-15 16:00:00,357361.65,UPI
TXN_10993,ACC_0952,ACC_0512,2024-09-20 00:00:00,156384.8,RTGS
TXN_10994,ACC_0100,ACC_0919,2024-10-09 06:00:00,339208.24,NEFT
TXN_10995,ACC_0876,ACC_0327,2025-07-18 21:00:00,114604.57,IMPS
TXN_10996,ACC_0942,ACC_0052,2024-05-25 10:00:00,173477.45,RTGS
TXN_10997,ACC_0229,ACC_0993,2026-06-28 21:00:00,431870.21,UPI
TXN_10998,ACC_0645,ACC_0265,2026-10-14 13:00:00,335069.82,IMPS
TXN_10999,ACC_0927,ACC_0338,2024-09-16 06:00:00,422418.71,NEFT
TXN_11000,ACC_0365,ACC_0030,2026-05-24 09:00:00,481754.08,RTGS
TXN_11001,ACC_0681,ACC_0569,2024-10-23 06:00:00,97944.55,UPI
TXN_11002,ACC_0869,ACC_0571,2025-11-18 10:00:00,50479.16,UPI
TXN_11003,ACC_0457,ACC_0780,2026-08-27 19:00:00,218740.75,RTGS
TXN_11004,ACC_0645,ACC_0420,2024-05-24 02:00:00,482249.67,NEFT
TXN_11005,ACC_0920,ACC_0387,2024-04-12 02:00:00,317819.5,UPI
TXN_11006,ACC_0263,ACC_0211,2026-02-03 07:00:00,499490.77,IMPS
TXN_11007,ACC_0452,ACC_0423,2026-09-22 00:00:00,215401.96,RTGS
TXN_11008,ACC_0851,ACC_0340,2025-03-07 17:00:00,194524.11,RTGS
TXN_11009,ACC_0892,ACC_0137,2026-05-18 21:00:00,405057.7,IMPS
TXN_11010,ACC_0667,ACC_0358,2026-07-20 00:00:00,2880.63,IMPS
TXN_11011,ACC_0960,ACC_0750,2026-07-31 19:00:00,215861.06,UPI
TXN_11012,ACC_0204,ACC_0962,2024-06-21 17:00:00,456361.83,IMPS
TXN_11013,ACC_0595,ACC_0398,2026-08-02 12:00:00,87164.26,RTGS
TXN_11014,ACC_0728,ACC_0857,2026-01-24 21:00:00,417059.85,NEFT
TXN_11015,ACC_0782,ACC_0980,2025-10-02 12:00:00,492134.39,UPI
TXN_11016,ACC_0870,ACC_0196,2026-02-05 13:00:00,203701.5,RTGS
TXN_11017,ACC_0992,ACC_0735,2024-02-26 14:00:00,486200.91,UPI
TXN_11018,ACC_0257,ACC_0174,2024-02-23 12:00:00,305263.53,IMPS
TXN_11019,ACC_0043,ACC_0896,2026-04-15 07:00:00,57624.73,RTGS
TXN_11020,ACC_0939,ACC_0963,2025-01-21 13:00:00,308155.58,RTGS
TXN_11021,ACC_0225,ACC_0320,2025-03-10 14:00:00,277656.26,NEFT
TXN_11022,ACC_0839,ACC_0990,2026-10-03 19:00:00,428954.59,RTGS
TXN_11023,ACC_0277,ACC_0770,2026-02-21 22:00:00,47580.37,RTGS
TXN_11024,ACC_0867,ACC_0518,2024-03-12 09:00:00,33822.28,RTGS
TXN_11025,ACC_0455,ACC_0039,2025-08-18 10:00:00,37519.52,IMPS
TXN_11026,ACC_0845,ACC_0234,2026-04-26 11:00:00,423463.68,NEFT
TXN_11027,ACC_0656,ACC_0893,2024-11-24 17:00:00,17720.45,IMPS
TXN_11028,ACC_0299,ACC_0001,2025-02-16 18:00:00,214030.78,IMPS
TXN_11029,ACC_0490,ACC_0753,2026-11-05 07:00:00,485424.12,RTGS
TXN_11030,ACC_0834,ACC_0213,2024-02-07 14:00:00,289874.32,UPI
TXN_11031,ACC_0963,ACC_0098,2024-06-21 16:00:00,428286.1,RTGS
TXN_11032,ACC_0352,ACC_1040,2026-08-14 14:00:00,195577.52,RTGS
TXN_11033,ACC_0830,ACC_0864,2026-10-14 01:00:00,446533.96,UPI
TXN_11034,ACC_0441,ACC_0697,2024-09-10 19:00:00,234829.88,IMPS
TXN_11035,ACC_0079,ACC_0976,2025-11-21 20:00:00,412398.96,RTGS
TXN_11036,ACC_0238,ACC_0982,2024-09-10 17:00:00,148703.19,UPI
TXN_11037,ACC_0119,ACC_0368,2026-05-05 19:00:00,148457.72,RTGS
TXN_11038,ACC_0063,ACC_0920,2024-02-16 19:00:00,282815.01,NEFT
TXN_11039,ACC_0492,ACC_1030,2024-03-29 07:00:00,496556.78,NEFT
TXN_11040,ACC_0903,ACC_0428,2024-08-03 19:00:00,279396.17,IMPS
TXN_11041,ACC_0596,ACC_0318,2026-07-21 02:00:00,488464.12,NEFT
TXN_11042,ACC_0941,ACC_0323,2024-07-17 11:00:00,400465.04,IMPS
TXN_11043,ACC_0632,ACC_0672,2025-02-24 02:00:00,379994.74,IMPS
TXN_11044,ACC_0290,ACC_0699,2026-10-12 18:00:00,175703.97,UPI
TXN_11045,ACC_0703,ACC_0775,2025-10-01 20:00:00,389897.61,RTGS
TXN_11046,ACC_0201,ACC_0982,2025-03-18 20:00:00,493227.17,UPI
TXN_11047,ACC_0985,ACC_0390,2024-10-25 18:00:00,4137.9,NEFT
TXN_11048,ACC_0557,ACC_1005,2025-12-24 05:00:00,295407.6,IMPS
TXN_11049,ACC_0129,ACC_0138,2025-07-15 00:00:00,339652.49,NEFT
TXN_11050,ACC_0638,ACC_0489,2025-01-10 10:00:00,423352.93,NEFT
TXN_11051,ACC_0174,ACC_0461,2026-08-08 16:00:00,490277.34,NEFT
TXN_11052,ACC_0170,ACC_0171,2026-05-02 07:00:00,354154.37,RTGS
TXN_11053,ACC_0825,ACC_0714,2026-09-22 07:00:00,61539.18,NEFT
TXN_11054,ACC_0490,ACC_0022,2025-02-25 09:00:00,409302.12,UPI
TXN_11055,ACC_0941,ACC_0278,2026-08-22 01:00:00,1095.03,RTGS
TXN_11056,ACC_0432,ACC_0995,2025-07-23 21:00:00,9623.84,UPI
TXN_11057,ACC_0292,ACC_1031,2024-06-28 22:00:00,421509.86,UPI
TXN_11058,ACC_0810,ACC_0168,2026-02-14 05:00:00,177016.16,NEFT
TXN_11059,ACC_0200,ACC_0599,2024-12-17 19:00:00,300899.84,UPI
TXN_11060,ACC_0112,ACC_0733,2025-08-09 11:00:00,401929.39,NEFT
TXN_11061,ACC_0195,ACC_0556,2024-06-26 10:00:00,353632.64,UPI
TXN_11062,ACC_0494,ACC_0711,2024-11-27 17:00:00,310593.41,IMPS
TXN_11063,ACC_0589,ACC_0212,2026-10-19 16:00:00,163599.59,RTGS
TXN_11064,ACC_0354,ACC_0292,2025-11-07 12:00:00,68323.08,RTGS
TXN_11065,ACC_0866,ACC_0050,2026-04-13 07:00:00,468582.28,IMPS
TXN_11066,ACC_0597,ACC_0962,2026-10-15 02:00:00,242698.24,NEFT
TXN_11067,ACC_0491,ACC_0169,2025-12-12 08:00:00,23203.36,NEFT
TXN_11068,ACC_0939,ACC_0237,2024-10-28 16:00:00,305261.9,RTGS
TXN_11069,ACC_0091,ACC_0844,2024-04-29 16:00:00,135938.62,IMPS
TXN_11070,ACC_0249,ACC_0131,2024-02-28 07:00:00,12543.13,RTGS
TXN_11071,ACC_0254,ACC_0387,2024-06-13 20:00:00,465904.3,IMPS
TXN_11072,ACC_0609,ACC_0078,2025-10-15 11:00:00,75136.41,UPI
TXN_11073,ACC_0768,ACC_0219,2026-04-30 07:00:00,303406.87,NEFT
TXN_11074,ACC_0548,ACC_0461,2024-11-08 14:00:00,31468.12,NEFT
TXN_11075,ACC_0756,ACC_0038,2025-10-06 12:00:00,354432.98,RTGS
TXN_11076,ACC_0150,ACC_0891,2026-02-16 22:00:00,258042.05,RTGS
TXN_11077,ACC_0150,ACC_0095,2025-04-27 13:00:00,429299.35,UPI
TXN_11078,ACC_0996,ACC_0050,2024-04-18 13:00:00,36020.97,UPI
TXN_11079,ACC_0764,ACC_0452,2025-08-13 15:00:00,67386.28,RTGS
TXN_11080,ACC_1032,ACC_0772,2025-08-07 15:00:00,406003.19,IMPS
TXN_11081,ACC_0783,ACC_0167,2024-09-12 08:00:00,332434.55,IMPS
TXN_11082,ACC_0136,ACC_0235,2025-06-01 01:00:00,346101.77,RTGS
TXN_11083,ACC_0428,ACC_0874,2025-11-09 16:00:00,264801.94,NEFT
TXN_11084,ACC_0735,ACC_0926,2025-03-25 10:00:00,268364.42,IMPS
TXN_11085,ACC_0139,ACC_0496,2024-04-20 18:00:00,355681.36,NEFT
TXN_11086,ACC_0244,ACC_0005,2026-03-06 23:00:00,17846.98,UPI
TXN_11087,ACC_0301,ACC_0425,2026-09-21 15:00:00,207547.51,UPI
TXN_11088,ACC_0308,ACC_0153,2026-05-29 22:00:00,492860.79,IMPS
TXN_11089,ACC_0063,ACC_0193,2025-10-29 05:00:00,151157.84,RTGS
TXN_11090,ACC_0493,ACC_1026,2024-06-17 23:00:00,334341.57,NEFT
TXN_11091,ACC_0594,ACC_0220,2024-12-07 13:00:00,397975.6,UPI
TXN_11092,ACC_1013,ACC_0941,2026-02-26 05:00:00,201244.34,RTGS
TXN_11093,ACC_0435,ACC_0774,2025-06-17 04:00:00,285224.11,NEFT
TXN_11094,ACC_0606,ACC_0461,2024-02-19 18:00:00,100126.6,IMPS
TXN_11095,ACC_0060,ACC_1030,2024-12-12 11:00:00,368556.12,IMPS
TXN_11096,ACC_0128,ACC_0227,2025-01-06 13:00:00,18819.97,RTGS
TXN_11097,ACC_0679,ACC_0754,2026-01-18 23:00:00,75051.19,IMPS
TXN_11098,ACC_0582,ACC_0971,2025-08-14 10:00:00,53235.33,RTGS
TXN_11099,ACC_0105,ACC_0673,2025-02-21 13:00:00,185763.15,RTGS
TXN_11100,ACC_0542,ACC_0549,2026-01-27 16:00:00,378399.72,RTGS
TXN_11101,ACC_0653,ACC_0345,2026-05-08 23:00:00,373814.51,IMPS
TXN_11102,ACC_0791,ACC_0890,2025-02-19 08:00:00,59303.33,UPI
TXN_11103,ACC_0335,ACC_0486,2024-04-14 17:00:00,300273.34,NEFT
TXN_11104,ACC_0525,ACC_0804,2025-07-29 09:00:00,21163.3,NEFT
TXN_11105,ACC_0718,ACC_0419,2025-12-24 21:00:00,225366.03,RTGS
TXN_11106,ACC_0913,ACC_0478,2024-07-26 21:00:00,12048.38,IMPS
TXN_11107,ACC_0939,ACC_0390,2025-10-03 21:00:00,254719.47,RTGS
TXN_11108,ACC_0424,ACC_0699,2025-02-20 08:00:00,53459.47,UPI
TXN_11109,ACC_0431,ACC_0192,2025-02-15 15:00:00,124311.84,NEFT
TXN_11110,ACC_0904,ACC_0870,2026-04-19 22:00:00,486365.21,IMPS
TXN_11111,ACC_0879,ACC_0277,2026-07-27 22:00:00,160385.79,IMPS
TXN_11112,ACC_0267,ACC_0868,2026-02-27 15:00:00,466173.9,IMPS
TXN_11113,ACC_0682,ACC_0407,2024-01-23 21:00:00,47468.22,IMPS
TXN_11114,ACC_0980,ACC_0649,2024-08-18 17:00:00,172872.71,RTGS
TXN_11115,ACC_0658,ACC_0456,2025-12-11 00:00:00,79178.11,RTGS
TXN_11116,ACC_0552,ACC_0537,2026-05-21 09:00:00,120915.25,NEFT
TXN_11117,ACC_0323,ACC_0978,2024-04-14 18:00:00,200126.99,NEFT
TXN_11118,ACC_1024,ACC_0119,2024-11-08 21:00:00,20716.5,UPI
TXN_11119,ACC_0409,ACC_0542,2025-02-20 17:00:00,151427.27,IMPS
TXN_11120,ACC_0633,ACC_0425,2026-09-22 03:00:00,375914.38,RTGS
TXN_11121,ACC_0926,ACC_0696,2025-04-13 00:00:00,91647.52,IMPS
TXN_11122,ACC_0668,ACC_0554,2024-09-16 09:00:00,355800.14,IMPS
TXN_11123,ACC_0372,ACC_0770,2026-10-11 04:00:00,51521.22,IMPS
TXN_11124,ACC_0764,ACC_0500,2026-03-20 17:00:00,359912.45,RTGS
TXN_11125,ACC_0953,ACC_0790,2026-01-08 22:00:00,358765.19,UPI
TXN_11126,ACC_0771,ACC_0779,2025-04-05 05:00:00,295748.84,IMPS
TXN_11127,ACC_0039,ACC_0895,2024-10-06 01:00:00,408795.23,UPI
TXN_11128,ACC_0382,ACC_0982,2024-08-30 02:00:00,209708.32,UPI
TXN_11129,ACC_0159,ACC_0961,2026-07-15 23:00:00,251330.22,NEFT
TXN_11130,ACC_0633,ACC_0346,2026-04-22 18:00:00,19073.53,UPI
TXN_11131,ACC_0245,ACC_0522,2024-10-15 13:00:00,253581.36,IMPS
TXN_11132,ACC_0419,ACC_0719,2024-03-19 17:00:00,262871.06,RTGS
TXN_11133,ACC_0629,ACC_0446,2025-09-04 00:00:00,176336.42,RTGS
TXN_11134,ACC_0458,ACC_0572,2025-02-11 00:00:00,140138.57,NEFT
TXN_11135,ACC_0832,ACC_0947,2025-12-22 15:00:00,486427.45,UPI
TXN_11136,ACC_0707,ACC_0703,2024-09-08 03:00:00,46432.13,NEFT
TXN_11137,ACC_1035,ACC_0742,2026-06-29 23:00:00,329387.15,UPI
TXN_11138,ACC_0138,ACC_0291,2024-04-13 09:00:00,375255.15,RTGS
TXN_11139,ACC_0505,ACC_0378,2025-08-07 21:00:00,263772.71,UPI
TXN_11140,ACC_0716,ACC_0377,2026-07-04 09:00:00,139694.07,NEFT
TXN_11141,ACC_0569,ACC_0978,2026-02-23 08:00:00,336365.07,RTGS
TXN_11142,ACC_0698,ACC_0784,2025-09-08 02:00:00,67909.32,IMPS
TXN_11143,ACC_0455,ACC_0066,2026-04-15 16:00:00,416264.2,RTGS
TXN_11144,ACC_0341,ACC_0488,2025-09-12 11:00:00,94711.18,NEFT
TXN_11145,ACC_0160,ACC_0765,2025-02-21 23:00:00,141342.7,UPI
TXN_11146,ACC_0737,ACC_0682,2026-03-30 03:00:00,424410.36,UPI
TXN_11147,ACC_0685,ACC_0650,2024-09-09 07:00:00,43638.77,IMPS
TXN_11148,ACC_1024,ACC_0773,2024-06-29 02:00:00,178979.74,UPI
TXN_11149,ACC_0207,ACC_0080,2026-01-12 21:00:00,115930.09,UPI
TXN_11150,ACC_0193,ACC_0290,2024-01-31 12:00:00,315762.2,NEFT
TXN_11151,ACC_0032,ACC_0850,2024-02-26 17:00:00,463506.4,NEFT
TXN_11152,ACC_0674,ACC_0449,2024-10-22 09:00:00,22694.02,RTGS
TXN_11153,ACC_0388,ACC_0934,2026-05-01 08:00:00,91908.8,IMPS
TXN_11154,ACC_0990,ACC_0414,2024-01-27 00:00:00,188636.1,IMPS
TXN_11155,ACC_0121,ACC_0979,2024-05-02 06:00:00,197197.34,IMPS
TXN_11156,ACC_0198,ACC_0303,2024-08-08 03:00:00,214838.76,IMPS
TXN_11157,ACC_0124,ACC_0183,2026-03-03 22:00:00,26548.97,UPI
TXN_11158,ACC_0455,ACC_0919,2025-11-14 04:00:00,473077.65,IMPS
TXN_11159,ACC_0419,ACC_0514,2025-01-07 20:00:00,414019.2,IMPS
TXN_11160,ACC_0198,ACC_1030,2025-02-05 07:00:00,211128.31,IMPS
TXN_11161,ACC_0236,ACC_0325,2026-06-04 22:00:00,217682.79,IMPS
TXN_11162,ACC_0223,ACC_0490,2025-08-09 00:00:00,205298.04,NEFT
TXN_11163,ACC_0376,ACC_0997,2025-10-09 17:00:00,15400.55,IMPS
TXN_11164,ACC_0805,ACC_0359,2024-01-01 19:00:00,280780.98,RTGS
TXN_11165,ACC_0203,ACC_0217,2025-11-29 06:00:00,48770.13,UPI
TXN_11166,ACC_0309,ACC_0717,2025-07-10 03:00:00,397047.66,RTGS
TXN_11167,ACC_0951,ACC_0383,2026-06-06 16:00:00,139939.53,NEFT
TXN_11168,ACC_1033,ACC_0814,2026-10-02 15:00:00,174723.19,NEFT
TXN_11169,ACC_0317,ACC_0310,2025-10-03 18:00:00,75624.98,NEFT
TXN_11170,ACC_0098,ACC_0506,2025-04-11 15:00:00,142205.44,IMPS
TXN_11171,ACC_1016,ACC_0301,2024-05-20 14:00:00,93610.32,UPI
TXN_11172,ACC_0373,ACC_0932,2026-05-29 13:00:00,489062.23,NEFT
TXN_11173,ACC_0761,ACC_0113,2025-03-21 13:00:00,442382.64,NEFT
TXN_11174,ACC_0934,ACC_0393,2025-09-26 17:00:00,393417.34,IMPS
TXN_11175,ACC_0132,ACC_0238,2024-06-27 23:00:00,465817.37,IMPS
TXN_11176,ACC_0207,ACC_0662,2026-04-10 06:00:00,253625.09,IMPS
TXN_11177,ACC_0592,ACC_0217,2026-01-30 04:00:00,490074.41,NEFT
TXN_11178,ACC_0257,ACC_0693,2025-01-10 03:00:00,214649.29,IMPS
TXN_11179,ACC_1006,ACC_0156,2026-09-25 01:00:00,174431.29,UPI
TXN_11180,ACC_0893,ACC_0409,2026-01-28 06:00:00,430794.14,RTGS
TXN_11181,ACC_0923,ACC_0445,2025-07-25 18:00:00,144908.02,UPI
TXN_11182,ACC_0093,ACC_0958,2026-10-23 01:00:00,329123.97,NEFT
TXN_11183,ACC_0975,ACC_0913,2025-07-14 22:00:00,11856.14,IMPS
TXN_11184,ACC_0896,ACC_0786,2026-05-08 10:00:00,209303.3,UPI
TXN_11185,ACC_0373,ACC_0924,2024-02-14 15:00:00,219957.02,NEFT
TXN_11186,ACC_0687,ACC_0594,2025-09-07 08:00:00,491685.77,NEFT
TXN_11187,ACC_0956,ACC_0800,2025-08-15 04:00:00,457636.06,IMPS
TXN_11188,ACC_0421,ACC_0046,2026-06-23 13:00:00,412908.98,UPI
TXN_11189,ACC_0397,ACC_0915,2024-03-07 13:00:00,413007.37,UPI
TXN_11190,ACC_0295,ACC_0633,2024-03-08 17:00:00,490441.79,NEFT
TXN_11191,ACC_0859,ACC_0079,2026-10-23 13:00:00,416399.06,RTGS
TXN_11192,ACC_0453,ACC_0867,2026-05-15 05:00:00,65624.26,NEFT
TXN_11193,ACC_0045,ACC_0718,2025-01-13 12:00:00,246708.12,RTGS
TXN_11194,ACC_0137,ACC_0129,2025-03-22 01:00:00,184569.34,IMPS
TXN_11195,ACC_0367,ACC_0620,2024-03-29 11:00:00,444690.73,UPI
TXN_11196,ACC_0407,ACC_0900,2026-04-29 16:00:00,421462.74,UPI
TXN_11197,ACC_0879,ACC_0020,2024-09-13 19:00:00,115255.82,NEFT
TXN_11198,ACC_0818,ACC_0978,2026-07-30 14:00:00,155059.74,NEFT
TXN_11199,ACC_0494,ACC_0272,2026-03-16 00:00:00,156807.29,NEFT
TXN_11200,ACC_0339,ACC_0980,2024-09-16 19:00:00,187060.18,IMPS
TXN_11201,ACC_0104,ACC_0126,2024-02-28 17:00:00,377375.02,RTGS
TXN_11202,ACC_0658,ACC_0367,2026-01-22 09:00:00,11884.02,IMPS
TXN_11203,ACC_0840,ACC_0413,2025-03-31 17:00:00,90330.78,NEFT
TXN_11204,ACC_0167,ACC_0664,2026-09-14 14:00:00,450722.99,RTGS
TXN_11205,ACC_0569,ACC_0110,2026-03-04 17:00:00,284809.27,RTGS
TXN_11206,ACC_0342,ACC_0999,2025-05-31 11:00:00,51813.39,RTGS
TXN_11207,ACC_0927,ACC_0148,2026-03-03 15:00:00,346229.62,IMPS
TXN_11208,ACC_0745,ACC_0145,2026-02-22 12:00:00,362344.83,UPI
TXN_11209,ACC_0024,ACC_0095,2024-09-07 23:00:00,113376.67,RTGS
TXN_11210,ACC_0412,ACC_0211,2024-12-13 09:00:00,214108.53,IMPS
TXN_11211,ACC_0995,ACC_0273,2026-05-07 07:00:00,197644.18,UPI
TXN_11212,ACC_0079,ACC_0923,2024-06-16 06:00:00,304950.86,IMPS
TXN_11213,ACC_0365,ACC_0580,2025-07-30 14:00:00,329146.5,RTGS
TXN_11214,ACC_0673,ACC_0768,2024-03-19 23:00:00,392237.38,IMPS
TXN_11215,ACC_0761,ACC_0430,2025-02-03 22:00:00,26739.72,IMPS
TXN_11216,ACC_0543,ACC_0748,2024-03-26 08:00:00,358532.01,UPI
TXN_11217,ACC_0242,ACC_0853,2024-01-31 06:00:00,237594.38,UPI
TXN_11218,ACC_0087,ACC_0444,2026-08-24 23:00:00,23867.25,UPI
TXN_11219,ACC_1012,ACC_0880,2025-05-05 15:00:00,385457.73,UPI
TXN_11220,ACC_0729,ACC_0737,2024-05-05 20:00:00,271599.18,IMPS
TXN_11221,ACC_0377,ACC_0281,2026-01-16 05:00:00,150143.78,RTGS
TXN_11222,ACC_0761,ACC_0777,2026-10-14 06:00:00,141047.34,IMPS
TXN_11223,ACC_0438,ACC_0370,2026-03-09 15:00:00,164765.7,IMPS
TXN_11224,ACC_0915,ACC_0366,2024-09-03 00:00:00,176599.09,IMPS
TXN_11225,ACC_0960,ACC_0584,2026-11-03 05:00:00,286758.24,NEFT
TXN_11226,ACC_0565,ACC_0443,2026-07-12 08:00:00,39823.78,NEFT
TXN_11227,ACC_0190,ACC_0039,2026-10-02 20:00:00,163065.6,UPI
TXN_11228,ACC_0878,ACC_0037,2024-08-04 01:00:00,63338.71,NEFT
TXN_11229,ACC_0560,ACC_0306,2025-09-22 18:00:00,459238.0,UPI
TXN_11230,ACC_0716,ACC_0337,2024-12-28 17:00:00,359392.29,UPI
TXN_11231,ACC_0123,ACC_0675,2026-03-15 02:00:00,474990.82,RTGS
TXN_11232,ACC_0645,ACC_0306,2026-03-04 13:00:00,222150.5,IMPS
TXN_11233,ACC_0261,ACC_0746,2025-02-07 19:00:00,104519.53,RTGS
TXN_11234,ACC_0889,ACC_1024,2026-02-25 12:00:00,324951.96,RTGS
TXN_11235,ACC_0408,ACC_0954,2026-07-24 02:00:00,12913.83,UPI
TXN_11236,ACC_0934,ACC_0430,2025-08-25 13:00:00,255109.22,IMPS
TXN_11237,ACC_0875,ACC_0691,2025-09-13 09:00:00,322682.47,NEFT
TXN_11238,ACC_0537,ACC_0903,2025-03-08 06:00:00,287142.28,IMPS
TXN_11239,ACC_0956,ACC_0417,2026-05-09 00:00:00,166368.74,IMPS
TXN_11240,ACC_0659,ACC_0887,2025-06-02 14:00:00,23063.06,NEFT
TXN_11241,ACC_0049,ACC_0597,2026-10-15 04:00:00,352278.27,IMPS
TXN_11242,ACC_0054,ACC_0310,2025-05-26 10:00:00,495139.66,RTGS
TXN_11243,ACC_0674,ACC_0884,2024-12-13 04:00:00,416542.45,RTGS
TXN_11244,ACC_0964,ACC_0877,2026-01-25 10:00:00,660.62,UPI
TXN_11245,ACC_0660,ACC_0876,2026-04-08 17:00:00,346805.11,IMPS
TXN_11246,ACC_0395,ACC_0922,2025-06-16 11:00:00,363734.26,RTGS
TXN_11247,ACC_0284,ACC_0713,2025-10-22 06:00:00,176552.61,IMPS
TXN_11248,ACC_0475,ACC_0666,2025-01-28 21:00:00,482108.18,NEFT
TXN_11249,ACC_0148,ACC_0433,2024-12-13 08:00:00,226859.79,UPI
TXN_11250,ACC_0160,ACC_0806,2024-07-02 02:00:00,436666.89,RTGS
TXN_11251,ACC_0179,ACC_0051,2024-04-07 23:00:00,443191.43,UPI
TXN_11252,ACC_0586,ACC_0465,2024-06-15 11:00:00,407702.48,UPI
TXN_11253,ACC_0566,ACC_0638,2026-08-26 11:00:00,329500.66,RTGS
TXN_11254,ACC_0196,ACC_0546,2025-07-28 05:00:00,479311.23,UPI
TXN_11255,ACC_0778,ACC_0727,2026-08-11 09:00:00,144722.18,UPI
TXN_11256,ACC_1037,ACC_0158,2024-04-22 02:00:00,404717.38,UPI
TXN_11257,ACC_0114,ACC_0009,2026-02-21 20:00:00,483934.38,UPI
TXN_11258,ACC_0152,ACC_0998,2025-09-23 05:00:00,87293.74,RTGS
TXN_11259,ACC_0082,ACC_0505,2025-02-19 05:00:00,243671.92,RTGS
TXN_11260,ACC_0395,ACC_0479,2025-12-27 05:00:00,202306.07,RTGS
TXN_11261,ACC_0847,ACC_0723,2024-05-23 11:00:00,136616.71,UPI
TXN_11262,ACC_0199,ACC_1029,2024-06-25 17:00:00,14981.52,UPI
TXN_11263,ACC_0661,ACC_0390,2025-08-19 23:00:00,62318.01,IMPS
TXN_11264,ACC_0330,ACC_0749,2026-03-09 00:00:00,403363.81,UPI
TXN_11265,ACC_0099,ACC_0821,2024-02-06 18:00:00,468118.16,RTGS
TXN_11266,ACC_0194,ACC_0713,2026-08-05 20:00:00,301615.44,RTGS
TXN_11267,ACC_0396,ACC_0235,2024-07-22 18:00:00,64116.85,IMPS
TXN_11268,ACC_0657,ACC_0127,2024-07-10 16:00:00,323062.8,NEFT
TXN_11269,ACC_0997,ACC_0214,2024-04-27 14:00:00,115119.68,UPI
TXN_11270,ACC_0129,ACC_0406,2025-07-17 20:00:00,479030.4,RTGS
TXN_11271,ACC_0590,ACC_0857,2024-09-19 16:00:00,312212.92,UPI
TXN_11272,ACC_0637,ACC_0539,2024-08-31 22:00:00,63717.52,IMPS
TXN_11273,ACC_0363,ACC_0376,2025-05-27 02:00:00,134368.74,UPI
TXN_11274,ACC_0333,ACC_0341,2026-03-16 03:00:00,128463.15,UPI
TXN_11275,ACC_1017,ACC_0297,2024-09-02 01:00:00,186930.07,NEFT
TXN_11276,ACC_1012,ACC_0766,2025-03-24 13:00:00,34815.61,RTGS
TXN_11277,ACC_0625,ACC_0383,2024-01-01 09:00:00,356041.34,RTGS
TXN_11278,ACC_0471,ACC_0882,2025-07-02 23:00:00,388612.56,IMPS
TXN_11279,ACC_1027,ACC_0640,2025-04-19 05:00:00,274389.02,IMPS
TXN_11280,ACC_0543,ACC_0325,2024-10-05 17:00:00,273477.36,UPI
TXN_11281,ACC_0171,ACC_0110,2026-08-05 09:00:00,288059.59,NEFT
TXN_11282,ACC_0796,ACC_0067,2026-04-13 16:00:00,338100.62,IMPS
TXN_11283,ACC_0653,ACC_0420,2025-10-21 20:00:00,158955.43,IMPS
TXN_11284,ACC_0198,ACC_0467,2026-10-26 12:00:00,352487.58,UPI
TXN_11285,ACC_0141,ACC_0824,2024-10-08 11:00:00,246992.05,RTGS
TXN_11286,ACC_0535,ACC_0033,2026-09-22 04:00:00,297515.84,UPI
TXN_11287,ACC_0107,ACC_0299,2026-10-19 18:00:00,196452.54,IMPS
TXN_11288,ACC_0713,ACC_0555,2026-07-05 23:00:00,27602.4,IMPS
TXN_11289,ACC_0300,ACC_0490,2024-03-30 08:00:00,282266.04,IMPS
TXN_11290,ACC_0305,ACC_0895,2024-06-27 03:00:00,378147.7,UPI
TXN_11291,ACC_0570,ACC_0369,2026-06-01 05:00:00,209880.23,NEFT
TXN_11292,ACC_0888,ACC_0855,2026-10-04 13:00:00,336228.9,NEFT
TXN_11293,ACC_0460,ACC_0043,2026-02-19 07:00:00,77225.82,IMPS
TXN_11294,ACC_0890,ACC_0349,2026-03-01 20:00:00,97387.43,IMPS
TXN_11295,ACC_0824,ACC_0913,2026-02-27 19:00:00,89570.52,RTGS
TXN_11296,ACC_0367,ACC_0573,2024-09-16 12:00:00,385924.59,IMPS
TXN_11297,ACC_0456,ACC_0529,2026-06-30 01:00:00,428165.27,IMPS
TXN_11298,ACC_0854,ACC_0446,2024-04-24 12:00:00,198342.91,NEFT
TXN_11299,ACC_0639,ACC_0051,2024-02-14 04:00:00,114949.27,RTGS
TXN_11300,ACC_0132,ACC_0807,2026-09-08 03:00:00,408580.8,IMPS
TXN_11301,ACC_0878,ACC_0390,2024-10-19 01:00:00,272462.46,IMPS
TXN_11302,ACC_0603,ACC_0462,2026-05-07 16:00:00,435883.18,NEFT
TXN_11303,ACC_0830,ACC_0454,2024-09-26 13:00:00,498141.96,IMPS
TXN_11304,ACC_0857,ACC_0092,2026-07-06 00:00:00,295868.44,IMPS
TXN_11305,ACC_0086,ACC_0879,2024-09-27 15:00:00,58779.3,RTGS
TXN_11306,ACC_0968,ACC_0346,2026-07-17 17:00:00,27345.68,IMPS
TXN_11307,ACC_0330,ACC_0288,2024-03-30 11:00:00,220291.07,UPI
TXN_11308,ACC_0714,ACC_0225,2024-02-11 19:00:00,312043.41,UPI
TXN_11309,ACC_0095,ACC_0003,2025-04-29 03:00:00,87066.86,NEFT
TXN_11310,ACC_0689,ACC_0395,2025-03-29 04:00:00,200390.88,RTGS
TXN_11311,ACC_0804,ACC_0650,2024-05-02 09:00:00,476966.41,NEFT
TXN_11312,ACC_0706,ACC_0541,2025-12-01 18:00:00,187469.16,UPI
TXN_11313,ACC_0967,ACC_0264,2026-10-23 21:00:00,37189.47,NEFT
TXN_11314,ACC_0111,ACC_0939,2025-04-30 14:00:00,262371.81,RTGS
TXN_11315,ACC_0658,ACC_0855,2025-03-31 22:00:00,49608.42,RTGS
TXN_11316,ACC_0296,ACC_0253,2026-10-22 23:00:00,123070.38,UPI
TXN_11317,ACC_0100,ACC_0169,2026-11-02 23:00:00,244754.22,RTGS
TXN_11318,ACC_0864,ACC_0278,2025-06-19 06:00:00,178702.64,RTGS
TXN_11319,ACC_0127,ACC_0156,2024-07-06 09:00:00,70177.7,RTGS
TXN_11320,ACC_0238,ACC_0169,2024-09-05 17:00:00,250214.95,UPI
TXN_11321,ACC_0096,ACC_0788,2025-11-23 14:00:00,231662.34,IMPS
TXN_11322,ACC_0142,ACC_0208,2026-05-26 14:00:00,345599.24,NEFT
TXN_11323,ACC_0471,ACC_0107,2024-09-25 09:00:00,106421.92,IMPS
TXN_11324,ACC_0313,ACC_0755,2024-12-02 22:00:00,192808.17,NEFT
TXN_11325,ACC_0350,ACC_0759,2025-12-05 06:00:00,496146.47,NEFT
TXN_11326,ACC_0199,ACC_0435,2025-07-12 01:00:00,218814.53,NEFT
TXN_11327,ACC_0967,ACC_0062,2026-06-25 14:00:00,242456.87,NEFT
TXN_11328,ACC_0088,ACC_0042,2026-10-18 14:00:00,82263.06,RTGS
TXN_11329,ACC_0899,ACC_0253,2025-01-05 23:00:00,420322.23,NEFT
TXN_11330,ACC_0540,ACC_1028,2024-01-08 22:00:00,293808.14,NEFT
TXN_11331,ACC_0781,ACC_0672,2025-01-07 19:00:00,434187.03,NEFT
TXN_11332,ACC_0203,ACC_0269,2024-04-02 07:00:00,339663.97,NEFT
TXN_11333,ACC_0736,ACC_0616,2024-02-09 18:00:00,34302.33,IMPS
TXN_11334,ACC_0027,ACC_0166,2026-08-29 08:00:00,424159.36,RTGS
TXN_11335,ACC_0130,ACC_0104,2024-06-24 10:00:00,347174.42,NEFT
TXN_11336,ACC_0873,ACC_0224,2025-12-31 15:00:00,184455.18,IMPS
TXN_11337,ACC_0440,ACC_0976,2025-01-23 23:00:00,486799.7,UPI
TXN_11338,ACC_0785,ACC_0126,2026-03-10 05:00:00,432969.45,IMPS
TXN_11339,ACC_0622,ACC_0486,2026-03-03 14:00:00,161106.99,UPI
TXN_11340,ACC_0754,ACC_0500,2024-06-15 01:00:00,194191.0,NEFT
TXN_11341,ACC_0043,ACC_0356,2024-09-26 08:00:00,246170.54,NEFT
TXN_11342,ACC_0353,ACC_0011,2024-04-15 22:00:00,201297.32,NEFT
TXN_11343,ACC_0999,ACC_0190,2025-02-16 05:00:00,451431.81,IMPS
TXN_11344,ACC_0590,ACC_0450,2024-05-27 13:00:00,412418.07,NEFT
TXN_11345,ACC_0626,ACC_0363,2026-10-27 19:00:00,219733.19,UPI
TXN_11346,ACC_0934,ACC_0119,2024-03-24 03:00:00,285804.12,RTGS
TXN_11347,ACC_0548,ACC_0444,2025-09-30 08:00:00,261037.77,UPI
TXN_11348,ACC_0212,ACC_0778,2024-03-22 18:00:00,352090.28,IMPS
TXN_11349,ACC_0961,ACC_0436,2025-04-05 11:00:00,345102.7,IMPS
TXN_11350,ACC_1037,ACC_0241,2025-12-14 12:00:00,207321.46,RTGS
TXN_11351,ACC_0161,ACC_0789,2025-03-24 17:00:00,317246.23,RTGS
TXN_11352,ACC_0540,ACC_0304,2025-05-18 13:00:00,152243.65,UPI
TXN_11353,ACC_0453,ACC_0169,2024-02-29 12:00:00,171047.97,IMPS
TXN_11354,ACC_0774,ACC_0353,2024-06-23 04:00:00,45037.78,UPI
TXN_11355,ACC_0885,ACC_0057,2024-02-20 21:00:00,448634.83,IMPS
TXN_11356,ACC_0352,ACC_0158,2024-01-19 03:00:00,477309.79,IMPS
TXN_11357,ACC_1014,ACC_0014,2026-08-17 00:00:00,23684.37,IMPS
TXN_11358,ACC_0593,ACC_0398,2024-04-27 17:00:00,393016.44,RTGS
TXN_11359,ACC_0258,ACC_0119,2025-01-23 10:00:00,432619.89,NEFT
TXN_11360,ACC_0146,ACC_0555,2026-04-19 11:00:00,167801.69,UPI
TXN_11361,ACC_0653,ACC_0969,2024-03-29 07:00:00,458809.22,IMPS
TXN_11362,ACC_0649,ACC_0456,2026-02-11 01:00:00,182513.46,NEFT
TXN_11363,ACC_0020,ACC_1035,2025-12-07 10:00:00,134154.38,NEFT
TXN_11364,ACC_0617,ACC_0284,2024-10-02 07:00:00,135072.24,NEFT
TXN_11365,ACC_0461,ACC_0670,2025-09-12 06:00:00,147192.97,UPI
TXN_11366,ACC_0922,ACC_0365,2024-05-23 14:00:00,85464.23,NEFT
TXN_11367,ACC_0083,ACC_0911,2025-12-30 08:00:00,245059.46,RTGS
TXN_11368,ACC_0926,ACC_0491,2024-09-27 03:00:00,437457.33,UPI
TXN_11369,ACC_1004,ACC_0557,2026-03-04 15:00:00,430265.49,NEFT
TXN_11370,ACC_0184,ACC_0591,2024-09-15 07:00:00,98179.85,RTGS
TXN_11371,ACC_0772,ACC_0227,2026-01-05 17:00:00,217250.88,RTGS
TXN_11372,ACC_0536,ACC_0176,2025-12-27 00:00:00,342198.33,UPI
TXN_11373,ACC_0794,ACC_0514,2026-09-14 15:00:00,450349.06,UPI
TXN_11374,ACC_0298,ACC_0224,2024-03-13 05:00:00,97087.4,NEFT
TXN_11375,ACC_0659,ACC_0561,2025-07-06 15:00:00,453903.49,RTGS
TXN_11376,ACC_0702,ACC_0881,2025-11-24 11:00:00,248981.11,UPI
TXN_11377,ACC_0773,ACC_0182,2025-07-05 08:00:00,118422.04,IMPS
TXN_11378,ACC_0855,ACC_0254,2026-01-19 13:00:00,318691.83,UPI
TXN_11379,ACC_0937,ACC_0676,2026-02-15 13:00:00,451276.68,IMPS
TXN_11380,ACC_0410,ACC_0246,2024-01-11 18:00:00,478679.5,UPI
TXN_11381,ACC_0684,ACC_0005,2024-04-08 06:00:00,21991.11,NEFT
TXN_11382,ACC_0009,ACC_0516,2024-12-15 12:00:00,28709.05,RTGS
TXN_11383,ACC_0268,ACC_0627,2026-04-03 11:00:00,45716.62,RTGS
TXN_11384,ACC_0419,ACC_0112,2026-08-08 21:00:00,235101.28,RTGS
TXN_11385,ACC_0642,ACC_0381,2024-11-26 14:00:00,467082.83,IMPS
TXN_11386,ACC_0771,ACC_0045,2025-12-07 16:00:00,210860.73,RTGS
TXN_11387,ACC_0343,ACC_0911,2025-08-06 15:00:00,81745.23,RTGS
TXN_11388,ACC_0451,ACC_0311,2025-05-17 16:00:00,492669.24,NEFT
TXN_11389,ACC_0073,ACC_0117,2024-09-30 01:00:00,144222.78,UPI
TXN_11390,ACC_0496,ACC_0495,2026-08-25 17:00:00,21694.53,IMPS
TXN_11391,ACC_0800,ACC_0065,2026-06-11 13:00:00,323122.04,UPI
TXN_11392,ACC_0749,ACC_0038,2026-08-24 11:00:00,349644.37,NEFT
TXN_11393,ACC_0145,ACC_0048,2025-08-18 06:00:00,468055.73,NEFT
TXN_11394,ACC_0444,ACC_0327,2025-09-30 00:00:00,110626.45,UPI
TXN_11395,ACC_0850,ACC_0407,2026-06-30 12:00:00,229956.49,UPI
TXN_11396,ACC_1012,ACC_0337,2026-07-03 08:00:00,271234.43,IMPS
TXN_11397,ACC_0765,ACC_0718,2026-07-04 07:00:00,491677.12,UPI
TXN_11398,ACC_0509,ACC_0473,2025-10-01 11:00:00,333984.87,UPI
TXN_11399,ACC_0228,ACC_0077,2025-12-30 14:00:00,244462.28,RTGS
TXN_11400,ACC_0322,ACC_0858,2025-08-09 06:00:00,67812.81,NEFT
TXN_11401,ACC_0147,ACC_0859,2026-07-24 03:00:00,93643.61,NEFT
TXN_11402,ACC_0036,ACC_1008,2024-02-05 20:00:00,328192.96,IMPS
TXN_11403,ACC_0532,ACC_0684,2025-06-19 01:00:00,218901.16,NEFT
TXN_11404,ACC_0256,ACC_0007,2024-06-16 13:00:00,389835.22,IMPS
TXN_11405,ACC_0528,ACC_0051,2024-06-09 16:00:00,112073.1,NEFT
TXN_11406,ACC_0828,ACC_0539,2024-04-21 11:00:00,96166.39,UPI
TXN_11407,ACC_1023,ACC_0202,2024-01-04 20:00:00,199663.39,RTGS
TXN_11408,ACC_0461,ACC_1019,2025-05-12 14:00:00,193339.8,UPI
TXN_11409,ACC_0518,ACC_0584,2024-10-19 15:00:00,148341.68,RTGS
TXN_11410,ACC_0394,ACC_0726,2024-10-21 13:00:00,298684.19,NEFT
TXN_11411,ACC_0075,ACC_0228,2026-05-27 02:00:00,417883.98,NEFT
TXN_11412,ACC_0342,ACC_0477,2025-10-20 03:00:00,311638.76,NEFT
TXN_11413,ACC_0386,ACC_0632,2026-04-06 01:00:00,83508.2,UPI
TXN_11414,ACC_0735,ACC_0558,2024-06-02 10:00:00,53749.06,RTGS
TXN_11415,ACC_0863,ACC_0528,2025-08-29 18:00:00,358932.07,IMPS
TXN_11416,ACC_0096,ACC_0837,2026-10-17 22:00:00,218842.62,UPI
TXN_11417,ACC_0845,ACC_0265,2024-02-28 15:00:00,158738.28,IMPS
TXN_11418,ACC_0575,ACC_0377,2025-10-28 20:00:00,20268.15,NEFT
TXN_11419,ACC_0314,ACC_0976,2026-07-23 16:00:00,488023.85,RTGS
TXN_11420,ACC_0613,ACC_0130,2024-03-26 10:00:00,122737.72,IMPS
TXN_11421,ACC_0769,ACC_0943,2025-08-17 06:00:00,437662.14,RTGS
TXN_11422,ACC_0980,ACC_0942,2024-09-14 07:00:00,215135.99,IMPS
TXN_11423,ACC_0912,ACC_0358,2025-11-01 16:00:00,21075.35,IMPS
TXN_11424,ACC_0538,ACC_0655,2025-08-08 21:00:00,279862.25,RTGS
TXN_11425,ACC_0005,ACC_0071,2025-07-17 15:00:00,457918.15,IMPS
TXN_11426,ACC_0525,ACC_0472,2024-03-08 23:00:00,86002.22,IMPS
TXN_11427,ACC_0169,ACC_1012,2024-06-18 05:00:00,372699.52,RTGS
TXN_11428,ACC_0884,ACC_0692,2025-11-07 06:00:00,94296.64,NEFT
TXN_11429,ACC_0733,ACC_1025,2025-04-29 18:00:00,115404.13,NEFT
TXN_11430,ACC_0192,ACC_0274,2025-02-16 05:00:00,16271.47,RTGS
TXN_11431,ACC_0441,ACC_0518,2024-09-18 18:00:00,93404.07,RTGS
TXN_11432,ACC_0431,ACC_0843,2026-02-21 04:00:00,274282.58,IMPS
TXN_11433,ACC_0353,ACC_0071,2025-06-16 06:00:00,306950.42,RTGS
TXN_11434,ACC_0861,ACC_0873,2024-01-18 22:00:00,495906.0,NEFT
TXN_11435,ACC_0507,ACC_0463,2024-12-05 17:00:00,97614.98,IMPS
TXN_11436,ACC_0661,ACC_0190,2024-10-21 04:00:00,362998.82,UPI
TXN_11437,ACC_0168,ACC_0239,2026-08-29 07:00:00,287250.28,UPI
TXN_11438,ACC_0195,ACC_0702,2024-03-11 21:00:00,162255.72,UPI
TXN_11439,ACC_0332,ACC_0516,2024-03-02 15:00:00,112343.41,IMPS
TXN_11440,ACC_0747,ACC_0585,2026-06-12 15:00:00,199325.24,IMPS
TXN_11441,ACC_0977,ACC_0019,2025-11-20 15:00:00,162778.36,IMPS
TXN_11442,ACC_0226,ACC_0339,2025-08-28 22:00:00,376505.25,RTGS
TXN_11443,ACC_0119,ACC_0691,2026-07-19 14:00:00,16551.34,RTGS
TXN_11444,ACC_0022,ACC_0515,2026-03-18 03:00:00,286523.82,NEFT
TXN_11445,ACC_0630,ACC_0033,2025-02-28 04:00:00,375240.65,IMPS
TXN_11446,ACC_1025,ACC_0804,2025-12-10 07:00:00,180026.39,RTGS
TXN_11447,ACC_0493,ACC_0734,2025-07-11 14:00:00,39511.7,RTGS
TXN_11448,ACC_0622,ACC_0252,2025-01-11 00:00:00,195440.61,IMPS
TXN_11449,ACC_0722,ACC_0652,2024-09-08 21:00:00,254520.21,IMPS
TXN_11450,ACC_1033,ACC_0740,2026-03-15 14:00:00,310979.45,NEFT
TXN_11451,ACC_0550,ACC_0736,2025-08-23 13:00:00,211087.54,NEFT
TXN_11452,ACC_0001,ACC_0031,2024-04-30 09:00:00,91986.08,IMPS
TXN_11453,ACC_0812,ACC_0948,2024-11-04 18:00:00,459096.15,RTGS
TXN_11454,ACC_0849,ACC_0812,2026-05-15 05:00:00,103497.25,RTGS
TXN_11455,ACC_0934,ACC_0202,2025-06-16 11:00:00,226829.22,NEFT
TXN_11456,ACC_0804,ACC_0988,2026-10-12 05:00:00,324654.71,RTGS
TXN_11457,ACC_0490,ACC_0299,2025-02-24 05:00:00,196529.33,NEFT
TXN_11458,ACC_0880,ACC_0591,2024-12-31 07:00:00,318625.93,UPI
TXN_11459,ACC_0590,ACC_0973,2025-04-23 14:00:00,205420.56,RTGS
TXN_11460,ACC_0260,ACC_0379,2024-09-22 13:00:00,167557.65,NEFT
TXN_11461,ACC_0917,ACC_0976,2026-10-02 07:00:00,195935.55,IMPS
TXN_11462,ACC_0141,ACC_0590,2025-10-03 17:00:00,490857.17,IMPS
TXN_11463,ACC_0588,ACC_0549,2026-09-23 12:00:00,312260.78,RTGS
TXN_11464,ACC_0427,ACC_0440,2024-02-09 02:00:00,12325.82,NEFT
TXN_11465,ACC_0920,ACC_0289,2026-01-29 15:00:00,304875.11,RTGS
TXN_11466,ACC_0432,ACC_0518,2025-08-10 06:00:00,476694.86,UPI
TXN_11467,ACC_0865,ACC_0492,2024-11-20 01:00:00,397063.19,IMPS
TXN_11468,ACC_0880,ACC_0543,2026-05-29 09:00:00,85891.5,RTGS
TXN_11469,ACC_0167,ACC_0249,2025-09-14 01:00:00,425249.11,RTGS
TXN_11470,ACC_0623,ACC_0636,2026-09-22 23:00:00,325463.34,IMPS
TXN_11471,ACC_0878,ACC_0330,2025-01-03 22:00:00,112535.42,IMPS
TXN_11472,ACC_0783,ACC_0604,2026-10-29 19:00:00,340614.58,RTGS
TXN_11473,ACC_0990,ACC_0182,2024-08-10 06:00:00,284158.64,NEFT
TXN_11474,ACC_0654,ACC_0334,2025-12-02 20:00:00,304433.01,RTGS
TXN_11475,ACC_0707,ACC_0444,2024-01-25 11:00:00,478827.3,UPI
TXN_11476,ACC_0269,ACC_0619,2026-08-25 04:00:00,306121.77,NEFT
TXN_11477,ACC_0991,ACC_0467,2024-10-08 14:00:00,455597.07,RTGS
TXN_11478,ACC_0431,ACC_0563,2026-01-20 02:00:00,396772.32,NEFT
TXN_11479,ACC_0992,ACC_0327,2026-07-25 07:00:00,67768.34,IMPS
TXN_11480,ACC_0309,ACC_0223,2024-03-26 04:00:00,494856.61,UPI
TXN_11481,ACC_0905,ACC_0977,2026-01-18 13:00:00,70598.0,NEFT
TXN_11482,ACC_0162,ACC_0695,2024-12-06 17:00:00,185595.06,RTGS
TXN_11483,ACC_0340,ACC_0059,2025-09-03 18:00:00,326964.81,RTGS
TXN_11484,ACC_0837,ACC_1014,2025-10-27 03:00:00,14895.84,NEFT
TXN_11485,ACC_0435,ACC_0511,2026-02-17 22:00:00,464890.94,NEFT
TXN_11486,ACC_0724,ACC_0262,2024-12-08 13:00:00,63893.94,NEFT
TXN_11487,ACC_0356,ACC_0238,2026-10-31 00:00:00,73823.12,RTGS
TXN_11488,ACC_0036,ACC_0488,2024-04-26 17:00:00,455180.94,UPI
TXN_11489,ACC_0060,ACC_0635,2025-02-23 18:00:00,12170.46,RTGS
TXN_11490,ACC_0889,ACC_0409,2024-04-18 05:00:00,360322.88,RTGS
TXN_11491,ACC_0317,ACC_1025,2026-09-21 10:00:00,34944.58,IMPS
TXN_11492,ACC_0761,ACC_0853,2024-04-07 14:00:00,492262.04,RTGS
TXN_11493,ACC_0717,ACC_0592,2024-02-20 00:00:00,465380.51,UPI
TXN_11494,ACC_0486,ACC_0268,2025-03-16 16:00:00,361153.69,UPI
TXN_11495,ACC_0913,ACC_0765,2024-01-16 23:00:00,208549.91,IMPS
TXN_11496,ACC_0618,ACC_0166,2025-01-12 07:00:00,340220.21,RTGS
TXN_11497,ACC_0243,ACC_0637,2026-05-11 00:00:00,487161.95,RTGS
TXN_11498,ACC_0563,ACC_0291,2024-09-16 15:00:00,67327.62,RTGS
TXN_11499,ACC_0209,ACC_0605,2024-02-03 06:00:00,144583.44,NEFT
TXN_11500,ACC_0152,ACC_1003,2026-04-01 03:00:00,116932.32,IMPS
TXN_11501,ACC_0221,ACC_0997,2025-05-17 21:00:00,259773.58,NEFT
TXN_11502,ACC_0530,ACC_0756,2025-10-14 17:00:00,402778.79,NEFT
TXN_11503,ACC_0756,ACC_0498,2024-04-10 06:00:00,339142.03,NEFT
TXN_11504,ACC_0875,ACC_0512,2024-09-30 07:00:00,247970.67,UPI
TXN_11505,ACC_0002,ACC_0084,2026-05-25 00:00:00,310323.94,IMPS
TXN_11506,ACC_0524,ACC_0372,2024-07-09 20:00:00,121518.02,UPI
TXN_11507,ACC_0521,ACC_0129,2025-10-07 21:00:00,89577.0,NEFT
TXN_11508,ACC_0624,ACC_0711,2024-06-30 00:00:00,340519.98,NEFT
TXN_11509,ACC_0640,ACC_0289,2024-07-27 08:00:00,377146.61,UPI
TXN_11510,ACC_0562,ACC_0522,2025-06-11 12:00:00,460856.04,IMPS
TXN_11511,ACC_0171,ACC_0378,2024-03-24 19:00:00,31333.29,UPI
TXN_11512,ACC_0529,ACC_0585,2024-05-24 01:00:00,175235.02,NEFT
TXN_11513,ACC_0673,ACC_0399,2025-08-28 06:00:00,441779.62,RTGS
TXN_11514,ACC_0445,ACC_0557,2026-04-27 09:00:00,188998.07,NEFT
TXN_11515,ACC_0563,ACC_1031,2025-02-22 08:00:00,365466.57,RTGS
TXN_11516,ACC_0459,ACC_0331,2026-06-16 09:00:00,192869.35,IMPS
TXN_11517,ACC_0872,ACC_0784,2024-10-28 16:00:00,32300.77,RTGS
TXN_11518,ACC_0513,ACC_0519,2024-07-06 08:00:00,249141.38,IMPS
TXN_11519,ACC_1025,ACC_0370,2024-08-16 12:00:00,472668.76,NEFT
TXN_11520,ACC_0269,ACC_0902,2026-05-28 07:00:00,147709.47,NEFT
TXN_11521,ACC_0993,ACC_0313,2025-09-08 11:00:00,194254.02,NEFT
TXN_11522,ACC_0742,ACC_0240,2024-08-15 07:00:00,42570.96,NEFT
TXN_11523,ACC_0958,ACC_0387,2025-11-05 10:00:00,120589.58,RTGS
TXN_11524,ACC_0272,ACC_0094,2024-09-19 05:00:00,499961.01,NEFT
TXN_11525,ACC_0237,ACC_0529,2026-08-23 14:00:00,30560.79,NEFT
TXN_11526,ACC_0601,ACC_0132,2025-09-27 17:00:00,183791.79,UPI
TXN_11527,ACC_0801,ACC_0675,2025-04-07 02:00:00,303940.28,NEFT
TXN_11528,ACC_0543,ACC_0132,2024-01-15 14:00:00,4365.03,NEFT
TXN_11529,ACC_0795,ACC_0006,2024-11-09 12:00:00,156536.98,IMPS
TXN_11530,ACC_0936,ACC_0251,2025-11-25 22:00:00,392366.2,NEFT
TXN_11531,ACC_0460,ACC_0091,2024-09-01 19:00:00,9929.8,IMPS
TXN_11532,ACC_0291,ACC_0414,2025-08-28 01:00:00,103446.49,RTGS
TXN_11533,ACC_0077,ACC_0552,2025-09-08 14:00:00,27244.19,NEFT
TXN_11534,ACC_0373,ACC_0002,2025-06-18 08:00:00,480888.22,IMPS
TXN_11535,ACC_0990,ACC_0459,2024-10-18 17:00:00,398537.32,UPI
TXN_11536,ACC_0606,ACC_0065,2026-04-06 14:00:00,322779.8,IMPS
TXN_11537,ACC_0644,ACC_0297,2026-06-29 20:00:00,80262.21,RTGS
TXN_11538,ACC_0212,ACC_1018,2024-12-10 05:00:00,314194.93,IMPS
TXN_11539,ACC_0753,ACC_0506,2025-09-09 08:00:00,464272.62,IMPS
TXN_11540,ACC_0455,ACC_0405,2026-10-11 15:00:00,155113.15,IMPS
TXN_11541,ACC_0531,ACC_0977,2024-03-24 11:00:00,321736.35,NEFT
TXN_11542,ACC_0112,ACC_0074,2025-02-03 13:00:00,426685.27,IMPS
TXN_11543,ACC_0487,ACC_0708,2025-06-04 20:00:00,325852.24,UPI
TXN_11544,ACC_0462,ACC_0388,2024-12-28 23:00:00,416839.58,RTGS
TXN_11545,ACC_0363,ACC_0105,2026-02-02 13:00:00,270781.68,NEFT
TXN_11546,ACC_0430,ACC_0792,2026-03-08 14:00:00,436549.75,UPI
TXN_11547,ACC_0519,ACC_1026,2025-10-20 18:00:00,153977.64,RTGS
TXN_11548,ACC_0259,ACC_0632,2026-01-03 10:00:00,54673.21,NEFT
TXN_11549,ACC_0803,ACC_0272,2024-04-23 01:00:00,411701.92,IMPS
TXN_11550,ACC_0956,ACC_0477,2026-02-27 23:00:00,322960.36,RTGS
TXN_11551,ACC_0174,ACC_0265,2024-01-05 12:00:00,69274.66,NEFT
TXN_11552,ACC_0980,ACC_0961,2025-12-27 23:00:00,26334.73,RTGS
TXN_11553,ACC_0843,ACC_0979,2025-08-04 14:00:00,90543.65,UPI
TXN_11554,ACC_0621,ACC_0163,2026-10-08 12:00:00,260037.77,NEFT
TXN_11555,ACC_0808,ACC_0205,2024-11-30 22:00:00,298433.61,IMPS
TXN_11556,ACC_1029,ACC_0943,2025-03-21 23:00:00,67537.53,NEFT
TXN_11557,ACC_0557,ACC_0208,2025-09-23 09:00:00,398394.29,RTGS
TXN_11558,ACC_0532,ACC_0222,2024-04-02 19:00:00,490859.39,NEFT
TXN_11559,ACC_0612,ACC_0261,2025-02-11 04:00:00,29178.84,IMPS
TXN_11560,ACC_0444,ACC_0430,2025-05-15 17:00:00,318147.53,IMPS
TXN_11561,ACC_0639,ACC_0058,2026-03-04 13:00:00,72181.31,IMPS
TXN_11562,ACC_0659,ACC_0077,2024-09-06 12:00:00,458943.74,UPI
TXN_11563,ACC_0043,ACC_0128,2025-08-09 12:00:00,235632.87,IMPS
TXN_11564,ACC_0163,ACC_0732,2026-06-04 22:00:00,175502.32,RTGS
TXN_11565,ACC_0878,ACC_0272,2024-08-30 05:00:00,270135.05,RTGS
TXN_11566,ACC_0893,ACC_0393,2025-04-15 01:00:00,395254.33,RTGS
TXN_11567,ACC_0408,ACC_0093,2026-08-09 12:00:00,425311.44,UPI
TXN_11568,ACC_0989,ACC_1008,2025-12-13 18:00:00,23372.79,RTGS
TXN_11569,ACC_0230,ACC_0607,2024-10-30 18:00:00,358916.03,NEFT
TXN_11570,ACC_0750,ACC_0279,2025-02-20 17:00:00,259527.59,RTGS
TXN_11571,ACC_0356,ACC_0326,2025-09-19 17:00:00,285478.38,RTGS
TXN_11572,ACC_0753,ACC_0581,2025-10-03 09:00:00,449268.22,RTGS
TXN_11573,ACC_0380,ACC_0911,2026-10-02 12:00:00,204684.04,UPI
TXN_11574,ACC_0730,ACC_0995,2026-06-17 09:00:00,155070.17,RTGS
TXN_11575,ACC_0214,ACC_0477,2025-10-04 01:00:00,6546.01,NEFT
TXN_11576,ACC_1013,ACC_0140,2026-06-13 05:00:00,185824.95,NEFT
TXN_11577,ACC_0534,ACC_0573,2026-02-11 10:00:00,347923.76,UPI
TXN_11578,ACC_0350,ACC_1027,2026-11-05 07:00:00,353465.15,IMPS
TXN_11579,ACC_0254,ACC_0362,2026-05-17 01:00:00,490331.09,UPI
TXN_11580,ACC_0058,ACC_0676,2026-09-30 10:00:00,174360.71,UPI
TXN_11581,ACC_0120,ACC_0445,2025-10-25 21:00:00,486706.58,RTGS
TXN_11582,ACC_0286,ACC_0174,2026-08-27 05:00:00,129578.62,IMPS
TXN_11583,ACC_0210,ACC_0255,2024-01-30 10:00:00,461059.4,IMPS
TXN_11584,ACC_0075,ACC_0439,2025-02-16 03:00:00,50414.81,NEFT
TXN_11585,ACC_0996,ACC_0045,2025-11-19 22:00:00,226253.24,NEFT
TXN_11586,ACC_0985,ACC_0754,2026-01-22 20:00:00,451875.82,UPI
TXN_11587,ACC_0909,ACC_0477,2026-09-24 02:00:00,410266.79,IMPS
TXN_11588,ACC_0050,ACC_0634,2026-01-24 14:00:00,183635.13,UPI
TXN_11589,ACC_0465,ACC_0946,2025-03-07 11:00:00,162851.28,RTGS
TXN_11590,ACC_0463,ACC_0824,2026-10-20 08:00:00,45801.32,UPI
TXN_11591,ACC_0046,ACC_0625,2024-06-18 14:00:00,163123.58,UPI
TXN_11592,ACC_0196,ACC_0925,2025-10-15 03:00:00,261606.57,IMPS
TXN_11593,ACC_0344,ACC_0186,2025-09-06 07:00:00,240541.92,UPI
TXN_11594,ACC_0393,ACC_0825,2024-06-26 00:00:00,95389.13,IMPS
TXN_11595,ACC_0785,ACC_0901,2024-03-17 21:00:00,369050.09,UPI
TXN_11596,ACC_1008,ACC_0056,2025-08-10 00:00:00,266044.38,RTGS
TXN_11597,ACC_0697,ACC_0600,2026-08-16 16:00:00,456194.99,RTGS
TXN_11598,ACC_0311,ACC_0509,2026-10-11 20:00:00,86925.69,IMPS
TXN_11599,ACC_0665,ACC_0428,2026-02-03 16:00:00,100517.08,IMPS
TXN_11600,ACC_0372,ACC_0026,2025-09-21 04:00:00,108343.37,NEFT
TXN_11601,ACC_0120,ACC_0613,2025-05-15 21:00:00,225713.68,IMPS
TXN_11602,ACC_0564,ACC_0252,2024-05-26 10:00:00,67525.4,IMPS
TXN_11603,ACC_0820,ACC_0837,2026-09-29 13:00:00,368456.74,NEFT
TXN_11604,ACC_0212,ACC_0695,2024-07-30 04:00:00,176253.94,NEFT
TXN_11605,ACC_0485,ACC_0750,2026-04-26 04:00:00,78942.56,UPI
TXN_11606,ACC_0929,ACC_0732,2026-05-10 13:00:00,327041.86,RTGS
TXN_11607,ACC_0434,ACC_0098,2024-10-17 14:00:00,207833.22,UPI
TXN_11608,ACC_0512,ACC_0816,2025-10-14 13:00:00,179617.57,UPI
TXN_11609,ACC_0407,ACC_0784,2025-06-21 16:00:00,229983.32,NEFT
TXN_11610,ACC_0234,ACC_0257,2025-03-17 22:00:00,369033.01,NEFT
TXN_11611,ACC_0534,ACC_0917,2024-09-04 07:00:00,362042.11,NEFT
TXN_11612,ACC_0128,ACC_0118,2024-12-13 08:00:00,47614.32,IMPS
TXN_11613,ACC_0805,ACC_0617,2025-09-25 23:00:00,165194.65,IMPS
TXN_11614,ACC_0286,ACC_1001,2025-05-20 03:00:00,402394.26,IMPS
TXN_11615,ACC_0888,ACC_0552,2024-01-17 16:00:00,370138.94,UPI
TXN_11616,ACC_0889,ACC_0733,2025-04-10 11:00:00,302321.6,RTGS
TXN_11617,ACC_0602,ACC_0406,2024-05-25 13:00:00,175218.86,NEFT
TXN_11618,ACC_0479,ACC_0599,2026-07-14 19:00:00,147459.64,UPI
TXN_11619,ACC_0042,ACC_0972,2025-10-21 08:00:00,198659.97,RTGS
TXN_11620,ACC_0798,ACC_0077,2026-08-21 04:00:00,451849.49,UPI
TXN_11621,ACC_1028,ACC_0831,2024-05-26 09:00:00,1363.13,UPI
TXN_11622,ACC_0925,ACC_0260,2025-12-06 16:00:00,193109.19,NEFT
TXN_11623,ACC_0110,ACC_0087,2026-07-13 21:00:00,260043.13,RTGS
TXN_11624,ACC_0440,ACC_0817,2024-11-03 01:00:00,176622.37,NEFT
TXN_11625,ACC_0402,ACC_0749,2025-04-20 00:00:00,373084.23,UPI
TXN_11626,ACC_0274,ACC_0748,2024-04-08 06:00:00,320071.36,IMPS
TXN_11627,ACC_0436,ACC_0846,2026-02-20 13:00:00,493009.34,UPI
TXN_11628,ACC_0337,ACC_0825,2026-02-17 05:00:00,258396.77,UPI
TXN_11629,ACC_0389,ACC_0811,2024-03-01 17:00:00,252546.6,UPI
TXN_11630,ACC_0223,ACC_0660,2025-08-17 11:00:00,385873.3,IMPS
TXN_11631,ACC_0131,ACC_0821,2025-06-29 13:00:00,257289.73,UPI
TXN_11632,ACC_0249,ACC_0511,2024-03-12 17:00:00,139111.32,NEFT
TXN_11633,ACC_0648,ACC_0699,2025-05-18 15:00:00,219518.39,IMPS
TXN_11634,ACC_0502,ACC_0716,2024-02-16 04:00:00,357389.16,UPI
TXN_11635,ACC_0554,ACC_0918,2024-08-18 01:00:00,308705.25,IMPS
TXN_11636,ACC_0296,ACC_0429,2026-02-21 16:00:00,71522.11,IMPS
TXN_11637,ACC_0659,ACC_0956,2025-04-23 03:00:00,132941.7,UPI
TXN_11638,ACC_0208,ACC_1000,2026-04-14 15:00:00,227050.07,UPI
TXN_11639,ACC_0875,ACC_0398,2026-09-13 23:00:00,313509.69,NEFT
TXN_11640,ACC_0101,ACC_0241,2025-03-16 22:00:00,99218.0,RTGS
TXN_11641,ACC_0565,ACC_0408,2025-08-28 23:00:00,482274.29,UPI
TXN_11642,ACC_0040,ACC_0410,2026-06-18 15:00:00,177106.02,UPI
TXN_11643,ACC_0715,ACC_0597,2025-09-04 09:00:00,446443.54,IMPS
TXN_11644,ACC_0285,ACC_0501,2025-05-25 13:00:00,84896.04,IMPS
TXN_11645,ACC_0299,ACC_0786,2025-04-30 01:00:00,181337.22,IMPS
TXN_11646,ACC_0407,ACC_0419,2024-09-22 16:00:00,496346.91,IMPS
TXN_11647,ACC_0937,ACC_0912,2025-04-05 22:00:00,176736.72,NEFT
TXN_11648,ACC_0199,ACC_0739,2025-02-24 18:00:00,94666.41,IMPS
TXN_11649,ACC_0477,ACC_0803,2026-02-10 18:00:00,348273.77,RTGS
TXN_11650,ACC_0863,ACC_0221,2024-03-02 23:00:00,126936.96,IMPS
TXN_11651,ACC_0125,ACC_0623,2025-06-01 17:00:00,100002.73,UPI
TXN_11652,ACC_0530,ACC_0463,2026-04-06 03:00:00,236569.78,RTGS
TXN_11653,ACC_0032,ACC_0798,2026-05-12 08:00:00,280613.67,NEFT
TXN_11654,ACC_0833,ACC_0801,2024-10-23 22:00:00,348024.12,IMPS
TXN_11655,ACC_0978,ACC_0295,2026-01-22 04:00:00,42604.32,NEFT
TXN_11656,ACC_0745,ACC_0476,2026-09-03 14:00:00,42847.96,RTGS
TXN_11657,ACC_0305,ACC_0344,2024-05-19 03:00:00,414555.37,IMPS
TXN_11658,ACC_0290,ACC_0615,2026-02-03 00:00:00,329184.21,UPI
TXN_11659,ACC_0584,ACC_0596,2025-02-11 22:00:00,68030.15,NEFT
TXN_11660,ACC_0416,ACC_0764,2025-11-30 01:00:00,250036.22,IMPS
TXN_11661,ACC_0335,ACC_0734,2025-01-20 17:00:00,416067.41,RTGS
TXN_11662,ACC_0906,ACC_0885,2025-01-30 07:00:00,72969.13,UPI
TXN_11663,ACC_0633,ACC_0837,2025-08-16 12:00:00,260776.81,IMPS
TXN_11664,ACC_0049,ACC_0844,2026-04-23 09:00:00,7651.98,UPI
TXN_11665,ACC_1036,ACC_0778,2026-01-30 12:00:00,79990.14,RTGS
TXN_11666,ACC_0706,ACC_0564,2024-06-10 09:00:00,234960.37,RTGS
TXN_11667,ACC_0241,ACC_0563,2026-08-13 05:00:00,66609.7,RTGS
TXN_11668,ACC_0510,ACC_0830,2024-12-16 04:00:00,229462.21,NEFT
TXN_11669,ACC_0052,ACC_0369,2025-10-31 22:00:00,271594.14,RTGS
TXN_11670,ACC_0101,ACC_0830,2024-03-14 23:00:00,209470.05,IMPS
TXN_11671,ACC_0405,ACC_0497,2025-04-06 19:00:00,490549.31,UPI
TXN_11672,ACC_0735,ACC_0836,2025-01-15 02:00:00,266922.6,RTGS
TXN_11673,ACC_0613,ACC_0428,2026-04-03 10:00:00,397486.0,NEFT
TXN_11674,ACC_0887,ACC_0247,2025-03-26 06:00:00,477164.3,IMPS
TXN_11675,ACC_0735,ACC_0749,2024-09-17 19:00:00,29761.74,IMPS
TXN_11676,ACC_0473,ACC_0198,2026-09-24 09:00:00,140489.84,RTGS
TXN_11677,ACC_0789,ACC_0195,2026-09-19 05:00:00,485994.28,IMPS
TXN_11678,ACC_0311,ACC_0600,2024-07-01 07:00:00,308703.3,IMPS
TXN_11679,ACC_0955,ACC_0507,2024-10-19 10:00:00,331832.09,RTGS
TXN_11680,ACC_0002,ACC_0723,2025-12-04 04:00:00,229468.83,IMPS
TXN_11681,ACC_0896,ACC_0632,2025-07-27 16:00:00,411162.5,RTGS
TXN_11682,ACC_0897,ACC_0809,2025-05-26 09:00:00,364502.89,IMPS
TXN_11683,ACC_0830,ACC_0797,2025-02-26 13:00:00,268386.07,IMPS
TXN_11684,ACC_0341,ACC_0539,2024-03-17 20:00:00,104763.18,UPI
TXN_11685,ACC_0266,ACC_0031,2025-11-20 07:00:00,73591.12,NEFT
TXN_11686,ACC_0961,ACC_0014,2025-10-30 17:00:00,61388.4,RTGS
TXN_11687,ACC_0260,ACC_0753,2026-05-11 06:00:00,412257.96,IMPS
TXN_11688,ACC_0172,ACC_0325,2025-03-17 21:00:00,377177.09,NEFT
TXN_11689,ACC_0906,ACC_0536,2026-10-22 00:00:00,317838.74,UPI
TXN_11690,ACC_0218,ACC_0259,2024-03-08 22:00:00,468809.34,IMPS
TXN_11691,ACC_0998,ACC_0498,2024-11-07 19:00:00,75189.68,UPI
TXN_11692,ACC_0413,ACC_0281,2026-11-06 20:00:00,210333.11,NEFT
TXN_11693,ACC_0778,ACC_0399,2024-02-12 15:00:00,468282.01,NEFT
TXN_11694,ACC_0011,ACC_0155,2026-05-01 07:00:00,264798.17,UPI
TXN_11695,ACC_0956,ACC_0640,2026-01-21 05:00:00,137460.9,RTGS
TXN_11696,ACC_0863,ACC_0294,2024-10-09 10:00:00,432008.6,UPI
TXN_11697,ACC_0398,ACC_0268,2024-11-21 03:00:00,296280.45,IMPS
TXN_11698,ACC_0613,ACC_0199,2024-12-05 17:00:00,282157.39,UPI
TXN_11699,ACC_0829,ACC_0857,2024-07-14 00:00:00,388857.79,RTGS
TXN_11700,ACC_0117,ACC_0376,2024-03-15 01:00:00,15671.28,RTGS
TXN_11701,ACC_0990,ACC_0199,2024-09-11 01:00:00,344083.38,NEFT
TXN_11702,ACC_0979,ACC_0029,2024-12-23 16:00:00,487563.25,NEFT
TXN_11703,ACC_0566,ACC_0094,2024-11-16 07:00:00,299737.9,IMPS
TXN_11704,ACC_0933,ACC_0080,2026-05-28 01:00:00,268323.11,RTGS
TXN_11705,ACC_0902,ACC_1022,2024-06-09 08:00:00,457694.02,UPI
TXN_11706,ACC_0059,ACC_0427,2024-07-29 09:00:00,83718.6,NEFT
TXN_11707,ACC_0893,ACC_0872,2024-12-25 05:00:00,115445.59,RTGS
TXN_11708,ACC_0174,ACC_0405,2024-04-20 12:00:00,336773.47,UPI
TXN_11709,ACC_0247,ACC_0291,2025-10-23 16:00:00,155732.4,NEFT
TXN_11710,ACC_0413,ACC_0547,2024-12-19 18:00:00,472345.36,NEFT
TXN_11711,ACC_0166,ACC_0888,2025-07-07 18:00:00,199130.07,NEFT
TXN_11712,ACC_1024,ACC_1037,2026-10-22 03:00:00,21278.47,UPI
TXN_11713,ACC_0543,ACC_0839,2024-03-26 02:00:00,420804.19,IMPS
TXN_11714,ACC_0697,ACC_0209,2025-04-23 03:00:00,133202.81,RTGS
TXN_11715,ACC_0863,ACC_0969,2024-05-20 21:00:00,23949.89,UPI
TXN_11716,ACC_0525,ACC_0930,2026-03-05 10:00:00,57095.43,NEFT
TXN_11717,ACC_0465,ACC_0897,2024-12-22 18:00:00,413245.45,RTGS
TXN_11718,ACC_0966,ACC_0455,2025-09-17 23:00:00,22419.99,RTGS
TXN_11719,ACC_0111,ACC_0183,2026-03-18 04:00:00,63503.79,IMPS
TXN_11720,ACC_0019,ACC_0100,2024-12-18 12:00:00,208672.74,IMPS
TXN_11721,ACC_1021,ACC_0568,2025-12-11 09:00:00,155235.49,UPI
TXN_11722,ACC_0936,ACC_0675,2024-01-22 11:00:00,106390.4,NEFT
TXN_11723,ACC_0899,ACC_0275,2026-04-06 10:00:00,426161.83,RTGS
TXN_11724,ACC_0598,ACC_0781,2024-03-24 16:00:00,163459.62,NEFT
TXN_11725,ACC_0440,ACC_0744,2024-02-07 04:00:00,102176.4,IMPS
TXN_11726,ACC_0502,ACC_0453,2026-07-23 11:00:00,419014.56,RTGS
TXN_11727,ACC_0679,ACC_0587,2025-10-05 17:00:00,7345.94,UPI
TXN_11728,ACC_0146,ACC_1030,2024-11-10 17:00:00,255159.85,RTGS
TXN_11729,ACC_0155,ACC_0238,2024-01-23 00:00:00,465858.0,UPI
TXN_11730,ACC_0730,ACC_0233,2026-05-15 19:00:00,399651.6,RTGS
TXN_11731,ACC_0141,ACC_0230,2025-12-18 10:00:00,342136.58,RTGS
TXN_11732,ACC_0601,ACC_0330,2024-01-16 18:00:00,243788.94,NEFT
TXN_11733,ACC_0709,ACC_0308,2025-01-04 12:00:00,5823.78,NEFT
TXN_11734,ACC_0543,ACC_0085,2025-04-23 15:00:00,65073.37,UPI
TXN_11735,ACC_0043,ACC_0188,2025-10-19 13:00:00,119462.12,RTGS
TXN_11736,ACC_0682,ACC_0528,2025-12-15 10:00:00,59872.36,NEFT
TXN_11737,ACC_0978,ACC_0286,2024-10-12 00:00:00,170171.89,RTGS
TXN_11738,ACC_0273,ACC_0485,2025-08-05 21:00:00,309952.0,IMPS
TXN_11739,ACC_0848,ACC_0114,2026-11-04 15:00:00,32242.51,UPI
TXN_11740,ACC_0805,ACC_0336,2025-06-02 19:00:00,23267.47,IMPS
TXN_11741,ACC_0859,ACC_1017,2024-07-07 19:00:00,178703.03,NEFT
TXN_11742,ACC_0370,ACC_0856,2024-07-01 05:00:00,370237.43,RTGS
TXN_11743,ACC_0630,ACC_0805,2024-03-10 03:00:00,465157.2,NEFT
TXN_11744,ACC_0899,ACC_0955,2024-03-08 20:00:00,481049.85,RTGS
TXN_11745,ACC_0133,ACC_0666,2025-04-18 11:00:00,337793.77,UPI
TXN_11746,ACC_0864,ACC_0992,2024-01-31 08:00:00,292519.21,IMPS
TXN_11747,ACC_0759,ACC_1023,2024-01-28 09:00:00,309840.21,UPI
TXN_11748,ACC_0970,ACC_0757,2024-01-13 07:00:00,106565.07,RTGS
TXN_11749,ACC_0531,ACC_0526,2025-11-25 10:00:00,114048.44,RTGS
TXN_11750,ACC_0846,ACC_0190,2025-01-25 20:00:00,79491.62,RTGS
TXN_11751,ACC_1030,ACC_0910,2024-01-05 16:00:00,18555.13,RTGS
TXN_11752,ACC_0585,ACC_0431,2024-08-24 14:00:00,186321.85,NEFT
TXN_11753,ACC_0300,ACC_0009,2025-03-02 04:00:00,384970.52,UPI
TXN_11754,ACC_1036,ACC_0423,2025-04-17 14:00:00,101689.2,NEFT
TXN_11755,ACC_0753,ACC_0581,2026-02-26 16:00:00,346154.22,NEFT
TXN_11756,ACC_0780,ACC_0003,2026-06-08 10:00:00,410132.14,NEFT
TXN_11757,ACC_0377,ACC_0438,2024-01-09 04:00:00,89384.2,UPI
TXN_11758,ACC_0600,ACC_0586,2024-06-12 01:00:00,498391.03,UPI
TXN_11759,ACC_0039,ACC_0097,2024-07-19 14:00:00,445070.09,UPI
TXN_11760,ACC_0523,ACC_0957,2026-02-04 03:00:00,359002.68,UPI
TXN_11761,ACC_0808,ACC_0514,2024-12-25 14:00:00,412318.16,UPI
TXN_11762,ACC_0222,ACC_0153,2026-02-11 10:00:00,472731.25,RTGS
TXN_11763,ACC_0468,ACC_0963,2026-09-21 17:00:00,291611.99,IMPS
TXN_11764,ACC_0451,ACC_0737,2024-02-28 23:00:00,248827.16,RTGS
TXN_11765,ACC_0803,ACC_0944,2025-05-25 15:00:00,27671.77,NEFT
TXN_11766,ACC_1018,ACC_0908,2025-12-29 23:00:00,172137.72,NEFT
TXN_11767,ACC_0069,ACC_0325,2024-07-06 01:00:00,309348.23,IMPS
TXN_11768,ACC_0379,ACC_0458,2024-09-17 06:00:00,363814.03,UPI
TXN_11769,ACC_0447,ACC_1040,2024-06-24 14:00:00,136756.2,UPI
TXN_11770,ACC_0989,ACC_0637,2024-08-12 00:00:00,320597.87,UPI
TXN_11771,ACC_0960,ACC_0094,2026-02-18 06:00:00,85763.08,IMPS
TXN_11772,ACC_0076,ACC_0622,2024-12-25 18:00:00,1075.38,UPI
TXN_11773,ACC_1003,ACC_0713,2025-01-21 17:00:00,110999.49,RTGS
TXN_11774,ACC_0892,ACC_0494,2024-06-01 04:00:00,400296.22,UPI
TXN_11775,ACC_0421,ACC_0007,2025-09-20 11:00:00,302496.66,UPI
TXN_11776,ACC_0427,ACC_0153,2026-08-01 02:00:00,443890.98,UPI
TXN_11777,ACC_0131,ACC_0470,2025-01-11 04:00:00,469088.88,IMPS
TXN_11778,ACC_0986,ACC_0357,2025-01-27 08:00:00,279727.93,IMPS
TXN_11779,ACC_0924,ACC_1016,2025-03-27 02:00:00,403709.55,RTGS
TXN_11780,ACC_0526,ACC_0415,2025-04-16 20:00:00,436124.8,RTGS
TXN_11781,ACC_0092,ACC_0839,2026-01-17 09:00:00,249367.21,NEFT
TXN_11782,ACC_0066,ACC_0680,2026-07-28 13:00:00,157330.34,IMPS
TXN_11783,ACC_0839,ACC_0076,2024-01-20 05:00:00,483300.82,UPI
TXN_11784,ACC_0748,ACC_0123,2024-04-13 00:00:00,372161.61,UPI
TXN_11785,ACC_0938,ACC_0441,2026-09-17 13:00:00,468791.67,RTGS
TXN_11786,ACC_0513,ACC_0547,2025-05-24 16:00:00,40978.76,RTGS
TXN_11787,ACC_0380,ACC_0105,2026-03-04 11:00:00,246621.48,NEFT
TXN_11788,ACC_0306,ACC_0674,2026-09-22 07:00:00,48312.1,NEFT
TXN_11789,ACC_0087,ACC_0516,2024-01-24 05:00:00,410637.39,IMPS
TXN_11790,ACC_0932,ACC_0682,2025-09-24 12:00:00,41944.88,RTGS
TXN_11791,ACC_0426,ACC_0537,2026-06-16 04:00:00,92606.16,RTGS
TXN_11792,ACC_0603,ACC_0888,2026-04-10 08:00:00,151119.73,NEFT
TXN_11793,ACC_0710,ACC_0607,2024-04-28 16:00:00,116032.62,UPI
TXN_11794,ACC_0668,ACC_0098,2025-01-19 23:00:00,208210.74,IMPS
TXN_11795,ACC_0065,ACC_0461,2025-06-12 14:00:00,342120.31,NEFT
TXN_11796,ACC_1007,ACC_1006,2025-02-04 01:00:00,213324.76,RTGS
TXN_11797,ACC_0456,ACC_0128,2025-06-16 00:00:00,352928.92,RTGS
TXN_11798,ACC_0405,ACC_0988,2024-08-09 23:00:00,241654.58,UPI
TXN_11799,ACC_0560,ACC_0471,2024-03-24 07:00:00,46731.86,RTGS
TXN_11800,ACC_0758,ACC_0011,2025-09-09 16:00:00,408141.29,IMPS
TXN_11801,ACC_0492,ACC_0805,2025-11-24 00:00:00,378888.35,IMPS
TXN_11802,ACC_0600,ACC_0865,2025-11-17 08:00:00,194319.97,IMPS
TXN_11803,ACC_0434,ACC_0343,2026-07-13 08:00:00,35517.71,IMPS
TXN_11804,ACC_0894,ACC_0418,2024-11-06 10:00:00,131206.1,IMPS
TXN_11805,ACC_0785,ACC_0392,2025-01-09 23:00:00,387768.68,RTGS
TXN_11806,ACC_0754,ACC_0477,2024-04-13 18:00:00,383240.33,UPI
TXN_11807,ACC_0532,ACC_1030,2025-09-17 06:00:00,109487.9,IMPS
TXN_11808,ACC_0828,ACC_0224,2024-10-15 05:00:00,43520.6,IMPS
TXN_11809,ACC_0190,ACC_0858,2026-03-31 14:00:00,148945.92,RTGS
TXN_11810,ACC_0350,ACC_1037,2026-08-29 02:00:00,41273.99,RTGS
TXN_11811,ACC_0566,ACC_0539,2025-11-24 10:00:00,204565.49,IMPS
TXN_11812,ACC_0433,ACC_0773,2024-09-01 07:00:00,205064.85,RTGS
TXN_11813,ACC_0297,ACC_0691,2025-06-02 22:00:00,255146.7,RTGS
TXN_11814,ACC_0381,ACC_0900,2026-08-04 04:00:00,276516.63,UPI
TXN_11815,ACC_0440,ACC_0281,2025-07-15 20:00:00,497656.95,NEFT
TXN_11816,ACC_0658,ACC_0657,2024-06-08 15:00:00,434077.67,UPI
TXN_11817,ACC_0301,ACC_0847,2025-05-08 19:00:00,100332.88,UPI
TXN_11818,ACC_0354,ACC_0326,2024-12-09 08:00:00,98364.25,UPI
TXN_11819,ACC_0720,ACC_0838,2025-11-15 02:00:00,496901.98,UPI
TXN_11820,ACC_0775,ACC_0826,2026-09-26 14:00:00,326494.14,UPI
TXN_11821,ACC_0886,ACC_0322,2024-04-30 05:00:00,40078.53,UPI
TXN_11822,ACC_0148,ACC_0736,2024-12-08 01:00:00,8594.54,RTGS
TXN_11823,ACC_0500,ACC_0991,2026-07-03 08:00:00,427859.86,NEFT
TXN_11824,ACC_0976,ACC_0031,2024-07-02 09:00:00,486011.51,NEFT
TXN_11825,ACC_0417,ACC_0120,2025-04-29 23:00:00,375423.64,IMPS
TXN_11826,ACC_0676,ACC_0522,2025-05-31 15:00:00,251775.99,IMPS
TXN_11827,ACC_0165,ACC_0937,2025-02-25 07:00:00,170203.59,NEFT
TXN_11828,ACC_0243,ACC_0449,2025-08-28 16:00:00,366053.34,NEFT
TXN_11829,ACC_0895,ACC_0021,2025-02-28 17:00:00,387357.85,RTGS
TXN_11830,ACC_0592,ACC_0412,2024-10-10 02:00:00,75162.0,NEFT
TXN_11831,ACC_0911,ACC_0661,2026-09-18 10:00:00,397275.47,NEFT
TXN_11832,ACC_0265,ACC_0927,2024-01-26 20:00:00,159102.19,RTGS
TXN_11833,ACC_0195,ACC_0816,2024-02-17 08:00:00,245240.07,RTGS
TXN_11834,ACC_0713,ACC_0619,2026-08-20 12:00:00,171215.44,IMPS
TXN_11835,ACC_0196,ACC_0134,2025-07-01 23:00:00,69852.68,NEFT
TXN_11836,ACC_0158,ACC_0666,2024-01-22 14:00:00,113739.54,RTGS
TXN_11837,ACC_0113,ACC_0485,2024-08-30 21:00:00,313571.34,IMPS
TXN_11838,ACC_0043,ACC_0069,2026-09-03 17:00:00,471401.65,UPI
TXN_11839,ACC_0248,ACC_0311,2024-03-04 23:00:00,254255.97,IMPS
TXN_11840,ACC_0946,ACC_0734,2025-02-20 02:00:00,58117.81,UPI
TXN_11841,ACC_0818,ACC_0149,2025-09-21 23:00:00,182450.62,UPI
TXN_11842,ACC_0706,ACC_0789,2024-03-12 11:00:00,100649.44,NEFT
TXN_11843,ACC_1021,ACC_0329,2025-12-03 20:00:00,248184.85,UPI
TXN_11844,ACC_0261,ACC_0526,2025-07-29 20:00:00,175696.82,NEFT
TXN_11845,ACC_0146,ACC_0071,2024-02-13 05:00:00,342321.24,NEFT
TXN_11846,ACC_1029,ACC_0016,2024-07-09 15:00:00,26376.88,IMPS
TXN_11847,ACC_0393,ACC_0187,2024-05-07 12:00:00,302830.67,NEFT
TXN_11848,ACC_0933,ACC_0894,2025-07-06 16:00:00,183285.76,RTGS
TXN_11849,ACC_0205,ACC_0883,2024-05-14 10:00:00,6655.64,IMPS
TXN_11850,ACC_0243,ACC_0136,2024-06-26 01:00:00,167424.32,UPI
TXN_11851,ACC_0098,ACC_0550,2024-03-25 20:00:00,306728.81,RTGS
TXN_11852,ACC_0960,ACC_0455,2026-01-13 15:00:00,9562.57,UPI
TXN_11853,ACC_1006,ACC_0971,2024-09-26 19:00:00,459182.71,IMPS
TXN_11854,ACC_0935,ACC_0951,2026-08-02 05:00:00,63202.94,IMPS
TXN_11855,ACC_0209,ACC_0576,2026-04-07 01:00:00,198897.97,NEFT
TXN_11856,ACC_0372,ACC_0425,2026-05-11 05:00:00,94700.8,RTGS
TXN_11857,ACC_0804,ACC_0123,2026-09-15 13:00:00,309739.97,UPI
TXN_11858,ACC_0795,ACC_0926,2025-06-07 04:00:00,96738.98,IMPS
TXN_11859,ACC_0931,ACC_0254,2024-05-09 02:00:00,347902.07,IMPS
TXN_11860,ACC_0972,ACC_0001,2024-02-04 10:00:00,118527.7,RTGS
TXN_11861,ACC_0569,ACC_0349,2024-09-30 20:00:00,260100.05,RTGS
TXN_11862,ACC_0682,ACC_0331,2026-07-30 23:00:00,89317.05,IMPS
TXN_11863,ACC_0067,ACC_0989,2024-01-21 10:00:00,51338.47,UPI
TXN_11864,ACC_0068,ACC_0862,2025-04-21 07:00:00,444027.6,NEFT
TXN_11865,ACC_0494,ACC_0137,2025-09-15 06:00:00,275609.99,RTGS
TXN_11866,ACC_0244,ACC_0918,2026-03-21 22:00:00,347217.29,NEFT
TXN_11867,ACC_0229,ACC_0029,2025-07-02 04:00:00,23363.23,UPI
TXN_11868,ACC_0675,ACC_0222,2025-06-24 05:00:00,252405.67,IMPS
TXN_11869,ACC_0255,ACC_0320,2025-06-21 03:00:00,446663.73,RTGS
TXN_11870,ACC_0150,ACC_0631,2026-03-22 16:00:00,213274.2,NEFT
TXN_11871,ACC_0209,ACC_0738,2026-01-27 06:00:00,351719.14,UPI
TXN_11872,ACC_0030,ACC_0128,2026-02-18 08:00:00,288379.76,NEFT
TXN_11873,ACC_0778,ACC_0019,2026-08-28 06:00:00,72271.62,RTGS
TXN_11874,ACC_0844,ACC_0135,2024-03-17 23:00:00,180571.77,IMPS
TXN_11875,ACC_0616,ACC_0907,2025-04-21 09:00:00,166374.7,NEFT
TXN_11876,ACC_0459,ACC_0058,2026-08-08 00:00:00,64067.85,UPI
TXN_11877,ACC_0214,ACC_0650,2025-06-17 19:00:00,441514.63,NEFT
TXN_11878,ACC_1020,ACC_0533,2026-04-16 01:00:00,325669.4,RTGS
TXN_11879,ACC_0022,ACC_0956,2026-10-19 09:00:00,486899.82,IMPS
TXN_11880,ACC_0036,ACC_0760,2024-08-30 07:00:00,285189.59,NEFT
TXN_11881,ACC_0817,ACC_0560,2024-01-04 02:00:00,139117.47,IMPS
TXN_11882,ACC_0213,ACC_0664,2024-12-17 15:00:00,245263.76,RTGS
TXN_11883,ACC_0993,ACC_0508,2026-05-28 16:00:00,109697.21,IMPS
TXN_11884,ACC_0945,ACC_0864,2026-02-07 22:00:00,332403.23,UPI
TXN_11885,ACC_0054,ACC_0450,2024-11-09 04:00:00,24593.72,UPI
TXN_11886,ACC_0664,ACC_0057,2025-04-02 18:00:00,499069.03,RTGS
TXN_11887,ACC_0904,ACC_0097,2024-10-14 09:00:00,170056.68,IMPS
TXN_11888,ACC_0428,ACC_0407,2024-02-03 06:00:00,353943.37,IMPS
TXN_11889,ACC_0703,ACC_0893,2024-05-18 11:00:00,490777.04,UPI
TXN_11890,ACC_0388,ACC_0753,2026-06-25 21:00:00,406401.25,UPI
TXN_11891,ACC_0744,ACC_0438,2026-01-17 08:00:00,188518.51,UPI
TXN_11892,ACC_0330,ACC_0448,2025-12-19 03:00:00,275817.89,UPI
TXN_11893,ACC_0381,ACC_1000,2026-04-29 12:00:00,3430.13,NEFT
TXN_11894,ACC_0242,ACC_0001,2025-05-15 19:00:00,315017.23,UPI
TXN_11895,ACC_0090,ACC_0970,2025-03-05 04:00:00,493963.07,RTGS
TXN_11896,ACC_0201,ACC_0062,2025-01-06 23:00:00,266097.25,UPI
TXN_11897,ACC_0414,ACC_0595,2024-11-18 17:00:00,71686.85,RTGS
TXN_11898,ACC_0698,ACC_0654,2024-08-16 08:00:00,491044.35,RTGS
TXN_11899,ACC_0165,ACC_0287,2025-11-10 01:00:00,88884.16,RTGS
TXN_11900,ACC_0677,ACC_0447,2024-02-01 20:00:00,202635.6,IMPS
TXN_11901,ACC_0495,ACC_0777,2025-08-10 20:00:00,210355.03,IMPS
TXN_11902,ACC_0750,ACC_0704,2025-09-07 21:00:00,264671.33,NEFT
TXN_11903,ACC_0080,ACC_0044,2026-04-11 12:00:00,134298.47,NEFT
TXN_11904,ACC_0404,ACC_0057,2025-03-03 18:00:00,408737.74,IMPS
TXN_11905,ACC_0725,ACC_0811,2025-05-02 13:00:00,231936.6,NEFT
TXN_11906,ACC_0925,ACC_0166,2024-08-08 01:00:00,267561.74,RTGS
TXN_11907,ACC_0193,ACC_0516,2024-08-29 12:00:00,465045.45,IMPS
TXN_11908,ACC_0781,ACC_0539,2025-12-08 14:00:00,297843.52,UPI
TXN_11909,ACC_0941,ACC_0483,2026-06-01 05:00:00,178128.87,RTGS
TXN_11910,ACC_0302,ACC_0411,2024-05-13 07:00:00,79565.9,RTGS
TXN_11911,ACC_0866,ACC_0497,2026-03-05 10:00:00,160849.29,IMPS
TXN_11912,ACC_0676,ACC_0714,2025-07-31 04:00:00,197660.89,IMPS
TXN_11913,ACC_0972,ACC_0154,2026-08-30 06:00:00,423949.69,UPI
TXN_11914,ACC_0223,ACC_0328,2026-03-10 19:00:00,80147.48,UPI
TXN_11915,ACC_0778,ACC_0942,2024-05-15 23:00:00,103439.58,UPI
TXN_11916,ACC_0545,ACC_0773,2026-09-15 11:00:00,59346.34,NEFT
TXN_11917,ACC_0739,ACC_0855,2024-08-01 04:00:00,54190.45,NEFT
TXN_11918,ACC_0187,ACC_0400,2025-07-13 01:00:00,348285.96,NEFT
TXN_11919,ACC_0965,ACC_0506,2024-01-10 20:00:00,421117.7,UPI
TXN_11920,ACC_0100,ACC_0827,2026-06-18 13:00:00,328973.48,UPI
TXN_11921,ACC_0985,ACC_0183,2024-11-04 17:00:00,90964.53,UPI
TXN_11922,ACC_0786,ACC_0650,2026-07-24 07:00:00,469817.83,UPI
TXN_11923,ACC_0547,ACC_0332,2025-09-27 11:00:00,238516.36,RTGS
TXN_11924,ACC_0706,ACC_0839,2025-03-15 02:00:00,447307.08,IMPS
TXN_11925,ACC_0453,ACC_0972,2024-01-09 09:00:00,468298.97,IMPS
TXN_11926,ACC_0136,ACC_0671,2024-11-19 22:00:00,166147.85,UPI
TXN_11927,ACC_0017,ACC_0201,2026-07-15 13:00:00,494628.37,UPI
TXN_11928,ACC_0560,ACC_0018,2024-05-08 08:00:00,203554.83,UPI
TXN_11929,ACC_0514,ACC_0005,2025-10-13 23:00:00,262810.58,RTGS
TXN_11930,ACC_0102,ACC_0517,2024-03-01 08:00:00,28789.78,UPI
TXN_11931,ACC_0834,ACC_0244,2024-11-11 10:00:00,386429.6,UPI
TXN_11932,ACC_0438,ACC_0457,2025-06-16 21:00:00,90060.25,NEFT
TXN_11933,ACC_0297,ACC_0882,2024-10-13 14:00:00,311877.33,IMPS
TXN_11934,ACC_0631,ACC_0901,2024-02-04 16:00:00,71571.43,UPI
TXN_11935,ACC_0388,ACC_0590,2026-06-28 00:00:00,164862.52,NEFT
TXN_11936,ACC_0051,ACC_0205,2025-06-19 19:00:00,80177.35,NEFT
TXN_11937,ACC_0462,ACC_0577,2025-03-31 10:00:00,235901.77,RTGS
TXN_11938,ACC_0640,ACC_0958,2025-10-20 04:00:00,174280.32,NEFT
TXN_11939,ACC_0633,ACC_0506,2026-07-07 15:00:00,283199.69,UPI
TXN_11940,ACC_0115,ACC_0567,2024-12-12 15:00:00,180067.42,UPI
TXN_11941,ACC_0184,ACC_0595,2025-09-03 06:00:00,201011.38,RTGS
TXN_11942,ACC_0931,ACC_0500,2024-10-05 16:00:00,162751.98,IMPS
TXN_11943,ACC_0354,ACC_0726,2025-04-29 11:00:00,32995.02,IMPS
TXN_11944,ACC_0387,ACC_0510,2026-04-02 12:00:00,484275.76,UPI
TXN_11945,ACC_0206,ACC_1026,2024-09-07 00:00:00,31382.61,NEFT
TXN_11946,ACC_0979,ACC_0997,2025-02-07 07:00:00,377062.61,RTGS
TXN_11947,ACC_0161,ACC_0281,2024-04-02 20:00:00,372031.6,RTGS
TXN_11948,ACC_0592,ACC_0921,2026-08-09 02:00:00,349622.73,UPI
TXN_11949,ACC_0604,ACC_0503,2026-09-14 18:00:00,424251.92,NEFT
TXN_11950,ACC_0627,ACC_0866,2025-11-20 02:00:00,259797.51,NEFT
TXN_11951,ACC_0222,ACC_0176,2026-04-13 02:00:00,77642.83,NEFT
TXN_11952,ACC_0855,ACC_0070,2025-04-15 20:00:00,43689.4,NEFT
TXN_11953,ACC_0488,ACC_0896,2025-05-05 10:00:00,92568.28,RTGS
TXN_11954,ACC_0828,ACC_0648,2024-10-08 02:00:00,324825.24,UPI
TXN_11955,ACC_0357,ACC_0180,2026-06-20 21:00:00,376402.07,NEFT
TXN_11956,ACC_0988,ACC_0091,2024-12-04 19:00:00,256960.25,UPI
TXN_11957,ACC_0662,ACC_0609,2024-03-05 08:00:00,25255.36,IMPS
TXN_11958,ACC_0304,ACC_0878,2025-08-09 11:00:00,407615.57,UPI
TXN_11959,ACC_0862,ACC_0959,2025-12-18 12:00:00,48209.79,RTGS
TXN_11960,ACC_0433,ACC_0861,2025-03-22 12:00:00,299648.56,NEFT
TXN_11961,ACC_0832,ACC_0267,2024-05-02 21:00:00,44863.93,NEFT
TXN_11962,ACC_0762,ACC_0974,2024-05-30 22:00:00,65153.46,UPI
TXN_11963,ACC_0080,ACC_0748,2025-03-11 15:00:00,342051.25,RTGS
TXN_11964,ACC_0718,ACC_0103,2026-06-01 08:00:00,251190.26,NEFT
TXN_11965,ACC_0120,ACC_0209,2026-01-22 01:00:00,246709.65,NEFT
TXN_11966,ACC_0885,ACC_0273,2026-06-17 06:00:00,38812.7,RTGS
TXN_11967,ACC_0699,ACC_0861,2025-09-24 16:00:00,319415.76,IMPS
TXN_11968,ACC_0675,ACC_0061,2024-06-23 00:00:00,414113.37,RTGS
TXN_11969,ACC_0081,ACC_0476,2024-08-04 01:00:00,93512.71,UPI
TXN_11970,ACC_0309,ACC_0503,2024-08-29 19:00:00,158653.87,UPI
TXN_11971,ACC_0712,ACC_0084,2024-01-11 03:00:00,202986.84,RTGS
TXN_11972,ACC_0745,ACC_0264,2026-01-20 19:00:00,441876.68,IMPS
TXN_11973,ACC_0782,ACC_0783,2025-10-31 07:00:00,415054.35,IMPS
TXN_11974,ACC_0469,ACC_0770,2026-08-28 19:00:00,484538.34,NEFT
TXN_11975,ACC_0648,ACC_0838,2025-07-07 03:00:00,388700.96,IMPS
TXN_11976,ACC_0705,ACC_0208,2025-06-29 19:00:00,248821.94,NEFT
TXN_11977,ACC_0063,ACC_0444,2024-03-08 01:00:00,284050.78,IMPS
TXN_11978,ACC_0129,ACC_0882,2024-09-16 07:00:00,182716.0,UPI
TXN_11979,ACC_0751,ACC_0621,2024-11-07 19:00:00,350888.69,RTGS
TXN_11980,ACC_0788,ACC_0608,2025-07-01 17:00:00,36851.23,RTGS
TXN_11981,ACC_0327,ACC_0118,2026-08-23 11:00:00,108841.8,IMPS
TXN_11982,ACC_0465,ACC_0093,2024-02-04 23:00:00,425147.32,NEFT
TXN_11983,ACC_0421,ACC_0865,2024-01-25 14:00:00,104329.05,UPI
TXN_11984,ACC_0387,ACC_0487,2024-02-12 17:00:00,355290.99,UPI
TXN_11985,ACC_0474,ACC_0575,2025-01-24 12:00:00,275108.21,NEFT
TXN_11986,ACC_0349,ACC_0907,2026-10-20 16:00:00,173610.01,IMPS
TXN_11987,ACC_0731,ACC_0013,2024-11-29 17:00:00,473129.15,UPI
TXN_11988,ACC_0319,ACC_0544,2026-08-26 05:00:00,151397.72,UPI
TXN_11989,ACC_0333,ACC_0528,2025-08-20 23:00:00,85028.5,IMPS
TXN_11990,ACC_0930,ACC_0970,2024-04-10 04:00:00,100177.2,RTGS
TXN_11991,ACC_0304,ACC_0533,2025-12-16 23:00:00,384274.33,NEFT
TXN_11992,ACC_0411,ACC_0183,2024-05-26 20:00:00,80466.0,RTGS
TXN_11993,ACC_0392,ACC_0653,2026-09-16 00:00:00,432164.21,RTGS
TXN_11994,ACC_0017,ACC_0822,2024-06-14 16:00:00,185747.53,UPI
TXN_11995,ACC_0361,ACC_0091,2026-01-30 21:00:00,51784.96,RTGS
TXN_11996,ACC_0895,ACC_0193,2025-04-28 01:00:00,301063.82,UPI
TXN_11997,ACC_0063,ACC_0931,2025-03-28 20:00:00,448775.67,NEFT
TXN_11998,ACC_0903,ACC_0824,2025-05-23 07:00:00,63925.58,RTGS
TXN_11999,ACC_0566,ACC_0534,2026-04-21 16:00:00,119913.53,UPI
TXN_12000,ACC_0124,ACC_0224,2025-01-30 12:00:00,262516.93,UPI
TXN_12001,ACC_0708,ACC_0624,2024-09-13 10:00:00,450207.97,NEFT
TXN_12002,ACC_0820,ACC_0554,2024-04-14 22:00:00,166481.37,NEFT
TXN_12003,ACC_0541,ACC_0841,2024-12-04 23:00:00,261980.23,IMPS
TXN_12004,ACC_0110,ACC_0936,2025-07-10 18:00:00,76786.81,NEFT
TXN_12005,ACC_0296,ACC_0925,2025-07-22 19:00:00,443866.96,NEFT
TXN_12006,ACC_1026,ACC_0014,2025-07-03 23:00:00,144629.94,IMPS
TXN_12007,ACC_0949,ACC_0727,2025-02-12 08:00:00,329841.82,RTGS
TXN_12008,ACC_0493,ACC_0299,2026-06-18 23:00:00,486918.35,RTGS
TXN_12009,ACC_0383,ACC_0734,2024-08-24 21:00:00,66381.83,UPI
TXN_12010,ACC_0342,ACC_0152,2025-06-24 12:00:00,420220.16,UPI
TXN_12011,ACC_0909,ACC_0373,2026-08-27 22:00:00,455699.01,RTGS
TXN_12012,ACC_0659,ACC_0809,2025-07-26 04:00:00,78963.69,NEFT
TXN_12013,ACC_0126,ACC_0270,2025-12-17 12:00:00,142746.19,NEFT
TXN_12014,ACC_0345,ACC_0426,2025-03-15 00:00:00,473960.19,UPI
TXN_12015,ACC_0839,ACC_0243,2025-08-18 14:00:00,206481.81,UPI
TXN_12016,ACC_0496,ACC_0282,2024-12-08 23:00:00,114934.64,RTGS
TXN_12017,ACC_0669,ACC_0005,2024-03-16 11:00:00,179314.69,RTGS
TXN_12018,ACC_0399,ACC_0348,2024-07-09 17:00:00,129587.78,NEFT
TXN_12019,ACC_0997,ACC_0570,2025-08-16 13:00:00,392104.17,IMPS
TXN_12020,ACC_0278,ACC_0176,2025-10-06 19:00:00,127037.88,NEFT
TXN_12021,ACC_0612,ACC_0933,2024-02-12 04:00:00,425144.71,RTGS
TXN_12022,ACC_0898,ACC_0785,2024-12-29 21:00:00,457257.6,RTGS
TXN_12023,ACC_0300,ACC_0090,2026-04-17 14:00:00,492671.42,UPI
TXN_12024,ACC_0623,ACC_0513,2024-02-13 21:00:00,75447.3,RTGS
TXN_12025,ACC_0816,ACC_0598,2025-06-03 04:00:00,142497.41,UPI
TXN_12026,ACC_0537,ACC_0384,2024-10-14 12:00:00,44298.51,NEFT
TXN_12027,ACC_0367,ACC_1014,2025-12-18 02:00:00,108006.05,RTGS
TXN_12028,ACC_0577,ACC_0135,2026-08-30 09:00:00,454218.34,NEFT
TXN_12029,ACC_0743,ACC_0526,2026-05-27 03:00:00,151372.29,UPI
TXN_12030,ACC_0751,ACC_0048,2026-03-30 18:00:00,244817.01,RTGS
TXN_12031,ACC_0771,ACC_0191,2025-07-29 06:00:00,190556.11,UPI
TXN_12032,ACC_0190,ACC_0205,2026-07-12 12:00:00,431472.4,UPI
TXN_12033,ACC_1000,ACC_0204,2024-10-03 20:00:00,293553.0,UPI
TXN_12034,ACC_1015,ACC_0684,2026-05-16 21:00:00,34935.54,IMPS
TXN_12035,ACC_0460,ACC_0438,2025-08-12 07:00:00,283475.26,NEFT
TXN_12036,ACC_0683,ACC_0346,2026-09-18 15:00:00,122009.44,NEFT
TXN_12037,ACC_0557,ACC_0860,2024-01-05 23:00:00,293289.11,RTGS
TXN_12038,ACC_0551,ACC_0613,2024-09-06 23:00:00,8587.97,NEFT
TXN_12039,ACC_0452,ACC_0460,2026-08-25 20:00:00,43817.8,NEFT
TXN_12040,ACC_0012,ACC_0194,2025-05-20 22:00:00,275487.31,NEFT
TXN_12041,ACC_0722,ACC_0417,2025-11-10 03:00:00,114893.8,UPI
TXN_12042,ACC_0909,ACC_0327,2024-10-13 19:00:00,265245.03,RTGS
TXN_12043,ACC_0333,ACC_1036,2024-12-15 06:00:00,64938.18,RTGS
TXN_12044,ACC_0253,ACC_0820,2026-04-27 15:00:00,317187.0,IMPS
TXN_12045,ACC_0960,ACC_0236,2024-03-07 01:00:00,134648.37,RTGS
TXN_12046,ACC_0213,ACC_0287,2026-09-05 15:00:00,333943.74,RTGS
TXN_12047,ACC_0048,ACC_0074,2024-08-05 05:00:00,489869.42,NEFT
TXN_12048,ACC_0776,ACC_0536,2026-03-15 13:00:00,126246.38,NEFT
TXN_12049,ACC_1027,ACC_0571,2024-08-04 09:00:00,128949.35,IMPS
TXN_12050,ACC_0376,ACC_0281,2024-04-16 15:00:00,275698.72,NEFT
TXN_12051,ACC_0319,ACC_0553,2025-08-24 14:00:00,209414.03,UPI
TXN_12052,ACC_0597,ACC_0020,2026-08-06 12:00:00,347459.72,UPI
TXN_12053,ACC_0578,ACC_0051,2026-05-05 03:00:00,261970.22,IMPS
TXN_12054,ACC_0253,ACC_0464,2024-02-01 19:00:00,452756.67,IMPS
TXN_12055,ACC_0841,ACC_0555,2026-01-25 21:00:00,193284.48,NEFT
TXN_12056,ACC_0131,ACC_0571,2025-03-27 04:00:00,68056.13,NEFT
TXN_12057,ACC_0059,ACC_0466,2026-03-08 10:00:00,34830.29,RTGS
TXN_12058,ACC_0110,ACC_0925,2024-11-26 04:00:00,125176.7,RTGS
TXN_12059,ACC_0015,ACC_0970,2024-06-29 12:00:00,173802.34,IMPS
TXN_12060,ACC_0899,ACC_0534,2024-10-09 23:00:00,381205.7,UPI
TXN_12061,ACC_0709,ACC_0067,2025-03-10 04:00:00,118961.18,RTGS
TXN_12062,ACC_0899,ACC_0807,2024-02-22 05:00:00,140694.26,RTGS
TXN_12063,ACC_0779,ACC_0482,2024-08-11 16:00:00,336482.78,RTGS
TXN_12064,ACC_0961,ACC_0293,2026-04-10 16:00:00,489184.46,IMPS
TXN_12065,ACC_0562,ACC_0746,2026-04-07 00:00:00,308091.97,IMPS
TXN_12066,ACC_0645,ACC_1030,2024-11-21 09:00:00,446183.45,NEFT
TXN_12067,ACC_0331,ACC_0456,2024-05-16 17:00:00,390793.15,NEFT
TXN_12068,ACC_0520,ACC_0265,2024-10-08 17:00:00,13230.07,NEFT
TXN_12069,ACC_0859,ACC_0790,2024-08-16 13:00:00,394891.88,RTGS
TXN_12070,ACC_0446,ACC_0384,2024-08-27 22:00:00,464997.33,UPI
TXN_12071,ACC_0969,ACC_0393,2025-08-21 21:00:00,275162.43,RTGS
TXN_12072,ACC_0360,ACC_0499,2026-09-12 14:00:00,446142.18,RTGS
TXN_12073,ACC_0096,ACC_0861,2026-07-04 13:00:00,256593.98,NEFT
TXN_12074,ACC_0709,ACC_0829,2024-08-14 20:00:00,61027.87,UPI
TXN_12075,ACC_0449,ACC_0617,2025-06-16 19:00:00,166063.6,IMPS
TXN_12076,ACC_0807,ACC_0315,2024-08-11 23:00:00,354308.08,UPI
TXN_12077,ACC_0328,ACC_0233,2026-03-06 13:00:00,371231.59,RTGS
TXN_12078,ACC_0841,ACC_0744,2024-08-30 06:00:00,107014.64,IMPS
TXN_12079,ACC_0705,ACC_0111,2024-12-01 19:00:00,420007.21,IMPS
TXN_12080,ACC_0522,ACC_0276,2024-11-08 18:00:00,327457.19,NEFT
TXN_12081,ACC_0569,ACC_0725,2026-08-24 22:00:00,489291.31,UPI
TXN_12082,ACC_0318,ACC_0066,2025-03-15 22:00:00,299487.07,NEFT
TXN_12083,ACC_0123,ACC_0709,2024-09-19 16:00:00,187981.9,UPI
TXN_12084,ACC_0600,ACC_0564,2026-09-05 20:00:00,487504.4,RTGS
TXN_12085,ACC_0686,ACC_0902,2025-02-17 02:00:00,295884.85,NEFT
TXN_12086,ACC_0105,ACC_0058,2025-04-02 06:00:00,335821.02,UPI
TXN_12087,ACC_0487,ACC_0972,2025-09-18 02:00:00,237992.19,NEFT
TXN_12088,ACC_0026,ACC_0163,2026-08-25 19:00:00,77038.45,IMPS
TXN_12089,ACC_0859,ACC_0690,2026-08-09 06:00:00,7538.57,RTGS
TXN_12090,ACC_0369,ACC_0851,2026-03-28 20:00:00,237395.49,NEFT
TXN_12091,ACC_0453,ACC_0431,2026-02-13 09:00:00,477066.73,RTGS
TXN_12092,ACC_0235,ACC_0163,2025-02-02 13:00:00,269228.46,IMPS
TXN_12093,ACC_0277,ACC_0936,2025-03-11 06:00:00,484510.2,NEFT
TXN_12094,ACC_0933,ACC_0117,2024-06-16 08:00:00,186154.51,UPI
TXN_12095,ACC_0196,ACC_0615,2026-07-29 22:00:00,251790.07,IMPS
TXN_12096,ACC_0850,ACC_0913,2025-09-15 05:00:00,188923.92,IMPS
TXN_12097,ACC_0724,ACC_0716,2025-04-02 13:00:00,148034.48,IMPS
TXN_12098,ACC_0054,ACC_0905,2026-02-08 10:00:00,204355.72,NEFT
TXN_12099,ACC_0993,ACC_0659,2024-01-20 10:00:00,96402.39,RTGS
TXN_12100,ACC_0626,ACC_0285,2025-11-20 01:00:00,415509.8,RTGS
TXN_12101,ACC_0158,ACC_0884,2025-09-17 09:00:00,495534.11,NEFT
TXN_12102,ACC_0470,ACC_0280,2026-01-23 19:00:00,149251.01,RTGS
TXN_12103,ACC_0491,ACC_0052,2025-05-07 21:00:00,429391.07,NEFT
TXN_12104,ACC_0731,ACC_0364,2026-01-14 17:00:00,257753.93,UPI
TXN_12105,ACC_0235,ACC_0327,2024-06-13 21:00:00,465326.92,UPI
TXN_12106,ACC_0949,ACC_0159,2024-12-02 14:00:00,396028.74,RTGS
TXN_12107,ACC_0387,ACC_0473,2025-06-29 20:00:00,482362.23,NEFT
TXN_12108,ACC_0650,ACC_0203,2025-03-23 05:00:00,390533.16,UPI
TXN_12109,ACC_0368,ACC_0932,2024-10-17 09:00:00,170687.55,RTGS
TXN_12110,ACC_0752,ACC_0757,2024-12-14 01:00:00,52427.87,RTGS
TXN_12111,ACC_0026,ACC_1023,2025-12-11 00:00:00,24250.95,IMPS
TXN_12112,ACC_0796,ACC_0222,2025-09-08 01:00:00,43632.07,IMPS
TXN_12113,ACC_0107,ACC_0989,2025-07-24 05:00:00,252957.97,IMPS
TXN_12114,ACC_0953,ACC_0633,2024-02-19 13:00:00,232842.54,NEFT
TXN_12115,ACC_0648,ACC_0740,2026-02-18 03:00:00,100124.98,RTGS
TXN_12116,ACC_0637,ACC_0487,2026-06-21 03:00:00,13500.93,UPI
TXN_12117,ACC_0392,ACC_0420,2024-10-03 04:00:00,243460.19,NEFT
TXN_12118,ACC_0394,ACC_0433,2025-09-26 12:00:00,72926.98,RTGS
TXN_12119,ACC_0824,ACC_1022,2025-06-03 13:00:00,466048.17,IMPS
TXN_12120,ACC_0384,ACC_0236,2026-08-08 18:00:00,172348.37,IMPS
TXN_12121,ACC_0878,ACC_0775,2024-07-19 16:00:00,323512.8,RTGS
TXN_12122,ACC_0716,ACC_0504,2025-05-24 13:00:00,71891.58,NEFT
TXN_12123,ACC_0447,ACC_0599,2025-06-13 02:00:00,112200.34,NEFT
TXN_12124,ACC_0797,ACC_0948,2025-07-31 06:00:00,393536.38,IMPS
TXN_12125,ACC_0949,ACC_0124,2024-08-28 21:00:00,361645.67,RTGS
TXN_12126,ACC_0666,ACC_0572,2024-05-23 23:00:00,6692.63,RTGS
TXN_12127,ACC_0963,ACC_0432,2026-09-29 21:00:00,28989.57,RTGS
TXN_12128,ACC_0310,ACC_0870,2025-01-18 02:00:00,28965.39,IMPS
TXN_12129,ACC_0324,ACC_0538,2024-02-28 00:00:00,184572.04,IMPS
TXN_12130,ACC_0687,ACC_0325,2025-11-26 06:00:00,360339.79,IMPS
TXN_12131,ACC_0194,ACC_0186,2026-04-20 23:00:00,385069.51,RTGS
TXN_12132,ACC_0911,ACC_0367,2025-06-22 00:00:00,178762.16,RTGS
TXN_12133,ACC_0954,ACC_0635,2024-01-07 18:00:00,394220.09,NEFT
TXN_12134,ACC_0164,ACC_0562,2026-07-27 19:00:00,128700.55,UPI
TXN_12135,ACC_0717,ACC_0914,2026-04-09 17:00:00,168932.71,RTGS
TXN_12136,ACC_0678,ACC_0772,2026-05-15 22:00:00,131024.8,RTGS
TXN_12137,ACC_0681,ACC_0674,2024-12-05 01:00:00,378860.32,IMPS
TXN_12138,ACC_0561,ACC_0848,2024-12-22 09:00:00,363855.98,RTGS
TXN_12139,ACC_0285,ACC_0798,2024-12-05 15:00:00,490071.22,UPI
TXN_12140,ACC_0591,ACC_0919,2026-05-07 14:00:00,104080.51,NEFT
TXN_12141,ACC_0969,ACC_0553,2025-04-30 16:00:00,248034.55,NEFT
TXN_12142,ACC_0282,ACC_0289,2025-09-22 19:00:00,246629.14,RTGS
TXN_12143,ACC_0554,ACC_0941,2025-04-22 04:00:00,445961.95,NEFT
TXN_12144,ACC_0072,ACC_0457,2024-01-19 05:00:00,449632.87,IMPS
TXN_12145,ACC_0117,ACC_0101,2026-09-13 05:00:00,242255.99,NEFT
TXN_12146,ACC_0879,ACC_0091,2024-12-20 08:00:00,164163.56,UPI
TXN_12147,ACC_0718,ACC_0271,2026-08-14 15:00:00,108071.21,UPI
TXN_12148,ACC_0665,ACC_0053,2024-08-16 13:00:00,491955.15,UPI
TXN_12149,ACC_0237,ACC_0452,2024-03-13 22:00:00,164840.97,UPI
TXN_12150,ACC_0905,ACC_1016,2025-05-25 11:00:00,108262.3,IMPS
TXN_12151,ACC_0551,ACC_0159,2025-01-15 01:00:00,274306.38,RTGS
TXN_12152,ACC_0717,ACC_0355,2024-09-24 15:00:00,160310.44,IMPS
TXN_12153,ACC_0154,ACC_0126,2024-08-22 22:00:00,435880.32,UPI
TXN_12154,ACC_0801,ACC_0794,2024-03-18 10:00:00,314093.82,IMPS
TXN_12155,ACC_0317,ACC_0337,2025-12-22 08:00:00,269395.17,IMPS
TXN_12156,ACC_0941,ACC_0450,2026-05-19 12:00:00,838.74,NEFT
TXN_12157,ACC_0549,ACC_0892,2026-01-25 17:00:00,481870.68,RTGS
TXN_12158,ACC_0327,ACC_0719,2026-03-05 11:00:00,377996.22,RTGS
TXN_12159,ACC_0889,ACC_0975,2026-08-24 13:00:00,100055.73,NEFT
TXN_12160,ACC_0077,ACC_0387,2026-05-28 21:00:00,459343.11,IMPS
TXN_12161,ACC_0585,ACC_0254,2025-09-08 07:00:00,252571.5,RTGS
TXN_12162,ACC_0353,ACC_0947,2026-01-23 16:00:00,364755.11,NEFT
TXN_12163,ACC_0013,ACC_0896,2024-07-07 13:00:00,343165.35,NEFT
TXN_12164,ACC_0736,ACC_0705,2024-05-08 08:00:00,325097.02,RTGS
TXN_12165,ACC_0184,ACC_0458,2026-08-27 11:00:00,102541.09,IMPS
TXN_12166,ACC_0463,ACC_0637,2026-04-10 16:00:00,316069.55,RTGS
TXN_12167,ACC_0283,ACC_0965,2025-02-18 03:00:00,437013.84,NEFT
TXN_12168,ACC_0685,ACC_0340,2024-10-04 11:00:00,318098.29,NEFT
TXN_12169,ACC_0279,ACC_0444,2024-09-20 20:00:00,454785.3,NEFT
TXN_12170,ACC_0558,ACC_0280,2025-06-24 23:00:00,20978.1,IMPS
TXN_12171,ACC_0365,ACC_0307,2024-04-10 14:00:00,80937.37,RTGS
TXN_12172,ACC_0216,ACC_0609,2024-03-26 11:00:00,60338.61,NEFT
TXN_12173,ACC_0475,ACC_0244,2025-12-08 01:00:00,470381.8,IMPS
TXN_12174,ACC_0987,ACC_0577,2026-01-29 11:00:00,419705.96,RTGS
TXN_12175,ACC_0692,ACC_0883,2026-07-16 12:00:00,153492.8,NEFT
TXN_12176,ACC_0943,ACC_0736,2024-08-22 14:00:00,442677.94,RTGS
TXN_12177,ACC_0169,ACC_0680,2026-05-05 19:00:00,371552.15,RTGS
TXN_12178,ACC_0228,ACC_0767,2024-04-02 20:00:00,487734.26,NEFT
TXN_12179,ACC_0998,ACC_0912,2024-12-10 03:00:00,25508.55,RTGS
TXN_12180,ACC_1022,ACC_0588,2026-06-21 08:00:00,48295.7,NEFT
TXN_12181,ACC_0076,ACC_0429,2025-05-13 23:00:00,442051.54,UPI
TXN_12182,ACC_0006,ACC_0302,2025-06-30 11:00:00,58346.38,IMPS
TXN_12183,ACC_0549,ACC_0516,2026-08-19 04:00:00,403564.37,IMPS
TXN_12184,ACC_0175,ACC_0166,2024-06-29 11:00:00,41256.01,UPI
TXN_12185,ACC_0501,ACC_0678,2026-04-18 11:00:00,475069.17,RTGS
TXN_12186,ACC_0526,ACC_0143,2025-11-27 06:00:00,84840.03,UPI
TXN_12187,ACC_0848,ACC_0820,2024-07-19 01:00:00,306741.72,UPI
TXN_12188,ACC_0097,ACC_0362,2026-08-22 02:00:00,196791.57,RTGS
TXN_12189,ACC_0143,ACC_0059,2025-01-23 00:00:00,155983.97,UPI
TXN_12190,ACC_0600,ACC_0322,2024-09-11 14:00:00,85143.22,UPI
TXN_12191,ACC_0955,ACC_0262,2024-10-20 03:00:00,388913.54,IMPS
TXN_12192,ACC_0004,ACC_0884,2026-01-04 22:00:00,41208.29,NEFT
TXN_12193,ACC_0616,ACC_0544,2024-09-30 07:00:00,487839.33,IMPS
TXN_12194,ACC_0804,ACC_0342,2024-11-28 08:00:00,239687.93,IMPS
TXN_12195,ACC_0461,ACC_0249,2025-11-03 13:00:00,496029.45,UPI
TXN_12196,ACC_0574,ACC_1029,2026-04-26 12:00:00,341808.71,NEFT
TXN_12197,ACC_0771,ACC_0516,2024-05-19 07:00:00,54204.16,UPI
TXN_12198,ACC_0289,ACC_0260,2025-05-27 06:00:00,107923.79,RTGS
TXN_12199,ACC_0207,ACC_0454,2026-01-15 20:00:00,170794.76,UPI
TXN_12200,ACC_0942,ACC_0595,2026-09-23 05:00:00,70965.7,UPI
TXN_12201,ACC_0510,ACC_0695,2025-07-20 05:00:00,219578.91,RTGS
TXN_12202,ACC_0243,ACC_0350,2025-01-22 06:00:00,427893.99,NEFT
TXN_12203,ACC_0877,ACC_0423,2025-05-17 08:00:00,245659.66,IMPS
TXN_12204,ACC_0056,ACC_0623,2024-05-30 12:00:00,1998.27,UPI
TXN_12205,ACC_0632,ACC_0897,2025-10-13 20:00:00,109487.65,IMPS
TXN_12206,ACC_0415,ACC_0805,2024-01-13 04:00:00,393376.5,IMPS
TXN_12207,ACC_0649,ACC_0333,2025-04-14 11:00:00,94452.53,UPI
TXN_12208,ACC_0847,ACC_0451,2024-10-07 14:00:00,295623.09,RTGS
TXN_12209,ACC_0118,ACC_0245,2026-10-11 17:00:00,335555.97,IMPS
TXN_12210,ACC_0484,ACC_0508,2026-06-19 03:00:00,90523.2,RTGS
TXN_12211,ACC_0351,ACC_0157,2025-04-17 16:00:00,281967.84,NEFT
TXN_12212,ACC_0795,ACC_0838,2026-03-22 12:00:00,209831.28,IMPS
TXN_12213,ACC_0019,ACC_0155,2024-06-18 09:00:00,355325.09,UPI
TXN_12214,ACC_0846,ACC_0245,2024-01-23 04:00:00,109875.52,RTGS
TXN_12215,ACC_0053,ACC_0207,2024-07-09 23:00:00,95146.88,RTGS
TXN_12216,ACC_0236,ACC_0875,2025-09-01 05:00:00,81364.41,IMPS
TXN_12217,ACC_0166,ACC_0082,2024-11-15 23:00:00,279727.89,UPI
TXN_12218,ACC_0560,ACC_0427,2024-09-03 11:00:00,162015.62,NEFT
TXN_12219,ACC_0453,ACC_0244,2024-01-12 03:00:00,170293.16,IMPS
TXN_12220,ACC_0725,ACC_0891,2024-01-29 08:00:00,326280.57,RTGS
TXN_12221,ACC_0255,ACC_0642,2024-08-03 01:00:00,117767.91,NEFT
TXN_12222,ACC_0781,ACC_0444,2025-12-10 21:00:00,319339.25,NEFT
TXN_12223,ACC_0330,ACC_0789,2025-04-18 02:00:00,13974.2,NEFT
TXN_12224,ACC_0944,ACC_0404,2025-03-04 22:00:00,144268.19,RTGS
TXN_12225,ACC_0208,ACC_0173,2024-01-29 20:00:00,325460.79,NEFT
TXN_12226,ACC_0264,ACC_0968,2025-02-26 18:00:00,210957.22,RTGS
TXN_12227,ACC_0503,ACC_0327,2024-04-19 02:00:00,484358.02,IMPS
TXN_12228,ACC_0492,ACC_0285,2025-09-04 12:00:00,187344.69,IMPS
TXN_12229,ACC_0035,ACC_0012,2024-12-02 10:00:00,113188.92,NEFT
TXN_12230,ACC_0077,ACC_1032,2024-07-26 12:00:00,232456.59,IMPS
TXN_12231,ACC_0605,ACC_1005,2026-01-04 08:00:00,67802.03,NEFT
TXN_12232,ACC_0123,ACC_0634,2024-11-17 00:00:00,273789.58,NEFT
TXN_12233,ACC_0226,ACC_0894,2025-03-25 05:00:00,272080.57,RTGS
TXN_12234,ACC_0209,ACC_0179,2024-07-02 01:00:00,260199.24,UPI
TXN_12235,ACC_0177,ACC_1015,2024-05-23 06:00:00,484991.6,NEFT
TXN_12236,ACC_0397,ACC_0365,2024-02-26 10:00:00,290608.72,RTGS
TXN_12237,ACC_0396,ACC_0131,2024-12-21 16:00:00,450645.43,UPI
TXN_12238,ACC_1023,ACC_0109,2025-12-15 12:00:00,319127.98,IMPS
TXN_12239,ACC_0628,ACC_0195,2026-03-23 04:00:00,87102.23,NEFT
TXN_12240,ACC_0831,ACC_0908,2026-09-30 00:00:00,33313.94,RTGS
TXN_12241,ACC_0138,ACC_0489,2025-06-05 18:00:00,64167.99,UPI
TXN_12242,ACC_0351,ACC_0628,2026-07-13 07:00:00,183123.4,RTGS
TXN_12243,ACC_0890,ACC_0908,2025-07-07 06:00:00,484293.23,UPI
TXN_12244,ACC_0393,ACC_0665,2024-01-02 02:00:00,14264.78,UPI
TXN_12245,ACC_0790,ACC_0860,2026-09-19 11:00:00,337291.21,UPI
TXN_12246,ACC_1005,ACC_0169,2026-06-05 17:00:00,240843.11,NEFT
TXN_12247,ACC_0630,ACC_0721,2025-10-09 00:00:00,238512.63,UPI
TXN_12248,ACC_0629,ACC_0757,2025-08-17 11:00:00,337986.68,UPI
TXN_12249,ACC_0819,ACC_0140,2025-03-05 18:00:00,229856.5,UPI
TXN_12250,ACC_0914,ACC_0065,2026-10-21 19:00:00,388689.33,UPI
TXN_12251,ACC_0329,ACC_0634,2026-02-03 02:00:00,163674.16,UPI
TXN_12252,ACC_0299,ACC_0473,2025-10-16 08:00:00,297921.69,RTGS
TXN_12253,ACC_0437,ACC_0656,2026-01-22 20:00:00,341812.93,RTGS
TXN_12254,ACC_0899,ACC_0716,2026-07-19 23:00:00,250233.37,NEFT
TXN_12255,ACC_0181,ACC_0598,2024-03-28 03:00:00,51558.93,RTGS
TXN_12256,ACC_0826,ACC_0230,2026-10-18 19:00:00,442006.5,RTGS
TXN_12257,ACC_0262,ACC_0911,2024-11-03 13:00:00,342242.84,NEFT
TXN_12258,ACC_0121,ACC_0507,2025-08-06 17:00:00,65395.08,RTGS
TXN_12259,ACC_0449,ACC_0427,2025-01-29 16:00:00,245466.43,NEFT
TXN_12260,ACC_0626,ACC_0243,2025-11-03 01:00:00,158379.46,NEFT
TXN_12261,ACC_0179,ACC_0123,2024-05-04 20:00:00,321427.39,UPI
TXN_12262,ACC_0387,ACC_0989,2025-06-03 19:00:00,1769.21,IMPS
TXN_12263,ACC_0122,ACC_0439,2024-02-03 01:00:00,424187.15,UPI
TXN_12264,ACC_0364,ACC_0962,2026-05-17 20:00:00,467919.33,UPI
TXN_12265,ACC_0664,ACC_0769,2026-05-10 15:00:00,434683.74,RTGS
TXN_12266,ACC_0089,ACC_0808,2025-02-10 20:00:00,175686.0,IMPS
TXN_12267,ACC_0689,ACC_1025,2024-08-19 07:00:00,266472.09,RTGS
TXN_12268,ACC_0098,ACC_0067,2024-10-14 00:00:00,390091.0,NEFT
TXN_12269,ACC_0277,ACC_0543,2026-04-23 03:00:00,302915.05,RTGS
TXN_12270,ACC_0271,ACC_0620,2024-06-21 05:00:00,16144.66,NEFT
TXN_12271,ACC_0840,ACC_0228,2024-01-28 16:00:00,95552.69,IMPS
TXN_12272,ACC_0698,ACC_0618,2024-09-08 11:00:00,95569.11,UPI
TXN_12273,ACC_0812,ACC_0975,2024-04-19 21:00:00,421313.05,IMPS
TXN_12274,ACC_0311,ACC_1033,2026-08-25 20:00:00,61230.19,IMPS
TXN_12275,ACC_0880,ACC_0317,2024-10-10 16:00:00,405713.62,IMPS
TXN_12276,ACC_0004,ACC_0485,2024-06-23 13:00:00,319475.96,IMPS
TXN_12277,ACC_0987,ACC_0106,2026-10-02 20:00:00,48553.66,RTGS
TXN_12278,ACC_0781,ACC_0437,2024-09-11 11:00:00,474522.61,UPI
TXN_12279,ACC_0900,ACC_0537,2024-02-26 10:00:00,163322.19,IMPS
TXN_12280,ACC_0414,ACC_0880,2024-04-23 21:00:00,296801.25,RTGS
TXN_12281,ACC_0689,ACC_0483,2026-01-15 18:00:00,462364.63,IMPS
TXN_12282,ACC_0428,ACC_0841,2024-09-25 06:00:00,20532.0,IMPS
TXN_12283,ACC_0797,ACC_0135,2025-07-16 05:00:00,344304.81,NEFT
TXN_12284,ACC_0869,ACC_0192,2024-12-14 23:00:00,291041.0,IMPS
TXN_12285,ACC_0300,ACC_0474,2024-10-22 21:00:00,297094.99,UPI
TXN_12286,ACC_0584,ACC_0069,2026-03-11 06:00:00,292243.31,RTGS
TXN_12287,ACC_0923,ACC_0891,2025-01-07 18:00:00,287605.59,NEFT
TXN_12288,ACC_0875,ACC_0716,2024-07-15 10:00:00,61422.7,RTGS
TXN_12289,ACC_0661,ACC_0518,2026-02-22 07:00:00,212789.43,IMPS
TXN_12290,ACC_0817,ACC_0164,2026-05-19 18:00:00,175341.79,UPI
TXN_12291,ACC_0057,ACC_0999,2026-02-21 07:00:00,346270.43,IMPS
TXN_12292,ACC_0299,ACC_0712,2025-12-26 02:00:00,449521.74,UPI
TXN_12293,ACC_0654,ACC_0038,2025-03-03 19:00:00,77661.78,RTGS
TXN_12294,ACC_0214,ACC_0208,2026-10-06 23:00:00,290748.52,IMPS
TXN_12295,ACC_0707,ACC_0704,2024-10-24 13:00:00,314648.63,UPI
TXN_12296,ACC_0694,ACC_0700,2025-11-24 19:00:00,244962.56,IMPS
TXN_12297,ACC_0383,ACC_0703,2026-07-16 23:00:00,364232.46,RTGS
TXN_12298,ACC_0107,ACC_0120,2025-03-17 10:00:00,265731.84,UPI
TXN_12299,ACC_0821,ACC_0756,2026-07-03 02:00:00,279406.74,UPI
TXN_12300,ACC_0149,ACC_0761,2024-11-09 20:00:00,457924.76,IMPS
TXN_12301,ACC_0560,ACC_0242,2025-11-14 08:00:00,248946.8,UPI
TXN_12302,ACC_0633,ACC_0634,2026-01-27 16:00:00,279933.39,UPI
TXN_12303,ACC_0997,ACC_0917,2026-02-13 06:00:00,480201.43,IMPS
TXN_12304,ACC_0041,ACC_0129,2024-01-15 12:00:00,257124.51,IMPS
TXN_12305,ACC_0624,ACC_0753,2025-09-22 07:00:00,184814.12,NEFT
TXN_12306,ACC_0207,ACC_0411,2024-05-04 16:00:00,410204.74,RTGS
TXN_12307,ACC_0504,ACC_0270,2024-09-23 01:00:00,287378.41,UPI
TXN_12308,ACC_0256,ACC_0552,2024-04-03 09:00:00,190521.6,RTGS
TXN_12309,ACC_0208,ACC_0580,2024-10-15 17:00:00,351223.39,RTGS
TXN_12310,ACC_0491,ACC_0905,2026-01-09 18:00:00,125769.78,RTGS
TXN_12311,ACC_0058,ACC_0930,2024-10-27 22:00:00,438111.09,UPI
TXN_12312,ACC_0711,ACC_0415,2025-01-21 04:00:00,452373.58,RTGS
TXN_12313,ACC_0658,ACC_0177,2025-06-23 07:00:00,113901.93,UPI
TXN_12314,ACC_0880,ACC_0244,2024-07-04 02:00:00,460239.74,UPI
TXN_12315,ACC_0537,ACC_0869,2024-08-23 10:00:00,110232.08,IMPS
TXN_12316,ACC_0041,ACC_0997,2024-01-17 18:00:00,240349.43,RTGS
TXN_12317,ACC_0319,ACC_0090,2026-04-09 13:00:00,450459.39,NEFT
TXN_12318,ACC_0336,ACC_0068,2025-06-15 17:00:00,300307.41,RTGS
TXN_12319,ACC_0750,ACC_1005,2024-08-13 19:00:00,42088.12,UPI
TXN_12320,ACC_0552,ACC_0302,2024-06-21 22:00:00,71367.28,RTGS
TXN_12321,ACC_0076,ACC_0589,2024-01-18 00:00:00,213377.47,UPI
TXN_12322,ACC_1003,ACC_0820,2024-07-23 04:00:00,211817.17,NEFT
TXN_12323,ACC_0071,ACC_0361,2024-08-15 15:00:00,235698.67,NEFT
TXN_12324,ACC_0270,ACC_1003,2024-05-02 02:00:00,294782.4,IMPS
TXN_12325,ACC_0613,ACC_0241,2025-02-24 20:00:00,306202.86,UPI
TXN_12326,ACC_0272,ACC_0961,2024-09-23 05:00:00,334609.81,IMPS
TXN_12327,ACC_0670,ACC_0277,2025-02-16 11:00:00,230798.42,UPI
TXN_12328,ACC_0531,ACC_0515,2025-11-15 00:00:00,327294.02,NEFT
TXN_12329,ACC_1010,ACC_0194,2026-01-21 12:00:00,266108.85,NEFT
TXN_12330,ACC_0454,ACC_0389,2024-12-20 11:00:00,295835.11,UPI
TXN_12331,ACC_0576,ACC_0943,2026-07-27 18:00:00,334735.31,NEFT
TXN_12332,ACC_0144,ACC_0673,2024-09-16 12:00:00,22421.06,UPI
TXN_12333,ACC_0485,ACC_0872,2025-01-01 02:00:00,338404.88,UPI
TXN_12334,ACC_0016,ACC_0721,2024-12-09 11:00:00,57201.7,IMPS
TXN_12335,ACC_0721,ACC_0415,2025-07-18 06:00:00,151442.42,NEFT
TXN_12336,ACC_0490,ACC_0577,2026-02-04 06:00:00,356819.04,IMPS
TXN_12337,ACC_0825,ACC_0857,2024-08-06 04:00:00,377964.87,IMPS
TXN_12338,ACC_0566,ACC_0295,2024-10-16 08:00:00,70286.9,NEFT
TXN_12339,ACC_0487,ACC_0733,2024-11-18 07:00:00,372371.1,RTGS
TXN_12340,ACC_0255,ACC_0943,2024-08-08 15:00:00,379861.26,UPI
TXN_12341,ACC_0181,ACC_0121,2024-08-29 06:00:00,341479.6,NEFT
TXN_12342,ACC_1037,ACC_0875,2024-10-02 14:00:00,245501.37,UPI
TXN_12343,ACC_0346,ACC_0428,2024-02-12 04:00:00,469221.27,RTGS
TXN_12344,ACC_0238,ACC_0596,2025-03-10 13:00:00,429555.81,NEFT
TXN_12345,ACC_0642,ACC_0659,2025-03-20 04:00:00,251638.13,RTGS
TXN_12346,ACC_0966,ACC_0956,2026-02-22 04:00:00,199913.22,UPI
TXN_12347,ACC_0772,ACC_0614,2024-05-14 06:00:00,155058.44,UPI
TXN_12348,ACC_0651,ACC_0321,2026-01-21 05:00:00,187512.11,IMPS
TXN_12349,ACC_0213,ACC_0608,2025-09-27 12:00:00,102049.54,NEFT
TXN_12350,ACC_0782,ACC_0521,2026-03-06 17:00:00,196380.97,UPI
TXN_12351,ACC_0282,ACC_0315,2025-05-06 16:00:00,436293.12,IMPS
TXN_12352,ACC_0978,ACC_0609,2024-07-15 20:00:00,317868.06,RTGS
TXN_12353,ACC_0313,ACC_0392,2026-07-30 04:00:00,59471.7,RTGS
TXN_12354,ACC_0146,ACC_0622,2024-12-16 06:00:00,10258.83,UPI
TXN_12355,ACC_0977,ACC_0193,2025-11-17 13:00:00,380344.75,RTGS
TXN_12356,ACC_0184,ACC_0354,2026-01-29 16:00:00,83265.51,RTGS
TXN_12357,ACC_0979,ACC_0825,2026-03-12 11:00:00,340770.67,RTGS
TXN_12358,ACC_0022,ACC_0796,2026-02-06 00:00:00,37207.2,RTGS
TXN_12359,ACC_0760,ACC_0375,2026-08-11 00:00:00,94576.79,IMPS
TXN_12360,ACC_0602,ACC_0522,2025-07-28 03:00:00,151296.26,RTGS
TXN_12361,ACC_0583,ACC_0358,2025-11-20 19:00:00,247108.6,IMPS
TXN_12362,ACC_0120,ACC_0008,2024-02-24 18:00:00,378639.11,IMPS
TXN_12363,ACC_0734,ACC_0132,2025-07-07 08:00:00,425067.51,IMPS
TXN_12364,ACC_0628,ACC_0105,2026-02-07 19:00:00,19819.91,UPI
TXN_12365,ACC_0347,ACC_0017,2024-11-28 21:00:00,200697.17,RTGS
TXN_12366,ACC_0829,ACC_0184,2025-06-09 18:00:00,49190.52,UPI
TXN_12367,ACC_1011,ACC_0644,2025-11-25 02:00:00,494394.82,IMPS
TXN_12368,ACC_0531,ACC_0229,2026-05-22 05:00:00,107112.94,UPI
TXN_12369,ACC_1000,ACC_0404,2024-04-02 21:00:00,356923.3,NEFT
TXN_12370,ACC_0891,ACC_0389,2026-09-16 01:00:00,233439.04,UPI
TXN_12371,ACC_0309,ACC_0709,2025-09-08 11:00:00,127001.1,NEFT
TXN_12372,ACC_0893,ACC_0232,2026-05-17 01:00:00,78966.96,RTGS
TXN_12373,ACC_0735,ACC_0203,2024-06-05 02:00:00,294083.64,NEFT
TXN_12374,ACC_0046,ACC_0833,2024-07-07 03:00:00,155768.71,RTGS
TXN_12375,ACC_0375,ACC_0894,2024-04-21 16:00:00,43881.38,NEFT
TXN_12376,ACC_0091,ACC_0555,2025-06-13 22:00:00,327251.67,RTGS
TXN_12377,ACC_0413,ACC_0480,2026-02-14 08:00:00,202719.28,RTGS
TXN_12378,ACC_0704,ACC_0173,2024-12-02 19:00:00,322036.56,NEFT
TXN_12379,ACC_0318,ACC_0232,2025-01-26 08:00:00,296008.39,UPI
TXN_12380,ACC_0096,ACC_0041,2025-02-26 19:00:00,140036.16,IMPS
TXN_12381,ACC_0223,ACC_0454,2024-08-09 11:00:00,2107.32,UPI
TXN_12382,ACC_0115,ACC_0617,2024-01-07 21:00:00,216002.86,NEFT
TXN_12383,ACC_0467,ACC_0041,2026-03-29 14:00:00,238523.57,IMPS
TXN_12384,ACC_0771,ACC_0818,2024-10-14 05:00:00,3638.83,RTGS
TXN_12385,ACC_0856,ACC_0041,2025-04-16 05:00:00,85091.72,IMPS
TXN_12386,ACC_0730,ACC_0449,2026-09-26 00:00:00,257592.7,NEFT
TXN_12387,ACC_0881,ACC_0335,2024-08-11 23:00:00,396506.28,IMPS
TXN_12388,ACC_0749,ACC_0894,2025-04-15 17:00:00,394181.85,UPI
TXN_12389,ACC_0407,ACC_0761,2024-05-08 14:00:00,195898.02,UPI
TXN_12390,ACC_1023,ACC_0787,2025-01-29 13:00:00,1387.43,NEFT
TXN_12391,ACC_0648,ACC_0628,2026-01-16 13:00:00,358509.93,RTGS
TXN_12392,ACC_0324,ACC_0271,2025-05-10 07:00:00,421780.82,IMPS
TXN_12393,ACC_0248,ACC_0108,2024-11-01 22:00:00,242526.39,IMPS
TXN_12394,ACC_0266,ACC_0182,2026-01-17 10:00:00,362466.45,IMPS
TXN_12395,ACC_0085,ACC_0993,2024-08-22 12:00:00,25428.16,NEFT
TXN_12396,ACC_0065,ACC_0177,2024-07-18 16:00:00,498290.61,IMPS
TXN_12397,ACC_0002,ACC_0500,2024-08-01 19:00:00,292359.01,NEFT
TXN_12398,ACC_0609,ACC_0593,2025-06-14 21:00:00,483444.99,UPI
TXN_12399,ACC_0034,ACC_0058,2026-11-05 22:00:00,94982.73,UPI
TXN_12400,ACC_0254,ACC_0803,2025-12-12 11:00:00,308244.71,IMPS
TXN_12401,ACC_0105,ACC_0352,2026-06-21 17:00:00,385906.66,NEFT
TXN_12402,ACC_0528,ACC_0187,2026-07-03 04:00:00,289844.05,NEFT
TXN_12403,ACC_0993,ACC_0060,2025-11-09 21:00:00,44558.16,UPI
TXN_12404,ACC_0049,ACC_0797,2025-02-26 12:00:00,238667.7,RTGS
TXN_12405,ACC_0825,ACC_0498,2026-07-31 12:00:00,457597.86,RTGS
TXN_12406,ACC_0687,ACC_0700,2025-12-19 02:00:00,341591.18,RTGS
TXN_12407,ACC_0482,ACC_0964,2024-02-21 23:00:00,432099.44,RTGS
TXN_12408,ACC_0517,ACC_1000,2024-12-06 04:00:00,311364.61,NEFT
TXN_12409,ACC_0671,ACC_0074,2026-01-08 01:00:00,395256.87,RTGS
TXN_12410,ACC_0576,ACC_0062,2026-01-21 01:00:00,352428.91,NEFT
TXN_12411,ACC_0872,ACC_0249,2026-07-26 04:00:00,172372.06,NEFT
TXN_12412,ACC_0456,ACC_0259,2025-10-26 01:00:00,45600.02,RTGS
TXN_12413,ACC_0932,ACC_0336,2024-05-07 17:00:00,211482.39,RTGS
TXN_12414,ACC_0123,ACC_0758,2026-04-07 00:00:00,46368.75,IMPS
TXN_12415,ACC_0616,ACC_1009,2024-01-12 16:00:00,419282.27,UPI
TXN_12416,ACC_0039,ACC_1026,2026-08-24 14:00:00,297269.52,UPI
TXN_12417,ACC_0811,ACC_0054,2024-08-31 19:00:00,454788.6,IMPS
TXN_12418,ACC_0786,ACC_0570,2025-02-04 04:00:00,253043.7,UPI
TXN_12419,ACC_0296,ACC_0431,2024-08-05 09:00:00,149571.83,UPI
TXN_12420,ACC_0420,ACC_0443,2025-03-12 07:00:00,170955.05,RTGS
TXN_12421,ACC_0958,ACC_0582,2024-04-14 19:00:00,373699.9,NEFT
TXN_12422,ACC_0270,ACC_0286,2025-03-21 00:00:00,284277.58,IMPS
TXN_12423,ACC_0893,ACC_0225,2025-04-04 20:00:00,388686.27,RTGS
TXN_12424,ACC_0376,ACC_0460,2025-12-30 04:00:00,270006.52,NEFT
TXN_12425,ACC_0238,ACC_0244,2026-07-28 17:00:00,62164.32,RTGS
TXN_12426,ACC_0630,ACC_0206,2024-04-26 19:00:00,388891.64,NEFT
TXN_12427,ACC_0277,ACC_0150,2025-01-16 05:00:00,168121.02,RTGS
TXN_12428,ACC_0256,ACC_0851,2026-11-06 03:00:00,11712.29,RTGS
TXN_12429,ACC_0290,ACC_0742,2024-03-18 12:00:00,250802.18,UPI
TXN_12430,ACC_0509,ACC_0283,2024-04-09 09:00:00,36749.33,RTGS
TXN_12431,ACC_0493,ACC_0514,2026-02-02 23:00:00,240149.68,IMPS
TXN_12432,ACC_0231,ACC_0812,2025-01-30 10:00:00,103658.27,IMPS
TXN_12433,ACC_0940,ACC_0944,2025-07-17 09:00:00,95841.78,NEFT
TXN_12434,ACC_0764,ACC_0408,2025-12-08 20:00:00,384394.79,IMPS
TXN_12435,ACC_0624,ACC_0206,2025-05-23 00:00:00,384723.57,IMPS
TXN_12436,ACC_0238,ACC_0794,2025-08-19 09:00:00,249297.53,NEFT
TXN_12437,ACC_0851,ACC_0667,2024-09-15 15:00:00,367768.27,IMPS
TXN_12438,ACC_0274,ACC_0681,2025-06-19 10:00:00,135739.29,NEFT
TXN_12439,ACC_0808,ACC_0739,2024-05-07 03:00:00,49332.98,NEFT
TXN_12440,ACC_0862,ACC_0818,2024-09-01 11:00:00,470774.54,NEFT
TXN_12441,ACC_0910,ACC_0774,2025-03-10 07:00:00,102251.73,RTGS
TXN_12442,ACC_0595,ACC_0318,2026-02-11 23:00:00,59795.39,UPI
TXN_12443,ACC_1035,ACC_0701,2025-10-16 03:00:00,192706.12,UPI
TXN_12444,ACC_1011,ACC_0858,2026-04-06 21:00:00,44128.06,RTGS
TXN_12445,ACC_0530,ACC_0164,2025-06-05 11:00:00,362280.46,NEFT
TXN_12446,ACC_0898,ACC_0474,2024-07-29 02:00:00,374931.5,UPI
TXN_12447,ACC_0162,ACC_0847,2025-10-01 14:00:00,159825.5,IMPS
TXN_12448,ACC_0637,ACC_0621,2026-07-25 10:00:00,323641.91,NEFT
TXN_12449,ACC_0949,ACC_0903,2025-03-05 00:00:00,23603.17,IMPS
TXN_12450,ACC_0986,ACC_0693,2025-04-19 09:00:00,331391.96,RTGS
TXN_12451,ACC_0141,ACC_0155,2026-02-28 10:00:00,204292.03,UPI
TXN_12452,ACC_0653,ACC_1027,2026-06-28 23:00:00,81925.85,RTGS
TXN_12453,ACC_0741,ACC_0090,2024-08-10 19:00:00,166173.57,NEFT
TXN_12454,ACC_0617,ACC_0797,2025-08-21 13:00:00,316255.36,RTGS
TXN_12455,ACC_0165,ACC_0082,2025-08-01 01:00:00,282520.24,UPI
TXN_12456,ACC_0052,ACC_0451,2026-01-15 19:00:00,423164.96,RTGS
TXN_12457,ACC_0861,ACC_0184,2026-01-20 15:00:00,19629.03,NEFT
TXN_12458,ACC_0261,ACC_0248,2025-04-05 20:00:00,6114.57,NEFT
TXN_12459,ACC_0728,ACC_0970,2026-01-30 09:00:00,57269.48,IMPS
TXN_12460,ACC_0926,ACC_0500,2025-06-01 19:00:00,51499.02,IMPS
TXN_12461,ACC_0678,ACC_0207,2026-03-05 02:00:00,391718.76,UPI
TXN_12462,ACC_0174,ACC_0639,2026-08-17 04:00:00,302198.04,RTGS
TXN_12463,ACC_0140,ACC_0866,2024-05-10 09:00:00,448775.71,IMPS
TXN_12464,ACC_0073,ACC_0363,2025-01-31 06:00:00,470507.65,RTGS
TXN_12465,ACC_0218,ACC_0072,2025-08-30 14:00:00,198153.97,UPI
TXN_12466,ACC_0944,ACC_0639,2024-08-24 14:00:00,336645.19,IMPS
TXN_12467,ACC_0044,ACC_0926,2026-08-27 12:00:00,141608.33,UPI
TXN_12468,ACC_0675,ACC_0841,2026-03-22 14:00:00,26393.07,NEFT
TXN_12469,ACC_0475,ACC_0342,2024-02-17 16:00:00,366703.17,NEFT
TXN_12470,ACC_0897,ACC_0818,2024-11-24 01:00:00,457545.54,UPI
TXN_12471,ACC_0665,ACC_0967,2026-09-02 14:00:00,1040.03,RTGS
TXN_12472,ACC_0419,ACC_0090,2026-06-02 21:00:00,259497.42,IMPS
TXN_12473,ACC_0078,ACC_0584,2026-07-08 08:00:00,296304.31,IMPS
TXN_12474,ACC_0400,ACC_0113,2024-09-04 06:00:00,491435.86,UPI
TXN_12475,ACC_0139,ACC_0132,2025-05-16 15:00:00,285071.62,UPI
TXN_12476,ACC_0147,ACC_1000,2026-09-21 09:00:00,321819.95,IMPS
TXN_12477,ACC_0207,ACC_0862,2025-11-06 16:00:00,160041.84,UPI
TXN_12478,ACC_0778,ACC_0786,2024-05-19 10:00:00,209658.35,UPI
TXN_12479,ACC_0370,ACC_0361,2025-05-18 20:00:00,65609.43,IMPS
TXN_12480,ACC_0223,ACC_0137,2026-10-23 21:00:00,157769.8,NEFT
TXN_12481,ACC_0889,ACC_0871,2025-10-08 00:00:00,471710.4,UPI
TXN_12482,ACC_0620,ACC_0073,2025-04-11 23:00:00,148034.55,UPI
TXN_12483,ACC_0628,ACC_0414,2024-04-12 13:00:00,146137.73,NEFT
TXN_12484,ACC_0431,ACC_0831,2026-08-05 15:00:00,419048.46,IMPS
TXN_12485,ACC_0817,ACC_0161,2024-06-16 17:00:00,339885.18,RTGS
TXN_12486,ACC_0685,ACC_0688,2025-01-08 07:00:00,4841.88,NEFT
TXN_12487,ACC_0598,ACC_1000,2025-12-25 09:00:00,224708.8,UPI
TXN_12488,ACC_0965,ACC_1005,2024-10-20 04:00:00,129155.51,IMPS
TXN_12489,ACC_0792,ACC_0073,2025-07-26 01:00:00,54033.52,UPI
TXN_12490,ACC_0079,ACC_0427,2024-03-19 12:00:00,154337.4,RTGS
TXN_12491,ACC_0343,ACC_0419,2026-10-13 06:00:00,361634.68,IMPS
TXN_12492,ACC_0312,ACC_0478,2024-03-14 00:00:00,348909.23,RTGS
TXN_12493,ACC_0764,ACC_0332,2024-05-27 06:00:00,361079.93,RTGS
TXN_12494,ACC_0448,ACC_0169,2024-03-07 13:00:00,458096.68,NEFT
TXN_12495,ACC_0025,ACC_0531,2024-07-15 04:00:00,341357.47,NEFT
TXN_12496,ACC_1032,ACC_0646,2026-07-01 05:00:00,485673.07,NEFT
TXN_12497,ACC_0672,ACC_0812,2025-07-31 06:00:00,460514.24,UPI
TXN_12498,ACC_0568,ACC_0185,2026-01-15 14:00:00,318492.09,IMPS
TXN_12499,ACC_0352,ACC_0213,2026-03-12 01:00:00,167153.49,NEFT
TXN_12500,ACC_0702,ACC_0481,2025-02-07 17:00:00,16397.8,UPI
TXN_12501,ACC_0560,ACC_0177,2025-07-16 08:00:00,380900.3,IMPS
TXN_12502,ACC_0960,ACC_0784,2026-07-30 08:00:00,124994.81,RTGS
TXN_12503,ACC_0741,ACC_0935,2025-05-12 07:00:00,218497.89,NEFT
TXN_12504,ACC_0818,ACC_0213,2024-02-23 09:00:00,252074.31,RTGS
TXN_12505,ACC_0948,ACC_0763,2026-06-20 23:00:00,65702.59,IMPS
TXN_12506,ACC_0858,ACC_0807,2025-01-13 14:00:00,301885.84,RTGS
TXN_12507,ACC_0041,ACC_0588,2024-10-15 21:00:00,127487.97,RTGS
TXN_12508,ACC_0108,ACC_0681,2024-09-14 04:00:00,465083.63,NEFT
TXN_12509,ACC_0527,ACC_0955,2025-04-19 01:00:00,88924.84,NEFT
TXN_12510,ACC_0467,ACC_0776,2026-05-26 11:00:00,223745.39,IMPS
TXN_12511,ACC_0813,ACC_1001,2025-01-18 11:00:00,217802.25,RTGS
TXN_12512,ACC_0107,ACC_0614,2025-03-19 03:00:00,395938.11,NEFT
TXN_12513,ACC_0900,ACC_0580,2024-04-18 05:00:00,59443.69,RTGS
TXN_12514,ACC_0493,ACC_0195,2025-10-04 20:00:00,317356.86,NEFT
TXN_12515,ACC_0978,ACC_0119,2025-09-09 21:00:00,249840.61,IMPS
TXN_12516,ACC_0767,ACC_0860,2024-06-13 03:00:00,181722.7,IMPS
TXN_12517,ACC_0362,ACC_0093,2024-06-10 20:00:00,150852.88,UPI
TXN_12518,ACC_0736,ACC_0384,2026-01-28 21:00:00,185900.68,NEFT
TXN_12519,ACC_0381,ACC_0866,2025-09-06 05:00:00,24299.95,UPI
TXN_12520,ACC_0237,ACC_0672,2026-10-18 09:00:00,139410.56,IMPS
TXN_12521,ACC_0271,ACC_0223,2025-03-04 17:00:00,167328.04,UPI
TXN_12522,ACC_0468,ACC_0225,2024-11-04 16:00:00,46005.73,RTGS
TXN_12523,ACC_0378,ACC_0255,2026-06-15 06:00:00,375876.32,UPI
TXN_12524,ACC_0355,ACC_0550,2026-07-21 22:00:00,202202.66,NEFT
TXN_12525,ACC_0305,ACC_0222,2025-03-21 20:00:00,26119.32,RTGS
TXN_12526,ACC_0709,ACC_0012,2024-01-05 22:00:00,290960.93,NEFT
TXN_12527,ACC_0060,ACC_0197,2025-05-12 17:00:00,376718.54,NEFT
TXN_12528,ACC_0366,ACC_0230,2024-10-05 16:00:00,228572.97,UPI
TXN_12529,ACC_1035,ACC_0570,2025-09-29 10:00:00,87715.51,IMPS
TXN_12530,ACC_0085,ACC_0172,2025-07-09 11:00:00,443989.95,NEFT
TXN_12531,ACC_0823,ACC_0802,2025-01-05 03:00:00,128730.71,NEFT
TXN_12532,ACC_0012,ACC_0643,2025-03-03 13:00:00,139787.21,IMPS
TXN_12533,ACC_0623,ACC_0078,2024-08-04 11:00:00,313944.26,IMPS
TXN_12534,ACC_0705,ACC_0439,2025-11-17 20:00:00,101809.98,IMPS
TXN_12535,ACC_0286,ACC_0540,2024-05-01 07:00:00,396658.82,RTGS
TXN_12536,ACC_0661,ACC_0232,2024-07-24 08:00:00,323151.26,IMPS
TXN_12537,ACC_0757,ACC_0148,2025-09-02 11:00:00,484631.0,NEFT
TXN_12538,ACC_0401,ACC_0417,2025-07-13 07:00:00,135636.89,IMPS
TXN_12539,ACC_0987,ACC_0799,2026-02-10 01:00:00,486715.57,UPI
TXN_12540,ACC_1027,ACC_0995,2025-11-21 06:00:00,452179.12,UPI
TXN_12541,ACC_0709,ACC_0866,2025-05-06 21:00:00,163548.89,UPI
TXN_12542,ACC_1026,ACC_0472,2025-09-29 23:00:00,382667.5,UPI
TXN_12543,ACC_0858,ACC_0076,2026-02-09 07:00:00,91753.51,IMPS
TXN_12544,ACC_0909,ACC_0796,2024-10-22 10:00:00,364050.22,UPI
TXN_12545,ACC_0238,ACC_0769,2025-02-28 04:00:00,308571.94,UPI
TXN_12546,ACC_0562,ACC_0009,2025-12-20 15:00:00,329459.64,NEFT
TXN_12547,ACC_0390,ACC_0322,2025-03-11 06:00:00,372804.55,IMPS
TXN_12548,ACC_0513,ACC_1035,2024-12-03 16:00:00,166058.74,NEFT
TXN_12549,ACC_0886,ACC_0097,2026-10-01 23:00:00,306280.49,UPI
TXN_12550,ACC_0292,ACC_0097,2024-09-19 22:00:00,125040.8,UPI
TXN_12551,ACC_0186,ACC_0431,2025-01-18 20:00:00,68858.61,RTGS
TXN_12552,ACC_0333,ACC_0623,2025-10-12 04:00:00,375033.21,UPI
TXN_12553,ACC_0499,ACC_0300,2026-09-15 08:00:00,31038.21,IMPS
TXN_12554,ACC_0047,ACC_0162,2024-10-10 13:00:00,184173.62,IMPS
TXN_12555,ACC_0419,ACC_0587,2026-07-20 17:00:00,461593.92,NEFT
TXN_12556,ACC_0626,ACC_0137,2026-03-19 22:00:00,288244.14,IMPS
TXN_12557,ACC_0396,ACC_0833,2024-11-11 14:00:00,173615.16,IMPS
TXN_12558,ACC_0650,ACC_0508,2026-04-20 01:00:00,359620.66,NEFT
TXN_12559,ACC_0873,ACC_0257,2026-09-24 22:00:00,453517.35,RTGS
TXN_12560,ACC_0087,ACC_1001,2025-04-02 01:00:00,202081.67,UPI
TXN_12561,ACC_0658,ACC_0834,2025-08-13 16:00:00,313213.94,IMPS
TXN_12562,ACC_0283,ACC_0299,2024-04-20 04:00:00,192555.22,IMPS
TXN_12563,ACC_0783,ACC_0710,2026-03-24 09:00:00,435980.15,IMPS
TXN_12564,ACC_0452,ACC_0388,2026-10-15 09:00:00,26526.94,RTGS
TXN_12565,ACC_0478,ACC_0680,2025-05-22 01:00:00,13433.5,UPI
TXN_12566,ACC_0501,ACC_0107,2026-03-02 19:00:00,186060.62,RTGS
TXN_12567,ACC_0824,ACC_0519,2025-04-17 00:00:00,480239.35,NEFT
TXN_12568,ACC_0076,ACC_0443,2025-03-31 20:00:00,257440.97,UPI
TXN_12569,ACC_0534,ACC_0491,2026-06-01 13:00:00,478189.38,UPI
TXN_12570,ACC_0670,ACC_0683,2025-03-14 11:00:00,215090.37,IMPS
TXN_12571,ACC_0153,ACC_0166,2024-12-19 03:00:00,128135.83,UPI
TXN_12572,ACC_0863,ACC_0107,2026-10-19 11:00:00,82757.89,NEFT
TXN_12573,ACC_0990,ACC_1022,2026-10-10 09:00:00,159476.52,RTGS
TXN_12574,ACC_0448,ACC_0664,2026-07-22 12:00:00,327072.6,IMPS
TXN_12575,ACC_0229,ACC_0599,2025-03-25 04:00:00,482271.1,UPI
TXN_12576,ACC_0285,ACC_0761,2025-11-07 20:00:00,227055.36,RTGS
TXN_12577,ACC_0704,ACC_0583,2025-01-02 18:00:00,437056.65,UPI
TXN_12578,ACC_0163,ACC_0478,2024-06-01 19:00:00,457311.88,NEFT
TXN_12579,ACC_0111,ACC_0464,2026-01-07 16:00:00,37751.03,IMPS
TXN_12580,ACC_0643,ACC_0305,2026-08-31 16:00:00,320635.03,UPI
TXN_12581,ACC_0961,ACC_0036,2026-02-24 04:00:00,434596.13,RTGS
TXN_12582,ACC_0247,ACC_0364,2025-03-14 03:00:00,50381.41,UPI
TXN_12583,ACC_0237,ACC_0291,2024-10-03 20:00:00,445505.01,RTGS
TXN_12584,ACC_0571,ACC_0228,2024-06-05 19:00:00,132509.85,IMPS
TXN_12585,ACC_0899,ACC_0169,2024-03-24 20:00:00,196830.28,NEFT
TXN_12586,ACC_0712,ACC_0292,2025-06-11 13:00:00,160912.02,IMPS
TXN_12587,ACC_0359,ACC_0424,2025-02-20 04:00:00,483871.28,UPI
TXN_12588,ACC_0989,ACC_0623,2024-04-18 19:00:00,319969.64,IMPS
TXN_12589,ACC_0238,ACC_0846,2025-08-18 10:00:00,147190.49,NEFT
TXN_12590,ACC_0834,ACC_0708,2026-03-17 22:00:00,394934.65,NEFT
TXN_12591,ACC_0780,ACC_0187,2024-10-06 02:00:00,118666.06,UPI
TXN_12592,ACC_0614,ACC_0482,2025-06-21 12:00:00,413168.96,RTGS
TXN_12593,ACC_0493,ACC_0044,2025-05-20 22:00:00,414950.45,NEFT
TXN_12594,ACC_0596,ACC_0316,2024-02-02 00:00:00,54098.62,IMPS
TXN_12595,ACC_0956,ACC_0232,2025-07-25 14:00:00,245823.48,NEFT
TXN_12596,ACC_0937,ACC_0982,2024-08-01 20:00:00,300270.6,IMPS
TXN_12597,ACC_0259,ACC_0660,2026-10-26 14:00:00,408528.1,UPI
TXN_12598,ACC_0041,ACC_0113,2025-12-14 14:00:00,120979.0,UPI
TXN_12599,ACC_0660,ACC_0249,2026-10-19 02:00:00,291274.9,NEFT
TXN_12600,ACC_0286,ACC_0742,2025-04-01 12:00:00,193027.86,IMPS
TXN_12601,ACC_0324,ACC_0913,2024-09-17 16:00:00,109676.98,IMPS
TXN_12602,ACC_0128,ACC_0259,2024-01-10 14:00:00,307887.38,UPI
TXN_12603,ACC_0894,ACC_0726,2024-07-07 14:00:00,302241.47,IMPS
TXN_12604,ACC_0195,ACC_0424,2025-05-06 21:00:00,23898.6,RTGS
TXN_12605,ACC_0701,ACC_0655,2025-01-30 19:00:00,42463.02,NEFT
TXN_12606,ACC_0434,ACC_0114,2025-09-07 17:00:00,314543.21,UPI
TXN_12607,ACC_0501,ACC_0555,2025-03-17 11:00:00,192029.2,NEFT
TXN_12608,ACC_0436,ACC_0857,2024-09-05 22:00:00,442936.87,NEFT
TXN_12609,ACC_0144,ACC_0029,2025-05-08 04:00:00,155020.6,RTGS
TXN_12610,ACC_0987,ACC_0104,2024-09-26 13:00:00,191730.13,NEFT
TXN_12611,ACC_0119,ACC_0520,2025-04-15 06:00:00,4810.35,RTGS
TXN_12612,ACC_0881,ACC_0642,2026-07-26 21:00:00,363150.53,NEFT
TXN_12613,ACC_0754,ACC_0110,2025-05-11 07:00:00,258590.23,NEFT
TXN_12614,ACC_0132,ACC_0634,2024-04-07 08:00:00,4677.16,UPI
TXN_12615,ACC_0237,ACC_0896,2024-02-23 17:00:00,34605.23,UPI
TXN_12616,ACC_0751,ACC_0671,2025-07-12 02:00:00,196230.47,UPI
TXN_12617,ACC_0279,ACC_0620,2024-03-10 17:00:00,68596.66,UPI
TXN_12618,ACC_0991,ACC_0872,2024-12-13 00:00:00,318841.21,RTGS
TXN_12619,ACC_0217,ACC_0283,2024-12-30 13:00:00,459363.97,RTGS
TXN_12620,ACC_0919,ACC_0736,2026-09-08 07:00:00,458974.11,UPI
TXN_12621,ACC_0931,ACC_0730,2024-10-02 22:00:00,404703.67,IMPS
TXN_12622,ACC_0666,ACC_1025,2024-04-08 20:00:00,374844.17,IMPS
TXN_12623,ACC_0470,ACC_0989,2026-09-03 11:00:00,4516.76,NEFT
TXN_12624,ACC_0939,ACC_0352,2024-01-08 12:00:00,232321.57,UPI
TXN_12625,ACC_0817,ACC_0712,2026-01-20 13:00:00,332381.26,IMPS
TXN_12626,ACC_0441,ACC_0639,2024-07-15 01:00:00,362342.32,IMPS
TXN_12627,ACC_0954,ACC_0960,2024-02-08 10:00:00,261545.71,IMPS
TXN_12628,ACC_0219,ACC_0546,2025-02-26 02:00:00,326521.99,NEFT
TXN_12629,ACC_0479,ACC_0956,2026-06-09 06:00:00,139996.93,UPI
TXN_12630,ACC_0735,ACC_0502,2025-11-19 22:00:00,384945.29,NEFT
TXN_12631,ACC_0255,ACC_0667,2024-06-04 10:00:00,183350.49,RTGS
TXN_12632,ACC_0973,ACC_0419,2026-09-30 20:00:00,459282.77,NEFT
TXN_12633,ACC_0480,ACC_0922,2024-10-15 10:00:00,275142.98,NEFT
TXN_12634,ACC_0005,ACC_0747,2025-10-01 13:00:00,104180.55,RTGS
TXN_12635,ACC_0796,ACC_0093,2024-12-06 20:00:00,462546.56,NEFT
TXN_12636,ACC_0165,ACC_0162,2026-09-04 03:00:00,13145.5,RTGS
TXN_12637,ACC_0511,ACC_0212,2024-08-15 02:00:00,442459.41,UPI
TXN_12638,ACC_0758,ACC_0208,2024-05-04 13:00:00,493427.89,UPI
TXN_12639,ACC_0565,ACC_0349,2026-03-17 22:00:00,328403.76,RTGS
TXN_12640,ACC_0733,ACC_0360,2024-01-07 22:00:00,97420.92,IMPS
TXN_12641,ACC_0196,ACC_0409,2026-10-03 22:00:00,463231.84,RTGS
TXN_12642,ACC_0280,ACC_0848,2026-01-02 17:00:00,257703.62,RTGS
TXN_12643,ACC_0048,ACC_0539,2026-06-23 05:00:00,104422.9,RTGS
TXN_12644,ACC_0945,ACC_0596,2024-06-17 09:00:00,232438.55,UPI
TXN_12645,ACC_0353,ACC_0397,2025-11-11 03:00:00,97232.63,UPI
TXN_12646,ACC_0031,ACC_0780,2025-03-16 02:00:00,129013.6,NEFT
TXN_12647,ACC_0330,ACC_0152,2024-08-06 21:00:00,1662.64,NEFT
TXN_12648,ACC_0278,ACC_0115,2026-02-04 15:00:00,49689.42,RTGS
TXN_12649,ACC_0555,ACC_0719,2025-05-10 20:00:00,380641.65,RTGS
TXN_12650,ACC_0804,ACC_0231,2024-03-11 05:00:00,428583.63,RTGS
TXN_12651,ACC_0684,ACC_0916,2024-01-17 10:00:00,291216.01,IMPS
TXN_12652,ACC_0102,ACC_0818,2024-06-20 22:00:00,463294.45,RTGS
TXN_12653,ACC_0165,ACC_0191,2024-05-25 04:00:00,244744.1,NEFT
TXN_12654,ACC_0209,ACC_0689,2025-12-18 05:00:00,220337.25,IMPS
TXN_12655,ACC_0551,ACC_1008,2025-01-24 19:00:00,469455.75,UPI
TXN_12656,ACC_0799,ACC_0309,2024-01-13 04:00:00,203281.08,RTGS
TXN_12657,ACC_0591,ACC_0430,2026-10-11 06:00:00,2887.82,RTGS
TXN_12658,ACC_0216,ACC_0672,2024-02-04 22:00:00,154011.75,UPI
TXN_12659,ACC_0980,ACC_0332,2024-04-02 04:00:00,245071.25,IMPS
TXN_12660,ACC_0531,ACC_0727,2024-06-02 07:00:00,355235.95,UPI
TXN_12661,ACC_0099,ACC_0005,2026-08-05 18:00:00,402402.96,NEFT
TXN_12662,ACC_0824,ACC_0179,2026-08-13 12:00:00,282615.58,RTGS
TXN_12663,ACC_0206,ACC_0970,2024-08-09 06:00:00,31880.38,UPI
TXN_12664,ACC_0519,ACC_0375,2024-01-17 04:00:00,33635.84,UPI
TXN_12665,ACC_1011,ACC_0693,2026-06-04 23:00:00,221082.22,RTGS
TXN_12666,ACC_0223,ACC_0377,2025-06-22 08:00:00,129460.65,NEFT
TXN_12667,ACC_0015,ACC_0448,2026-06-26 22:00:00,403918.49,IMPS
TXN_12668,ACC_0748,ACC_0574,2026-10-06 17:00:00,33684.68,UPI
TXN_12669,ACC_0416,ACC_0858,2025-05-13 13:00:00,294312.53,RTGS
TXN_12670,ACC_0382,ACC_0284,2024-08-25 04:00:00,322784.24,UPI
TXN_12671,ACC_0236,ACC_0354,2025-12-14 09:00:00,13610.76,NEFT
TXN_12672,ACC_0447,ACC_0014,2025-07-06 05:00:00,353398.66,IMPS
TXN_12673,ACC_0859,ACC_0542,2024-07-19 13:00:00,97438.15,RTGS
TXN_12674,ACC_0137,ACC_0029,2025-09-18 22:00:00,406090.74,IMPS
TXN_12675,ACC_0149,ACC_0403,2024-03-26 15:00:00,45545.11,UPI
TXN_12676,ACC_0307,ACC_0708,2024-11-10 00:00:00,487380.14,RTGS
TXN_12677,ACC_0468,ACC_0274,2024-09-10 02:00:00,260142.06,IMPS
TXN_12678,ACC_0856,ACC_0097,2024-05-17 14:00:00,182820.87,UPI
TXN_12679,ACC_0818,ACC_0666,2024-04-26 12:00:00,45956.66,NEFT
TXN_12680,ACC_0265,ACC_0382,2024-11-16 10:00:00,5082.87,UPI
TXN_12681,ACC_0222,ACC_0954,2026-04-20 22:00:00,225566.72,IMPS
TXN_12682,ACC_0430,ACC_0229,2026-08-17 11:00:00,304797.63,UPI
TXN_12683,ACC_0728,ACC_0219,2024-09-07 21:00:00,330423.96,UPI
TXN_12684,ACC_1002,ACC_0279,2025-05-16 14:00:00,26194.28,IMPS
TXN_12685,ACC_0040,ACC_1012,2026-07-21 22:00:00,428760.63,RTGS
TXN_12686,ACC_0897,ACC_0597,2025-10-18 22:00:00,66174.64,UPI
TXN_12687,ACC_0227,ACC_0497,2026-07-13 18:00:00,454123.04,UPI
TXN_12688,ACC_0146,ACC_0527,2024-04-16 18:00:00,32029.3,NEFT
TXN_12689,ACC_0080,ACC_0179,2024-08-21 03:00:00,461004.99,UPI
TXN_12690,ACC_0894,ACC_0798,2025-11-15 05:00:00,410485.02,NEFT
TXN_12691,ACC_0737,ACC_0068,2025-12-30 18:00:00,252064.91,UPI
TXN_12692,ACC_0015,ACC_0630,2024-08-04 04:00:00,227741.26,IMPS
TXN_12693,ACC_0487,ACC_0884,2025-10-12 01:00:00,466168.6,RTGS
TXN_12694,ACC_0136,ACC_0767,2024-04-02 06:00:00,154723.62,UPI
TXN_12695,ACC_0971,ACC_0706,2025-08-05 20:00:00,6282.2,NEFT
TXN_12696,ACC_0217,ACC_0195,2024-06-24 04:00:00,66250.52,NEFT
TXN_12697,ACC_0947,ACC_0587,2026-09-01 11:00:00,433769.27,UPI
TXN_12698,ACC_0192,ACC_0061,2026-10-16 14:00:00,265953.33,IMPS
TXN_12699,ACC_0146,ACC_0856,2024-02-23 13:00:00,273522.02,RTGS
TXN_12700,ACC_0756,ACC_0587,2026-04-19 01:00:00,63029.42,RTGS
TXN_12701,ACC_0147,ACC_0833,2024-04-30 15:00:00,394771.48,RTGS
TXN_12702,ACC_0981,ACC_1039,2025-12-08 21:00:00,392171.32,NEFT
TXN_12703,ACC_0249,ACC_0296,2024-10-22 14:00:00,40520.91,UPI
TXN_12704,ACC_0216,ACC_0048,2024-10-18 12:00:00,5782.27,UPI
TXN_12705,ACC_0430,ACC_0536,2025-07-07 15:00:00,33420.74,RTGS
TXN_12706,ACC_0261,ACC_0624,2026-05-19 08:00:00,367242.88,NEFT
TXN_12707,ACC_0906,ACC_0842,2024-04-11 22:00:00,134616.4,RTGS
TXN_12708,ACC_0515,ACC_0295,2024-03-04 02:00:00,163750.92,NEFT
TXN_12709,ACC_0816,ACC_0925,2026-02-20 21:00:00,490387.64,IMPS
TXN_12710,ACC_0113,ACC_0504,2024-07-06 00:00:00,15922.17,IMPS
TXN_12711,ACC_0439,ACC_0984,2026-10-21 15:00:00,76508.07,UPI
TXN_12712,ACC_0347,ACC_0499,2024-02-16 17:00:00,342536.36,NEFT
TXN_12713,ACC_0703,ACC_0854,2026-05-23 13:00:00,465717.45,NEFT
TXN_12714,ACC_0731,ACC_0266,2025-05-19 19:00:00,106119.5,UPI
TXN_12715,ACC_0311,ACC_0267,2026-08-02 21:00:00,448522.2,NEFT
TXN_12716,ACC_0149,ACC_0179,2024-02-08 20:00:00,58536.66,RTGS
TXN_12717,ACC_0765,ACC_0355,2026-06-23 04:00:00,214025.5,NEFT
TXN_12718,ACC_0123,ACC_0380,2026-10-17 10:00:00,99045.65,NEFT
TXN_12719,ACC_0798,ACC_0391,2026-08-27 12:00:00,224413.62,NEFT
TXN_12720,ACC_0247,ACC_0192,2025-04-03 21:00:00,230445.54,UPI
TXN_12721,ACC_0833,ACC_0647,2024-09-16 02:00:00,280677.62,NEFT
TXN_12722,ACC_0162,ACC_0576,2024-07-30 14:00:00,357924.03,RTGS
TXN_12723,ACC_0047,ACC_0878,2024-07-02 15:00:00,397322.71,UPI
TXN_12724,ACC_0960,ACC_0698,2026-09-04 07:00:00,336618.71,NEFT
TXN_12725,ACC_0337,ACC_0311,2026-01-23 11:00:00,283076.58,UPI
TXN_12726,ACC_0729,ACC_0142,2024-01-30 07:00:00,214135.24,UPI
TXN_12727,ACC_0008,ACC_0906,2025-03-23 09:00:00,290615.4,RTGS
TXN_12728,ACC_0571,ACC_0724,2025-09-26 21:00:00,290500.92,IMPS
TXN_12729,ACC_1012,ACC_0070,2024-10-02 02:00:00,56885.9,NEFT
TXN_12730,ACC_0281,ACC_0407,2025-02-05 07:00:00,386109.88,RTGS
TXN_12731,ACC_0783,ACC_1015,2025-10-17 16:00:00,285462.33,UPI
TXN_12732,ACC_0112,ACC_0793,2025-08-12 08:00:00,442516.04,RTGS
TXN_12733,ACC_0230,ACC_0621,2024-05-07 12:00:00,207156.37,UPI
TXN_12734,ACC_0468,ACC_0324,2024-05-12 03:00:00,491782.56,RTGS
TXN_12735,ACC_0019,ACC_0636,2025-11-15 13:00:00,176061.75,RTGS
TXN_12736,ACC_0069,ACC_0578,2025-12-26 15:00:00,241484.82,NEFT
TXN_12737,ACC_0846,ACC_0332,2024-09-01 16:00:00,332769.89,NEFT
TXN_12738,ACC_0914,ACC_0121,2026-07-01 00:00:00,106063.28,NEFT
TXN_12739,ACC_1021,ACC_0438,2024-07-28 03:00:00,439469.29,IMPS
TXN_12740,ACC_0280,ACC_0977,2025-08-03 23:00:00,374883.45,IMPS
TXN_12741,ACC_0496,ACC_0463,2024-03-11 06:00:00,13429.74,IMPS
TXN_12742,ACC_0353,ACC_0668,2024-12-17 07:00:00,445801.8,UPI
TXN_12743,ACC_0804,ACC_0270,2026-10-11 01:00:00,340738.99,IMPS
TXN_12744,ACC_0980,ACC_0813,2026-06-26 13:00:00,226259.4,IMPS
TXN_12745,ACC_0797,ACC_0807,2026-07-08 01:00:00,103674.66,UPI
TXN_12746,ACC_0102,ACC_0693,2026-06-07 19:00:00,206662.31,UPI
TXN_12747,ACC_0687,ACC_0119,2024-07-19 22:00:00,51273.51,RTGS
TXN_12748,ACC_0602,ACC_0400,2026-04-04 18:00:00,9098.62,UPI
TXN_12749,ACC_0154,ACC_0583,2024-10-11 13:00:00,480138.18,NEFT
TXN_12750,ACC_0786,ACC_0373,2026-08-14 09:00:00,272460.15,NEFT
TXN_12751,ACC_0335,ACC_0884,2025-11-17 15:00:00,270062.61,RTGS
TXN_12752,ACC_0356,ACC_0508,2024-08-10 00:00:00,317266.78,IMPS
TXN_12753,ACC_0891,ACC_0824,2026-02-18 20:00:00,243259.23,NEFT
TXN_12754,ACC_0762,ACC_0992,2024-04-21 22:00:00,192931.58,RTGS
TXN_12755,ACC_0079,ACC_0550,2025-09-21 02:00:00,455246.39,UPI
TXN_12756,ACC_0793,ACC_0078,2025-03-27 10:00:00,292314.44,RTGS
TXN_12757,ACC_0314,ACC_0355,2026-01-06 08:00:00,410664.98,IMPS
TXN_12758,ACC_0352,ACC_1022,2025-11-05 17:00:00,245175.32,UPI
TXN_12759,ACC_0761,ACC_0634,2026-06-04 20:00:00,379605.67,RTGS
TXN_12760,ACC_0277,ACC_0133,2025-12-01 16:00:00,12970.18,RTGS
TXN_12761,ACC_0143,ACC_0165,2025-01-31 23:00:00,198233.47,UPI
TXN_12762,ACC_0855,ACC_1027,2024-10-06 00:00:00,286855.0,NEFT
TXN_12763,ACC_0285,ACC_1007,2026-08-16 08:00:00,324558.41,RTGS
TXN_12764,ACC_0697,ACC_0037,2025-09-09 12:00:00,481723.13,UPI
TXN_12765,ACC_1029,ACC_0669,2024-01-17 05:00:00,85156.77,NEFT
TXN_12766,ACC_0801,ACC_0741,2024-05-23 09:00:00,140086.61,RTGS
TXN_12767,ACC_1030,ACC_0077,2024-06-06 18:00:00,381843.37,UPI
TXN_12768,ACC_0838,ACC_0833,2026-05-31 10:00:00,286704.58,RTGS
TXN_12769,ACC_0071,ACC_0248,2025-12-29 09:00:00,227115.56,UPI
TXN_12770,ACC_0975,ACC_0425,2025-06-29 23:00:00,274178.73,IMPS
TXN_12771,ACC_0116,ACC_0831,2026-02-12 03:00:00,285208.21,NEFT
TXN_12772,ACC_0634,ACC_0692,2025-04-06 18:00:00,118713.92,RTGS
TXN_12773,ACC_0347,ACC_0808,2025-02-14 02:00:00,363595.18,RTGS
TXN_12774,ACC_0218,ACC_0790,2024-09-23 13:00:00,209330.69,IMPS
TXN_12775,ACC_0159,ACC_0096,2025-01-23 11:00:00,328573.12,RTGS
TXN_12776,ACC_1016,ACC_0790,2025-06-13 21:00:00,61272.3,UPI
TXN_12777,ACC_1018,ACC_0256,2024-05-20 00:00:00,5993.84,IMPS
TXN_12778,ACC_0420,ACC_0842,2025-04-16 17:00:00,148833.13,IMPS
TXN_12779,ACC_0579,ACC_0554,2024-07-28 23:00:00,36652.74,NEFT
TXN_12780,ACC_0082,ACC_0184,2026-10-19 12:00:00,476007.32,NEFT
TXN_12781,ACC_0353,ACC_0114,2024-09-23 08:00:00,185157.08,NEFT
TXN_12782,ACC_0966,ACC_0536,2024-10-29 11:00:00,1263.92,IMPS
TXN_12783,ACC_0404,ACC_0055,2025-07-03 00:00:00,445316.82,NEFT
TXN_12784,ACC_0206,ACC_0150,2025-05-25 18:00:00,340721.03,UPI
TXN_12785,ACC_0184,ACC_0239,2024-10-15 11:00:00,316465.18,RTGS
TXN_12786,ACC_0187,ACC_0931,2024-12-10 11:00:00,79496.0,RTGS
TXN_12787,ACC_0873,ACC_0605,2025-02-18 08:00:00,240662.01,RTGS
TXN_12788,ACC_0042,ACC_0427,2025-05-04 01:00:00,341173.1,RTGS
TXN_12789,ACC_0112,ACC_0733,2026-01-19 08:00:00,351098.74,IMPS
TXN_12790,ACC_0185,ACC_0539,2026-09-15 10:00:00,98425.64,NEFT
TXN_12791,ACC_0824,ACC_0614,2024-03-14 14:00:00,416793.04,RTGS
TXN_12792,ACC_0787,ACC_0611,2024-01-27 09:00:00,252016.26,RTGS
TXN_12793,ACC_0642,ACC_0160,2025-02-14 06:00:00,314744.97,UPI
TXN_12794,ACC_0017,ACC_0005,2026-07-24 14:00:00,358182.83,NEFT
TXN_12795,ACC_0917,ACC_0169,2024-07-19 22:00:00,49994.67,UPI
TXN_12796,ACC_0768,ACC_0380,2025-07-27 08:00:00,63015.36,IMPS
TXN_12797,ACC_0782,ACC_0552,2025-11-17 19:00:00,1539.97,RTGS
TXN_12798,ACC_0523,ACC_0856,2025-07-13 14:00:00,307986.39,IMPS
TXN_12799,ACC_0278,ACC_0857,2024-12-04 11:00:00,211731.9,IMPS
TXN_12800,ACC_0175,ACC_0951,2024-12-21 04:00:00,85771.07,UPI
TXN_12801,ACC_0754,ACC_0786,2024-06-26 20:00:00,366261.88,NEFT
TXN_12802,ACC_0659,ACC_1010,2024-10-06 21:00:00,78815.86,IMPS
TXN_12803,ACC_0723,ACC_0075,2026-03-05 16:00:00,389405.88,IMPS
TXN_12804,ACC_0244,ACC_0109,2024-01-14 01:00:00,7995.45,NEFT
TXN_12805,ACC_0365,ACC_0020,2026-09-22 01:00:00,347782.57,IMPS
TXN_12806,ACC_0168,ACC_0359,2024-01-06 15:00:00,30430.82,UPI
TXN_12807,ACC_0458,ACC_0506,2025-02-08 13:00:00,491723.88,IMPS
TXN_12808,ACC_0714,ACC_0576,2026-04-07 22:00:00,379396.37,IMPS
TXN_12809,ACC_0332,ACC_0713,2025-08-16 12:00:00,278188.25,IMPS
TXN_12810,ACC_0096,ACC_0984,2025-09-23 05:00:00,171595.15,RTGS
TXN_12811,ACC_0493,ACC_0551,2024-07-07 05:00:00,69871.06,UPI
TXN_12812,ACC_0774,ACC_0145,2025-10-01 19:00:00,390487.66,RTGS
TXN_12813,ACC_0194,ACC_0912,2025-05-11 01:00:00,236744.26,IMPS
TXN_12814,ACC_0032,ACC_0177,2025-03-30 20:00:00,150674.47,UPI
TXN_12815,ACC_0951,ACC_0277,2024-06-05 16:00:00,37719.05,NEFT
TXN_12816,ACC_0560,ACC_0466,2026-06-12 03:00:00,445823.95,UPI
TXN_12817,ACC_0892,ACC_0400,2024-05-01 02:00:00,229813.29,IMPS
TXN_12818,ACC_0812,ACC_0833,2025-09-10 02:00:00,131508.42,RTGS
TXN_12819,ACC_0738,ACC_0894,2024-11-12 12:00:00,203477.85,NEFT
TXN_12820,ACC_0556,ACC_0923,2025-09-30 08:00:00,92507.05,RTGS
TXN_12821,ACC_0160,ACC_1018,2026-06-24 23:00:00,488470.06,NEFT
TXN_12822,ACC_1039,ACC_0811,2025-03-13 15:00:00,265299.39,IMPS
TXN_12823,ACC_0041,ACC_0948,2025-10-04 07:00:00,135975.79,NEFT
TXN_12824,ACC_0852,ACC_0994,2025-04-15 07:00:00,267325.77,RTGS
TXN_12825,ACC_1020,ACC_0295,2024-08-26 23:00:00,386538.05,IMPS
TXN_12826,ACC_0433,ACC_0180,2026-11-07 01:00:00,497377.13,UPI
TXN_12827,ACC_0510,ACC_0310,2024-02-14 22:00:00,39479.85,UPI
TXN_12828,ACC_0796,ACC_0421,2025-11-14 09:00:00,218352.72,UPI
TXN_12829,ACC_1021,ACC_0688,2024-12-21 09:00:00,141097.67,NEFT
TXN_12830,ACC_0445,ACC_0064,2026-09-11 21:00:00,109359.8,UPI
TXN_12831,ACC_0196,ACC_0535,2026-07-05 10:00:00,78185.1,RTGS
TXN_12832,ACC_0197,ACC_0857,2025-12-31 18:00:00,164115.77,UPI
TXN_12833,ACC_0374,ACC_0015,2026-04-06 08:00:00,243887.5,UPI
TXN_12834,ACC_0339,ACC_0219,2025-07-04 04:00:00,312684.57,IMPS
TXN_12835,ACC_0961,ACC_0744,2025-06-20 07:00:00,212256.31,IMPS
TXN_12836,ACC_0066,ACC_0982,2024-06-05 12:00:00,72261.98,UPI
TXN_12837,ACC_0971,ACC_0531,2024-06-18 06:00:00,153385.07,NEFT
TXN_12838,ACC_0797,ACC_0477,2025-11-26 03:00:00,436034.84,RTGS
TXN_12839,ACC_0601,ACC_1035,2025-04-03 04:00:00,85719.41,UPI
TXN_12840,ACC_0394,ACC_1007,2026-05-17 05:00:00,307852.76,RTGS
TXN_12841,ACC_0098,ACC_0172,2026-07-10 19:00:00,196727.89,UPI
TXN_12842,ACC_0713,ACC_0892,2024-01-06 02:00:00,423409.12,IMPS
TXN_12843,ACC_0531,ACC_0302,2024-07-18 01:00:00,1229.61,UPI
TXN_12844,ACC_0018,ACC_0375,2024-01-07 16:00:00,99032.75,IMPS
TXN_12845,ACC_0431,ACC_0994,2026-06-29 03:00:00,411680.31,RTGS
TXN_12846,ACC_0131,ACC_0729,2024-04-07 04:00:00,29181.03,RTGS
TXN_12847,ACC_0151,ACC_0291,2026-02-10 09:00:00,306699.62,IMPS
TXN_12848,ACC_0115,ACC_0060,2025-01-13 15:00:00,350987.7,NEFT
TXN_12849,ACC_0350,ACC_1037,2025-08-20 00:00:00,55331.94,NEFT
TXN_12850,ACC_0120,ACC_0399,2025-03-19 07:00:00,291081.68,RTGS
TXN_12851,ACC_0071,ACC_0753,2026-11-05 15:00:00,469776.01,UPI
TXN_12852,ACC_0644,ACC_0841,2025-06-18 23:00:00,196020.95,UPI
TXN_12853,ACC_0098,ACC_0999,2024-12-05 00:00:00,202536.99,RTGS
TXN_12854,ACC_0082,ACC_0035,2026-07-08 14:00:00,278947.42,IMPS
TXN_12855,ACC_0647,ACC_1023,2024-11-19 05:00:00,87936.27,UPI
TXN_12856,ACC_0812,ACC_0479,2025-05-14 15:00:00,70865.67,IMPS
TXN_12857,ACC_0824,ACC_0876,2026-04-05 16:00:00,167214.38,IMPS
TXN_12858,ACC_0800,ACC_0107,2024-04-27 19:00:00,86260.79,IMPS
TXN_12859,ACC_0733,ACC_0691,2026-03-02 12:00:00,402582.64,NEFT
TXN_12860,ACC_0982,ACC_0302,2026-07-06 07:00:00,304788.46,IMPS
TXN_12861,ACC_0663,ACC_1039,2026-06-03 12:00:00,434618.47,UPI
TXN_12862,ACC_0070,ACC_0783,2026-01-22 07:00:00,376845.26,RTGS
TXN_12863,ACC_0559,ACC_1033,2025-06-17 23:00:00,420418.52,RTGS
TXN_12864,ACC_0070,ACC_0173,2025-12-17 07:00:00,40812.36,NEFT
TXN_12865,ACC_1040,ACC_0845,2024-07-09 15:00:00,239064.46,IMPS
TXN_12866,ACC_0931,ACC_0473,2024-12-04 22:00:00,247472.26,UPI
TXN_12867,ACC_1029,ACC_0117,2024-11-14 23:00:00,18155.84,IMPS
TXN_12868,ACC_0283,ACC_0108,2024-05-21 08:00:00,195681.89,UPI
TXN_12869,ACC_0278,ACC_0276,2025-11-01 03:00:00,102663.23,UPI
TXN_12870,ACC_0406,ACC_0273,2026-09-30 04:00:00,349201.68,UPI
TXN_12871,ACC_0298,ACC_0431,2026-09-03 20:00:00,86739.04,RTGS
TXN_12872,ACC_0461,ACC_0350,2024-09-19 18:00:00,273679.39,UPI
TXN_12873,ACC_0219,ACC_0190,2025-12-25 10:00:00,260968.88,IMPS
TXN_12874,ACC_0841,ACC_0567,2026-06-05 23:00:00,349493.09,UPI
TXN_12875,ACC_0427,ACC_0498,2024-03-07 05:00:00,293321.11,UPI
TXN_12876,ACC_0949,ACC_0338,2025-03-12 00:00:00,359407.08,UPI
TXN_12877,ACC_0202,ACC_0177,2025-08-25 06:00:00,29653.87,IMPS
TXN_12878,ACC_0039,ACC_0985,2026-06-12 10:00:00,113321.77,RTGS
TXN_12879,ACC_0950,ACC_0501,2024-07-12 07:00:00,142218.91,NEFT
TXN_12880,ACC_0550,ACC_0080,2025-09-29 14:00:00,177828.15,IMPS
TXN_12881,ACC_0740,ACC_0964,2026-05-23 22:00:00,369714.56,NEFT
TXN_12882,ACC_0057,ACC_1005,2026-09-15 10:00:00,250374.72,UPI
TXN_12883,ACC_0492,ACC_0314,2026-08-16 19:00:00,70149.93,IMPS
TXN_12884,ACC_0918,ACC_0785,2025-11-03 14:00:00,166546.1,IMPS
TXN_12885,ACC_0837,ACC_0079,2025-05-12 15:00:00,411238.79,UPI
TXN_12886,ACC_0473,ACC_0681,2025-02-24 01:00:00,495561.91,NEFT
TXN_12887,ACC_0138,ACC_0500,2024-05-30 19:00:00,368486.39,NEFT
TXN_12888,ACC_0295,ACC_0884,2026-09-07 08:00:00,1758.6,IMPS
TXN_12889,ACC_0882,ACC_0475,2024-01-02 05:00:00,254461.85,RTGS
TXN_12890,ACC_0430,ACC_0381,2025-10-15 09:00:00,33317.19,NEFT
TXN_12891,ACC_0802,ACC_0653,2026-04-04 21:00:00,43569.58,IMPS
TXN_12892,ACC_0800,ACC_0620,2025-06-27 16:00:00,34895.68,IMPS
TXN_12893,ACC_0979,ACC_0914,2025-07-16 13:00:00,374743.98,UPI
TXN_12894,ACC_0987,ACC_0422,2025-11-06 06:00:00,496507.44,UPI
TXN_12895,ACC_0614,ACC_0646,2025-02-24 11:00:00,66695.79,NEFT
TXN_12896,ACC_0401,ACC_0922,2024-03-12 18:00:00,45901.44,NEFT
TXN_12897,ACC_0412,ACC_0655,2024-10-02 01:00:00,190279.46,UPI
TXN_12898,ACC_0309,ACC_0174,2024-08-15 13:00:00,179396.3,RTGS
TXN_12899,ACC_0708,ACC_1027,2024-02-05 03:00:00,248539.84,RTGS
TXN_12900,ACC_0425,ACC_0656,2026-06-26 13:00:00,453683.18,UPI
TXN_12901,ACC_0203,ACC_0793,2025-03-01 18:00:00,400084.35,NEFT
TXN_12902,ACC_0466,ACC_0463,2026-07-26 09:00:00,410099.03,NEFT
TXN_12903,ACC_0731,ACC_0315,2025-05-14 17:00:00,412320.57,UPI
TXN_12904,ACC_0298,ACC_0123,2025-11-04 22:00:00,196160.83,IMPS
TXN_12905,ACC_0285,ACC_0836,2024-03-16 11:00:00,120711.38,IMPS
TXN_12906,ACC_0003,ACC_0140,2026-01-08 00:00:00,181890.56,UPI
TXN_12907,ACC_0146,ACC_0656,2026-08-18 07:00:00,248255.65,RTGS
TXN_12908,ACC_0182,ACC_0684,2026-04-20 08:00:00,191648.94,IMPS
TXN_12909,ACC_0842,ACC_0175,2025-04-25 17:00:00,386311.49,NEFT
TXN_12910,ACC_0877,ACC_0563,2025-09-03 09:00:00,264796.13,RTGS
TXN_12911,ACC_0348,ACC_0497,2025-01-30 20:00:00,289617.56,UPI
TXN_12912,ACC_0713,ACC_0630,2026-06-30 02:00:00,31580.52,IMPS
TXN_12913,ACC_0605,ACC_0975,2025-09-11 08:00:00,86245.28,RTGS
TXN_12914,ACC_0169,ACC_0843,2025-02-07 09:00:00,373580.69,RTGS
TXN_12915,ACC_0224,ACC_0801,2025-07-14 09:00:00,365376.39,UPI
TXN_12916,ACC_0853,ACC_0170,2026-09-22 23:00:00,251155.05,IMPS
TXN_12917,ACC_0817,ACC_0848,2025-02-19 16:00:00,159450.22,UPI
TXN_12918,ACC_0997,ACC_0708,2025-03-24 12:00:00,388177.89,UPI
TXN_12919,ACC_0029,ACC_0474,2026-05-20 02:00:00,313446.65,IMPS
TXN_12920,ACC_1013,ACC_0772,2025-08-17 22:00:00,112786.3,UPI
TXN_12921,ACC_0270,ACC_0400,2024-01-03 22:00:00,358253.91,IMPS
TXN_12922,ACC_0433,ACC_0661,2025-09-15 11:00:00,350198.83,RTGS
TXN_12923,ACC_0795,ACC_0976,2025-02-28 03:00:00,420985.37,RTGS
TXN_12924,ACC_0724,ACC_0572,2025-10-06 19:00:00,426225.35,NEFT
TXN_12925,ACC_0383,ACC_0468,2024-07-14 05:00:00,285062.78,RTGS
TXN_12926,ACC_1022,ACC_0376,2026-10-24 14:00:00,338046.4,IMPS
TXN_12927,ACC_0245,ACC_0419,2025-08-03 02:00:00,335071.6,UPI
TXN_12928,ACC_0881,ACC_0622,2025-05-19 07:00:00,412076.63,UPI
TXN_12929,ACC_0685,ACC_0557,2024-12-15 10:00:00,251190.05,UPI
TXN_12930,ACC_0936,ACC_0797,2024-11-18 12:00:00,436601.4,RTGS
TXN_12931,ACC_0243,ACC_0706,2026-03-21 21:00:00,261393.4,UPI
TXN_12932,ACC_0336,ACC_0593,2024-12-24 06:00:00,10416.83,NEFT
TXN_12933,ACC_0297,ACC_0212,2026-03-17 13:00:00,341873.61,IMPS
TXN_12934,ACC_0338,ACC_0684,2024-02-07 09:00:00,322343.17,RTGS
TXN_12935,ACC_0355,ACC_1000,2024-03-10 06:00:00,231444.4,UPI
TXN_12936,ACC_0530,ACC_0034,2025-09-30 03:00:00,65187.97,UPI
TXN_12937,ACC_0058,ACC_0721,2024-04-29 02:00:00,372781.44,UPI
TXN_12938,ACC_0339,ACC_0827,2026-04-21 13:00:00,79045.97,RTGS
TXN_12939,ACC_0352,ACC_0766,2026-01-02 02:00:00,231602.12,IMPS
TXN_12940,ACC_0291,ACC_0809,2026-03-09 13:00:00,267328.48,RTGS
TXN_12941,ACC_0541,ACC_0046,2024-03-02 09:00:00,168506.94,NEFT
TXN_12942,ACC_0295,ACC_0899,2025-02-09 00:00:00,495149.96,IMPS
TXN_12943,ACC_0168,ACC_0339,2026-06-03 11:00:00,80389.53,IMPS
TXN_12944,ACC_0939,ACC_1038,2026-03-05 06:00:00,150616.5,UPI
TXN_12945,ACC_0253,ACC_0525,2026-05-07 00:00:00,145413.05,UPI
TXN_12946,ACC_0769,ACC_0731,2025-04-04 18:00:00,209285.27,NEFT
TXN_12947,ACC_0876,ACC_0867,2025-04-30 11:00:00,35617.87,IMPS
TXN_12948,ACC_0574,ACC_0977,2025-08-16 20:00:00,231250.87,RTGS
TXN_12949,ACC_0731,ACC_0255,2026-04-23 07:00:00,432784.81,UPI
TXN_12950,ACC_0071,ACC_0815,2024-01-09 20:00:00,126983.89,IMPS
TXN_12951,ACC_0850,ACC_0438,2026-04-21 09:00:00,138322.11,UPI
TXN_12952,ACC_0121,ACC_0044,2025-07-29 16:00:00,272155.91,NEFT
TXN_12953,ACC_0268,ACC_1008,2025-12-30 02:00:00,251954.06,NEFT
TXN_12954,ACC_0082,ACC_0740,2025-04-09 21:00:00,112507.64,RTGS
TXN_12955,ACC_0714,ACC_0701,2024-08-16 11:00:00,395383.92,NEFT
TXN_12956,ACC_0611,ACC_0980,2024-08-20 17:00:00,102012.79,RTGS
TXN_12957,ACC_0899,ACC_0138,2025-02-21 22:00:00,260931.89,RTGS
TXN_12958,ACC_0081,ACC_0560,2024-04-19 12:00:00,363876.26,RTGS
TXN_12959,ACC_0527,ACC_0032,2026-06-09 14:00:00,284461.3,IMPS
TXN_12960,ACC_0198,ACC_0326,2024-04-01 19:00:00,280860.97,UPI
TXN_12961,ACC_0658,ACC_0952,2024-01-24 18:00:00,210997.72,RTGS
TXN_12962,ACC_0233,ACC_0550,2025-10-02 13:00:00,96414.65,IMPS
TXN_12963,ACC_0884,ACC_0955,2024-02-15 02:00:00,319827.9,RTGS
TXN_12964,ACC_0039,ACC_0798,2026-05-13 11:00:00,333024.15,IMPS
TXN_12965,ACC_0242,ACC_1019,2024-08-25 01:00:00,486199.38,IMPS
TXN_12966,ACC_0089,ACC_0009,2024-02-15 07:00:00,317080.89,RTGS
TXN_12967,ACC_0815,ACC_0761,2026-01-22 12:00:00,305366.44,NEFT
TXN_12968,ACC_0616,ACC_0046,2025-08-26 13:00:00,420771.48,IMPS
TXN_12969,ACC_0382,ACC_0321,2024-12-05 06:00:00,25457.01,IMPS
TXN_12970,ACC_0841,ACC_0200,2026-05-29 08:00:00,235050.39,NEFT
TXN_12971,ACC_0360,ACC_0977,2024-05-28 17:00:00,499723.34,UPI
TXN_12972,ACC_0314,ACC_0397,2026-04-13 12:00:00,64146.35,UPI
TXN_12973,ACC_0574,ACC_0990,2026-01-30 15:00:00,302427.22,RTGS
TXN_12974,ACC_0615,ACC_1001,2025-06-30 20:00:00,51158.58,RTGS
TXN_12975,ACC_0573,ACC_0288,2024-01-05 12:00:00,1000.63,NEFT
TXN_12976,ACC_0673,ACC_0398,2025-01-04 13:00:00,6024.51,UPI
TXN_12977,ACC_0892,ACC_0828,2026-10-16 05:00:00,403774.15,IMPS
TXN_12978,ACC_0020,ACC_0400,2025-10-09 05:00:00,496206.1,UPI
TXN_12979,ACC_0027,ACC_0280,2025-05-02 21:00:00,35225.86,IMPS
TXN_12980,ACC_0873,ACC_0469,2026-03-27 02:00:00,159028.9,UPI
TXN_12981,ACC_0294,ACC_0019,2025-03-08 03:00:00,353285.34,UPI
TXN_12982,ACC_0473,ACC_0797,2025-04-21 08:00:00,16178.22,UPI
TXN_12983,ACC_0821,ACC_0839,2025-06-28 14:00:00,108104.21,UPI
TXN_12984,ACC_0294,ACC_0775,2025-10-09 02:00:00,20953.35,RTGS
TXN_12985,ACC_0493,ACC_0629,2024-05-27 01:00:00,325867.82,NEFT
TXN_12986,ACC_0161,ACC_0377,2025-01-12 20:00:00,202581.35,IMPS
TXN_12987,ACC_0784,ACC_0474,2026-03-25 01:00:00,448921.7,NEFT
TXN_12988,ACC_0270,ACC_0397,2024-08-27 00:00:00,276913.26,UPI
TXN_12989,ACC_0881,ACC_0768,2026-06-18 04:00:00,186497.84,IMPS
TXN_12990,ACC_0153,ACC_0947,2025-11-24 14:00:00,377507.0,RTGS
TXN_12991,ACC_0034,ACC_0702,2025-07-13 19:00:00,428046.12,NEFT
TXN_12992,ACC_0114,ACC_0943,2025-08-09 23:00:00,298232.65,UPI
TXN_12993,ACC_0271,ACC_0633,2026-01-02 20:00:00,353488.84,RTGS
TXN_12994,ACC_0790,ACC_0710,2025-12-27 02:00:00,178346.18,NEFT
TXN_12995,ACC_0109,ACC_0733,2024-01-04 15:00:00,447142.83,NEFT
TXN_12996,ACC_0260,ACC_0017,2025-03-24 06:00:00,368154.82,IMPS
TXN_12997,ACC_0983,ACC_0644,2026-05-04 06:00:00,370907.4,NEFT
TXN_12998,ACC_0824,ACC_0122,2026-06-23 00:00:00,311254.93,RTGS
TXN_12999,ACC_0269,ACC_0309,2025-08-20 19:00:00,444338.34,NEFT
TXN_13000,ACC_0423,ACC_0987,2025-04-19 02:00:00,54445.8,UPI
TXN_13001,ACC_0933,ACC_0372,2024-07-02 15:00:00,431302.94,IMPS
TXN_13002,ACC_0838,ACC_0603,2026-07-22 12:00:00,421062.03,UPI
TXN_13003,ACC_0980,ACC_0944,2026-03-25 14:00:00,290313.97,RTGS
TXN_13004,ACC_0810,ACC_0686,2024-05-12 21:00:00,271282.58,UPI
TXN_13005,ACC_0439,ACC_0353,2025-06-19 13:00:00,179100.2,NEFT
TXN_13006,ACC_0319,ACC_0947,2026-04-22 02:00:00,79129.56,IMPS
TXN_13007,ACC_0995,ACC_0520,2025-11-02 01:00:00,199238.05,RTGS
TXN_13008,ACC_0025,ACC_0148,2026-11-02 07:00:00,414620.22,IMPS
TXN_13009,ACC_0646,ACC_0752,2024-01-02 08:00:00,245486.75,UPI
TXN_13010,ACC_0234,ACC_0848,2026-09-11 16:00:00,93289.68,RTGS
TXN_13011,ACC_0209,ACC_0181,2025-07-12 21:00:00,463283.79,UPI
TXN_13012,ACC_0579,ACC_0429,2024-03-26 04:00:00,256509.83,NEFT
TXN_13013,ACC_0091,ACC_0515,2025-07-02 19:00:00,32501.52,IMPS
TXN_13014,ACC_0070,ACC_0617,2026-05-23 09:00:00,188022.92,IMPS
TXN_13015,ACC_0366,ACC_0859,2026-03-11 01:00:00,20951.0,RTGS
TXN_13016,ACC_0350,ACC_0949,2024-03-29 23:00:00,95493.72,UPI
TXN_13017,ACC_0172,ACC_0072,2025-09-26 10:00:00,120671.85,IMPS
TXN_13018,ACC_0223,ACC_0301,2026-03-02 15:00:00,487710.82,IMPS
TXN_13019,ACC_0680,ACC_0552,2024-04-17 10:00:00,177762.98,UPI
TXN_13020,ACC_0089,ACC_0052,2026-05-03 04:00:00,190776.96,IMPS
TXN_13021,ACC_0685,ACC_0799,2026-10-28 08:00:00,120882.26,NEFT
TXN_13022,ACC_0545,ACC_0652,2024-10-20 04:00:00,308102.45,RTGS
TXN_13023,ACC_0587,ACC_1027,2026-10-25 21:00:00,220007.71,IMPS
TXN_13024,ACC_1024,ACC_0752,2026-09-16 00:00:00,35490.54,RTGS
TXN_13025,ACC_0690,ACC_0708,2024-11-07 03:00:00,429689.92,RTGS
TXN_13026,ACC_0402,ACC_0414,2026-05-26 18:00:00,390946.28,RTGS
TXN_13027,ACC_0521,ACC_0870,2026-04-15 15:00:00,21871.68,NEFT
TXN_13028,ACC_0352,ACC_0982,2026-04-27 00:00:00,316619.07,RTGS
TXN_13029,ACC_0751,ACC_0639,2024-12-06 01:00:00,137019.29,UPI
TXN_13030,ACC_0924,ACC_0280,2025-07-04 18:00:00,325359.61,NEFT
TXN_13031,ACC_0547,ACC_0965,2025-07-26 01:00:00,194087.41,UPI
TXN_13032,ACC_0920,ACC_0063,2025-12-11 05:00:00,205773.37,UPI
TXN_13033,ACC_0998,ACC_0893,2026-04-27 16:00:00,234488.14,UPI
TXN_13034,ACC_0712,ACC_0980,2026-02-07 13:00:00,186271.92,NEFT
TXN_13035,ACC_0954,ACC_0249,2024-02-09 01:00:00,467404.51,RTGS
TXN_13036,ACC_0704,ACC_0874,2025-01-08 20:00:00,488794.8,RTGS
TXN_13037,ACC_1019,ACC_0492,2026-06-30 21:00:00,35418.32,UPI
TXN_13038,ACC_0307,ACC_0701,2024-01-04 02:00:00,131944.21,NEFT
TXN_13039,ACC_0080,ACC_0949,2024-05-09 23:00:00,76909.08,RTGS
TXN_13040,ACC_0976,ACC_0973,2024-12-28 20:00:00,353968.22,NEFT
TXN_13041,ACC_0515,ACC_0435,2026-09-23 19:00:00,75026.12,UPI
TXN_13042,ACC_0292,ACC_0016,2024-02-19 21:00:00,254017.96,UPI
TXN_13043,ACC_0817,ACC_0489,2026-10-25 15:00:00,53001.48,RTGS
TXN_13044,ACC_0442,ACC_0795,2024-03-21 12:00:00,370962.0,RTGS
TXN_13045,ACC_0582,ACC_0172,2026-06-29 19:00:00,33905.19,RTGS
TXN_13046,ACC_0248,ACC_0142,2026-02-11 23:00:00,300012.65,UPI
TXN_13047,ACC_1025,ACC_0531,2024-12-15 02:00:00,291986.23,NEFT
TXN_13048,ACC_0707,ACC_0204,2025-10-31 09:00:00,466556.74,NEFT
TXN_13049,ACC_0369,ACC_0182,2026-02-23 16:00:00,34608.44,UPI
TXN_13050,ACC_0707,ACC_0798,2025-05-17 06:00:00,411768.59,RTGS
TXN_13051,ACC_0799,ACC_0152,2026-05-02 22:00:00,480211.64,IMPS
TXN_13052,ACC_0012,ACC_0184,2025-01-18 08:00:00,16407.2,NEFT
TXN_13053,ACC_0485,ACC_0992,2025-04-21 23:00:00,390527.02,RTGS
TXN_13054,ACC_0056,ACC_0931,2025-10-04 07:00:00,395485.99,UPI
TXN_13055,ACC_0634,ACC_0778,2026-10-22 23:00:00,228964.7,IMPS
TXN_13056,ACC_0001,ACC_0593,2026-09-05 18:00:00,378640.17,IMPS
TXN_13057,ACC_1035,ACC_0632,2024-04-03 22:00:00,427865.8,UPI
TXN_13058,ACC_0303,ACC_0876,2026-05-31 16:00:00,123206.67,NEFT
TXN_13059,ACC_0663,ACC_0643,2026-10-12 20:00:00,323805.64,UPI
TXN_13060,ACC_0810,ACC_0578,2024-08-03 01:00:00,145338.94,UPI
TXN_13061,ACC_0899,ACC_0514,2025-09-16 02:00:00,327455.27,IMPS
TXN_13062,ACC_0273,ACC_0647,2026-03-26 02:00:00,95755.72,RTGS
TXN_13063,ACC_0637,ACC_0293,2026-06-29 09:00:00,215110.74,RTGS
TXN_13064,ACC_0578,ACC_0901,2026-06-07 01:00:00,184263.89,UPI
TXN_13065,ACC_0717,ACC_0145,2026-02-19 15:00:00,412571.36,NEFT
TXN_13066,ACC_0032,ACC_0171,2026-02-20 17:00:00,151181.48,NEFT
TXN_13067,ACC_0875,ACC_0900,2025-05-02 07:00:00,469948.67,UPI
TXN_13068,ACC_1017,ACC_0128,2024-10-18 03:00:00,47523.25,NEFT
TXN_13069,ACC_0306,ACC_0376,2026-07-25 22:00:00,159264.35,IMPS
TXN_13070,ACC_0159,ACC_0957,2025-11-27 17:00:00,82052.57,IMPS
TXN_13071,ACC_0625,ACC_0090,2026-07-12 22:00:00,244776.63,IMPS
TXN_13072,ACC_1016,ACC_0664,2024-02-29 20:00:00,65234.81,RTGS
TXN_13073,ACC_0958,ACC_0679,2026-02-24 03:00:00,459102.21,NEFT
TXN_13074,ACC_0447,ACC_0532,2024-11-17 10:00:00,233527.31,RTGS
TXN_13075,ACC_0638,ACC_0711,2024-08-17 09:00:00,338625.44,UPI
TXN_13076,ACC_0514,ACC_0526,2025-12-09 21:00:00,272815.85,UPI
TXN_13077,ACC_0010,ACC_0471,2026-07-18 05:00:00,484904.1,UPI
TXN_13078,ACC_0202,ACC_0842,2024-01-13 07:00:00,61818.8,NEFT
TXN_13079,ACC_0093,ACC_0835,2025-12-14 00:00:00,446167.75,NEFT
TXN_13080,ACC_0370,ACC_0589,2026-03-12 13:00:00,22066.72,IMPS
TXN_13081,ACC_0368,ACC_0750,2026-08-13 06:00:00,120118.34,IMPS
TXN_13082,ACC_0335,ACC_0628,2025-02-27 14:00:00,247626.09,NEFT
TXN_13083,ACC_0013,ACC_0192,2026-03-28 11:00:00,451425.03,NEFT
TXN_13084,ACC_0897,ACC_0380,2026-09-14 09:00:00,487896.55,NEFT
TXN_13085,ACC_0569,ACC_0297,2025-09-02 09:00:00,21670.74,RTGS
TXN_13086,ACC_0517,ACC_0305,2024-11-28 13:00:00,166337.49,NEFT
TXN_13087,ACC_0258,ACC_0312,2024-03-16 14:00:00,434949.36,RTGS
TXN_13088,ACC_0445,ACC_0525,2024-06-10 11:00:00,466415.46,IMPS
TXN_13089,ACC_0185,ACC_0890,2026-01-18 03:00:00,136520.8,NEFT
TXN_13090,ACC_0009,ACC_0141,2024-06-04 01:00:00,336393.56,UPI
TXN_13091,ACC_0166,ACC_0602,2025-08-06 11:00:00,160282.2,NEFT
TXN_13092,ACC_0497,ACC_0893,2025-05-03 13:00:00,476257.27,NEFT
TXN_13093,ACC_0974,ACC_0224,2024-07-15 06:00:00,152412.7,NEFT
TXN_13094,ACC_0584,ACC_1020,2025-02-23 14:00:00,84952.28,UPI
TXN_13095,ACC_0349,ACC_0622,2025-04-13 07:00:00,63764.56,UPI
TXN_13096,ACC_0048,ACC_1037,2024-03-01 15:00:00,101283.52,NEFT
TXN_13097,ACC_0787,ACC_0634,2026-02-22 05:00:00,88725.23,RTGS
TXN_13098,ACC_0449,ACC_0803,2025-06-02 22:00:00,460662.41,RTGS
TXN_13099,ACC_0880,ACC_0701,2024-06-09 21:00:00,420109.69,RTGS
TXN_13100,ACC_0372,ACC_0894,2024-09-18 14:00:00,117586.83,UPI
TXN_13101,ACC_0514,ACC_0724,2025-05-22 00:00:00,90366.6,IMPS
TXN_13102,ACC_0204,ACC_0039,2026-11-04 02:00:00,71356.56,UPI
TXN_13103,ACC_0069,ACC_0149,2026-02-17 13:00:00,382895.88,NEFT
TXN_13104,ACC_1033,ACC_0254,2025-03-02 19:00:00,418943.36,NEFT
TXN_13105,ACC_0631,ACC_1001,2024-08-28 02:00:00,317444.64,RTGS
TXN_13106,ACC_1013,ACC_0601,2026-06-15 21:00:00,84685.53,IMPS
TXN_13107,ACC_0202,ACC_0481,2026-07-25 02:00:00,335014.41,RTGS
TXN_13108,ACC_0407,ACC_0443,2025-06-15 09:00:00,337716.19,UPI
TXN_13109,ACC_0230,ACC_0943,2025-03-03 02:00:00,354416.71,IMPS
TXN_13110,ACC_0565,ACC_0138,2024-06-15 13:00:00,287396.91,RTGS
TXN_13111,ACC_0920,ACC_0761,2026-02-12 20:00:00,156697.74,UPI
TXN_13112,ACC_0192,ACC_0798,2024-03-07 22:00:00,186303.27,RTGS
TXN_13113,ACC_0065,ACC_0579,2024-01-08 12:00:00,497599.31,NEFT
TXN_13114,ACC_0996,ACC_0314,2025-03-28 13:00:00,430957.6,NEFT
TXN_13115,ACC_0696,ACC_0249,2026-01-14 09:00:00,192815.39,UPI
TXN_13116,ACC_0072,ACC_0430,2025-10-10 11:00:00,270054.23,UPI
TXN_13117,ACC_0609,ACC_0367,2024-08-19 09:00:00,64763.55,RTGS
TXN_13118,ACC_0785,ACC_0144,2025-09-11 08:00:00,460191.84,UPI
TXN_13119,ACC_0158,ACC_0758,2024-07-31 14:00:00,82032.38,RTGS
TXN_13120,ACC_0541,ACC_0099,2026-07-26 22:00:00,17642.36,NEFT
TXN_13121,ACC_0725,ACC_0458,2026-04-13 13:00:00,300634.76,RTGS
TXN_13122,ACC_0517,ACC_0127,2025-08-10 03:00:00,157891.03,NEFT
TXN_13123,ACC_0834,ACC_0005,2025-06-28 09:00:00,87954.99,IMPS
TXN_13124,ACC_0779,ACC_0276,2025-06-20 20:00:00,149095.38,NEFT
TXN_13125,ACC_0576,ACC_0014,2024-12-08 20:00:00,98973.59,RTGS
TXN_13126,ACC_0808,ACC_0363,2025-06-08 01:00:00,65053.74,UPI
TXN_13127,ACC_0782,ACC_0949,2024-08-18 09:00:00,246542.84,RTGS
TXN_13128,ACC_0859,ACC_0945,2026-05-29 14:00:00,290346.24,UPI
TXN_13129,ACC_0241,ACC_0590,2025-09-02 13:00:00,356110.92,IMPS
TXN_13130,ACC_0663,ACC_1011,2025-05-09 18:00:00,185401.34,UPI
TXN_13131,ACC_0157,ACC_0836,2025-02-09 03:00:00,430048.65,IMPS
TXN_13132,ACC_0682,ACC_0934,2025-02-08 19:00:00,488293.08,IMPS
TXN_13133,ACC_0134,ACC_1026,2024-02-13 06:00:00,469749.84,NEFT
TXN_13134,ACC_0201,ACC_0230,2024-08-29 16:00:00,314569.82,RTGS
TXN_13135,ACC_0124,ACC_0310,2026-10-18 08:00:00,135702.71,RTGS
TXN_13136,ACC_0979,ACC_0205,2024-01-22 04:00:00,261301.19,NEFT
TXN_13137,ACC_0119,ACC_0910,2026-05-03 14:00:00,57586.37,RTGS
TXN_13138,ACC_0554,ACC_0639,2025-12-06 13:00:00,338803.78,UPI
TXN_13139,ACC_0683,ACC_0366,2026-10-22 08:00:00,350495.55,RTGS
TXN_13140,ACC_0197,ACC_0999,2024-12-27 16:00:00,113335.63,IMPS
TXN_13141,ACC_0914,ACC_0624,2026-08-01 04:00:00,383515.92,NEFT
TXN_13142,ACC_0687,ACC_0611,2026-10-06 18:00:00,302833.56,IMPS
TXN_13143,ACC_0309,ACC_0164,2024-11-29 14:00:00,396413.11,NEFT
TXN_13144,ACC_0406,ACC_0138,2026-02-12 22:00:00,1025.46,NEFT
TXN_13145,ACC_0755,ACC_0764,2026-09-18 02:00:00,32261.54,IMPS
TXN_13146,ACC_0936,ACC_0322,2026-05-13 11:00:00,463496.93,IMPS
TXN_13147,ACC_0983,ACC_0877,2026-09-26 17:00:00,328305.82,RTGS
TXN_13148,ACC_0508,ACC_0041,2026-01-28 21:00:00,426440.88,RTGS
TXN_13149,ACC_0810,ACC_0816,2025-05-21 07:00:00,312016.02,RTGS
TXN_13150,ACC_0626,ACC_0341,2026-08-20 15:00:00,103561.16,RTGS
TXN_13151,ACC_0787,ACC_0589,2025-05-06 15:00:00,107345.55,RTGS
TXN_13152,ACC_0740,ACC_0703,2025-08-09 23:00:00,423056.67,UPI
TXN_13153,ACC_0179,ACC_0682,2025-09-29 20:00:00,187114.94,UPI
TXN_13154,ACC_0977,ACC_1029,2026-09-29 05:00:00,246995.92,RTGS
TXN_13155,ACC_0259,ACC_0998,2025-10-14 11:00:00,135625.52,IMPS
TXN_13156,ACC_0352,ACC_0686,2024-02-03 08:00:00,218604.89,RTGS
TXN_13157,ACC_0996,ACC_0740,2024-03-17 14:00:00,123074.08,UPI
TXN_13158,ACC_0271,ACC_0043,2024-06-23 07:00:00,72557.39,RTGS
TXN_13159,ACC_0195,ACC_0316,2026-09-07 06:00:00,134665.65,UPI
TXN_13160,ACC_0538,ACC_0657,2026-11-03 07:00:00,360378.22,IMPS
TXN_13161,ACC_0898,ACC_0550,2025-03-05 06:00:00,237716.23,NEFT
TXN_13162,ACC_0650,ACC_0715,2026-02-11 18:00:00,83663.21,RTGS
TXN_13163,ACC_0979,ACC_0604,2024-03-29 16:00:00,317729.73,UPI
TXN_13164,ACC_0587,ACC_1000,2025-05-14 03:00:00,464626.22,RTGS
TXN_13165,ACC_0278,ACC_0496,2024-11-17 04:00:00,393507.9,UPI
TXN_13166,ACC_0688,ACC_0978,2024-08-10 03:00:00,147796.84,IMPS
TXN_13167,ACC_0762,ACC_0922,2024-07-21 19:00:00,201710.3,IMPS
TXN_13168,ACC_0608,ACC_0549,2025-10-19 07:00:00,378385.56,UPI
TXN_13169,ACC_0496,ACC_0396,2025-12-05 16:00:00,135209.71,UPI
TXN_13170,ACC_0932,ACC_0354,2025-06-16 07:00:00,386686.48,RTGS
TXN_13171,ACC_0129,ACC_0104,2026-09-14 16:00:00,486282.46,RTGS
TXN_13172,ACC_0792,ACC_0905,2024-07-16 01:00:00,320895.26,RTGS
TXN_13173,ACC_0955,ACC_0331,2026-09-24 12:00:00,474174.33,IMPS
TXN_13174,ACC_0507,ACC_0688,2024-01-13 15:00:00,425292.1,IMPS
TXN_13175,ACC_0123,ACC_0740,2026-08-16 02:00:00,319341.66,IMPS
TXN_13176,ACC_1008,ACC_0998,2025-11-29 02:00:00,224571.92,UPI
TXN_13177,ACC_0825,ACC_0609,2026-10-29 22:00:00,333780.95,RTGS
TXN_13178,ACC_0888,ACC_0536,2024-10-27 04:00:00,154949.88,IMPS
TXN_13179,ACC_0454,ACC_0197,2026-06-16 08:00:00,110424.19,UPI
TXN_13180,ACC_0861,ACC_0093,2025-11-20 04:00:00,206326.93,NEFT
TXN_13181,ACC_0684,ACC_0357,2025-08-26 13:00:00,153493.54,RTGS
TXN_13182,ACC_0598,ACC_0870,2025-10-21 10:00:00,69746.49,NEFT
TXN_13183,ACC_0308,ACC_0423,2024-11-16 08:00:00,217173.23,IMPS
TXN_13184,ACC_0681,ACC_0147,2025-03-19 19:00:00,102819.02,IMPS
TXN_13185,ACC_0226,ACC_0587,2024-01-22 17:00:00,466445.06,RTGS
TXN_13186,ACC_0867,ACC_0261,2026-02-28 18:00:00,450048.42,NEFT
TXN_13187,ACC_0622,ACC_0078,2025-05-10 19:00:00,176616.18,UPI
TXN_13188,ACC_0954,ACC_0485,2024-07-18 03:00:00,248635.83,NEFT
TXN_13189,ACC_0210,ACC_0795,2026-09-25 19:00:00,29450.32,RTGS
TXN_13190,ACC_0149,ACC_0921,2024-05-29 00:00:00,360230.12,NEFT
TXN_13191,ACC_0279,ACC_0234,2025-05-04 13:00:00,405857.46,UPI
TXN_13192,ACC_0935,ACC_0686,2024-08-23 18:00:00,139121.27,NEFT
TXN_13193,ACC_0146,ACC_0436,2026-04-26 20:00:00,382943.49,UPI
TXN_13194,ACC_0350,ACC_0725,2026-01-23 21:00:00,293378.71,RTGS
TXN_13195,ACC_0877,ACC_0018,2026-07-06 08:00:00,320484.02,UPI
TXN_13196,ACC_0711,ACC_0058,2025-07-09 05:00:00,419721.1,IMPS
TXN_13197,ACC_0653,ACC_0370,2026-10-28 13:00:00,433426.41,UPI
TXN_13198,ACC_0916,ACC_0330,2025-04-21 21:00:00,32766.55,IMPS
TXN_13199,ACC_0367,ACC_0499,2024-12-31 20:00:00,195167.21,UPI
TXN_13200,ACC_0421,ACC_0710,2026-05-28 10:00:00,273261.65,IMPS
TXN_13201,ACC_0906,ACC_0250,2026-09-09 15:00:00,318124.33,NEFT
TXN_13202,ACC_0749,ACC_0810,2024-01-06 18:00:00,258320.57,NEFT
TXN_13203,ACC_0370,ACC_0606,2026-03-17 17:00:00,103901.94,NEFT
TXN_13204,ACC_0960,ACC_0499,2026-06-06 08:00:00,498368.92,NEFT
TXN_13205,ACC_0876,ACC_0476,2024-01-21 12:00:00,142738.28,IMPS
TXN_13206,ACC_0723,ACC_0021,2026-01-28 11:00:00,164820.22,IMPS
TXN_13207,ACC_0589,ACC_0162,2024-08-19 11:00:00,274952.07,NEFT
TXN_13208,ACC_0697,ACC_0156,2026-02-17 03:00:00,122174.38,NEFT
TXN_13209,ACC_0470,ACC_0275,2026-11-04 13:00:00,420582.21,UPI
TXN_13210,ACC_0965,ACC_0849,2026-04-08 21:00:00,429812.4,RTGS
TXN_13211,ACC_0599,ACC_0288,2024-02-02 12:00:00,190931.91,UPI
TXN_13212,ACC_1001,ACC_0986,2026-08-16 05:00:00,400092.08,UPI
TXN_13213,ACC_0723,ACC_0039,2025-01-18 04:00:00,208483.62,RTGS
TXN_13214,ACC_0650,ACC_0299,2025-11-30 11:00:00,220261.35,NEFT
TXN_13215,ACC_0208,ACC_0777,2025-04-06 01:00:00,358632.13,NEFT
TXN_13216,ACC_0819,ACC_0198,2025-05-18 17:00:00,402618.51,IMPS
TXN_13217,ACC_0425,ACC_0293,2025-10-31 13:00:00,453034.92,IMPS
TXN_13218,ACC_0652,ACC_0242,2025-09-02 08:00:00,53801.89,RTGS
TXN_13219,ACC_0754,ACC_0141,2025-09-23 09:00:00,89489.4,NEFT
TXN_13220,ACC_0513,ACC_1031,2024-10-26 09:00:00,168271.16,UPI
TXN_13221,ACC_0975,ACC_0018,2024-04-04 04:00:00,234247.42,NEFT
TXN_13222,ACC_0600,ACC_0117,2026-08-24 17:00:00,404036.85,NEFT
TXN_13223,ACC_0591,ACC_0492,2024-08-22 02:00:00,165058.49,RTGS
TXN_13224,ACC_0061,ACC_0911,2024-08-28 02:00:00,95040.5,UPI
TXN_13225,ACC_0867,ACC_0622,2025-07-23 09:00:00,347608.11,NEFT
TXN_13226,ACC_0582,ACC_0856,2025-03-30 18:00:00,188315.43,NEFT
TXN_13227,ACC_0876,ACC_0516,2025-04-03 02:00:00,414548.54,UPI
TXN_13228,ACC_0217,ACC_0139,2026-09-22 11:00:00,247026.44,RTGS
TXN_13229,ACC_0295,ACC_0749,2024-04-19 18:00:00,133645.15,RTGS
TXN_13230,ACC_0062,ACC_0883,2025-05-11 19:00:00,449773.6,IMPS
TXN_13231,ACC_0726,ACC_0592,2024-06-06 17:00:00,304470.14,RTGS
TXN_13232,ACC_0297,ACC_0329,2024-10-18 02:00:00,110535.77,IMPS
TXN_13233,ACC_0696,ACC_0088,2025-04-11 19:00:00,339445.03,NEFT
TXN_13234,ACC_0902,ACC_0832,2024-06-17 00:00:00,140090.3,UPI
TXN_13235,ACC_0591,ACC_0547,2025-11-05 16:00:00,264872.01,RTGS
TXN_13236,ACC_0665,ACC_0865,2024-05-11 17:00:00,180028.38,IMPS
TXN_13237,ACC_0540,ACC_0997,2024-02-13 14:00:00,371056.33,RTGS
TXN_13238,ACC_0798,ACC_0092,2024-08-20 14:00:00,430790.94,RTGS
TXN_13239,ACC_0163,ACC_0385,2026-02-04 05:00:00,368774.31,IMPS
TXN_13240,ACC_0018,ACC_0996,2024-12-09 18:00:00,482524.56,UPI
TXN_13241,ACC_0707,ACC_0148,2025-06-24 00:00:00,375524.37,RTGS
TXN_13242,ACC_0170,ACC_0565,2025-09-25 02:00:00,495818.14,RTGS
TXN_13243,ACC_0377,ACC_0522,2024-04-13 13:00:00,484422.54,IMPS
TXN_13244,ACC_0047,ACC_0976,2025-03-30 07:00:00,146794.5,UPI
TXN_13245,ACC_0927,ACC_0255,2026-09-29 18:00:00,77445.72,IMPS
TXN_13246,ACC_0263,ACC_0832,2026-02-14 16:00:00,474197.65,IMPS
TXN_13247,ACC_0214,ACC_0068,2024-03-31 09:00:00,410629.52,IMPS
TXN_13248,ACC_1020,ACC_0532,2026-09-11 13:00:00,421983.49,UPI
TXN_13249,ACC_1036,ACC_0653,2025-04-21 10:00:00,410107.02,UPI
TXN_13250,ACC_0981,ACC_0481,2024-04-07 10:00:00,190636.36,IMPS
TXN_13251,ACC_0233,ACC_0769,2024-06-06 08:00:00,382063.36,IMPS
TXN_13252,ACC_0834,ACC_0270,2024-09-30 10:00:00,300723.53,NEFT
TXN_13253,ACC_0847,ACC_0278,2025-09-07 11:00:00,208861.89,UPI
TXN_13254,ACC_0194,ACC_0921,2026-10-01 23:00:00,393632.17,UPI
TXN_13255,ACC_0619,ACC_0664,2024-05-27 12:00:00,350850.6,NEFT
TXN_13256,ACC_0144,ACC_0295,2026-05-13 21:00:00,54406.63,RTGS
TXN_13257,ACC_0155,ACC_0204,2025-02-06 01:00:00,338414.99,RTGS
TXN_13258,ACC_0584,ACC_1022,2025-04-18 06:00:00,91780.25,UPI
TXN_13259,ACC_0462,ACC_0403,2024-08-21 03:00:00,344078.39,UPI
TXN_13260,ACC_0640,ACC_0071,2025-05-06 22:00:00,78974.15,RTGS
TXN_13261,ACC_0230,ACC_0912,2025-09-30 11:00:00,97100.42,IMPS
TXN_13262,ACC_0246,ACC_0852,2024-05-25 01:00:00,343738.66,UPI
TXN_13263,ACC_0837,ACC_0971,2026-02-25 08:00:00,56231.85,IMPS
TXN_13264,ACC_0488,ACC_0070,2025-08-01 02:00:00,63817.82,UPI
TXN_13265,ACC_1023,ACC_0182,2025-01-28 06:00:00,231078.14,NEFT
TXN_13266,ACC_0789,ACC_0832,2024-02-20 03:00:00,205357.77,RTGS
TXN_13267,ACC_0084,ACC_0408,2024-09-26 02:00:00,472898.15,NEFT
TXN_13268,ACC_0752,ACC_0351,2024-09-22 02:00:00,362823.84,NEFT
TXN_13269,ACC_0883,ACC_0977,2025-11-01 02:00:00,126087.56,UPI
TXN_13270,ACC_0578,ACC_0841,2026-09-04 07:00:00,135000.92,IMPS
TXN_13271,ACC_0616,ACC_0229,2024-06-23 22:00:00,418566.3,IMPS
TXN_13272,ACC_0532,ACC_0737,2026-06-23 12:00:00,384747.44,NEFT
TXN_13273,ACC_0079,ACC_0912,2025-12-26 21:00:00,227913.22,RTGS
TXN_13274,ACC_0206,ACC_0888,2026-02-10 06:00:00,41782.82,UPI
TXN_13275,ACC_0372,ACC_0213,2024-01-12 16:00:00,150797.72,NEFT
TXN_13276,ACC_0807,ACC_0366,2025-12-21 03:00:00,413619.17,RTGS
TXN_13277,ACC_1013,ACC_0180,2025-01-07 01:00:00,134997.81,IMPS
TXN_13278,ACC_0787,ACC_0476,2025-11-25 14:00:00,58887.19,NEFT
TXN_13279,ACC_0746,ACC_0341,2024-03-26 02:00:00,73177.63,UPI
TXN_13280,ACC_0001,ACC_0739,2025-08-08 10:00:00,306317.04,RTGS
TXN_13281,ACC_0238,ACC_0321,2026-09-21 04:00:00,95783.7,RTGS
TXN_13282,ACC_0143,ACC_1033,2024-05-19 18:00:00,7758.42,UPI
TXN_13283,ACC_0738,ACC_0037,2026-02-24 16:00:00,321025.86,IMPS
TXN_13284,ACC_0841,ACC_0808,2025-05-12 13:00:00,21845.22,NEFT
TXN_13285,ACC_0208,ACC_0594,2024-03-04 11:00:00,456535.66,IMPS
TXN_13286,ACC_0357,ACC_0428,2025-11-23 03:00:00,257634.99,IMPS
TXN_13287,ACC_0657,ACC_0279,2026-05-10 10:00:00,96067.72,RTGS
TXN_13288,ACC_0148,ACC_0268,2024-12-10 16:00:00,56022.14,UPI
TXN_13289,ACC_0642,ACC_0269,2025-12-31 11:00:00,343632.75,RTGS
TXN_13290,ACC_0102,ACC_0598,2024-05-06 18:00:00,51030.6,RTGS
TXN_13291,ACC_0638,ACC_0818,2025-11-02 21:00:00,76554.3,IMPS
TXN_13292,ACC_0031,ACC_0574,2025-01-03 01:00:00,66734.42,UPI
TXN_13293,ACC_0082,ACC_0484,2024-12-27 13:00:00,258214.13,RTGS
TXN_13294,ACC_0896,ACC_0566,2026-04-11 22:00:00,168021.51,NEFT
TXN_13295,ACC_0630,ACC_0866,2025-10-12 22:00:00,418700.61,UPI
TXN_13296,ACC_0418,ACC_0853,2026-03-18 23:00:00,120876.61,UPI
TXN_13297,ACC_0627,ACC_0986,2026-02-17 19:00:00,288821.6,NEFT
TXN_13298,ACC_0174,ACC_0114,2025-10-18 08:00:00,180786.03,NEFT
TXN_13299,ACC_0806,ACC_0468,2025-08-18 20:00:00,466233.37,NEFT
TXN_13300,ACC_0842,ACC_0972,2024-10-04 14:00:00,117723.67,UPI
TXN_13301,ACC_0822,ACC_0921,2025-10-25 05:00:00,397742.83,IMPS
TXN_13302,ACC_0040,ACC_0911,2025-12-08 16:00:00,71294.25,UPI
TXN_13303,ACC_0918,ACC_0611,2024-12-21 06:00:00,32046.93,IMPS
TXN_13304,ACC_0348,ACC_0936,2025-07-21 03:00:00,279008.39,NEFT
TXN_13305,ACC_0175,ACC_0138,2024-12-14 03:00:00,318909.9,NEFT
TXN_13306,ACC_0342,ACC_1000,2024-12-20 14:00:00,91560.02,UPI
TXN_13307,ACC_0350,ACC_0259,2026-06-24 13:00:00,407058.02,RTGS
TXN_13308,ACC_1040,ACC_0371,2026-05-04 12:00:00,218931.46,NEFT
TXN_13309,ACC_0092,ACC_0464,2025-04-23 16:00:00,45156.61,UPI
TXN_13310,ACC_0252,ACC_0999,2026-07-06 09:00:00,162428.55,UPI
TXN_13311,ACC_0425,ACC_0063,2025-08-29 03:00:00,374144.2,RTGS
TXN_13312,ACC_0544,ACC_0223,2024-03-26 11:00:00,431877.29,IMPS
TXN_13313,ACC_0876,ACC_0756,2025-11-03 06:00:00,333894.9,UPI
TXN_13314,ACC_0455,ACC_0385,2025-11-12 17:00:00,153075.43,UPI
TXN_13315,ACC_0777,ACC_0782,2024-06-27 18:00:00,109875.08,RTGS
TXN_13316,ACC_0638,ACC_0719,2024-06-15 21:00:00,233742.72,NEFT
TXN_13317,ACC_0813,ACC_0633,2024-11-22 23:00:00,320366.58,NEFT
TXN_13318,ACC_0826,ACC_0003,2024-08-20 12:00:00,71164.81,RTGS
TXN_13319,ACC_0970,ACC_0373,2025-08-26 22:00:00,200994.06,RTGS
TXN_13320,ACC_0216,ACC_0150,2025-01-19 11:00:00,482013.9,NEFT
TXN_13321,ACC_0839,ACC_0033,2024-05-19 13:00:00,352970.13,IMPS
TXN_13322,ACC_0505,ACC_0732,2026-03-05 23:00:00,79764.11,UPI
TXN_13323,ACC_0762,ACC_0421,2024-07-10 05:00:00,417524.08,IMPS
TXN_13324,ACC_0489,ACC_0911,2026-08-20 18:00:00,217857.12,NEFT
TXN_13325,ACC_0788,ACC_0235,2025-02-28 02:00:00,16838.78,RTGS
TXN_13326,ACC_0855,ACC_0390,2026-07-02 16:00:00,309164.87,RTGS
TXN_13327,ACC_0808,ACC_1016,2024-04-01 13:00:00,203656.26,RTGS
TXN_13328,ACC_0963,ACC_0053,2026-03-05 21:00:00,216134.09,RTGS
TXN_13329,ACC_0262,ACC_0523,2024-04-22 22:00:00,362176.34,RTGS
TXN_13330,ACC_0926,ACC_0316,2024-01-08 23:00:00,444038.02,UPI
TXN_13331,ACC_0996,ACC_0315,2025-10-27 18:00:00,466240.97,IMPS
TXN_13332,ACC_0563,ACC_0339,2025-04-11 15:00:00,309838.06,UPI
TXN_13333,ACC_0632,ACC_0041,2024-09-10 08:00:00,315609.4,RTGS
TXN_13334,ACC_0672,ACC_0972,2024-07-13 18:00:00,308637.71,NEFT
TXN_13335,ACC_0193,ACC_0419,2026-08-30 17:00:00,361775.54,UPI
TXN_13336,ACC_0740,ACC_0921,2024-10-05 19:00:00,302675.92,IMPS
TXN_13337,ACC_0452,ACC_0859,2024-07-03 14:00:00,326424.3,NEFT
TXN_13338,ACC_0663,ACC_0480,2025-12-11 05:00:00,104454.25,NEFT
TXN_13339,ACC_0961,ACC_0341,2025-11-05 17:00:00,451093.81,IMPS
TXN_13340,ACC_0760,ACC_0503,2026-05-27 03:00:00,107692.06,NEFT
TXN_13341,ACC_0289,ACC_0826,2026-08-11 12:00:00,383123.85,IMPS
TXN_13342,ACC_0239,ACC_0894,2026-02-10 07:00:00,98412.94,UPI
TXN_13343,ACC_0072,ACC_0860,2026-04-18 10:00:00,335841.46,UPI
TXN_13344,ACC_0913,ACC_0157,2026-01-22 07:00:00,266019.51,NEFT
TXN_13345,ACC_0475,ACC_0287,2024-12-09 00:00:00,418293.52,IMPS
TXN_13346,ACC_0676,ACC_0820,2026-02-22 01:00:00,90223.69,RTGS
TXN_13347,ACC_0556,ACC_0593,2024-01-20 06:00:00,371641.89,UPI
TXN_13348,ACC_0516,ACC_0557,2024-05-07 00:00:00,228777.42,RTGS
TXN_13349,ACC_0270,ACC_0216,2025-07-09 00:00:00,304493.24,NEFT
TXN_13350,ACC_0008,ACC_0683,2024-06-02 00:00:00,114596.82,RTGS
TXN_13351,ACC_0611,ACC_0582,2024-04-12 15:00:00,457885.55,RTGS
TXN_13352,ACC_0366,ACC_0974,2025-03-16 01:00:00,383142.68,NEFT
TXN_13353,ACC_0301,ACC_0875,2024-06-22 08:00:00,319463.94,NEFT
TXN_13354,ACC_0717,ACC_0143,2026-06-06 15:00:00,392810.63,IMPS
TXN_13355,ACC_0848,ACC_1018,2025-11-05 04:00:00,405832.47,IMPS
TXN_13356,ACC_0723,ACC_0628,2025-10-03 03:00:00,451549.14,RTGS
TXN_13357,ACC_0233,ACC_0340,2025-01-06 10:00:00,418461.25,IMPS
TXN_13358,ACC_0697,ACC_0349,2024-03-04 21:00:00,19623.84,IMPS
TXN_13359,ACC_0825,ACC_0937,2026-08-30 10:00:00,95030.45,UPI
TXN_13360,ACC_0818,ACC_0213,2024-07-30 02:00:00,85507.72,NEFT
TXN_13361,ACC_1005,ACC_0443,2025-04-13 03:00:00,445480.07,RTGS
TXN_13362,ACC_0079,ACC_0804,2024-06-08 17:00:00,210367.72,IMPS
TXN_13363,ACC_0191,ACC_0998,2025-02-19 14:00:00,86085.03,NEFT
TXN_13364,ACC_0402,ACC_0880,2025-06-19 23:00:00,69940.55,RTGS
TXN_13365,ACC_1000,ACC_1023,2026-05-05 07:00:00,47766.59,IMPS
TXN_13366,ACC_0285,ACC_0315,2025-05-05 08:00:00,35052.99,RTGS
TXN_13367,ACC_0649,ACC_0648,2025-04-01 19:00:00,449852.26,UPI
TXN_13368,ACC_0792,ACC_0666,2025-11-10 12:00:00,465162.93,UPI
TXN_13369,ACC_0953,ACC_0984,2024-02-24 03:00:00,26792.4,UPI
TXN_13370,ACC_0357,ACC_0639,2025-05-31 13:00:00,482692.76,NEFT
TXN_13371,ACC_0830,ACC_0649,2025-05-03 03:00:00,37822.06,RTGS
TXN_13372,ACC_0825,ACC_0692,2026-06-03 18:00:00,14942.53,NEFT
TXN_13373,ACC_0535,ACC_0136,2025-01-21 21:00:00,289012.82,IMPS
TXN_13374,ACC_0333,ACC_0637,2024-12-08 17:00:00,270333.88,UPI
TXN_13375,ACC_0011,ACC_0007,2024-01-14 17:00:00,2012.7,RTGS
TXN_13376,ACC_0299,ACC_0638,2025-03-18 20:00:00,24803.75,UPI
TXN_13377,ACC_0792,ACC_0544,2026-02-25 21:00:00,155986.12,UPI
TXN_13378,ACC_0493,ACC_0533,2025-01-03 04:00:00,30968.19,UPI
TXN_13379,ACC_0988,ACC_0968,2024-02-29 21:00:00,201040.25,UPI
TXN_13380,ACC_0673,ACC_0344,2026-01-19 13:00:00,336795.86,IMPS
TXN_13381,ACC_0950,ACC_0333,2025-10-11 17:00:00,280053.75,IMPS
TXN_13382,ACC_0312,ACC_0681,2025-10-05 22:00:00,378053.76,UPI
TXN_13383,ACC_0414,ACC_0155,2025-03-11 02:00:00,2713.91,UPI
TXN_13384,ACC_0137,ACC_0904,2024-10-29 19:00:00,291147.43,NEFT
TXN_13385,ACC_0266,ACC_0249,2024-01-06 19:00:00,290963.28,IMPS
TXN_13386,ACC_0047,ACC_0523,2026-08-25 05:00:00,357986.43,UPI
TXN_13387,ACC_0300,ACC_0006,2026-02-01 10:00:00,200947.35,UPI
TXN_13388,ACC_0310,ACC_0649,2025-09-02 17:00:00,264137.14,RTGS
TXN_13389,ACC_0706,ACC_0154,2024-06-04 14:00:00,434826.77,NEFT
TXN_13390,ACC_0705,ACC_0349,2025-06-18 14:00:00,189861.28,IMPS
TXN_13391,ACC_0797,ACC_0430,2025-09-14 01:00:00,98605.79,RTGS
TXN_13392,ACC_0080,ACC_0533,2024-12-31 17:00:00,347792.84,IMPS
TXN_13393,ACC_0800,ACC_0796,2024-09-05 04:00:00,30915.68,IMPS
TXN_13394,ACC_0680,ACC_0077,2025-10-21 07:00:00,126161.22,UPI
TXN_13395,ACC_0620,ACC_0666,2024-12-11 03:00:00,170485.69,UPI
TXN_13396,ACC_0241,ACC_0655,2026-06-24 02:00:00,488465.96,UPI
TXN_13397,ACC_0335,ACC_0334,2025-08-07 05:00:00,485446.14,NEFT
TXN_13398,ACC_0299,ACC_0889,2026-10-24 22:00:00,15051.16,IMPS
TXN_13399,ACC_0856,ACC_0306,2026-06-24 15:00:00,46213.86,IMPS
TXN_13400,ACC_0195,ACC_0276,2024-09-08 11:00:00,338685.25,NEFT
TXN_13401,ACC_0693,ACC_0461,2026-01-14 13:00:00,118020.92,UPI
TXN_13402,ACC_0470,ACC_0178,2026-11-06 14:00:00,262375.37,NEFT
TXN_13403,ACC_0001,ACC_0698,2024-06-26 18:00:00,352314.18,NEFT
TXN_13404,ACC_0965,ACC_0516,2026-09-17 12:00:00,469728.56,NEFT
TXN_13405,ACC_0291,ACC_0721,2024-05-05 21:00:00,493419.84,UPI
TXN_13406,ACC_0513,ACC_0866,2024-04-30 18:00:00,173625.06,NEFT
TXN_13407,ACC_0047,ACC_0292,2025-02-14 20:00:00,331176.21,IMPS
TXN_13408,ACC_0392,ACC_0972,2025-04-05 13:00:00,17400.43,NEFT
TXN_13409,ACC_0898,ACC_0128,2026-03-20 08:00:00,210982.27,NEFT
TXN_13410,ACC_0298,ACC_0290,2024-11-22 21:00:00,231178.13,UPI
TXN_13411,ACC_0382,ACC_0419,2024-07-16 10:00:00,267205.65,IMPS
TXN_13412,ACC_0979,ACC_0508,2026-09-13 20:00:00,128677.37,NEFT
TXN_13413,ACC_0670,ACC_0640,2024-11-16 07:00:00,26679.55,IMPS
TXN_13414,ACC_0600,ACC_0137,2025-07-20 13:00:00,269751.0,RTGS
TXN_13415,ACC_0268,ACC_0604,2026-03-27 18:00:00,486168.22,NEFT
TXN_13416,ACC_0402,ACC_0864,2025-03-04 21:00:00,83677.82,NEFT
TXN_13417,ACC_0675,ACC_0317,2026-08-11 17:00:00,316868.14,UPI
TXN_13418,ACC_0434,ACC_0686,2025-10-21 11:00:00,293335.61,RTGS
TXN_13419,ACC_0953,ACC_0140,2025-05-27 15:00:00,331589.57,UPI
TXN_13420,ACC_0286,ACC_0982,2024-08-10 13:00:00,42527.67,IMPS
TXN_13421,ACC_0805,ACC_0251,2026-04-10 20:00:00,44589.2,IMPS
TXN_13422,ACC_0359,ACC_0358,2026-08-17 23:00:00,199142.12,UPI
TXN_13423,ACC_0282,ACC_0405,2025-05-26 03:00:00,156820.92,UPI
TXN_13424,ACC_0901,ACC_0962,2024-05-29 05:00:00,321666.91,UPI
TXN_13425,ACC_0792,ACC_0179,2024-04-17 19:00:00,447578.73,UPI
TXN_13426,ACC_0986,ACC_0543,2025-06-26 19:00:00,201705.72,UPI
TXN_13427,ACC_0925,ACC_0203,2025-03-25 20:00:00,285490.92,RTGS
TXN_13428,ACC_0947,ACC_0488,2024-11-24 09:00:00,202792.41,IMPS
TXN_13429,ACC_0684,ACC_0904,2024-05-15 07:00:00,74329.9,NEFT
TXN_13430,ACC_0980,ACC_0075,2026-01-14 06:00:00,418012.48,NEFT
TXN_13431,ACC_0860,ACC_0859,2024-05-06 16:00:00,276584.89,IMPS
TXN_13432,ACC_0879,ACC_0719,2024-05-26 11:00:00,210141.9,NEFT
TXN_13433,ACC_0609,ACC_0330,2025-02-10 04:00:00,342607.95,IMPS
TXN_13434,ACC_0790,ACC_0839,2024-10-26 12:00:00,225834.3,RTGS
TXN_13435,ACC_0348,ACC_0833,2026-06-16 20:00:00,372376.93,IMPS
TXN_13436,ACC_0904,ACC_1029,2025-02-21 15:00:00,39947.46,UPI
TXN_13437,ACC_0273,ACC_0171,2025-09-20 16:00:00,21095.31,UPI
TXN_13438,ACC_0548,ACC_0511,2025-04-21 21:00:00,39153.53,IMPS
TXN_13439,ACC_0225,ACC_0223,2026-08-01 10:00:00,462663.46,NEFT
TXN_13440,ACC_0972,ACC_0755,2026-06-28 13:00:00,19748.49,UPI
TXN_13441,ACC_1019,ACC_0536,2026-02-20 15:00:00,201956.01,UPI
TXN_13442,ACC_0285,ACC_1024,2025-02-09 17:00:00,74126.53,UPI
TXN_13443,ACC_0834,ACC_0323,2025-06-18 13:00:00,408730.03,IMPS
TXN_13444,ACC_0449,ACC_0905,2024-03-19 18:00:00,457626.08,UPI
TXN_13445,ACC_0617,ACC_0211,2025-06-01 22:00:00,163822.28,UPI
TXN_13446,ACC_0833,ACC_0361,2026-01-30 07:00:00,70980.14,NEFT
TXN_13447,ACC_0475,ACC_0404,2025-03-22 01:00:00,373029.83,NEFT
TXN_13448,ACC_0617,ACC_0962,2024-05-25 19:00:00,139411.78,IMPS
TXN_13449,ACC_0791,ACC_0238,2024-06-23 17:00:00,416795.63,IMPS
TXN_13450,ACC_0733,ACC_0725,2024-02-14 14:00:00,58620.77,NEFT
TXN_13451,ACC_0435,ACC_0059,2026-02-08 22:00:00,134001.79,RTGS
TXN_13452,ACC_0948,ACC_0087,2026-01-27 01:00:00,305590.57,UPI
TXN_13453,ACC_0680,ACC_0954,2024-12-08 16:00:00,20130.63,UPI
TXN_13454,ACC_0045,ACC_0306,2025-01-10 00:00:00,372881.43,NEFT
TXN_13455,ACC_1015,ACC_0152,2026-05-20 15:00:00,363046.61,UPI
TXN_13456,ACC_0578,ACC_0795,2025-06-30 17:00:00,323856.59,IMPS
TXN_13457,ACC_0951,ACC_0931,2025-02-04 09:00:00,342687.64,RTGS
TXN_13458,ACC_0670,ACC_0521,2024-05-30 11:00:00,137849.24,IMPS
TXN_13459,ACC_0239,ACC_0349,2024-02-14 05:00:00,204748.89,NEFT
TXN_13460,ACC_0804,ACC_0715,2024-03-28 05:00:00,157288.83,UPI
TXN_13461,ACC_0606,ACC_0765,2026-04-05 01:00:00,186286.19,UPI
TXN_13462,ACC_0729,ACC_0250,2025-04-07 18:00:00,45007.42,RTGS
TXN_13463,ACC_1002,ACC_0672,2026-03-21 11:00:00,269435.03,IMPS
TXN_13464,ACC_0257,ACC_0430,2026-01-10 21:00:00,320484.23,UPI
TXN_13465,ACC_0202,ACC_0119,2025-05-31 06:00:00,419622.37,UPI
TXN_13466,ACC_0249,ACC_0013,2024-03-10 23:00:00,393630.86,NEFT
TXN_13467,ACC_0408,ACC_0205,2026-04-26 06:00:00,291055.04,UPI
TXN_13468,ACC_1033,ACC_0751,2025-11-14 10:00:00,402650.58,RTGS
TXN_13469,ACC_0011,ACC_0500,2025-01-25 08:00:00,149678.67,RTGS
TXN_13470,ACC_0814,ACC_0500,2024-04-25 13:00:00,103816.55,RTGS
TXN_13471,ACC_0912,ACC_0389,2025-01-18 17:00:00,488226.08,RTGS
TXN_13472,ACC_0866,ACC_0882,2026-10-06 21:00:00,98713.67,RTGS
TXN_13473,ACC_0832,ACC_0982,2024-10-07 17:00:00,302665.29,IMPS
TXN_13474,ACC_0629,ACC_0757,2024-04-03 16:00:00,253406.9,RTGS
TXN_13475,ACC_0961,ACC_0772,2024-05-10 14:00:00,128896.91,NEFT
TXN_13476,ACC_0911,ACC_0614,2026-10-22 02:00:00,454848.91,IMPS
TXN_13477,ACC_0042,ACC_0358,2024-07-29 21:00:00,134672.35,UPI
TXN_13478,ACC_0103,ACC_1004,2025-04-24 12:00:00,150882.15,RTGS
TXN_13479,ACC_0242,ACC_0316,2025-02-10 01:00:00,270569.13,UPI
TXN_13480,ACC_0431,ACC_0265,2026-02-21 13:00:00,360949.32,UPI
TXN_13481,ACC_0454,ACC_0946,2025-03-09 08:00:00,38336.86,RTGS
TXN_13482,ACC_0616,ACC_0060,2025-04-04 09:00:00,152229.62,NEFT
TXN_13483,ACC_0298,ACC_0221,2025-12-22 21:00:00,157605.16,UPI
TXN_13484,ACC_0906,ACC_0595,2025-11-26 03:00:00,332901.15,NEFT
TXN_13485,ACC_0595,ACC_0398,2026-01-03 23:00:00,333392.07,UPI
TXN_13486,ACC_0103,ACC_0022,2026-05-29 11:00:00,345499.68,RTGS
TXN_13487,ACC_0588,ACC_0330,2024-11-04 21:00:00,42391.42,IMPS
TXN_13488,ACC_0417,ACC_0006,2024-12-20 12:00:00,216140.89,RTGS
TXN_13489,ACC_0128,ACC_0517,2024-04-02 13:00:00,280258.79,UPI
TXN_13490,ACC_0964,ACC_0498,2026-06-30 04:00:00,496519.93,IMPS
TXN_13491,ACC_0426,ACC_0279,2025-01-17 21:00:00,255637.99,NEFT
TXN_13492,ACC_0766,ACC_0785,2024-10-27 09:00:00,452209.09,NEFT
TXN_13493,ACC_0790,ACC_0066,2024-01-16 09:00:00,62442.65,UPI
TXN_13494,ACC_0511,ACC_0365,2025-11-28 14:00:00,114332.18,UPI
TXN_13495,ACC_0222,ACC_0387,2024-03-27 16:00:00,210929.16,IMPS
TXN_13496,ACC_0610,ACC_1009,2025-09-16 01:00:00,268574.9,IMPS
TXN_13497,ACC_0226,ACC_0361,2026-03-12 18:00:00,112361.53,NEFT
TXN_13498,ACC_0129,ACC_0396,2025-08-05 07:00:00,243884.95,NEFT
TXN_13499,ACC_0998,ACC_0190,2025-08-07 17:00:00,200768.99,UPI
TXN_13500,ACC_0064,ACC_0748,2024-12-31 02:00:00,108820.03,UPI
TXN_13501,ACC_0972,ACC_0590,2026-09-20 16:00:00,419935.6,IMPS
TXN_13502,ACC_0649,ACC_0806,2025-07-23 22:00:00,155556.49,IMPS
TXN_13503,ACC_0758,ACC_0873,2024-07-16 12:00:00,182674.21,UPI
TXN_13504,ACC_0545,ACC_0799,2024-09-30 05:00:00,21705.89,UPI
TXN_13505,ACC_0013,ACC_0027,2024-06-19 00:00:00,479165.92,RTGS
TXN_13506,ACC_0719,ACC_0481,2026-03-12 22:00:00,396810.71,NEFT
TXN_13507,ACC_0576,ACC_0473,2026-05-15 05:00:00,93927.74,IMPS
TXN_13508,ACC_0750,ACC_0622,2024-09-05 19:00:00,435253.66,IMPS
TXN_13509,ACC_0162,ACC_0881,2025-11-20 17:00:00,211205.14,RTGS
TXN_13510,ACC_0237,ACC_0213,2026-06-13 17:00:00,183034.53,RTGS
TXN_13511,ACC_0678,ACC_0291,2024-08-04 02:00:00,158164.84,RTGS
TXN_13512,ACC_0915,ACC_0421,2026-09-10 15:00:00,403957.37,NEFT
TXN_13513,ACC_0013,ACC_0547,2026-07-27 03:00:00,228855.88,IMPS
TXN_13514,ACC_0832,ACC_0192,2024-05-27 15:00:00,201865.08,UPI
TXN_13515,ACC_0397,ACC_0088,2024-04-24 00:00:00,25422.63,UPI
TXN_13516,ACC_0265,ACC_0521,2024-05-03 21:00:00,193963.17,UPI
TXN_13517,ACC_0515,ACC_0150,2025-12-20 00:00:00,229236.73,NEFT
TXN_13518,ACC_0460,ACC_0443,2025-12-16 18:00:00,224479.18,RTGS
TXN_13519,ACC_0220,ACC_0077,2026-06-12 22:00:00,142318.82,IMPS
TXN_13520,ACC_0865,ACC_0991,2025-11-12 03:00:00,135525.18,UPI
TXN_13521,ACC_0289,ACC_0722,2026-02-15 02:00:00,250886.73,RTGS
TXN_13522,ACC_0681,ACC_0846,2024-02-24 03:00:00,208166.41,NEFT
TXN_13523,ACC_0175,ACC_0476,2025-11-27 22:00:00,96803.91,RTGS
TXN_13524,ACC_0833,ACC_0993,2026-06-15 14:00:00,142999.02,RTGS
TXN_13525,ACC_0412,ACC_0414,2026-08-09 16:00:00,107266.86,UPI
TXN_13526,ACC_0609,ACC_0587,2025-02-10 08:00:00,466354.18,NEFT
TXN_13527,ACC_0760,ACC_0740,2026-09-28 14:00:00,93609.47,RTGS
TXN_13528,ACC_0123,ACC_0508,2026-03-28 14:00:00,330469.97,RTGS
TXN_13529,ACC_0247,ACC_0830,2024-12-02 18:00:00,240969.06,IMPS
TXN_13530,ACC_0651,ACC_0677,2025-02-06 15:00:00,409172.95,RTGS
TXN_13531,ACC_0714,ACC_0380,2024-11-18 00:00:00,118317.42,NEFT
TXN_13532,ACC_0482,ACC_0699,2026-03-17 11:00:00,284799.76,NEFT
TXN_13533,ACC_0152,ACC_0170,2026-09-26 18:00:00,187702.46,RTGS
TXN_13534,ACC_0957,ACC_0965,2024-06-20 10:00:00,303892.3,NEFT
TXN_13535,ACC_0800,ACC_0444,2026-10-31 02:00:00,280139.45,IMPS
TXN_13536,ACC_0530,ACC_0250,2025-12-26 00:00:00,328832.04,UPI
TXN_13537,ACC_1013,ACC_0247,2024-04-09 00:00:00,143363.45,NEFT
TXN_13538,ACC_0735,ACC_0380,2025-07-09 00:00:00,163318.6,UPI
TXN_13539,ACC_0414,ACC_0013,2025-08-31 18:00:00,333586.82,UPI
TXN_13540,ACC_0783,ACC_0479,2025-03-22 11:00:00,97519.68,UPI
TXN_13541,ACC_0693,ACC_0409,2026-01-31 03:00:00,61747.03,IMPS
TXN_13542,ACC_0680,ACC_0353,2026-05-13 17:00:00,115720.25,RTGS
TXN_13543,ACC_0519,ACC_0353,2025-02-21 11:00:00,289490.54,NEFT
TXN_13544,ACC_0666,ACC_0181,2024-05-13 21:00:00,384490.47,NEFT
TXN_13545,ACC_0923,ACC_0978,2026-06-20 17:00:00,63845.26,UPI
TXN_13546,ACC_1039,ACC_0966,2025-11-19 23:00:00,165702.72,IMPS
TXN_13547,ACC_0535,ACC_0591,2025-02-01 16:00:00,450181.21,UPI
TXN_13548,ACC_0418,ACC_0342,2024-07-03 07:00:00,78438.45,RTGS
TXN_13549,ACC_0070,ACC_0233,2025-01-14 11:00:00,318211.57,NEFT
TXN_13550,ACC_0160,ACC_0624,2025-11-22 11:00:00,334166.53,RTGS
TXN_13551,ACC_1033,ACC_0247,2026-02-25 09:00:00,61264.43,IMPS
TXN_13552,ACC_0090,ACC_0492,2024-05-23 15:00:00,359273.56,RTGS
TXN_13553,ACC_0706,ACC_0427,2024-04-19 16:00:00,93123.21,UPI
TXN_13554,ACC_0347,ACC_0748,2024-10-29 00:00:00,236358.97,IMPS
TXN_13555,ACC_0464,ACC_0798,2024-12-14 16:00:00,277691.28,RTGS
TXN_13556,ACC_0954,ACC_0575,2025-06-27 15:00:00,56023.68,IMPS
TXN_13557,ACC_0912,ACC_0188,2024-07-10 13:00:00,258054.58,UPI
TXN_13558,ACC_0893,ACC_0967,2024-04-18 01:00:00,88240.57,IMPS
TXN_13559,ACC_0414,ACC_0062,2025-11-30 11:00:00,44226.57,NEFT
TXN_13560,ACC_0883,ACC_0951,2025-02-16 12:00:00,474771.83,NEFT
TXN_13561,ACC_0043,ACC_0608,2026-06-18 04:00:00,308886.59,IMPS
TXN_13562,ACC_0509,ACC_0060,2024-09-30 02:00:00,54009.2,UPI
TXN_13563,ACC_0474,ACC_1020,2024-11-21 16:00:00,416656.27,UPI
TXN_13564,ACC_0029,ACC_0329,2026-07-12 23:00:00,343392.35,IMPS
TXN_13565,ACC_0984,ACC_0532,2025-03-10 07:00:00,51936.57,NEFT
TXN_13566,ACC_0797,ACC_0160,2024-05-12 17:00:00,389115.42,NEFT
TXN_13567,ACC_0651,ACC_0664,2025-01-09 01:00:00,36047.78,RTGS
TXN_13568,ACC_0324,ACC_0296,2025-07-29 08:00:00,81586.91,UPI
TXN_13569,ACC_0375,ACC_0656,2024-06-26 17:00:00,92623.94,RTGS
TXN_13570,ACC_0485,ACC_0759,2024-05-08 01:00:00,482749.14,IMPS
TXN_13571,ACC_0314,ACC_0293,2026-05-19 01:00:00,415499.1,UPI
TXN_13572,ACC_0305,ACC_0849,2026-04-07 13:00:00,292406.13,NEFT
TXN_13573,ACC_0495,ACC_0876,2024-09-22 05:00:00,1712.19,RTGS
TXN_13574,ACC_0769,ACC_0083,2025-12-15 20:00:00,277365.24,RTGS
TXN_13575,ACC_0881,ACC_0293,2024-07-26 13:00:00,142924.74,IMPS
TXN_13576,ACC_1018,ACC_0755,2026-11-01 11:00:00,497998.19,IMPS
TXN_13577,ACC_0409,ACC_0240,2024-05-18 00:00:00,413087.94,RTGS
TXN_13578,ACC_0286,ACC_0555,2024-02-20 07:00:00,332846.32,IMPS
TXN_13579,ACC_0812,ACC_1032,2025-03-25 07:00:00,270704.76,UPI
TXN_13580,ACC_0334,ACC_0817,2025-05-09 17:00:00,412764.52,IMPS
TXN_13581,ACC_0601,ACC_0051,2025-10-08 20:00:00,250873.34,RTGS
TXN_13582,ACC_0395,ACC_0925,2025-01-09 16:00:00,323346.67,NEFT
TXN_13583,ACC_1034,ACC_0097,2025-08-04 02:00:00,290859.13,IMPS
TXN_13584,ACC_0690,ACC_1003,2024-01-22 14:00:00,246631.13,NEFT
TXN_13585,ACC_0955,ACC_1007,2024-04-26 08:00:00,131116.46,NEFT
TXN_13586,ACC_0010,ACC_0944,2024-01-26 14:00:00,265050.02,NEFT
TXN_13587,ACC_0818,ACC_0532,2025-07-23 17:00:00,196012.93,NEFT
TXN_13588,ACC_1032,ACC_0406,2026-08-21 10:00:00,309339.9,RTGS
TXN_13589,ACC_0687,ACC_0454,2024-03-30 10:00:00,49135.75,RTGS
TXN_13590,ACC_0788,ACC_0772,2025-02-26 10:00:00,323727.55,IMPS
TXN_13591,ACC_0338,ACC_0093,2025-03-02 05:00:00,135681.42,UPI
TXN_13592,ACC_0599,ACC_0289,2024-08-05 16:00:00,108547.78,NEFT
TXN_13593,ACC_0640,ACC_0550,2026-03-19 18:00:00,227351.07,IMPS
TXN_13594,ACC_0282,ACC_0295,2025-06-04 03:00:00,125840.97,UPI
TXN_13595,ACC_0682,ACC_0814,2024-09-30 10:00:00,293002.69,RTGS
TXN_13596,ACC_0340,ACC_0698,2024-03-31 15:00:00,144862.42,UPI
TXN_13597,ACC_0009,ACC_0923,2025-04-18 17:00:00,480973.72,RTGS
TXN_13598,ACC_0983,ACC_0347,2025-07-16 23:00:00,364245.73,UPI
TXN_13599,ACC_0089,ACC_0143,2025-02-10 02:00:00,390879.4,UPI
TXN_13600,ACC_1020,ACC_0225,2025-01-22 21:00:00,419284.4,IMPS
TXN_13601,ACC_0344,ACC_0439,2024-05-11 05:00:00,213928.72,NEFT
TXN_13602,ACC_0954,ACC_0972,2024-10-30 11:00:00,487555.67,RTGS
TXN_13603,ACC_0903,ACC_0579,2025-04-14 15:00:00,323578.89,NEFT
TXN_13604,ACC_0230,ACC_0685,2026-05-23 06:00:00,352098.68,NEFT
TXN_13605,ACC_0426,ACC_0759,2024-01-16 21:00:00,150104.85,NEFT
TXN_13606,ACC_0430,ACC_0389,2024-08-27 02:00:00,472734.8,NEFT
TXN_13607,ACC_0155,ACC_0118,2025-04-12 07:00:00,98915.12,UPI
TXN_13608,ACC_0208,ACC_0674,2024-07-24 15:00:00,221019.1,UPI
TXN_13609,ACC_0171,ACC_0591,2025-01-08 20:00:00,471322.47,NEFT
TXN_13610,ACC_0418,ACC_1005,2025-12-18 11:00:00,329573.13,RTGS
TXN_13611,ACC_0038,ACC_0709,2026-08-23 17:00:00,193908.95,IMPS
TXN_13612,ACC_0749,ACC_0130,2026-01-27 04:00:00,266755.66,UPI
TXN_13613,ACC_0565,ACC_0529,2025-07-03 13:00:00,335098.56,NEFT
TXN_13614,ACC_0034,ACC_0873,2024-05-08 16:00:00,102543.53,UPI
TXN_13615,ACC_0530,ACC_0510,2026-01-27 00:00:00,276581.65,IMPS
TXN_13616,ACC_0843,ACC_0800,2025-02-11 06:00:00,487259.85,NEFT
TXN_13617,ACC_0040,ACC_0201,2025-10-25 05:00:00,451452.12,IMPS
TXN_13618,ACC_0293,ACC_0368,2024-11-11 20:00:00,110181.26,RTGS
TXN_13619,ACC_0179,ACC_0851,2025-08-27 17:00:00,350042.9,NEFT
TXN_13620,ACC_0840,ACC_0195,2024-05-22 12:00:00,22990.3,UPI
TXN_13621,ACC_0333,ACC_0562,2024-10-26 04:00:00,98062.1,UPI
TXN_13622,ACC_0829,ACC_0900,2025-06-19 05:00:00,235170.01,IMPS
TXN_13623,ACC_0984,ACC_0953,2024-08-14 23:00:00,111792.78,NEFT
TXN_13624,ACC_0371,ACC_0174,2025-01-04 08:00:00,490171.58,UPI
TXN_13625,ACC_0583,ACC_0521,2024-11-15 01:00:00,247774.46,RTGS
TXN_13626,ACC_0967,ACC_0427,2026-04-26 06:00:00,27125.35,UPI
TXN_13627,ACC_0327,ACC_0753,2025-12-10 01:00:00,339978.67,NEFT
TXN_13628,ACC_0758,ACC_0890,2026-01-26 16:00:00,126143.41,NEFT
TXN_13629,ACC_0955,ACC_0346,2025-11-25 19:00:00,193787.03,UPI
TXN_13630,ACC_0616,ACC_0674,2026-07-01 06:00:00,431857.69,IMPS
TXN_13631,ACC_0414,ACC_0638,2026-07-15 14:00:00,22275.74,RTGS
TXN_13632,ACC_0678,ACC_0223,2024-09-27 05:00:00,251033.79,IMPS
TXN_13633,ACC_0237,ACC_1018,2026-07-20 23:00:00,281740.36,RTGS
TXN_13634,ACC_0437,ACC_1009,2024-08-26 17:00:00,273759.39,NEFT
TXN_13635,ACC_0530,ACC_0353,2025-05-16 18:00:00,439615.88,UPI
TXN_13636,ACC_0801,ACC_1013,2024-03-09 19:00:00,282408.9,IMPS
TXN_13637,ACC_0021,ACC_0327,2026-04-07 01:00:00,301155.03,NEFT
TXN_13638,ACC_0939,ACC_0842,2025-01-11 01:00:00,253949.32,NEFT
TXN_13639,ACC_0924,ACC_0778,2026-05-08 16:00:00,111072.3,UPI
TXN_13640,ACC_0537,ACC_0597,2025-08-29 10:00:00,86197.31,UPI
TXN_13641,ACC_0769,ACC_0101,2024-03-22 00:00:00,267018.24,UPI
TXN_13642,ACC_0891,ACC_0757,2025-01-31 22:00:00,425143.54,RTGS
TXN_13643,ACC_0064,ACC_0700,2024-01-20 15:00:00,381046.77,IMPS
TXN_13644,ACC_0031,ACC_0129,2024-02-06 22:00:00,395859.77,NEFT
TXN_13645,ACC_0068,ACC_0949,2025-01-07 13:00:00,444065.61,NEFT
TXN_13646,ACC_0410,ACC_0477,2026-07-17 17:00:00,399642.77,NEFT
TXN_13647,ACC_0638,ACC_0221,2026-08-06 14:00:00,82643.08,IMPS
TXN_13648,ACC_0345,ACC_0215,2026-02-15 17:00:00,384215.73,UPI
TXN_13649,ACC_0285,ACC_0234,2024-11-25 06:00:00,131577.54,IMPS
TXN_13650,ACC_0678,ACC_0278,2024-04-18 12:00:00,289206.38,UPI
TXN_13651,ACC_0249,ACC_1037,2026-02-17 10:00:00,91171.22,NEFT
TXN_13652,ACC_0182,ACC_0905,2024-10-03 00:00:00,180527.55,UPI
TXN_13653,ACC_0314,ACC_0932,2025-01-11 08:00:00,256637.58,RTGS
TXN_13654,ACC_1016,ACC_0477,2026-05-22 05:00:00,338560.83,RTGS
TXN_13655,ACC_0532,ACC_1011,2026-10-24 08:00:00,196187.86,UPI
TXN_13656,ACC_0384,ACC_0478,2025-05-02 17:00:00,281125.16,RTGS
TXN_13657,ACC_0497,ACC_0834,2024-03-22 06:00:00,375710.48,UPI
TXN_13658,ACC_0274,ACC_0732,2025-01-15 00:00:00,201802.35,IMPS
TXN_13659,ACC_0487,ACC_0561,2026-03-07 06:00:00,271124.71,UPI
TXN_13660,ACC_0970,ACC_0506,2024-02-13 13:00:00,58303.55,NEFT
TXN_13661,ACC_0073,ACC_0350,2024-07-24 00:00:00,422449.62,RTGS
TXN_13662,ACC_0778,ACC_0604,2025-05-14 02:00:00,90602.21,IMPS
TXN_13663,ACC_0407,ACC_0892,2024-04-03 02:00:00,65016.66,IMPS
TXN_13664,ACC_0365,ACC_0888,2025-10-01 02:00:00,488063.58,UPI
TXN_13665,ACC_1002,ACC_1012,2026-06-18 11:00:00,464899.68,NEFT
TXN_13666,ACC_0767,ACC_0691,2024-11-29 08:00:00,224021.08,UPI
TXN_13667,ACC_0488,ACC_0362,2025-01-31 00:00:00,161642.12,UPI
TXN_13668,ACC_1030,ACC_0172,2024-04-20 05:00:00,242357.43,NEFT
TXN_13669,ACC_0277,ACC_0338,2025-03-23 04:00:00,457898.39,IMPS
TXN_13670,ACC_0500,ACC_0951,2025-07-22 21:00:00,149105.77,IMPS
TXN_13671,ACC_0444,ACC_0417,2026-07-16 23:00:00,313661.81,IMPS
TXN_13672,ACC_1034,ACC_0337,2025-01-09 11:00:00,23791.07,RTGS
TXN_13673,ACC_0255,ACC_0383,2025-11-04 00:00:00,74357.85,UPI
TXN_13674,ACC_0142,ACC_0610,2025-05-19 22:00:00,392770.06,UPI
TXN_13675,ACC_0372,ACC_0529,2026-01-20 07:00:00,438488.51,NEFT
TXN_13676,ACC_0338,ACC_1001,2026-10-23 15:00:00,493227.8,NEFT
TXN_13677,ACC_0370,ACC_0553,2025-03-04 04:00:00,246035.08,IMPS
TXN_13678,ACC_0220,ACC_0069,2025-07-20 00:00:00,107220.03,IMPS
TXN_13679,ACC_0213,ACC_0467,2025-03-26 20:00:00,195888.63,RTGS
TXN_13680,ACC_0558,ACC_0080,2025-11-26 11:00:00,224353.77,RTGS
TXN_13681,ACC_0186,ACC_0783,2025-03-11 09:00:00,15672.96,RTGS
TXN_13682,ACC_0822,ACC_0530,2025-11-08 09:00:00,338887.51,RTGS
TXN_13683,ACC_0013,ACC_0328,2025-06-08 23:00:00,52563.79,UPI
TXN_13684,ACC_0546,ACC_0274,2025-12-30 06:00:00,415327.37,UPI
TXN_13685,ACC_0950,ACC_0073,2025-09-24 01:00:00,120952.58,RTGS
TXN_13686,ACC_0474,ACC_0921,2025-12-26 20:00:00,225202.89,UPI
TXN_13687,ACC_0959,ACC_0503,2024-01-28 19:00:00,497259.7,RTGS
TXN_13688,ACC_1033,ACC_0680,2024-09-06 11:00:00,449293.63,IMPS
TXN_13689,ACC_0077,ACC_0839,2024-05-11 09:00:00,81140.29,RTGS
TXN_13690,ACC_0599,ACC_0498,2025-07-01 05:00:00,460040.84,NEFT
TXN_13691,ACC_0644,ACC_0722,2025-09-03 09:00:00,220584.41,NEFT
TXN_13692,ACC_0641,ACC_0860,2025-11-07 18:00:00,153720.11,UPI
TXN_13693,ACC_0995,ACC_0126,2025-03-23 16:00:00,237140.85,NEFT
TXN_13694,ACC_0598,ACC_0554,2024-08-25 10:00:00,16783.87,RTGS
TXN_13695,ACC_0906,ACC_0221,2026-11-02 09:00:00,422869.79,UPI
TXN_13696,ACC_0655,ACC_0183,2026-10-10 01:00:00,171502.48,RTGS
TXN_13697,ACC_0231,ACC_0071,2024-11-19 02:00:00,416436.75,RTGS
TXN_13698,ACC_0261,ACC_0879,2026-02-19 03:00:00,157107.74,RTGS
TXN_13699,ACC_0581,ACC_0719,2025-10-15 13:00:00,197018.64,RTGS
TXN_13700,ACC_1036,ACC_0177,2024-03-08 13:00:00,44322.39,RTGS
TXN_13701,ACC_0320,ACC_0653,2025-07-01 23:00:00,725.4,RTGS
TXN_13702,ACC_0562,ACC_0797,2024-02-18 19:00:00,191621.4,IMPS
TXN_13703,ACC_1016,ACC_0285,2024-08-29 00:00:00,151720.19,UPI
TXN_13704,ACC_0158,ACC_0997,2026-02-17 17:00:00,44852.0,IMPS
TXN_13705,ACC_0445,ACC_0254,2024-02-17 17:00:00,60967.25,UPI
TXN_13706,ACC_0755,ACC_0189,2024-11-02 22:00:00,409611.31,NEFT
TXN_13707,ACC_0717,ACC_0780,2026-07-16 01:00:00,110996.5,RTGS
TXN_13708,ACC_0014,ACC_0164,2026-07-21 10:00:00,316776.22,RTGS
TXN_13709,ACC_0153,ACC_0096,2025-02-22 16:00:00,471304.16,NEFT
TXN_13710,ACC_0369,ACC_0584,2024-10-13 02:00:00,254137.88,RTGS
TXN_13711,ACC_0042,ACC_0337,2025-07-19 10:00:00,199854.87,UPI
TXN_13712,ACC_1005,ACC_0982,2024-05-02 17:00:00,359344.31,RTGS
TXN_13713,ACC_0631,ACC_0572,2024-10-22 02:00:00,108331.09,RTGS
TXN_13714,ACC_0705,ACC_0420,2025-01-04 06:00:00,392162.9,RTGS
TXN_13715,ACC_0734,ACC_0967,2026-05-21 03:00:00,151953.13,IMPS
TXN_13716,ACC_0574,ACC_0377,2024-01-10 18:00:00,326793.88,IMPS
TXN_13717,ACC_0491,ACC_0984,2026-08-22 23:00:00,106444.09,UPI
TXN_13718,ACC_0521,ACC_0346,2024-04-22 14:00:00,113030.07,IMPS
TXN_13719,ACC_0530,ACC_0426,2025-02-10 21:00:00,487281.14,RTGS
TXN_13720,ACC_0191,ACC_0806,2025-05-04 09:00:00,150034.51,IMPS
TXN_13721,ACC_0601,ACC_0906,2024-11-29 16:00:00,11254.13,UPI
TXN_13722,ACC_0227,ACC_0994,2026-09-13 04:00:00,296016.49,IMPS
TXN_13723,ACC_0079,ACC_0734,2026-08-24 14:00:00,394409.81,IMPS
TXN_13724,ACC_0153,ACC_0195,2026-08-18 14:00:00,310072.36,RTGS
TXN_13725,ACC_0191,ACC_0328,2024-03-03 16:00:00,313667.06,RTGS
TXN_13726,ACC_0554,ACC_0690,2025-09-05 09:00:00,389773.43,UPI
TXN_13727,ACC_0512,ACC_0038,2026-06-17 18:00:00,454442.59,IMPS
TXN_13728,ACC_0548,ACC_0656,2026-05-10 13:00:00,304689.28,UPI
TXN_13729,ACC_0384,ACC_0978,2026-03-04 15:00:00,421197.18,NEFT
TXN_13730,ACC_0027,ACC_0868,2025-01-13 22:00:00,307774.46,RTGS
TXN_13731,ACC_0989,ACC_0041,2025-02-09 21:00:00,315992.38,UPI
TXN_13732,ACC_0844,ACC_0418,2025-06-20 08:00:00,166003.57,IMPS
TXN_13733,ACC_0467,ACC_0870,2025-05-05 06:00:00,240982.01,UPI
TXN_13734,ACC_0232,ACC_0661,2025-06-03 07:00:00,32173.46,NEFT
TXN_13735,ACC_0062,ACC_1033,2025-03-24 02:00:00,164158.48,NEFT
TXN_13736,ACC_0605,ACC_0431,2025-11-21 18:00:00,449272.56,RTGS
TXN_13737,ACC_0311,ACC_0022,2024-02-03 04:00:00,152029.38,NEFT
TXN_13738,ACC_1038,ACC_0382,2024-06-17 17:00:00,14556.75,IMPS
TXN_13739,ACC_0296,ACC_0578,2025-04-27 16:00:00,198975.18,RTGS
TXN_13740,ACC_0441,ACC_1002,2025-01-30 02:00:00,43667.49,UPI
TXN_13741,ACC_0380,ACC_0307,2025-05-22 16:00:00,301332.4,NEFT
TXN_13742,ACC_0493,ACC_0008,2024-02-19 12:00:00,104979.54,IMPS
TXN_13743,ACC_0481,ACC_0524,2024-11-13 12:00:00,261191.55,UPI
TXN_13744,ACC_0077,ACC_0392,2025-05-18 14:00:00,86960.96,UPI
TXN_13745,ACC_0124,ACC_0226,2025-08-29 10:00:00,202651.55,UPI
TXN_13746,ACC_0811,ACC_0862,2025-10-06 04:00:00,171670.73,RTGS
TXN_13747,ACC_0445,ACC_0913,2025-05-25 15:00:00,276133.62,RTGS
TXN_13748,ACC_0304,ACC_1015,2025-10-13 02:00:00,489305.3,IMPS
TXN_13749,ACC_0423,ACC_0171,2026-02-20 04:00:00,64682.21,NEFT
TXN_13750,ACC_0268,ACC_0695,2026-10-28 22:00:00,37587.95,IMPS
TXN_13751,ACC_0613,ACC_0639,2024-10-13 23:00:00,243248.68,NEFT
TXN_13752,ACC_0974,ACC_0218,2025-09-25 17:00:00,148779.11,UPI
TXN_13753,ACC_0872,ACC_1016,2026-08-25 02:00:00,157147.13,RTGS
TXN_13754,ACC_0669,ACC_0178,2026-09-16 10:00:00,195620.8,IMPS
TXN_13755,ACC_0697,ACC_0211,2024-04-08 16:00:00,27576.22,NEFT
TXN_13756,ACC_0448,ACC_0243,2024-09-17 06:00:00,424635.61,IMPS
TXN_13757,ACC_0192,ACC_0213,2025-12-12 05:00:00,436143.61,IMPS
TXN_13758,ACC_0241,ACC_0686,2025-09-01 02:00:00,75395.43,IMPS
TXN_13759,ACC_0244,ACC_0016,2026-07-07 03:00:00,321578.16,UPI
TXN_13760,ACC_0463,ACC_0518,2025-08-04 04:00:00,394706.34,UPI
TXN_13761,ACC_0131,ACC_0273,2024-09-26 06:00:00,143575.49,UPI
TXN_13762,ACC_0905,ACC_0835,2025-02-26 20:00:00,339343.51,IMPS
TXN_13763,ACC_0253,ACC_0601,2026-08-21 03:00:00,1896.12,RTGS
TXN_13764,ACC_0630,ACC_0746,2026-01-10 12:00:00,178235.59,UPI
TXN_13765,ACC_0436,ACC_0253,2025-11-11 09:00:00,498626.91,IMPS
TXN_13766,ACC_0510,ACC_0530,2025-06-07 14:00:00,464449.54,IMPS
TXN_13767,ACC_0270,ACC_0776,2024-05-25 10:00:00,235350.09,RTGS
TXN_13768,ACC_0074,ACC_0434,2024-01-07 14:00:00,401424.85,NEFT
TXN_13769,ACC_0031,ACC_0519,2025-09-23 14:00:00,379538.13,NEFT
TXN_13770,ACC_1013,ACC_1005,2024-04-07 08:00:00,422641.15,NEFT
TXN_13771,ACC_0879,ACC_0968,2026-09-20 05:00:00,72394.15,UPI
TXN_13772,ACC_0038,ACC_0707,2024-03-18 10:00:00,126345.86,UPI
TXN_13773,ACC_0174,ACC_0900,2025-08-14 21:00:00,89559.87,IMPS
TXN_13774,ACC_0123,ACC_0118,2024-03-14 02:00:00,201857.56,UPI
TXN_13775,ACC_0472,ACC_0611,2026-10-27 00:00:00,238832.44,RTGS
TXN_13776,ACC_0153,ACC_0821,2026-04-16 03:00:00,84847.54,RTGS
TXN_13777,ACC_0794,ACC_0747,2025-10-23 04:00:00,472084.67,IMPS
TXN_13778,ACC_0757,ACC_0513,2025-04-16 22:00:00,369210.4,RTGS
TXN_13779,ACC_0929,ACC_0043,2026-05-31 20:00:00,242145.88,RTGS
TXN_13780,ACC_0820,ACC_0766,2024-05-28 07:00:00,431342.25,RTGS
TXN_13781,ACC_0574,ACC_0964,2024-08-25 04:00:00,433546.58,IMPS
TXN_13782,ACC_0091,ACC_0653,2026-08-18 05:00:00,343825.94,RTGS
TXN_13783,ACC_0604,ACC_0308,2026-06-05 08:00:00,405199.94,IMPS
TXN_13784,ACC_0324,ACC_0243,2026-05-02 02:00:00,243866.84,RTGS
TXN_13785,ACC_0251,ACC_1037,2025-11-10 04:00:00,479649.12,NEFT
TXN_13786,ACC_1024,ACC_0841,2025-08-20 02:00:00,374615.85,IMPS
TXN_13787,ACC_0072,ACC_0689,2025-10-25 13:00:00,65824.95,NEFT
TXN_13788,ACC_0602,ACC_0101,2024-03-15 13:00:00,1834.98,RTGS
TXN_13789,ACC_0233,ACC_0389,2024-11-20 18:00:00,139056.57,NEFT
TXN_13790,ACC_0314,ACC_0189,2025-12-08 03:00:00,23701.23,IMPS
TXN_13791,ACC_0514,ACC_0483,2025-05-15 16:00:00,14438.98,NEFT
TXN_13792,ACC_0696,ACC_1029,2025-12-22 10:00:00,326117.84,UPI
TXN_13793,ACC_0872,ACC_0311,2024-11-09 16:00:00,401953.81,NEFT
TXN_13794,ACC_0929,ACC_0823,2024-05-23 12:00:00,268795.68,UPI
TXN_13795,ACC_0125,ACC_0719,2024-08-31 02:00:00,89232.53,NEFT
TXN_13796,ACC_0885,ACC_0054,2025-04-12 08:00:00,439364.48,NEFT
TXN_13797,ACC_0086,ACC_0612,2025-07-13 05:00:00,95824.66,IMPS
TXN_13798,ACC_0242,ACC_0981,2025-02-15 06:00:00,146257.68,UPI
TXN_13799,ACC_0628,ACC_0563,2024-02-05 14:00:00,61142.24,NEFT
TXN_13800,ACC_0907,ACC_0038,2025-06-03 17:00:00,196826.79,UPI
TXN_13801,ACC_0291,ACC_0360,2026-03-22 16:00:00,97988.97,RTGS
TXN_13802,ACC_0337,ACC_0974,2024-09-29 12:00:00,368471.1,UPI
TXN_13803,ACC_1034,ACC_0838,2026-04-09 01:00:00,368328.97,UPI
TXN_13804,ACC_0724,ACC_0803,2024-07-25 10:00:00,337197.54,UPI
TXN_13805,ACC_0582,ACC_0471,2025-11-20 23:00:00,205899.92,IMPS
TXN_13806,ACC_0450,ACC_0355,2025-03-01 03:00:00,366086.08,IMPS
TXN_13807,ACC_0737,ACC_0156,2026-06-18 17:00:00,244428.85,NEFT
TXN_13808,ACC_0826,ACC_0810,2024-10-31 15:00:00,379496.23,UPI
TXN_13809,ACC_0279,ACC_0337,2026-09-01 23:00:00,139215.39,IMPS
TXN_13810,ACC_0176,ACC_0369,2025-02-18 10:00:00,172760.71,RTGS
TXN_13811,ACC_0397,ACC_0311,2024-03-08 20:00:00,460238.22,RTGS
TXN_13812,ACC_0393,ACC_0635,2025-05-11 14:00:00,235281.73,UPI
TXN_13813,ACC_0612,ACC_0089,2026-04-25 17:00:00,294625.78,NEFT
TXN_13814,ACC_0591,ACC_0587,2026-10-18 02:00:00,295021.48,NEFT
TXN_13815,ACC_0055,ACC_0349,2025-09-16 21:00:00,396077.56,IMPS
TXN_13816,ACC_1004,ACC_0381,2024-02-04 09:00:00,382900.48,NEFT
TXN_13817,ACC_0367,ACC_0737,2025-11-16 23:00:00,476623.19,NEFT
TXN_13818,ACC_0230,ACC_0918,2026-06-10 17:00:00,87884.84,UPI
TXN_13819,ACC_0174,ACC_0018,2026-09-08 06:00:00,464501.23,IMPS
TXN_13820,ACC_0510,ACC_0490,2024-10-09 14:00:00,473505.19,RTGS
TXN_13821,ACC_0364,ACC_0066,2026-07-23 03:00:00,270156.78,UPI
TXN_13822,ACC_0179,ACC_0856,2024-08-08 23:00:00,339956.62,UPI
TXN_13823,ACC_0173,ACC_0185,2025-12-24 20:00:00,71137.26,IMPS
TXN_13824,ACC_0372,ACC_0412,2026-04-16 12:00:00,250555.39,IMPS
TXN_13825,ACC_0912,ACC_0089,2025-10-01 20:00:00,449668.24,IMPS
TXN_13826,ACC_0834,ACC_0866,2025-07-17 04:00:00,112783.95,NEFT
TXN_13827,ACC_0926,ACC_1031,2025-04-27 00:00:00,62899.93,NEFT
TXN_13828,ACC_0654,ACC_0756,2025-10-13 21:00:00,296912.98,IMPS
TXN_13829,ACC_0588,ACC_0598,2025-10-12 06:00:00,306855.53,IMPS
TXN_13830,ACC_0411,ACC_0869,2025-10-12 17:00:00,418823.4,RTGS
TXN_13831,ACC_0627,ACC_0195,2024-06-29 16:00:00,211665.26,IMPS
TXN_13832,ACC_0670,ACC_0961,2026-03-25 05:00:00,153599.9,UPI
TXN_13833,ACC_0056,ACC_0184,2024-12-01 17:00:00,140532.77,NEFT
TXN_13834,ACC_0473,ACC_0614,2026-07-02 14:00:00,366561.01,NEFT
TXN_13835,ACC_0706,ACC_0473,2025-08-11 06:00:00,256860.43,UPI
TXN_13836,ACC_0428,ACC_0712,2024-02-10 03:00:00,299664.75,UPI
TXN_13837,ACC_0909,ACC_0520,2025-07-22 08:00:00,14861.35,IMPS
TXN_13838,ACC_0061,ACC_0458,2026-09-14 11:00:00,94993.73,UPI
TXN_13839,ACC_0584,ACC_0754,2026-09-08 03:00:00,163242.77,UPI
TXN_13840,ACC_0552,ACC_0826,2025-08-24 15:00:00,391499.97,RTGS
TXN_13841,ACC_0087,ACC_0462,2024-04-26 17:00:00,462410.33,IMPS
TXN_13842,ACC_0298,ACC_0288,2026-01-04 04:00:00,204498.47,RTGS
TXN_13843,ACC_0290,ACC_0921,2025-06-05 16:00:00,377427.06,UPI
TXN_13844,ACC_0539,ACC_0525,2026-03-25 00:00:00,367251.39,NEFT
TXN_13845,ACC_0808,ACC_0721,2025-10-01 22:00:00,212921.38,UPI
TXN_13846,ACC_0837,ACC_0757,2024-12-16 13:00:00,14213.16,RTGS
TXN_13847,ACC_0454,ACC_0479,2025-06-15 03:00:00,58479.55,UPI
TXN_13848,ACC_1001,ACC_0989,2026-05-22 12:00:00,151112.12,NEFT
TXN_13849,ACC_0789,ACC_0668,2025-10-15 01:00:00,420052.46,RTGS
TXN_13850,ACC_0739,ACC_0036,2025-09-13 09:00:00,144258.31,IMPS
TXN_13851,ACC_0943,ACC_0333,2024-09-09 12:00:00,310631.0,RTGS
TXN_13852,ACC_0977,ACC_0984,2024-11-07 12:00:00,40792.62,NEFT
TXN_13853,ACC_0011,ACC_0573,2024-05-21 16:00:00,158976.49,IMPS
TXN_13854,ACC_0815,ACC_0035,2025-03-03 15:00:00,473613.48,NEFT
TXN_13855,ACC_0154,ACC_0219,2025-03-30 13:00:00,490638.69,IMPS
TXN_13856,ACC_0349,ACC_0896,2026-09-14 14:00:00,56441.47,UPI
TXN_13857,ACC_0363,ACC_0892,2026-01-14 00:00:00,85642.11,UPI
TXN_13858,ACC_0384,ACC_0858,2024-03-12 12:00:00,166461.12,IMPS
TXN_13859,ACC_0638,ACC_0115,2024-02-12 10:00:00,379875.17,RTGS
TXN_13860,ACC_0766,ACC_0801,2025-10-29 19:00:00,364005.38,RTGS
TXN_13861,ACC_0884,ACC_0221,2024-03-15 21:00:00,325932.58,IMPS
TXN_13862,ACC_0770,ACC_0860,2025-09-09 14:00:00,194584.15,IMPS
TXN_13863,ACC_0897,ACC_0469,2025-07-20 04:00:00,419870.99,UPI
TXN_13864,ACC_0800,ACC_0455,2026-02-25 16:00:00,62770.34,RTGS
TXN_13865,ACC_0718,ACC_0973,2026-05-06 10:00:00,257792.85,UPI
TXN_13866,ACC_0093,ACC_0598,2026-06-09 10:00:00,138037.74,IMPS
TXN_13867,ACC_0914,ACC_0263,2024-11-13 07:00:00,233994.29,IMPS
TXN_13868,ACC_0714,ACC_0582,2024-07-06 18:00:00,74011.84,UPI
TXN_13869,ACC_0960,ACC_0398,2026-03-28 23:00:00,350360.39,NEFT
TXN_13870,ACC_0748,ACC_0115,2025-09-07 17:00:00,193181.17,IMPS
TXN_13871,ACC_0624,ACC_0065,2025-01-17 03:00:00,364493.1,IMPS
TXN_13872,ACC_0323,ACC_0508,2024-08-03 12:00:00,291241.69,IMPS
TXN_13873,ACC_0524,ACC_1004,2024-10-05 01:00:00,344144.59,UPI
TXN_13874,ACC_0609,ACC_0783,2026-07-13 11:00:00,135064.89,NEFT
TXN_13875,ACC_0839,ACC_0088,2026-05-14 12:00:00,258028.13,UPI
TXN_13876,ACC_0552,ACC_0795,2024-04-26 01:00:00,79139.34,IMPS
TXN_13877,ACC_0715,ACC_0614,2025-02-25 03:00:00,495354.52,IMPS
TXN_13878,ACC_0668,ACC_0235,2024-02-29 18:00:00,293920.26,IMPS
TXN_13879,ACC_0082,ACC_0340,2025-02-04 12:00:00,499911.21,NEFT
TXN_13880,ACC_0639,ACC_0298,2025-01-16 10:00:00,87883.37,UPI
TXN_13881,ACC_0423,ACC_1012,2024-11-03 01:00:00,99546.13,NEFT
TXN_13882,ACC_0756,ACC_0771,2026-01-30 14:00:00,112000.72,NEFT
TXN_13883,ACC_0766,ACC_0752,2024-02-26 12:00:00,214563.49,IMPS
TXN_13884,ACC_0586,ACC_0135,2024-11-08 12:00:00,272875.28,RTGS
TXN_13885,ACC_0453,ACC_0505,2025-06-09 09:00:00,314542.32,NEFT
TXN_13886,ACC_0336,ACC_0173,2024-11-29 08:00:00,74678.26,UPI
TXN_13887,ACC_0868,ACC_1000,2026-01-23 06:00:00,356139.61,RTGS
TXN_13888,ACC_0916,ACC_0140,2024-08-24 13:00:00,82062.91,IMPS
TXN_13889,ACC_0323,ACC_0950,2024-06-03 06:00:00,114712.88,NEFT
TXN_13890,ACC_0179,ACC_0106,2026-10-03 21:00:00,498707.19,UPI
TXN_13891,ACC_0450,ACC_0821,2025-09-20 18:00:00,341325.55,RTGS
TXN_13892,ACC_0892,ACC_1020,2025-06-10 21:00:00,359208.65,RTGS
TXN_13893,ACC_0888,ACC_0313,2026-10-18 22:00:00,498657.35,IMPS
TXN_13894,ACC_0090,ACC_0051,2025-11-27 05:00:00,159423.99,UPI
TXN_13895,ACC_0227,ACC_0550,2025-10-09 01:00:00,72022.45,NEFT
TXN_13896,ACC_0134,ACC_0686,2026-10-31 06:00:00,452639.95,IMPS
TXN_13897,ACC_0417,ACC_0324,2025-02-25 23:00:00,358336.97,RTGS
TXN_13898,ACC_0366,ACC_0443,2026-04-23 22:00:00,348043.85,RTGS
TXN_13899,ACC_0507,ACC_0183,2024-11-05 17:00:00,416914.45,RTGS
TXN_13900,ACC_0176,ACC_0712,2025-02-19 10:00:00,263554.3,IMPS
TXN_13901,ACC_0100,ACC_0607,2024-12-08 14:00:00,29388.37,RTGS
TXN_13902,ACC_0246,ACC_0885,2025-03-28 11:00:00,451090.26,IMPS
TXN_13903,ACC_0465,ACC_0517,2024-01-03 21:00:00,161870.45,RTGS
TXN_13904,ACC_0731,ACC_0606,2024-03-15 10:00:00,41981.95,RTGS
TXN_13905,ACC_0242,ACC_0059,2025-04-24 20:00:00,144803.36,UPI
TXN_13906,ACC_0209,ACC_1034,2024-05-05 18:00:00,232572.54,RTGS
TXN_13907,ACC_0642,ACC_0332,2024-11-03 10:00:00,343046.9,IMPS
TXN_13908,ACC_0900,ACC_0436,2024-05-16 00:00:00,440638.79,UPI
TXN_13909,ACC_0231,ACC_0495,2025-11-14 07:00:00,427060.05,IMPS
TXN_13910,ACC_0420,ACC_0889,2025-05-11 10:00:00,242160.53,NEFT
TXN_13911,ACC_0259,ACC_0840,2026-01-14 07:00:00,153283.88,UPI
TXN_13912,ACC_0227,ACC_0196,2024-12-30 15:00:00,453124.88,UPI
TXN_13913,ACC_0290,ACC_0753,2025-06-20 18:00:00,427048.83,UPI
TXN_13914,ACC_0476,ACC_0862,2026-05-12 23:00:00,229901.6,IMPS
TXN_13915,ACC_0973,ACC_0540,2025-05-28 07:00:00,231998.23,NEFT
TXN_13916,ACC_0649,ACC_0072,2025-07-04 03:00:00,379492.97,UPI
TXN_13917,ACC_0721,ACC_1004,2025-01-28 20:00:00,290987.78,IMPS
TXN_13918,ACC_0091,ACC_0955,2025-11-09 05:00:00,22151.82,IMPS
TXN_13919,ACC_0768,ACC_1015,2024-08-13 17:00:00,15958.93,RTGS
TXN_13920,ACC_0714,ACC_0883,2024-04-03 18:00:00,202676.42,NEFT
TXN_13921,ACC_0885,ACC_0663,2025-07-16 07:00:00,367107.15,UPI
TXN_13922,ACC_0202,ACC_0474,2026-05-13 11:00:00,148082.87,IMPS
TXN_13923,ACC_0769,ACC_0608,2025-05-21 19:00:00,243390.02,NEFT
TXN_13924,ACC_0890,ACC_0990,2024-05-13 10:00:00,483317.52,NEFT
TXN_13925,ACC_0567,ACC_0831,2026-06-20 10:00:00,399687.49,NEFT
TXN_13926,ACC_0994,ACC_0338,2024-03-29 15:00:00,484320.67,RTGS
TXN_13927,ACC_0363,ACC_0106,2026-11-01 08:00:00,271834.49,IMPS
TXN_13928,ACC_0110,ACC_1017,2024-06-13 13:00:00,280979.57,NEFT
TXN_13929,ACC_0506,ACC_0914,2026-06-03 18:00:00,448367.77,RTGS
TXN_13930,ACC_1034,ACC_0019,2024-03-24 00:00:00,186555.51,IMPS
TXN_13931,ACC_0727,ACC_0950,2026-09-08 19:00:00,416466.2,NEFT
TXN_13932,ACC_0783,ACC_0694,2026-10-10 23:00:00,293015.42,IMPS
TXN_13933,ACC_0924,ACC_0937,2026-09-12 16:00:00,209960.26,RTGS
TXN_13934,ACC_0213,ACC_0270,2025-01-23 21:00:00,439428.48,IMPS
TXN_13935,ACC_0600,ACC_0423,2024-08-28 16:00:00,139449.29,NEFT
TXN_13936,ACC_0911,ACC_0792,2024-05-03 21:00:00,57663.99,RTGS
TXN_13937,ACC_0783,ACC_0300,2025-07-26 21:00:00,153320.7,RTGS
TXN_13938,ACC_0875,ACC_0646,2024-01-29 17:00:00,248010.72,NEFT
TXN_13939,ACC_0774,ACC_0772,2025-01-28 16:00:00,314142.01,IMPS
TXN_13940,ACC_0655,ACC_0687,2025-03-24 19:00:00,11430.89,IMPS
TXN_13941,ACC_0053,ACC_0054,2026-03-19 01:00:00,255713.42,IMPS
TXN_13942,ACC_0915,ACC_0349,2025-11-21 11:00:00,165285.58,UPI
TXN_13943,ACC_0324,ACC_0244,2026-02-15 07:00:00,409337.87,UPI
TXN_13944,ACC_0256,ACC_0046,2024-07-14 18:00:00,404617.6,IMPS
TXN_13945,ACC_0171,ACC_0990,2025-11-15 01:00:00,351975.23,RTGS
TXN_13946,ACC_0910,ACC_0848,2024-09-02 11:00:00,146655.41,UPI
TXN_13947,ACC_0475,ACC_1033,2025-01-20 05:00:00,449516.54,UPI
TXN_13948,ACC_0755,ACC_0209,2026-04-03 18:00:00,80628.43,RTGS
TXN_13949,ACC_0746,ACC_0894,2024-10-13 14:00:00,189457.02,NEFT
TXN_13950,ACC_0592,ACC_0292,2026-08-24 03:00:00,409780.73,NEFT
TXN_13951,ACC_0970,ACC_0831,2025-03-16 14:00:00,168159.39,NEFT
TXN_13952,ACC_0124,ACC_0196,2024-05-11 07:00:00,106400.89,NEFT
TXN_13953,ACC_0650,ACC_0481,2025-05-12 21:00:00,413198.25,NEFT
TXN_13954,ACC_0251,ACC_0532,2025-01-03 22:00:00,436556.45,IMPS
TXN_13955,ACC_0781,ACC_0774,2024-12-03 03:00:00,181652.85,UPI
TXN_13956,ACC_0314,ACC_0670,2024-07-25 16:00:00,66902.9,IMPS
TXN_13957,ACC_0039,ACC_1001,2025-08-07 13:00:00,451712.26,RTGS
TXN_13958,ACC_0444,ACC_0719,2026-06-12 14:00:00,24541.2,RTGS
TXN_13959,ACC_0012,ACC_0451,2024-02-10 02:00:00,151260.83,RTGS
TXN_13960,ACC_0770,ACC_0526,2024-12-26 16:00:00,36544.14,UPI
TXN_13961,ACC_0932,ACC_0055,2024-09-15 07:00:00,400102.24,RTGS
TXN_13962,ACC_0946,ACC_0440,2026-09-13 23:00:00,265233.06,RTGS
TXN_13963,ACC_0009,ACC_0941,2026-07-04 23:00:00,442699.35,NEFT
TXN_13964,ACC_0719,ACC_0776,2024-06-08 18:00:00,419451.69,NEFT
TXN_13965,ACC_0153,ACC_0324,2025-05-15 20:00:00,73296.76,UPI
TXN_13966,ACC_1022,ACC_0903,2024-09-14 09:00:00,415020.42,UPI
TXN_13967,ACC_0856,ACC_0438,2025-11-26 11:00:00,248254.2,RTGS
TXN_13968,ACC_0249,ACC_0921,2024-08-13 19:00:00,134425.06,UPI
TXN_13969,ACC_0355,ACC_0483,2025-06-03 17:00:00,129050.95,UPI
TXN_13970,ACC_0206,ACC_1036,2026-09-16 07:00:00,289588.85,NEFT
TXN_13971,ACC_0220,ACC_0968,2025-01-02 15:00:00,179144.95,UPI
TXN_13972,ACC_0412,ACC_0287,2026-02-13 03:00:00,369574.71,NEFT
TXN_13973,ACC_0761,ACC_0951,2025-05-13 16:00:00,249983.14,UPI
TXN_13974,ACC_0663,ACC_0108,2025-01-10 09:00:00,300782.82,IMPS
TXN_13975,ACC_0978,ACC_0886,2025-11-23 06:00:00,123335.66,UPI
TXN_13976,ACC_0612,ACC_0990,2024-01-14 12:00:00,363972.24,RTGS
TXN_13977,ACC_0379,ACC_0983,2025-12-02 16:00:00,172076.16,IMPS
TXN_13978,ACC_0870,ACC_0783,2024-11-14 03:00:00,402943.45,RTGS
TXN_13979,ACC_0425,ACC_0808,2026-03-06 18:00:00,100077.91,IMPS
TXN_13980,ACC_0449,ACC_0723,2026-02-24 17:00:00,69775.67,RTGS
TXN_13981,ACC_0405,ACC_0052,2025-11-10 14:00:00,158353.34,UPI
TXN_13982,ACC_0117,ACC_0224,2025-06-14 21:00:00,155948.32,UPI
TXN_13983,ACC_0928,ACC_0349,2025-10-11 23:00:00,182520.27,IMPS
TXN_13984,ACC_0640,ACC_0670,2024-10-25 21:00:00,273335.06,IMPS
TXN_13985,ACC_0697,ACC_0988,2025-04-12 21:00:00,227525.46,IMPS
TXN_13986,ACC_0524,ACC_0197,2024-03-08 11:00:00,171849.99,IMPS
TXN_13987,ACC_0322,ACC_0012,2026-06-14 07:00:00,329259.79,RTGS
TXN_13988,ACC_0360,ACC_0699,2024-10-01 11:00:00,307064.22,NEFT
TXN_13989,ACC_0193,ACC_0661,2026-10-22 16:00:00,268830.11,RTGS
TXN_13990,ACC_0681,ACC_1028,2025-02-10 17:00:00,261880.4,RTGS
TXN_13991,ACC_0419,ACC_0431,2025-05-23 09:00:00,79093.7,UPI
TXN_13992,ACC_0398,ACC_0019,2025-12-10 19:00:00,403131.64,IMPS
TXN_13993,ACC_0072,ACC_0759,2025-08-12 10:00:00,23578.94,IMPS
TXN_13994,ACC_0908,ACC_0744,2024-03-16 12:00:00,302515.95,IMPS
TXN_13995,ACC_0740,ACC_0106,2024-02-14 13:00:00,333467.11,UPI
TXN_13996,ACC_0198,ACC_0348,2026-03-11 20:00:00,229089.69,UPI
TXN_13997,ACC_0551,ACC_0852,2024-09-14 01:00:00,184061.88,RTGS
TXN_13998,ACC_0625,ACC_0600,2025-12-29 06:00:00,243842.05,IMPS
TXN_13999,ACC_0291,ACC_0173,2026-09-10 15:00:00,340478.21,RTGS
TXN_14000,ACC_0980,ACC_0688,2024-01-04 18:00:00,349538.42,IMPS
TXN_14001,ACC_0414,ACC_0438,2025-10-27 00:00:00,222836.74,UPI
TXN_14002,ACC_0859,ACC_0071,2026-09-01 19:00:00,68589.99,IMPS
TXN_14003,ACC_0633,ACC_0262,2024-04-18 14:00:00,133069.69,IMPS
TXN_14004,ACC_0238,ACC_0316,2024-10-02 02:00:00,302441.55,RTGS
TXN_14005,ACC_0309,ACC_0067,2025-04-20 00:00:00,7270.24,NEFT
TXN_14006,ACC_0104,ACC_0528,2024-07-04 15:00:00,140657.02,NEFT
TXN_14007,ACC_0809,ACC_0513,2024-10-21 08:00:00,73861.3,NEFT
TXN_14008,ACC_0681,ACC_0845,2024-11-30 04:00:00,341086.36,NEFT
TXN_14009,ACC_0085,ACC_0006,2024-06-11 13:00:00,328885.0,RTGS
TXN_14010,ACC_0900,ACC_0153,2024-07-07 15:00:00,290907.49,RTGS
TXN_14011,ACC_0180,ACC_0523,2025-01-09 23:00:00,368431.65,NEFT
TXN_14012,ACC_0660,ACC_0087,2024-11-12 17:00:00,344664.76,NEFT
TXN_14013,ACC_0029,ACC_0983,2025-10-21 17:00:00,27759.54,IMPS
TXN_14014,ACC_0185,ACC_0574,2026-01-20 03:00:00,156682.69,NEFT
TXN_14015,ACC_0253,ACC_0574,2024-07-04 06:00:00,348586.59,IMPS
TXN_14016,ACC_0065,ACC_0689,2026-05-10 00:00:00,377198.78,RTGS
TXN_14017,ACC_0331,ACC_0886,2025-05-07 16:00:00,211288.29,IMPS
TXN_14018,ACC_1018,ACC_0441,2025-03-20 18:00:00,122321.3,UPI
TXN_14019,ACC_0781,ACC_0750,2025-03-30 05:00:00,227686.56,RTGS
TXN_14020,ACC_0089,ACC_0921,2026-06-08 12:00:00,418794.9,UPI
TXN_14021,ACC_0311,ACC_0585,2025-09-30 01:00:00,70736.27,UPI
TXN_14022,ACC_0109,ACC_0021,2025-12-17 15:00:00,448241.76,RTGS
TXN_14023,ACC_0448,ACC_0995,2026-06-22 18:00:00,471321.84,IMPS
TXN_14024,ACC_1023,ACC_0018,2025-09-06 08:00:00,473395.24,IMPS
TXN_14025,ACC_0641,ACC_0622,2024-02-28 22:00:00,74231.35,IMPS
TXN_14026,ACC_0819,ACC_0620,2025-01-21 06:00:00,276837.08,NEFT
TXN_14027,ACC_0353,ACC_0129,2025-01-27 07:00:00,277118.11,RTGS
TXN_14028,ACC_0470,ACC_0824,2025-01-09 00:00:00,288269.06,NEFT
TXN_14029,ACC_0001,ACC_0711,2026-09-05 00:00:00,497113.75,NEFT
TXN_14030,ACC_0970,ACC_0180,2026-01-09 16:00:00,120083.44,IMPS
TXN_14031,ACC_0433,ACC_0306,2025-06-02 17:00:00,429088.91,RTGS
TXN_14032,ACC_0843,ACC_0540,2024-11-05 11:00:00,235818.74,IMPS
TXN_14033,ACC_0355,ACC_0132,2025-01-31 04:00:00,385391.0,NEFT
TXN_14034,ACC_0629,ACC_0555,2026-05-11 12:00:00,124963.32,UPI
TXN_14035,ACC_0897,ACC_1004,2025-01-20 22:00:00,30399.93,UPI
TXN_14036,ACC_0935,ACC_0243,2026-04-24 13:00:00,65258.56,RTGS
TXN_14037,ACC_0374,ACC_0050,2025-05-20 07:00:00,294769.23,NEFT
TXN_14038,ACC_0675,ACC_0516,2024-06-06 22:00:00,14198.72,NEFT
TXN_14039,ACC_0252,ACC_0138,2026-01-19 08:00:00,491006.66,RTGS
TXN_14040,ACC_0662,ACC_0284,2025-05-15 06:00:00,106368.52,UPI
TXN_14041,ACC_0053,ACC_0887,2025-07-25 23:00:00,451301.15,RTGS
TXN_14042,ACC_0423,ACC_0522,2025-01-18 02:00:00,92814.57,NEFT
TXN_14043,ACC_0315,ACC_0946,2025-03-12 17:00:00,137541.64,NEFT
TXN_14044,ACC_0235,ACC_0697,2025-02-10 06:00:00,410222.43,IMPS
TXN_14045,ACC_0203,ACC_0858,2025-11-12 19:00:00,104816.29,IMPS
TXN_14046,ACC_0530,ACC_0493,2025-01-13 21:00:00,368515.09,UPI
TXN_14047,ACC_1031,ACC_0353,2025-12-07 14:00:00,390547.11,RTGS
TXN_14048,ACC_0461,ACC_0674,2024-01-17 04:00:00,217417.16,NEFT
TXN_14049,ACC_0318,ACC_0925,2025-01-05 06:00:00,357619.08,NEFT
TXN_14050,ACC_0735,ACC_0844,2026-08-13 03:00:00,478812.69,NEFT
TXN_14051,ACC_0101,ACC_0991,2025-01-26 00:00:00,87685.58,RTGS
TXN_14052,ACC_1000,ACC_0409,2024-09-30 03:00:00,65698.3,IMPS
TXN_14053,ACC_0741,ACC_0683,2024-07-28 15:00:00,374556.47,RTGS
TXN_14054,ACC_0165,ACC_0790,2024-09-03 04:00:00,432820.89,UPI
TXN_14055,ACC_0165,ACC_0611,2025-02-23 23:00:00,7938.47,NEFT
TXN_14056,ACC_0444,ACC_0297,2024-04-08 09:00:00,174682.58,NEFT
TXN_14057,ACC_0988,ACC_0487,2026-03-20 23:00:00,351987.93,UPI
TXN_14058,ACC_1035,ACC_0373,2026-07-23 13:00:00,355472.38,NEFT
TXN_14059,ACC_0105,ACC_0112,2025-03-24 13:00:00,235373.02,UPI
TXN_14060,ACC_0683,ACC_0634,2026-06-24 00:00:00,252132.17,RTGS
TXN_14061,ACC_0196,ACC_0985,2024-02-21 04:00:00,450792.49,NEFT
TXN_14062,ACC_0436,ACC_0252,2025-10-19 01:00:00,467186.82,UPI
TXN_14063,ACC_0291,ACC_0063,2024-07-14 00:00:00,179084.8,UPI
TXN_14064,ACC_0928,ACC_0729,2024-09-22 03:00:00,208106.75,NEFT
TXN_14065,ACC_0196,ACC_0097,2026-03-21 08:00:00,458473.37,IMPS
TXN_14066,ACC_0422,ACC_0039,2024-12-04 23:00:00,22407.19,NEFT
TXN_14067,ACC_0637,ACC_0565,2026-09-19 04:00:00,306394.59,RTGS
TXN_14068,ACC_0018,ACC_0668,2025-04-01 06:00:00,207393.88,NEFT
TXN_14069,ACC_0373,ACC_0972,2024-04-10 13:00:00,472885.07,UPI
TXN_14070,ACC_0985,ACC_0314,2025-05-30 09:00:00,158237.81,IMPS
TXN_14071,ACC_0851,ACC_0141,2026-03-08 01:00:00,410099.05,RTGS
TXN_14072,ACC_0960,ACC_0094,2024-06-15 02:00:00,464038.77,RTGS
TXN_14073,ACC_0781,ACC_0639,2024-11-06 22:00:00,2479.61,IMPS
TXN_14074,ACC_0410,ACC_1039,2024-02-16 05:00:00,337347.6,NEFT
TXN_14075,ACC_0937,ACC_0737,2026-10-28 21:00:00,409046.51,RTGS
TXN_14076,ACC_0320,ACC_0063,2024-11-12 15:00:00,481247.4,UPI
TXN_14077,ACC_0482,ACC_0149,2025-08-30 02:00:00,421843.41,UPI
TXN_14078,ACC_0992,ACC_0307,2025-04-15 09:00:00,304613.95,NEFT
TXN_14079,ACC_0841,ACC_0891,2026-04-12 05:00:00,94762.61,NEFT
TXN_14080,ACC_0704,ACC_1014,2026-05-10 00:00:00,57539.13,NEFT
TXN_14081,ACC_0351,ACC_0289,2025-03-17 19:00:00,168592.99,NEFT
TXN_14082,ACC_0428,ACC_1009,2024-11-06 15:00:00,25247.75,IMPS
TXN_14083,ACC_0922,ACC_0543,2024-09-27 02:00:00,283390.17,UPI
TXN_14084,ACC_0879,ACC_0991,2025-06-15 21:00:00,344069.98,NEFT
TXN_14085,ACC_0254,ACC_0095,2024-12-02 19:00:00,138247.71,UPI
TXN_14086,ACC_0844,ACC_0349,2025-02-22 02:00:00,258701.85,IMPS
TXN_14087,ACC_0713,ACC_0653,2026-07-08 10:00:00,430790.45,NEFT
TXN_14088,ACC_0169,ACC_0464,2026-05-01 20:00:00,68395.29,RTGS
TXN_14089,ACC_0209,ACC_0251,2025-06-20 03:00:00,5850.78,UPI
TXN_14090,ACC_0203,ACC_0210,2025-04-19 14:00:00,64778.01,IMPS
TXN_14091,ACC_0358,ACC_0570,2026-06-26 00:00:00,335588.97,NEFT
TXN_14092,ACC_0860,ACC_0987,2026-08-12 22:00:00,405652.47,UPI
TXN_14093,ACC_0355,ACC_0380,2024-08-06 02:00:00,352980.68,RTGS
TXN_14094,ACC_0392,ACC_0299,2026-08-22 03:00:00,306400.11,NEFT
TXN_14095,ACC_0775,ACC_1010,2026-09-07 09:00:00,328413.45,NEFT
TXN_14096,ACC_0089,ACC_0311,2025-10-16 05:00:00,472118.65,UPI
TXN_14097,ACC_0725,ACC_0241,2024-07-26 10:00:00,34141.37,NEFT
TXN_14098,ACC_0989,ACC_0863,2024-02-01 14:00:00,344933.32,NEFT
TXN_14099,ACC_0595,ACC_0192,2024-10-22 15:00:00,487137.74,IMPS
TXN_14100,ACC_0760,ACC_0636,2025-04-05 10:00:00,337508.6,IMPS
TXN_14101,ACC_0231,ACC_0456,2025-09-18 20:00:00,496072.59,IMPS
TXN_14102,ACC_0819,ACC_0025,2024-12-04 20:00:00,249716.95,IMPS
TXN_14103,ACC_0469,ACC_0152,2025-07-04 10:00:00,383160.88,UPI
TXN_14104,ACC_0206,ACC_0690,2025-08-19 12:00:00,189688.66,UPI
TXN_14105,ACC_0853,ACC_0340,2025-08-18 01:00:00,324769.55,UPI
TXN_14106,ACC_0913,ACC_0973,2025-04-15 22:00:00,296416.19,UPI
TXN_14107,ACC_0363,ACC_0089,2024-12-06 15:00:00,358264.16,NEFT
TXN_14108,ACC_0966,ACC_0451,2024-04-06 18:00:00,87712.04,NEFT
TXN_14109,ACC_0955,ACC_0399,2025-06-19 23:00:00,454922.6,UPI
TXN_14110,ACC_0617,ACC_0662,2024-01-16 05:00:00,198772.08,UPI
TXN_14111,ACC_0838,ACC_0393,2026-09-14 03:00:00,53366.27,NEFT
TXN_14112,ACC_0353,ACC_0502,2025-07-14 22:00:00,491528.51,IMPS
TXN_14113,ACC_0195,ACC_0899,2026-10-23 19:00:00,262854.23,RTGS
TXN_14114,ACC_1013,ACC_0206,2026-05-11 12:00:00,468302.11,IMPS
TXN_14115,ACC_0393,ACC_0350,2025-08-16 10:00:00,16253.76,UPI
TXN_14116,ACC_0965,ACC_0857,2024-11-02 09:00:00,164320.33,NEFT
TXN_14117,ACC_0075,ACC_0554,2025-01-31 17:00:00,298875.67,RTGS
TXN_14118,ACC_0340,ACC_0330,2024-04-05 01:00:00,396652.8,IMPS
TXN_14119,ACC_0123,ACC_0457,2024-08-17 11:00:00,410900.69,UPI
TXN_14120,ACC_0764,ACC_0255,2025-11-24 09:00:00,450437.54,RTGS
TXN_14121,ACC_0476,ACC_0838,2026-09-30 01:00:00,316716.82,IMPS
TXN_14122,ACC_0477,ACC_0242,2026-07-24 13:00:00,125109.08,IMPS
TXN_14123,ACC_0742,ACC_0961,2025-10-14 21:00:00,145896.53,RTGS
TXN_14124,ACC_0359,ACC_0542,2024-02-15 03:00:00,210875.2,IMPS
TXN_14125,ACC_0884,ACC_0781,2024-09-26 02:00:00,364873.7,UPI
TXN_14126,ACC_0085,ACC_0355,2026-04-21 10:00:00,40681.2,RTGS
TXN_14127,ACC_0018,ACC_0430,2026-05-23 13:00:00,153416.09,NEFT
TXN_14128,ACC_0447,ACC_0602,2025-06-17 00:00:00,419867.47,IMPS
TXN_14129,ACC_0990,ACC_0816,2025-08-18 03:00:00,134067.32,RTGS
TXN_14130,ACC_0929,ACC_0061,2026-10-17 10:00:00,55990.41,IMPS
TXN_14131,ACC_0841,ACC_0783,2024-08-04 08:00:00,466954.43,UPI
TXN_14132,ACC_0296,ACC_0984,2024-11-08 16:00:00,360327.18,IMPS
TXN_14133,ACC_0805,ACC_0374,2026-06-09 05:00:00,129005.08,IMPS
TXN_14134,ACC_0197,ACC_0877,2026-05-30 13:00:00,179327.27,RTGS
TXN_14135,ACC_0995,ACC_0942,2026-02-14 13:00:00,156254.82,UPI
TXN_14136,ACC_0604,ACC_0864,2026-03-25 02:00:00,320404.14,RTGS
TXN_14137,ACC_0733,ACC_0012,2025-12-02 15:00:00,364054.92,RTGS
TXN_14138,ACC_0046,ACC_0513,2025-02-20 22:00:00,112732.99,IMPS
TXN_14139,ACC_0463,ACC_0585,2024-09-16 07:00:00,47800.63,UPI
TXN_14140,ACC_0760,ACC_0070,2024-04-15 18:00:00,88519.78,RTGS
TXN_14141,ACC_0206,ACC_0040,2025-01-19 10:00:00,432131.44,IMPS
TXN_14142,ACC_0866,ACC_0236,2024-11-25 07:00:00,388706.52,RTGS
TXN_14143,ACC_0408,ACC_0606,2026-09-26 13:00:00,275185.44,IMPS
TXN_14144,ACC_0655,ACC_0584,2025-08-25 21:00:00,335724.57,RTGS
TXN_14145,ACC_0958,ACC_0141,2025-05-13 03:00:00,444925.58,NEFT
TXN_14146,ACC_0379,ACC_0575,2026-08-28 12:00:00,329760.54,UPI
TXN_14147,ACC_0393,ACC_0785,2024-02-24 12:00:00,210789.7,NEFT
TXN_14148,ACC_0227,ACC_0468,2026-01-25 06:00:00,468227.61,NEFT
TXN_14149,ACC_1031,ACC_0090,2024-11-30 12:00:00,146395.04,NEFT
TXN_14150,ACC_0074,ACC_0710,2024-09-19 11:00:00,208462.44,UPI
TXN_14151,ACC_0526,ACC_0396,2026-02-18 12:00:00,448892.91,NEFT
TXN_14152,ACC_0450,ACC_0039,2024-06-26 05:00:00,256492.07,NEFT
TXN_14153,ACC_0228,ACC_0002,2026-04-26 09:00:00,488052.61,RTGS
TXN_14154,ACC_0594,ACC_0103,2025-04-22 13:00:00,447647.24,IMPS
TXN_14155,ACC_0750,ACC_0664,2024-09-06 17:00:00,310974.77,UPI
TXN_14156,ACC_0179,ACC_0445,2026-02-15 20:00:00,179214.73,IMPS
TXN_14157,ACC_0517,ACC_0293,2026-08-01 19:00:00,98648.45,NEFT
TXN_14158,ACC_0118,ACC_0003,2024-08-08 08:00:00,456843.58,NEFT
TXN_14159,ACC_0802,ACC_0102,2025-01-31 01:00:00,52857.69,NEFT
TXN_14160,ACC_0931,ACC_0027,2026-07-28 06:00:00,19462.33,NEFT
TXN_14161,ACC_0516,ACC_0429,2025-08-10 21:00:00,463258.88,IMPS
TXN_14162,ACC_0224,ACC_0765,2026-01-15 01:00:00,386684.03,UPI
TXN_14163,ACC_0519,ACC_0060,2026-04-12 08:00:00,240103.12,IMPS
TXN_14164,ACC_0741,ACC_0163,2024-11-07 01:00:00,64459.64,RTGS
TXN_14165,ACC_0331,ACC_0060,2025-10-11 10:00:00,214390.76,RTGS
TXN_14166,ACC_0631,ACC_0184,2026-09-26 05:00:00,302221.92,IMPS
TXN_14167,ACC_0255,ACC_0259,2025-12-10 01:00:00,289699.06,IMPS
TXN_14168,ACC_0514,ACC_0168,2024-10-09 01:00:00,251426.26,IMPS
TXN_14169,ACC_0478,ACC_0340,2025-02-08 15:00:00,311649.07,RTGS
TXN_14170,ACC_0754,ACC_0314,2025-10-11 22:00:00,362177.29,IMPS
TXN_14171,ACC_0201,ACC_0506,2025-01-10 22:00:00,284969.21,RTGS
TXN_14172,ACC_0776,ACC_0937,2026-11-06 16:00:00,132568.38,RTGS
TXN_14173,ACC_0957,ACC_0038,2026-10-29 10:00:00,224184.04,UPI
TXN_14174,ACC_0998,ACC_0985,2025-11-07 01:00:00,406516.62,IMPS
TXN_14175,ACC_0802,ACC_0890,2024-01-26 15:00:00,256014.02,UPI
TXN_14176,ACC_0710,ACC_0809,2024-10-24 23:00:00,118947.33,IMPS
TXN_14177,ACC_0471,ACC_0804,2026-08-09 22:00:00,313244.89,UPI
TXN_14178,ACC_0081,ACC_0521,2024-04-30 17:00:00,489798.71,UPI
TXN_14179,ACC_0565,ACC_0028,2025-12-29 22:00:00,146508.36,RTGS
TXN_14180,ACC_0537,ACC_0548,2025-02-08 09:00:00,319515.13,IMPS
TXN_14181,ACC_0463,ACC_0500,2026-10-18 11:00:00,208424.36,IMPS
TXN_14182,ACC_0533,ACC_0532,2024-05-17 22:00:00,419360.87,NEFT
TXN_14183,ACC_0561,ACC_0316,2025-02-20 13:00:00,104881.87,NEFT
TXN_14184,ACC_0434,ACC_0329,2026-06-30 09:00:00,107692.49,NEFT
TXN_14185,ACC_0872,ACC_1029,2025-12-10 05:00:00,418855.82,NEFT
TXN_14186,ACC_0758,ACC_0812,2024-10-20 07:00:00,210644.3,NEFT
TXN_14187,ACC_0028,ACC_0359,2024-01-29 20:00:00,408532.33,RTGS
TXN_14188,ACC_0990,ACC_0232,2025-11-11 13:00:00,128957.44,NEFT
TXN_14189,ACC_0186,ACC_0520,2026-05-17 16:00:00,209751.28,NEFT
TXN_14190,ACC_0997,ACC_0258,2026-05-08 17:00:00,185836.87,RTGS
TXN_14191,ACC_0989,ACC_0029,2024-11-05 10:00:00,268682.23,RTGS
TXN_14192,ACC_0878,ACC_0545,2026-09-23 10:00:00,237971.81,RTGS
TXN_14193,ACC_1009,ACC_1021,2025-01-16 12:00:00,82647.9,UPI
TXN_14194,ACC_0663,ACC_0173,2025-07-21 02:00:00,421554.15,NEFT
TXN_14195,ACC_0030,ACC_0797,2024-11-29 03:00:00,494007.9,RTGS
TXN_14196,ACC_0731,ACC_0035,2024-04-22 12:00:00,226423.27,UPI
TXN_14197,ACC_0035,ACC_0276,2024-07-13 02:00:00,200210.4,RTGS
TXN_14198,ACC_0203,ACC_0865,2024-01-13 20:00:00,425688.4,RTGS
TXN_14199,ACC_0566,ACC_0665,2024-11-28 16:00:00,140736.69,IMPS
TXN_14200,ACC_0594,ACC_0111,2024-10-24 12:00:00,489319.31,IMPS
TXN_14201,ACC_0779,ACC_0588,2025-09-09 18:00:00,469549.03,RTGS
TXN_14202,ACC_0747,ACC_0657,2024-08-22 18:00:00,25157.82,RTGS
TXN_14203,ACC_0353,ACC_0151,2025-06-23 23:00:00,427411.86,IMPS
TXN_14204,ACC_1015,ACC_1001,2025-12-17 00:00:00,141021.63,UPI
TXN_14205,ACC_0161,ACC_0163,2026-07-08 12:00:00,177288.76,UPI
TXN_14206,ACC_0725,ACC_0266,2024-12-05 06:00:00,312730.15,UPI
TXN_14207,ACC_0843,ACC_0211,2025-11-30 09:00:00,234844.08,UPI
TXN_14208,ACC_0322,ACC_0486,2024-11-20 03:00:00,80915.52,NEFT
TXN_14209,ACC_0482,ACC_0476,2025-11-17 16:00:00,307719.72,RTGS
TXN_14210,ACC_0690,ACC_0980,2026-03-22 04:00:00,260085.33,UPI
TXN_14211,ACC_0733,ACC_0736,2024-05-23 22:00:00,354428.4,UPI
TXN_14212,ACC_0712,ACC_0553,2026-04-15 11:00:00,232254.55,NEFT
TXN_14213,ACC_0461,ACC_0802,2024-08-11 00:00:00,131418.59,IMPS
TXN_14214,ACC_0438,ACC_0816,2024-06-12 10:00:00,75835.49,IMPS
TXN_14215,ACC_0940,ACC_0173,2026-08-02 21:00:00,108790.88,RTGS
TXN_14216,ACC_0541,ACC_0918,2025-04-12 10:00:00,351801.26,UPI
TXN_14217,ACC_0280,ACC_0597,2026-07-15 11:00:00,356313.7,UPI
TXN_14218,ACC_0493,ACC_0150,2025-06-10 09:00:00,356316.66,UPI
TXN_14219,ACC_0100,ACC_0710,2026-08-18 01:00:00,37951.37,IMPS
TXN_14220,ACC_0843,ACC_0489,2024-08-30 06:00:00,418045.4,RTGS
TXN_14221,ACC_0361,ACC_0735,2025-08-30 11:00:00,11090.44,UPI
TXN_14222,ACC_0010,ACC_1018,2024-10-22 14:00:00,5558.24,RTGS
TXN_14223,ACC_0059,ACC_0239,2026-08-22 09:00:00,356080.36,IMPS
TXN_14224,ACC_0110,ACC_0975,2025-12-23 14:00:00,198806.9,UPI
TXN_14225,ACC_0137,ACC_0643,2024-04-10 05:00:00,241049.37,RTGS
TXN_14226,ACC_0685,ACC_0728,2024-05-29 13:00:00,110886.63,IMPS
TXN_14227,ACC_0871,ACC_0764,2024-08-20 16:00:00,366661.48,UPI
TXN_14228,ACC_0981,ACC_0566,2025-04-03 19:00:00,2464.47,RTGS
TXN_14229,ACC_0140,ACC_0883,2026-09-26 10:00:00,146485.78,UPI
TXN_14230,ACC_0879,ACC_0257,2025-12-27 23:00:00,231407.61,NEFT
TXN_14231,ACC_0223,ACC_1012,2025-09-27 11:00:00,488430.91,NEFT
TXN_14232,ACC_0183,ACC_0621,2025-04-09 06:00:00,216201.76,NEFT
TXN_14233,ACC_0544,ACC_0043,2025-06-14 00:00:00,251044.31,IMPS
TXN_14234,ACC_0268,ACC_0692,2026-03-27 11:00:00,322131.3,RTGS
TXN_14235,ACC_0561,ACC_0869,2026-01-12 18:00:00,177193.24,RTGS
TXN_14236,ACC_0713,ACC_0705,2024-08-29 12:00:00,470840.98,UPI
TXN_14237,ACC_0313,ACC_0307,2026-03-22 10:00:00,163061.79,NEFT
TXN_14238,ACC_0328,ACC_0649,2024-09-03 18:00:00,48425.67,NEFT
TXN_14239,ACC_1009,ACC_0098,2024-08-30 17:00:00,164031.15,NEFT
TXN_14240,ACC_1029,ACC_0545,2024-02-26 21:00:00,337204.36,IMPS
TXN_14241,ACC_0554,ACC_0370,2024-07-02 20:00:00,85338.54,UPI
TXN_14242,ACC_0800,ACC_1013,2025-11-12 03:00:00,71930.78,NEFT
TXN_14243,ACC_0338,ACC_0128,2025-03-21 23:00:00,240957.81,UPI
TXN_14244,ACC_0553,ACC_0867,2024-10-12 04:00:00,5372.6,RTGS
TXN_14245,ACC_0273,ACC_0584,2026-01-13 10:00:00,211214.49,IMPS
TXN_14246,ACC_0690,ACC_0038,2025-07-31 09:00:00,78402.79,RTGS
TXN_14247,ACC_0427,ACC_0354,2024-10-23 16:00:00,30726.93,NEFT
TXN_14248,ACC_0086,ACC_0551,2025-10-07 19:00:00,132207.44,UPI
TXN_14249,ACC_0503,ACC_0425,2026-07-30 11:00:00,154269.23,UPI
TXN_14250,ACC_0504,ACC_0895,2024-03-21 14:00:00,476734.51,NEFT
TXN_14251,ACC_0758,ACC_0996,2026-03-11 04:00:00,269089.33,RTGS
TXN_14252,ACC_0741,ACC_0171,2026-06-22 03:00:00,324447.84,RTGS
TXN_14253,ACC_0078,ACC_0600,2024-05-10 08:00:00,273003.86,NEFT
TXN_14254,ACC_0702,ACC_0125,2024-02-23 09:00:00,343677.93,RTGS
TXN_14255,ACC_0730,ACC_0560,2025-07-02 08:00:00,281764.83,UPI
TXN_14256,ACC_0808,ACC_0267,2024-08-16 21:00:00,117300.62,NEFT
TXN_14257,ACC_0418,ACC_1000,2026-03-19 02:00:00,455572.9,NEFT
TXN_14258,ACC_0873,ACC_0353,2026-01-13 01:00:00,490808.96,UPI
TXN_14259,ACC_0132,ACC_0178,2025-08-18 10:00:00,200634.66,IMPS
TXN_14260,ACC_0511,ACC_0924,2025-02-23 05:00:00,203569.28,NEFT
TXN_14261,ACC_0811,ACC_0462,2024-05-15 18:00:00,53029.17,IMPS
TXN_14262,ACC_0047,ACC_0483,2026-09-13 22:00:00,28099.29,IMPS
TXN_14263,ACC_0903,ACC_0220,2026-05-12 13:00:00,305687.19,NEFT
TXN_14264,ACC_0932,ACC_0870,2024-12-22 10:00:00,373972.73,NEFT
TXN_14265,ACC_0414,ACC_0687,2025-11-25 13:00:00,489493.64,NEFT
TXN_14266,ACC_0104,ACC_0105,2026-06-27 09:00:00,260345.36,RTGS
TXN_14267,ACC_0366,ACC_0449,2026-09-06 07:00:00,63898.57,NEFT
TXN_14268,ACC_0969,ACC_0011,2025-08-18 15:00:00,236390.79,RTGS
TXN_14269,ACC_0751,ACC_0580,2024-05-03 15:00:00,107443.46,IMPS
TXN_14270,ACC_0376,ACC_0482,2026-06-15 19:00:00,448153.42,IMPS
TXN_14271,ACC_0190,ACC_0224,2025-10-18 01:00:00,450246.83,NEFT
TXN_14272,ACC_0384,ACC_0350,2025-11-24 04:00:00,192206.46,IMPS
TXN_14273,ACC_0282,ACC_0242,2026-02-04 11:00:00,398197.23,UPI
TXN_14274,ACC_0313,ACC_0172,2024-08-10 13:00:00,487081.14,IMPS
TXN_14275,ACC_0396,ACC_0061,2026-06-25 18:00:00,62746.26,RTGS
TXN_14276,ACC_0728,ACC_0027,2024-04-20 12:00:00,424539.44,RTGS
TXN_14277,ACC_0311,ACC_0940,2025-01-06 02:00:00,13038.13,UPI
TXN_14278,ACC_0117,ACC_0167,2025-05-19 07:00:00,492737.74,NEFT
TXN_14279,ACC_0742,ACC_0914,2025-08-03 21:00:00,430183.88,IMPS
TXN_14280,ACC_0314,ACC_0002,2024-06-08 21:00:00,299829.23,UPI
TXN_14281,ACC_0016,ACC_0387,2026-05-08 23:00:00,338840.68,RTGS
TXN_14282,ACC_0562,ACC_0999,2026-02-03 15:00:00,463165.01,RTGS
TXN_14283,ACC_0584,ACC_0321,2024-05-31 16:00:00,84205.81,UPI
TXN_14284,ACC_0525,ACC_0392,2024-12-26 15:00:00,4370.59,IMPS
TXN_14285,ACC_0718,ACC_0984,2025-09-03 18:00:00,118466.54,NEFT
TXN_14286,ACC_0873,ACC_0652,2026-05-28 22:00:00,191325.98,RTGS
TXN_14287,ACC_0810,ACC_0788,2025-10-24 05:00:00,407693.3,UPI
TXN_14288,ACC_0706,ACC_0328,2024-11-29 11:00:00,376231.34,IMPS
TXN_14289,ACC_0890,ACC_0204,2024-10-17 15:00:00,310466.26,IMPS
TXN_14290,ACC_0545,ACC_0116,2025-03-18 01:00:00,327776.7,RTGS
TXN_14291,ACC_0175,ACC_0921,2024-03-17 17:00:00,51547.79,NEFT
TXN_14292,ACC_0819,ACC_0881,2026-01-22 20:00:00,403552.87,IMPS
TXN_14293,ACC_0551,ACC_0118,2024-02-15 02:00:00,410553.63,UPI
TXN_14294,ACC_0032,ACC_0802,2025-01-25 02:00:00,351690.23,NEFT
TXN_14295,ACC_0213,ACC_0411,2025-09-25 13:00:00,324022.96,IMPS
TXN_14296,ACC_0373,ACC_0018,2024-05-10 06:00:00,340807.09,NEFT
TXN_14297,ACC_0825,ACC_0290,2024-03-16 16:00:00,391248.82,IMPS
TXN_14298,ACC_0649,ACC_0379,2025-07-23 21:00:00,337091.29,IMPS
TXN_14299,ACC_0211,ACC_0685,2025-01-01 20:00:00,27560.03,UPI
TXN_14300,ACC_0522,ACC_0306,2024-05-02 05:00:00,103567.99,UPI
TXN_14301,ACC_0670,ACC_0526,2025-08-19 03:00:00,227869.55,IMPS
TXN_14302,ACC_0207,ACC_0161,2024-03-22 07:00:00,123351.19,IMPS
TXN_14303,ACC_0304,ACC_0430,2025-11-16 05:00:00,220858.88,RTGS
TXN_14304,ACC_0433,ACC_0164,2025-04-27 11:00:00,187994.59,IMPS
TXN_14305,ACC_0118,ACC_0892,2025-12-11 12:00:00,80854.89,RTGS
TXN_14306,ACC_0070,ACC_0043,2024-12-28 10:00:00,201896.61,NEFT
TXN_14307,ACC_0510,ACC_0737,2024-06-04 00:00:00,319097.48,IMPS
TXN_14308,ACC_0403,ACC_0334,2025-12-07 19:00:00,469933.47,IMPS
TXN_14309,ACC_0683,ACC_0781,2026-02-12 13:00:00,167318.99,UPI
TXN_14310,ACC_0665,ACC_0343,2026-08-16 19:00:00,32596.07,RTGS
TXN_14311,ACC_0972,ACC_0627,2025-05-03 05:00:00,118047.19,NEFT
TXN_14312,ACC_0030,ACC_0442,2026-02-21 18:00:00,441702.7,NEFT
TXN_14313,ACC_0921,ACC_0791,2025-03-29 05:00:00,456216.28,NEFT
TXN_14314,ACC_0851,ACC_0117,2025-12-12 03:00:00,245785.88,UPI
TXN_14315,ACC_0844,ACC_0299,2026-08-08 03:00:00,395532.63,NEFT
TXN_14316,ACC_0290,ACC_0597,2024-02-15 18:00:00,206813.16,NEFT
TXN_14317,ACC_0293,ACC_0926,2024-04-04 17:00:00,280561.35,RTGS
TXN_14318,ACC_0603,ACC_0997,2025-02-25 15:00:00,446895.85,NEFT
TXN_14319,ACC_0757,ACC_0037,2024-11-26 05:00:00,407149.68,IMPS
TXN_14320,ACC_0067,ACC_0630,2026-05-22 22:00:00,141685.36,NEFT
TXN_14321,ACC_0896,ACC_0559,2025-11-12 17:00:00,311009.1,IMPS
TXN_14322,ACC_0261,ACC_0605,2026-04-24 02:00:00,131859.38,IMPS
TXN_14323,ACC_0888,ACC_0799,2025-03-27 02:00:00,377360.36,IMPS
TXN_14324,ACC_0834,ACC_0791,2025-11-13 21:00:00,240930.19,UPI
TXN_14325,ACC_0053,ACC_0532,2026-09-08 03:00:00,446523.31,NEFT
TXN_14326,ACC_0595,ACC_0495,2025-01-17 11:00:00,37521.19,NEFT
TXN_14327,ACC_0221,ACC_0704,2026-02-25 04:00:00,109466.06,IMPS
TXN_14328,ACC_0748,ACC_0666,2025-09-05 20:00:00,222993.48,IMPS
TXN_14329,ACC_0972,ACC_1004,2024-07-24 03:00:00,62182.17,UPI
TXN_14330,ACC_0710,ACC_0661,2024-07-17 19:00:00,396115.25,NEFT
TXN_14331,ACC_0174,ACC_1035,2024-04-26 04:00:00,119363.63,IMPS
TXN_14332,ACC_0798,ACC_0273,2024-05-30 12:00:00,372541.83,UPI
TXN_14333,ACC_0326,ACC_0778,2025-02-19 21:00:00,90137.83,NEFT
TXN_14334,ACC_0085,ACC_0114,2024-07-24 22:00:00,85756.88,NEFT
TXN_14335,ACC_1012,ACC_0572,2024-01-07 23:00:00,478114.07,RTGS
TXN_14336,ACC_0324,ACC_0807,2025-10-10 14:00:00,219681.96,UPI
TXN_14337,ACC_0239,ACC_0038,2024-12-07 17:00:00,329572.82,RTGS
TXN_14338,ACC_0449,ACC_0862,2025-01-08 15:00:00,331271.5,IMPS
TXN_14339,ACC_0114,ACC_0608,2026-01-09 15:00:00,67039.29,RTGS
TXN_14340,ACC_0476,ACC_0107,2026-03-17 09:00:00,388570.0,UPI
TXN_14341,ACC_0169,ACC_0032,2024-02-29 15:00:00,167204.17,RTGS
TXN_14342,ACC_0732,ACC_0437,2025-03-01 09:00:00,73306.58,UPI
TXN_14343,ACC_0118,ACC_0089,2024-09-29 15:00:00,234204.76,NEFT
TXN_14344,ACC_0736,ACC_0932,2025-10-07 04:00:00,411733.24,NEFT
TXN_14345,ACC_0644,ACC_0392,2026-06-22 15:00:00,278732.1,NEFT
TXN_14346,ACC_0674,ACC_0767,2024-05-03 00:00:00,144823.27,NEFT
TXN_14347,ACC_0747,ACC_0689,2025-01-27 04:00:00,42660.63,NEFT
TXN_14348,ACC_0508,ACC_0211,2024-08-16 19:00:00,345047.82,RTGS
TXN_14349,ACC_0215,ACC_0754,2026-05-04 09:00:00,389422.8,UPI
TXN_14350,ACC_0493,ACC_0171,2026-05-20 02:00:00,471550.97,IMPS
TXN_14351,ACC_0398,ACC_0807,2025-06-10 23:00:00,337540.37,RTGS
TXN_14352,ACC_1005,ACC_1023,2024-12-09 10:00:00,385849.8,UPI
TXN_14353,ACC_0598,ACC_0335,2026-10-28 06:00:00,397656.32,UPI
TXN_14354,ACC_0827,ACC_0947,2024-02-18 06:00:00,140738.35,RTGS
TXN_14355,ACC_0724,ACC_0289,2024-06-14 14:00:00,415287.87,RTGS
TXN_14356,ACC_0507,ACC_0156,2024-02-08 02:00:00,464831.83,IMPS
TXN_14357,ACC_0541,ACC_0067,2025-02-15 08:00:00,201215.1,UPI
TXN_14358,ACC_0067,ACC_0150,2026-11-02 13:00:00,483031.25,IMPS
TXN_14359,ACC_0866,ACC_0164,2024-11-22 01:00:00,83449.63,UPI
TXN_14360,ACC_0130,ACC_1024,2024-04-04 15:00:00,478161.24,IMPS
TXN_14361,ACC_0454,ACC_0823,2024-09-30 02:00:00,1001.43,UPI
TXN_14362,ACC_0863,ACC_0494,2025-10-30 15:00:00,259203.49,RTGS
TXN_14363,ACC_0213,ACC_0555,2024-10-24 20:00:00,202283.8,IMPS
TXN_14364,ACC_0288,ACC_0013,2025-02-26 02:00:00,480886.76,RTGS
TXN_14365,ACC_0253,ACC_0028,2024-07-09 19:00:00,279325.01,NEFT
TXN_14366,ACC_0672,ACC_0151,2025-08-10 22:00:00,310769.66,RTGS
TXN_14367,ACC_0892,ACC_0040,2024-07-01 22:00:00,165603.34,IMPS
TXN_14368,ACC_0429,ACC_0103,2026-09-25 04:00:00,70561.16,RTGS
TXN_14369,ACC_0472,ACC_0698,2024-10-07 17:00:00,445425.93,UPI
TXN_14370,ACC_0376,ACC_0181,2025-01-29 16:00:00,490060.71,NEFT
TXN_14371,ACC_0657,ACC_0363,2024-09-11 08:00:00,341113.6,RTGS
TXN_14372,ACC_0438,ACC_0031,2024-05-09 07:00:00,184732.97,IMPS
TXN_14373,ACC_1020,ACC_0618,2025-08-28 09:00:00,164160.95,NEFT
TXN_14374,ACC_0530,ACC_0669,2024-02-09 03:00:00,113121.36,IMPS
TXN_14375,ACC_0632,ACC_0220,2024-10-04 18:00:00,466787.98,IMPS
TXN_14376,ACC_0469,ACC_0132,2025-02-03 03:00:00,423795.85,NEFT
TXN_14377,ACC_0662,ACC_0125,2024-10-11 20:00:00,432734.31,RTGS
TXN_14378,ACC_0721,ACC_0277,2025-06-27 04:00:00,369976.07,IMPS
TXN_14379,ACC_0323,ACC_0290,2026-10-01 00:00:00,50748.42,RTGS
TXN_14380,ACC_0493,ACC_0793,2024-10-07 03:00:00,239208.31,NEFT
TXN_14381,ACC_0423,ACC_0563,2024-08-03 23:00:00,172182.3,IMPS
TXN_14382,ACC_1037,ACC_1013,2025-09-01 07:00:00,1165.72,IMPS
TXN_14383,ACC_0393,ACC_0817,2025-07-05 12:00:00,433297.07,RTGS
TXN_14384,ACC_1006,ACC_0924,2024-10-18 19:00:00,498815.75,UPI
TXN_14385,ACC_0536,ACC_0646,2024-07-14 14:00:00,278023.85,UPI
TXN_14386,ACC_0258,ACC_0513,2024-11-02 06:00:00,23562.71,RTGS
TXN_14387,ACC_0913,ACC_0437,2024-06-07 18:00:00,453007.39,RTGS
TXN_14388,ACC_0238,ACC_0804,2026-04-18 23:00:00,289573.93,UPI
TXN_14389,ACC_0472,ACC_0215,2025-10-07 01:00:00,151110.25,IMPS
TXN_14390,ACC_0441,ACC_0453,2025-07-23 14:00:00,5424.48,NEFT
TXN_14391,ACC_0458,ACC_0528,2025-09-09 03:00:00,127481.07,NEFT
TXN_14392,ACC_0904,ACC_0712,2026-07-16 04:00:00,462233.86,RTGS
TXN_14393,ACC_0755,ACC_0829,2026-01-01 01:00:00,286806.7,RTGS
TXN_14394,ACC_0096,ACC_0882,2026-06-18 21:00:00,441235.95,RTGS
TXN_14395,ACC_0746,ACC_0247,2025-12-07 10:00:00,191671.99,UPI
TXN_14396,ACC_0827,ACC_0321,2025-12-17 18:00:00,90915.33,NEFT
TXN_14397,ACC_1013,ACC_0468,2026-07-20 14:00:00,414341.09,IMPS
TXN_14398,ACC_0882,ACC_0798,2024-06-23 08:00:00,421721.96,UPI
TXN_14399,ACC_0061,ACC_0740,2024-01-30 01:00:00,369571.2,IMPS
TXN_14400,ACC_0737,ACC_0638,2024-07-18 07:00:00,388304.19,RTGS
TXN_14401,ACC_0901,ACC_0136,2026-04-16 22:00:00,475800.54,UPI
TXN_14402,ACC_0217,ACC_0386,2026-06-09 13:00:00,184175.51,RTGS
TXN_14403,ACC_0602,ACC_0890,2024-09-15 14:00:00,475070.31,NEFT
TXN_14404,ACC_0178,ACC_0515,2026-04-11 08:00:00,283393.69,IMPS
TXN_14405,ACC_0111,ACC_0692,2025-01-11 04:00:00,94824.07,IMPS
TXN_14406,ACC_0970,ACC_0725,2024-08-26 00:00:00,152257.35,RTGS
TXN_14407,ACC_0923,ACC_1021,2024-01-26 02:00:00,319241.88,NEFT
TXN_14408,ACC_0370,ACC_0911,2025-12-22 01:00:00,466182.51,UPI
TXN_14409,ACC_0943,ACC_0275,2025-05-31 01:00:00,374417.3,RTGS
TXN_14410,ACC_0498,ACC_0347,2024-03-03 08:00:00,370513.38,RTGS
TXN_14411,ACC_0002,ACC_1031,2026-02-04 16:00:00,473702.63,NEFT
TXN_14412,ACC_0546,ACC_0613,2024-02-16 23:00:00,326949.46,UPI
TXN_14413,ACC_0990,ACC_0844,2024-04-23 06:00:00,120070.26,NEFT
TXN_14414,ACC_0058,ACC_0320,2026-07-13 11:00:00,357223.18,RTGS
TXN_14415,ACC_0136,ACC_0724,2024-07-04 09:00:00,173710.41,UPI
TXN_14416,ACC_0544,ACC_0447,2026-06-20 07:00:00,468698.78,IMPS
TXN_14417,ACC_0774,ACC_0778,2024-04-27 12:00:00,490305.12,NEFT
TXN_14418,ACC_0859,ACC_0651,2024-12-30 01:00:00,245673.44,UPI
TXN_14419,ACC_0778,ACC_0056,2024-09-21 08:00:00,68434.64,RTGS
TXN_14420,ACC_0518,ACC_0362,2026-10-27 06:00:00,458118.98,NEFT
TXN_14421,ACC_0514,ACC_0518,2025-04-23 18:00:00,26660.39,IMPS
TXN_14422,ACC_0513,ACC_0611,2026-06-27 18:00:00,133608.6,RTGS
TXN_14423,ACC_0784,ACC_0335,2024-12-10 18:00:00,186795.46,IMPS
TXN_14424,ACC_0615,ACC_0270,2025-10-12 17:00:00,67480.44,NEFT
TXN_14425,ACC_0036,ACC_0803,2026-08-11 14:00:00,396465.03,RTGS
TXN_14426,ACC_0493,ACC_0153,2024-04-12 03:00:00,60629.96,NEFT
TXN_14427,ACC_0263,ACC_0450,2026-09-04 00:00:00,185433.37,IMPS
TXN_14428,ACC_0895,ACC_0741,2026-09-09 06:00:00,476233.18,IMPS
TXN_14429,ACC_0739,ACC_0524,2026-09-02 20:00:00,146112.49,NEFT
TXN_14430,ACC_0672,ACC_0343,2024-06-13 16:00:00,289911.58,NEFT
TXN_14431,ACC_0414,ACC_0230,2025-05-27 07:00:00,306685.01,IMPS
TXN_14432,ACC_0225,ACC_0574,2026-03-11 02:00:00,325419.92,UPI
TXN_14433,ACC_0275,ACC_0089,2025-11-20 03:00:00,16537.0,UPI
TXN_14434,ACC_0231,ACC_0390,2024-11-15 09:00:00,440102.08,UPI
TXN_14435,ACC_0654,ACC_0237,2025-08-18 08:00:00,212837.26,NEFT
TXN_14436,ACC_0192,ACC_0944,2025-07-08 10:00:00,153582.2,NEFT
TXN_14437,ACC_0428,ACC_0394,2026-07-04 08:00:00,334633.4,NEFT
TXN_14438,ACC_0464,ACC_0480,2026-03-12 19:00:00,294623.95,RTGS
TXN_14439,ACC_0886,ACC_0456,2025-03-31 10:00:00,482923.28,IMPS
TXN_14440,ACC_0698,ACC_0015,2025-01-09 14:00:00,245910.22,RTGS
TXN_14441,ACC_0369,ACC_0522,2025-05-24 05:00:00,56160.29,NEFT
TXN_14442,ACC_0591,ACC_0934,2024-05-21 18:00:00,69621.33,UPI
TXN_14443,ACC_0292,ACC_0396,2025-09-08 05:00:00,263120.4,UPI
TXN_14444,ACC_0296,ACC_0429,2024-09-19 13:00:00,200593.23,NEFT
TXN_14445,ACC_0971,ACC_0472,2024-12-10 10:00:00,183547.3,UPI
TXN_14446,ACC_1021,ACC_0422,2024-07-30 08:00:00,55364.16,RTGS
TXN_14447,ACC_0148,ACC_0084,2024-11-14 21:00:00,3012.29,UPI
TXN_14448,ACC_0759,ACC_0085,2024-07-29 02:00:00,375454.99,NEFT
TXN_14449,ACC_0624,ACC_0404,2024-09-02 19:00:00,261998.17,IMPS
TXN_14450,ACC_1023,ACC_0552,2025-04-13 23:00:00,415353.77,UPI
TXN_14451,ACC_0383,ACC_0664,2025-10-09 16:00:00,8975.22,UPI
TXN_14452,ACC_0158,ACC_0757,2026-07-26 04:00:00,116772.81,RTGS
TXN_14453,ACC_0168,ACC_0464,2025-11-19 06:00:00,63497.9,NEFT
TXN_14454,ACC_0226,ACC_0137,2024-09-28 17:00:00,349675.1,NEFT
TXN_14455,ACC_0971,ACC_0945,2024-09-27 06:00:00,315552.32,NEFT
TXN_14456,ACC_0743,ACC_0725,2024-06-08 07:00:00,16601.23,NEFT
TXN_14457,ACC_0035,ACC_0212,2025-12-23 16:00:00,206447.68,RTGS
TXN_14458,ACC_0741,ACC_0830,2025-06-23 08:00:00,129822.59,RTGS
TXN_14459,ACC_0127,ACC_0538,2025-08-04 07:00:00,136553.57,NEFT
TXN_14460,ACC_0245,ACC_0910,2025-07-29 14:00:00,54067.02,NEFT
TXN_14461,ACC_0603,ACC_0066,2024-07-02 02:00:00,154845.53,NEFT
TXN_14462,ACC_0516,ACC_0968,2024-09-21 03:00:00,147840.19,UPI
TXN_14463,ACC_0054,ACC_0411,2025-08-09 13:00:00,432137.04,UPI
TXN_14464,ACC_0970,ACC_1029,2026-04-19 02:00:00,213737.49,NEFT
TXN_14465,ACC_0128,ACC_0519,2024-05-15 10:00:00,453243.12,UPI
TXN_14466,ACC_0134,ACC_0062,2025-01-02 01:00:00,125240.11,UPI
TXN_14467,ACC_0830,ACC_0413,2026-06-08 08:00:00,85192.08,NEFT
TXN_14468,ACC_0668,ACC_0882,2026-09-26 18:00:00,489390.27,UPI
TXN_14469,ACC_0326,ACC_0315,2024-08-26 03:00:00,23460.69,RTGS
TXN_14470,ACC_0850,ACC_0606,2024-07-30 17:00:00,90493.78,IMPS
TXN_14471,ACC_0230,ACC_0452,2024-03-02 02:00:00,209499.14,IMPS
TXN_14472,ACC_0608,ACC_0881,2025-05-22 19:00:00,326053.01,NEFT
TXN_14473,ACC_0371,ACC_0932,2025-07-27 17:00:00,76845.69,RTGS
TXN_14474,ACC_0158,ACC_0362,2025-07-09 15:00:00,42581.49,RTGS
TXN_14475,ACC_1003,ACC_0141,2026-08-11 23:00:00,496014.4,IMPS
TXN_14476,ACC_0147,ACC_0173,2026-10-28 16:00:00,482294.95,UPI
TXN_14477,ACC_0745,ACC_0351,2024-07-21 00:00:00,280440.1,IMPS
TXN_14478,ACC_0704,ACC_0124,2024-06-11 06:00:00,217020.55,IMPS
TXN_14479,ACC_0997,ACC_0900,2024-11-11 07:00:00,328205.6,IMPS
TXN_14480,ACC_0516,ACC_0886,2026-01-03 19:00:00,91706.45,UPI
TXN_14481,ACC_0508,ACC_0105,2025-07-02 08:00:00,47820.25,RTGS
TXN_14482,ACC_0089,ACC_0144,2025-09-10 05:00:00,72037.39,RTGS
TXN_14483,ACC_0771,ACC_0877,2025-06-05 10:00:00,402705.5,NEFT
TXN_14484,ACC_0190,ACC_0789,2026-03-07 15:00:00,118720.48,RTGS
TXN_14485,ACC_0115,ACC_0103,2024-11-17 02:00:00,115504.58,RTGS
TXN_14486,ACC_0249,ACC_0496,2026-11-05 02:00:00,261510.27,RTGS
TXN_14487,ACC_0377,ACC_0906,2024-02-25 09:00:00,190691.8,IMPS
TXN_14488,ACC_0651,ACC_0212,2025-01-17 19:00:00,487315.16,UPI
TXN_14489,ACC_0145,ACC_0486,2026-03-27 19:00:00,495491.58,UPI
TXN_14490,ACC_0087,ACC_0025,2024-02-03 15:00:00,232596.16,UPI
TXN_14491,ACC_0836,ACC_0589,2026-10-26 10:00:00,459483.07,UPI
TXN_14492,ACC_0579,ACC_0652,2026-07-24 21:00:00,141838.0,IMPS
TXN_14493,ACC_1030,ACC_0847,2025-07-10 02:00:00,143743.18,NEFT
TXN_14494,ACC_0316,ACC_0609,2025-02-05 21:00:00,368923.26,IMPS
TXN_14495,ACC_0116,ACC_0143,2024-08-07 12:00:00,180838.89,NEFT
TXN_14496,ACC_0232,ACC_0749,2026-05-05 20:00:00,82274.05,NEFT
TXN_14497,ACC_0951,ACC_0885,2025-07-03 20:00:00,67821.58,IMPS
TXN_14498,ACC_1030,ACC_0649,2024-04-04 11:00:00,176605.93,UPI
TXN_14499,ACC_0128,ACC_0989,2024-02-10 08:00:00,334466.61,NEFT
TXN_14500,ACC_0618,ACC_0210,2025-01-23 17:00:00,69088.52,UPI
TXN_14501,ACC_0198,ACC_0006,2024-04-10 17:00:00,213063.76,NEFT
TXN_14502,ACC_0162,ACC_0345,2024-09-04 03:00:00,228151.66,IMPS
TXN_14503,ACC_0879,ACC_0805,2026-03-30 06:00:00,241433.04,IMPS
TXN_14504,ACC_0180,ACC_0576,2026-09-29 17:00:00,423324.9,NEFT
TXN_14505,ACC_0626,ACC_0865,2024-10-05 08:00:00,152612.53,UPI
TXN_14506,ACC_0138,ACC_0078,2024-11-16 14:00:00,5175.67,RTGS
TXN_14507,ACC_0240,ACC_0777,2025-01-07 03:00:00,314497.53,NEFT
TXN_14508,ACC_0363,ACC_0073,2025-06-28 03:00:00,50305.66,NEFT
TXN_14509,ACC_0639,ACC_0890,2025-11-04 22:00:00,244438.81,IMPS
TXN_14510,ACC_0632,ACC_0035,2026-03-17 15:00:00,446994.39,NEFT
TXN_14511,ACC_0117,ACC_0608,2024-08-25 09:00:00,315424.11,UPI
TXN_14512,ACC_0697,ACC_0364,2025-06-30 09:00:00,287595.01,RTGS
TXN_14513,ACC_0420,ACC_0477,2024-04-16 11:00:00,226212.78,RTGS
TXN_14514,ACC_0478,ACC_0491,2025-03-20 01:00:00,5698.41,NEFT
TXN_14515,ACC_0820,ACC_0180,2024-10-16 09:00:00,259791.53,NEFT
TXN_14516,ACC_0848,ACC_0417,2025-06-14 00:00:00,164189.78,IMPS
TXN_14517,ACC_0981,ACC_0008,2026-10-20 01:00:00,70462.31,RTGS
TXN_14518,ACC_0982,ACC_0762,2025-07-04 18:00:00,386650.93,NEFT
TXN_14519,ACC_0357,ACC_0316,2026-07-17 15:00:00,117441.15,UPI
TXN_14520,ACC_0773,ACC_0716,2026-09-16 02:00:00,324249.18,NEFT
TXN_14521,ACC_0511,ACC_0802,2024-09-03 07:00:00,180614.61,NEFT
TXN_14522,ACC_0095,ACC_0198,2026-07-12 20:00:00,357305.55,IMPS
TXN_14523,ACC_0816,ACC_0251,2025-04-23 18:00:00,479689.44,RTGS
TXN_14524,ACC_0918,ACC_0401,2026-05-04 06:00:00,363789.73,IMPS
TXN_14525,ACC_0242,ACC_0684,2026-10-22 11:00:00,235842.1,UPI
TXN_14526,ACC_0802,ACC_0110,2025-09-06 08:00:00,372279.7,RTGS
TXN_14527,ACC_0433,ACC_0006,2025-11-15 05:00:00,155401.68,NEFT
TXN_14528,ACC_0840,ACC_0906,2024-08-03 00:00:00,53610.34,UPI
TXN_14529,ACC_0270,ACC_0638,2025-04-17 14:00:00,430649.51,NEFT
TXN_14530,ACC_0515,ACC_0043,2024-08-23 23:00:00,281513.62,UPI
TXN_14531,ACC_0125,ACC_0232,2024-05-26 14:00:00,479322.09,RTGS
TXN_14532,ACC_0983,ACC_0124,2025-01-08 14:00:00,348505.78,IMPS
TXN_14533,ACC_0809,ACC_0282,2026-01-06 02:00:00,161214.36,UPI
TXN_14534,ACC_0479,ACC_0449,2024-02-28 10:00:00,301130.65,NEFT
TXN_14535,ACC_0962,ACC_0240,2026-09-01 23:00:00,497212.0,UPI
TXN_14536,ACC_0538,ACC_0373,2024-10-01 19:00:00,384916.55,RTGS
TXN_14537,ACC_0722,ACC_0303,2025-08-29 23:00:00,240718.27,UPI
TXN_14538,ACC_0103,ACC_0910,2025-10-18 19:00:00,430723.0,IMPS
TXN_14539,ACC_0481,ACC_0828,2025-04-24 21:00:00,75550.94,UPI
TXN_14540,ACC_0595,ACC_0237,2026-04-27 23:00:00,392570.39,UPI
TXN_14541,ACC_0161,ACC_0297,2026-05-20 18:00:00,325518.98,NEFT
TXN_14542,ACC_0366,ACC_0046,2024-04-04 01:00:00,125918.68,IMPS
TXN_14543,ACC_0992,ACC_0534,2025-04-05 13:00:00,116447.18,RTGS
TXN_14544,ACC_0861,ACC_1040,2024-12-27 11:00:00,252460.96,RTGS
TXN_14545,ACC_0808,ACC_0575,2025-06-10 12:00:00,119528.56,NEFT
TXN_14546,ACC_0685,ACC_0634,2025-01-29 13:00:00,291628.08,NEFT
TXN_14547,ACC_0746,ACC_0920,2024-02-22 21:00:00,422256.66,IMPS
TXN_14548,ACC_0138,ACC_0574,2026-01-30 20:00:00,305662.47,UPI
TXN_14549,ACC_0039,ACC_0880,2025-01-20 17:00:00,260946.44,NEFT
TXN_14550,ACC_0635,ACC_0215,2024-10-12 00:00:00,415630.76,IMPS
TXN_14551,ACC_0148,ACC_0544,2026-03-06 01:00:00,109129.29,NEFT
TXN_14552,ACC_0052,ACC_0948,2026-03-17 01:00:00,466361.64,NEFT
TXN_14553,ACC_0487,ACC_0623,2025-01-23 08:00:00,98026.48,UPI
TXN_14554,ACC_0816,ACC_0289,2024-07-03 04:00:00,42719.97,RTGS
TXN_14555,ACC_0488,ACC_0853,2026-08-04 14:00:00,26930.25,IMPS
TXN_14556,ACC_0673,ACC_0478,2025-12-22 14:00:00,155292.9,NEFT
TXN_14557,ACC_0874,ACC_0147,2025-04-28 00:00:00,362729.73,NEFT
TXN_14558,ACC_0189,ACC_0231,2024-08-12 09:00:00,351852.8,NEFT
TXN_14559,ACC_0106,ACC_0057,2024-04-28 08:00:00,225443.58,RTGS
TXN_14560,ACC_0480,ACC_0042,2024-12-22 00:00:00,12420.61,UPI
TXN_14561,ACC_0225,ACC_0993,2024-06-01 20:00:00,411625.13,UPI
TXN_14562,ACC_0563,ACC_0867,2025-04-03 17:00:00,159124.65,IMPS
TXN_14563,ACC_0007,ACC_0917,2025-03-17 09:00:00,422817.81,UPI
TXN_14564,ACC_0138,ACC_0164,2025-07-28 10:00:00,142120.51,IMPS
TXN_14565,ACC_0274,ACC_0709,2024-03-16 14:00:00,447332.49,IMPS
TXN_14566,ACC_0301,ACC_0999,2026-01-28 14:00:00,52961.98,UPI
TXN_14567,ACC_0148,ACC_0283,2024-09-13 23:00:00,265090.03,IMPS
TXN_14568,ACC_0890,ACC_0699,2025-10-10 06:00:00,264166.83,UPI
TXN_14569,ACC_0438,ACC_0072,2025-11-24 15:00:00,95557.68,IMPS
TXN_14570,ACC_0005,ACC_0918,2025-02-03 01:00:00,341201.72,IMPS
TXN_14571,ACC_0065,ACC_0959,2024-08-02 23:00:00,163193.31,RTGS
TXN_14572,ACC_0607,ACC_0076,2025-09-12 07:00:00,140745.9,NEFT
TXN_14573,ACC_0566,ACC_0827,2026-10-25 07:00:00,219817.77,NEFT
TXN_14574,ACC_0230,ACC_1032,2024-11-08 14:00:00,61351.66,IMPS
TXN_14575,ACC_0487,ACC_0270,2026-01-17 08:00:00,211309.07,NEFT
TXN_14576,ACC_0858,ACC_0876,2024-03-21 07:00:00,320787.65,UPI
TXN_14577,ACC_0018,ACC_0736,2024-11-14 20:00:00,109735.24,IMPS
TXN_14578,ACC_0788,ACC_0329,2025-01-17 13:00:00,145657.31,UPI
TXN_14579,ACC_0793,ACC_0713,2025-06-01 02:00:00,27071.49,UPI
TXN_14580,ACC_0104,ACC_0680,2026-06-01 18:00:00,299106.32,RTGS
TXN_14581,ACC_0207,ACC_0392,2026-02-16 13:00:00,267436.42,IMPS
TXN_14582,ACC_1011,ACC_0104,2024-04-14 04:00:00,325711.7,RTGS
TXN_14583,ACC_0949,ACC_0591,2025-04-23 21:00:00,325150.79,IMPS
TXN_14584,ACC_0761,ACC_0705,2026-01-29 18:00:00,350422.85,IMPS
TXN_14585,ACC_0656,ACC_0120,2024-10-24 09:00:00,83913.11,IMPS
TXN_14586,ACC_0566,ACC_0159,2024-10-14 00:00:00,456408.88,IMPS
TXN_14587,ACC_0469,ACC_0612,2026-04-24 08:00:00,133597.25,IMPS
TXN_14588,ACC_0319,ACC_0093,2025-03-14 20:00:00,239708.16,UPI
TXN_14589,ACC_0258,ACC_0477,2026-10-19 23:00:00,10534.55,UPI
TXN_14590,ACC_0357,ACC_1031,2024-03-07 14:00:00,293622.91,IMPS
TXN_14591,ACC_0662,ACC_0702,2025-08-23 17:00:00,222927.69,RTGS
TXN_14592,ACC_0168,ACC_0661,2024-10-22 13:00:00,28212.15,IMPS
TXN_14593,ACC_0085,ACC_0820,2026-07-25 21:00:00,395690.75,NEFT
TXN_14594,ACC_0324,ACC_0771,2025-02-09 12:00:00,82863.82,NEFT
TXN_14595,ACC_0132,ACC_0347,2025-04-13 17:00:00,395466.87,UPI
TXN_14596,ACC_0214,ACC_0870,2024-03-12 12:00:00,278507.09,RTGS
TXN_14597,ACC_0705,ACC_0105,2026-09-05 23:00:00,268220.84,UPI
TXN_14598,ACC_0079,ACC_0510,2026-07-27 11:00:00,486068.1,IMPS
TXN_14599,ACC_0377,ACC_0523,2025-10-23 10:00:00,487372.44,RTGS
TXN_14600,ACC_0664,ACC_0376,2025-05-06 05:00:00,239983.56,NEFT
TXN_14601,ACC_0407,ACC_0377,2026-07-03 13:00:00,248589.5,RTGS
TXN_14602,ACC_0351,ACC_0967,2025-07-29 10:00:00,90886.84,UPI
TXN_14603,ACC_0218,ACC_0399,2026-08-02 20:00:00,330555.7,UPI
TXN_14604,ACC_0917,ACC_0142,2024-02-20 23:00:00,223156.59,IMPS
TXN_14605,ACC_0580,ACC_0679,2026-04-30 16:00:00,420436.36,IMPS
TXN_14606,ACC_0726,ACC_0986,2026-04-01 15:00:00,383249.94,UPI
TXN_14607,ACC_0944,ACC_0907,2026-06-03 19:00:00,94254.63,UPI
TXN_14608,ACC_0743,ACC_0394,2026-05-29 02:00:00,144074.94,IMPS
TXN_14609,ACC_0138,ACC_0185,2025-06-10 05:00:00,250110.93,RTGS
TXN_14610,ACC_0679,ACC_0043,2025-08-06 14:00:00,335710.2,IMPS
TXN_14611,ACC_0302,ACC_0859,2026-07-21 03:00:00,250077.04,IMPS
TXN_14612,ACC_0145,ACC_0299,2025-07-02 09:00:00,348126.63,IMPS
TXN_14613,ACC_0121,ACC_0335,2026-06-08 14:00:00,422410.92,IMPS
TXN_14614,ACC_0844,ACC_0536,2026-06-26 14:00:00,122472.79,IMPS
TXN_14615,ACC_0638,ACC_0225,2025-10-19 17:00:00,220098.91,UPI
TXN_14616,ACC_0893,ACC_0327,2026-05-02 23:00:00,104636.86,UPI
TXN_14617,ACC_0938,ACC_0047,2025-08-10 16:00:00,180155.83,NEFT
TXN_14618,ACC_0586,ACC_0729,2024-01-16 15:00:00,267147.72,IMPS
TXN_14619,ACC_1007,ACC_0689,2024-11-09 04:00:00,193746.44,UPI
TXN_14620,ACC_0425,ACC_0300,2025-07-04 12:00:00,335711.2,NEFT
TXN_14621,ACC_0862,ACC_0007,2024-08-25 05:00:00,42054.31,RTGS
TXN_14622,ACC_0893,ACC_0979,2026-09-28 06:00:00,220444.82,UPI
TXN_14623,ACC_0155,ACC_0078,2024-06-20 10:00:00,171888.52,UPI
TXN_14624,ACC_0365,ACC_0923,2026-02-28 23:00:00,369481.93,UPI
TXN_14625,ACC_0321,ACC_0417,2025-10-26 05:00:00,167393.38,NEFT
TXN_14626,ACC_0190,ACC_0038,2026-03-20 06:00:00,193616.08,UPI
TXN_14627,ACC_0636,ACC_0854,2026-10-14 00:00:00,232861.04,RTGS
TXN_14628,ACC_0445,ACC_0397,2026-05-27 17:00:00,259919.65,IMPS
TXN_14629,ACC_0237,ACC_0716,2024-01-31 03:00:00,346531.87,NEFT
TXN_14630,ACC_0811,ACC_0816,2025-09-14 14:00:00,255203.34,UPI
TXN_14631,ACC_0690,ACC_0250,2025-10-17 14:00:00,253235.73,IMPS
TXN_14632,ACC_0472,ACC_0842,2024-08-19 04:00:00,136321.29,NEFT
TXN_14633,ACC_0841,ACC_0615,2025-10-01 19:00:00,174996.83,NEFT
TXN_14634,ACC_0484,ACC_0864,2025-05-23 00:00:00,376790.34,UPI
TXN_14635,ACC_0224,ACC_0065,2025-12-05 17:00:00,390357.76,IMPS
TXN_14636,ACC_0825,ACC_0129,2024-11-04 03:00:00,320967.97,IMPS
TXN_14637,ACC_0776,ACC_0507,2026-07-13 19:00:00,22217.52,NEFT
TXN_14638,ACC_0918,ACC_0377,2024-06-21 17:00:00,233795.54,UPI
TXN_14639,ACC_0650,ACC_0286,2025-08-08 10:00:00,449715.4,NEFT
TXN_14640,ACC_0204,ACC_0015,2024-02-25 11:00:00,467516.37,UPI
TXN_14641,ACC_0557,ACC_0713,2025-10-09 08:00:00,241631.79,RTGS
TXN_14642,ACC_0138,ACC_0277,2024-03-09 12:00:00,27413.77,RTGS
TXN_14643,ACC_0385,ACC_0391,2026-04-30 21:00:00,172200.22,UPI
TXN_14644,ACC_0953,ACC_0074,2026-11-02 19:00:00,429379.81,NEFT
TXN_14645,ACC_0127,ACC_0192,2025-05-15 17:00:00,161421.53,UPI
TXN_14646,ACC_0416,ACC_0923,2026-07-29 08:00:00,91867.01,NEFT
TXN_14647,ACC_0446,ACC_0186,2026-07-05 11:00:00,454978.24,NEFT
TXN_14648,ACC_0859,ACC_0409,2024-06-30 03:00:00,268517.0,IMPS
TXN_14649,ACC_0622,ACC_1013,2025-09-04 11:00:00,24151.82,IMPS
TXN_14650,ACC_0714,ACC_0125,2025-06-11 20:00:00,259979.79,NEFT
TXN_14651,ACC_0192,ACC_1028,2024-02-08 18:00:00,41736.88,UPI
TXN_14652,ACC_0309,ACC_0204,2024-06-07 00:00:00,277502.39,IMPS
TXN_14653,ACC_0965,ACC_0121,2025-04-06 19:00:00,478218.01,NEFT
TXN_14654,ACC_0654,ACC_0536,2025-12-13 03:00:00,130036.15,NEFT
TXN_14655,ACC_0696,ACC_0090,2026-08-27 13:00:00,496728.94,UPI
TXN_14656,ACC_0330,ACC_0361,2025-11-30 14:00:00,35268.96,RTGS
TXN_14657,ACC_0009,ACC_0488,2026-10-06 01:00:00,128654.45,RTGS
TXN_14658,ACC_0195,ACC_0738,2025-01-27 00:00:00,234193.94,NEFT
TXN_14659,ACC_0174,ACC_0417,2025-03-11 12:00:00,422801.61,UPI
TXN_14660,ACC_0736,ACC_0714,2024-06-11 04:00:00,417066.05,NEFT
TXN_14661,ACC_0488,ACC_0165,2026-08-11 00:00:00,22975.0,UPI
TXN_14662,ACC_0690,ACC_0540,2026-08-18 14:00:00,23417.88,UPI
TXN_14663,ACC_0769,ACC_0962,2025-08-27 01:00:00,449797.96,UPI
TXN_14664,ACC_0915,ACC_0652,2024-04-14 20:00:00,347870.36,UPI
TXN_14665,ACC_0227,ACC_0188,2024-07-30 07:00:00,454293.34,IMPS
TXN_14666,ACC_0602,ACC_0863,2026-09-14 02:00:00,495407.48,UPI
TXN_14667,ACC_0605,ACC_0577,2025-07-16 11:00:00,295163.58,NEFT
TXN_14668,ACC_0612,ACC_0068,2024-10-14 08:00:00,32583.76,NEFT
TXN_14669,ACC_0943,ACC_0041,2026-01-27 11:00:00,149675.28,RTGS
TXN_14670,ACC_0120,ACC_0439,2024-01-30 09:00:00,388091.47,RTGS
TXN_14671,ACC_0198,ACC_0938,2025-08-30 06:00:00,106104.03,UPI
TXN_14672,ACC_0168,ACC_0164,2024-11-03 02:00:00,495001.17,UPI
TXN_14673,ACC_0607,ACC_0162,2026-06-23 16:00:00,158240.05,UPI
TXN_14674,ACC_0849,ACC_0616,2025-11-10 00:00:00,15095.01,IMPS
TXN_14675,ACC_0486,ACC_0260,2025-05-19 14:00:00,369364.38,UPI
TXN_14676,ACC_0858,ACC_0583,2024-12-01 16:00:00,402114.86,NEFT
TXN_14677,ACC_0614,ACC_0078,2026-10-16 09:00:00,90256.6,IMPS
TXN_14678,ACC_0200,ACC_0761,2024-12-05 20:00:00,5253.09,RTGS
TXN_14679,ACC_0902,ACC_0288,2024-01-28 06:00:00,4285.82,UPI
TXN_14680,ACC_0181,ACC_0866,2024-07-31 07:00:00,334713.66,IMPS
TXN_14681,ACC_0015,ACC_0414,2026-11-04 15:00:00,474523.51,NEFT
TXN_14682,ACC_1015,ACC_0838,2026-04-26 17:00:00,99840.06,IMPS
TXN_14683,ACC_0379,ACC_0376,2025-08-18 18:00:00,220327.63,RTGS
TXN_14684,ACC_0289,ACC_0249,2024-09-09 20:00:00,17634.08,IMPS
TXN_14685,ACC_0949,ACC_0569,2026-04-01 19:00:00,145641.56,IMPS
TXN_14686,ACC_0405,ACC_0104,2024-03-30 01:00:00,178331.29,IMPS
TXN_14687,ACC_0090,ACC_0903,2024-03-21 15:00:00,307790.28,UPI
TXN_14688,ACC_0631,ACC_0908,2026-05-30 04:00:00,158665.15,UPI
TXN_14689,ACC_0561,ACC_0952,2025-07-15 13:00:00,383121.71,UPI
TXN_14690,ACC_0396,ACC_0803,2026-06-01 21:00:00,236202.62,RTGS
TXN_14691,ACC_0761,ACC_0175,2025-02-18 11:00:00,9527.2,UPI
TXN_14692,ACC_0689,ACC_0350,2024-02-24 23:00:00,430231.87,RTGS
TXN_14693,ACC_0421,ACC_0808,2024-04-19 15:00:00,131124.07,RTGS
TXN_14694,ACC_0503,ACC_0772,2025-02-26 20:00:00,271126.05,NEFT
TXN_14695,ACC_0241,ACC_0985,2026-09-11 11:00:00,453826.05,IMPS
TXN_14696,ACC_1015,ACC_0614,2025-06-04 07:00:00,437410.06,IMPS
TXN_14697,ACC_0574,ACC_1032,2024-06-15 22:00:00,356920.22,RTGS
TXN_14698,ACC_0790,ACC_0911,2024-08-10 07:00:00,330803.68,IMPS
TXN_14699,ACC_0328,ACC_0387,2026-02-23 19:00:00,54031.95,IMPS
TXN_14700,ACC_0574,ACC_0689,2026-03-23 21:00:00,217845.88,IMPS
TXN_14701,ACC_0946,ACC_0904,2024-09-29 07:00:00,399618.35,IMPS
TXN_14702,ACC_0262,ACC_0261,2025-05-27 03:00:00,150136.08,RTGS
TXN_14703,ACC_0866,ACC_1020,2025-11-17 00:00:00,157644.81,RTGS
TXN_14704,ACC_0257,ACC_0208,2025-09-15 18:00:00,110182.2,IMPS
TXN_14705,ACC_0561,ACC_0487,2026-03-19 21:00:00,492954.07,NEFT
TXN_14706,ACC_0180,ACC_0779,2024-06-12 16:00:00,69835.92,IMPS
TXN_14707,ACC_0433,ACC_0801,2024-11-26 19:00:00,497762.25,UPI
TXN_14708,ACC_0267,ACC_0797,2025-11-01 19:00:00,145084.82,IMPS
TXN_14709,ACC_0534,ACC_0244,2024-01-06 08:00:00,450185.3,RTGS
TXN_14710,ACC_0806,ACC_0796,2026-06-18 09:00:00,46585.2,IMPS
TXN_14711,ACC_1005,ACC_0050,2024-08-10 13:00:00,107659.47,RTGS
TXN_14712,ACC_0141,ACC_0620,2025-02-01 22:00:00,337977.92,IMPS
TXN_14713,ACC_0780,ACC_0384,2026-05-27 02:00:00,301662.29,RTGS
TXN_14714,ACC_0201,ACC_0559,2025-07-08 21:00:00,435871.94,NEFT
TXN_14715,ACC_0890,ACC_0850,2025-01-15 02:00:00,68668.7,UPI
TXN_14716,ACC_0962,ACC_0263,2025-07-24 19:00:00,260467.53,UPI
TXN_14717,ACC_0571,ACC_0721,2025-09-07 05:00:00,30942.14,NEFT
TXN_14718,ACC_0328,ACC_0535,2026-03-19 12:00:00,61334.55,UPI
TXN_14719,ACC_0952,ACC_0322,2024-02-25 00:00:00,438376.33,IMPS
TXN_14720,ACC_0301,ACC_0430,2025-03-08 19:00:00,495810.1,UPI
TXN_14721,ACC_0751,ACC_0621,2024-01-23 18:00:00,76556.87,UPI
TXN_14722,ACC_0758,ACC_0036,2025-11-30 05:00:00,425346.85,IMPS
TXN_14723,ACC_0261,ACC_0773,2025-01-23 02:00:00,241832.08,RTGS
TXN_14724,ACC_0177,ACC_0101,2024-02-14 06:00:00,247936.58,UPI
TXN_14725,ACC_0163,ACC_0677,2026-01-29 19:00:00,198324.35,NEFT
TXN_14726,ACC_0303,ACC_0367,2026-03-08 03:00:00,154145.77,NEFT
TXN_14727,ACC_0335,ACC_0276,2025-08-21 23:00:00,206093.92,NEFT
TXN_14728,ACC_0757,ACC_0884,2026-06-25 05:00:00,108229.38,UPI
TXN_14729,ACC_0697,ACC_0878,2025-09-12 20:00:00,265088.03,IMPS
TXN_14730,ACC_0178,ACC_0607,2025-12-16 18:00:00,475253.86,UPI
TXN_14731,ACC_0752,ACC_0353,2026-04-04 17:00:00,338827.04,NEFT
TXN_14732,ACC_0218,ACC_0872,2025-05-19 22:00:00,397815.37,RTGS
TXN_14733,ACC_0554,ACC_0083,2024-10-21 15:00:00,389207.54,IMPS
TXN_14734,ACC_0903,ACC_0148,2024-05-17 05:00:00,57602.86,NEFT
TXN_14735,ACC_0448,ACC_0786,2024-09-06 13:00:00,93781.23,IMPS
TXN_14736,ACC_0280,ACC_0306,2025-02-21 02:00:00,128599.22,UPI
TXN_14737,ACC_0670,ACC_0315,2025-06-18 03:00:00,479307.64,IMPS
TXN_14738,ACC_0586,ACC_0380,2025-08-08 21:00:00,12003.97,RTGS
TXN_14739,ACC_0633,ACC_0615,2026-06-29 11:00:00,90679.58,NEFT
TXN_14740,ACC_0390,ACC_0032,2025-09-10 10:00:00,3864.91,IMPS
TXN_14741,ACC_0442,ACC_0919,2025-12-13 21:00:00,373726.98,NEFT
TXN_14742,ACC_0882,ACC_0440,2025-04-19 02:00:00,71324.99,NEFT
TXN_14743,ACC_1032,ACC_0016,2025-06-01 04:00:00,104745.26,IMPS
TXN_14744,ACC_0444,ACC_0713,2026-11-04 00:00:00,407960.67,NEFT
TXN_14745,ACC_0096,ACC_0957,2024-04-22 17:00:00,56018.74,UPI
TXN_14746,ACC_0139,ACC_1026,2025-08-09 20:00:00,200415.39,RTGS
TXN_14747,ACC_0785,ACC_0528,2024-02-12 05:00:00,350055.38,IMPS
TXN_14748,ACC_0022,ACC_0206,2026-03-15 13:00:00,320765.72,IMPS
TXN_14749,ACC_0802,ACC_0086,2025-08-12 21:00:00,344294.32,NEFT
TXN_14750,ACC_0648,ACC_0915,2025-09-08 20:00:00,353178.83,RTGS
TXN_14751,ACC_0517,ACC_0787,2024-04-30 13:00:00,287277.93,UPI
TXN_14752,ACC_0500,ACC_0325,2024-03-10 12:00:00,364498.4,RTGS
TXN_14753,ACC_0814,ACC_0951,2024-02-09 18:00:00,143532.19,RTGS
TXN_14754,ACC_0234,ACC_0457,2026-10-16 11:00:00,428035.26,IMPS
TXN_14755,ACC_0797,ACC_0363,2024-08-29 00:00:00,41402.52,RTGS
TXN_14756,ACC_0365,ACC_0200,2024-02-25 06:00:00,460300.41,IMPS
TXN_14757,ACC_0687,ACC_0243,2024-05-11 00:00:00,213760.47,NEFT
TXN_14758,ACC_0094,ACC_0839,2024-11-26 11:00:00,494998.54,IMPS
TXN_14759,ACC_0315,ACC_0532,2026-07-27 05:00:00,472746.53,NEFT
TXN_14760,ACC_1009,ACC_0860,2024-04-23 12:00:00,131954.55,NEFT
TXN_14761,ACC_0485,ACC_0798,2025-03-02 19:00:00,330391.62,UPI
TXN_14762,ACC_0314,ACC_0798,2026-06-23 12:00:00,173849.43,RTGS
TXN_14763,ACC_0638,ACC_0593,2025-06-18 21:00:00,154957.1,RTGS
TXN_14764,ACC_0264,ACC_0562,2024-02-01 04:00:00,94135.33,UPI
TXN_14765,ACC_0013,ACC_0542,2024-04-09 04:00:00,4207.22,IMPS
TXN_14766,ACC_0248,ACC_0872,2024-06-11 06:00:00,187450.96,IMPS
TXN_14767,ACC_0489,ACC_0106,2025-12-13 09:00:00,252638.52,RTGS
TXN_14768,ACC_0514,ACC_0886,2026-07-19 06:00:00,110639.75,UPI
TXN_14769,ACC_0070,ACC_0641,2024-03-01 11:00:00,131312.94,NEFT
TXN_14770,ACC_0986,ACC_0788,2024-12-23 09:00:00,341633.84,RTGS
TXN_14771,ACC_0632,ACC_0030,2026-08-28 00:00:00,371753.62,RTGS
TXN_14772,ACC_0947,ACC_0269,2025-06-26 03:00:00,495276.21,IMPS
TXN_14773,ACC_0327,ACC_0871,2024-07-11 03:00:00,437614.85,NEFT
TXN_14774,ACC_1013,ACC_0613,2024-02-16 09:00:00,387928.09,UPI
TXN_14775,ACC_0431,ACC_0014,2025-04-07 21:00:00,415771.97,UPI
TXN_14776,ACC_0778,ACC_0662,2026-02-10 15:00:00,484035.25,UPI
TXN_14777,ACC_0954,ACC_0022,2025-10-01 01:00:00,281548.02,RTGS
TXN_14778,ACC_0381,ACC_0169,2024-10-22 20:00:00,139097.16,UPI
TXN_14779,ACC_0433,ACC_0605,2025-09-16 09:00:00,165306.92,UPI
TXN_14780,ACC_0169,ACC_1015,2024-04-03 02:00:00,392199.41,NEFT
TXN_14781,ACC_1012,ACC_0975,2026-04-30 23:00:00,434715.13,NEFT
TXN_14782,ACC_0201,ACC_0536,2025-01-05 23:00:00,490858.38,UPI
TXN_14783,ACC_0863,ACC_0917,2024-08-16 13:00:00,85205.15,RTGS
TXN_14784,ACC_0368,ACC_0318,2026-10-27 15:00:00,414077.43,RTGS
TXN_14785,ACC_0629,ACC_0983,2024-01-12 16:00:00,55167.15,RTGS
TXN_14786,ACC_0558,ACC_0030,2024-12-25 12:00:00,404030.58,RTGS
TXN_14787,ACC_0925,ACC_0708,2025-06-18 11:00:00,200571.3,UPI
TXN_14788,ACC_0584,ACC_0495,2024-10-03 13:00:00,161510.94,IMPS
TXN_14789,ACC_0650,ACC_0672,2024-10-25 21:00:00,260383.9,IMPS
TXN_14790,ACC_0627,ACC_0664,2024-09-13 05:00:00,192101.02,RTGS
TXN_14791,ACC_0170,ACC_0524,2026-09-13 16:00:00,37300.79,UPI
TXN_14792,ACC_0665,ACC_0945,2026-10-10 09:00:00,437547.79,UPI
TXN_14793,ACC_0674,ACC_0375,2024-01-15 04:00:00,87357.06,RTGS
TXN_14794,ACC_0652,ACC_0590,2025-04-21 19:00:00,438940.0,NEFT
TXN_14795,ACC_0364,ACC_0140,2026-03-12 02:00:00,53016.05,IMPS
TXN_14796,ACC_1024,ACC_0047,2025-03-29 23:00:00,225088.75,IMPS
TXN_14797,ACC_0330,ACC_0178,2026-03-14 20:00:00,202005.24,NEFT
TXN_14798,ACC_0941,ACC_0606,2025-10-27 13:00:00,435895.65,RTGS
TXN_14799,ACC_0032,ACC_1012,2025-01-29 21:00:00,358132.84,IMPS
TXN_14800,ACC_0248,ACC_0286,2026-03-26 12:00:00,294551.58,RTGS
TXN_14801,ACC_1013,ACC_0769,2025-08-28 12:00:00,405049.71,IMPS
TXN_14802,ACC_0450,ACC_0662,2025-11-16 23:00:00,182659.7,NEFT
TXN_14803,ACC_0263,ACC_0481,2025-12-06 09:00:00,388343.55,UPI
TXN_14804,ACC_0584,ACC_1003,2025-08-18 17:00:00,265275.46,UPI
TXN_14805,ACC_0853,ACC_0806,2025-05-28 05:00:00,50926.24,UPI
TXN_14806,ACC_0016,ACC_0823,2025-11-27 16:00:00,316800.96,NEFT
TXN_14807,ACC_0402,ACC_0222,2024-07-05 00:00:00,489890.94,RTGS
TXN_14808,ACC_0277,ACC_1040,2025-03-01 03:00:00,73131.45,IMPS
TXN_14809,ACC_0037,ACC_0795,2024-02-11 02:00:00,308581.11,IMPS
TXN_14810,ACC_0361,ACC_0462,2025-04-22 03:00:00,401168.53,IMPS
TXN_14811,ACC_0721,ACC_0546,2024-08-06 15:00:00,452207.19,UPI
TXN_14812,ACC_0376,ACC_0121,2026-07-17 05:00:00,301289.25,IMPS
TXN_14813,ACC_0679,ACC_0443,2025-04-24 14:00:00,446191.92,IMPS
TXN_14814,ACC_0386,ACC_0109,2026-03-20 10:00:00,50883.56,UPI
TXN_14815,ACC_0130,ACC_0893,2025-12-04 04:00:00,132618.13,RTGS
TXN_14816,ACC_0726,ACC_0641,2025-08-29 04:00:00,85439.47,IMPS
TXN_14817,ACC_1005,ACC_0710,2025-04-09 16:00:00,268466.12,NEFT
TXN_14818,ACC_0370,ACC_0994,2026-02-25 07:00:00,456947.24,IMPS
TXN_14819,ACC_0046,ACC_0663,2024-09-20 05:00:00,312974.12,IMPS
TXN_14820,ACC_0175,ACC_0318,2024-05-16 22:00:00,17807.87,NEFT
TXN_14821,ACC_0926,ACC_0517,2026-05-14 02:00:00,92086.64,UPI
TXN_14822,ACC_0238,ACC_0619,2024-04-20 07:00:00,131414.08,NEFT
TXN_14823,ACC_0701,ACC_0150,2024-02-22 14:00:00,338225.58,RTGS
TXN_14824,ACC_0355,ACC_0543,2024-10-26 06:00:00,455805.9,NEFT
TXN_14825,ACC_0372,ACC_0853,2025-06-04 01:00:00,77423.62,IMPS
TXN_14826,ACC_0451,ACC_0161,2025-12-30 15:00:00,363265.08,IMPS
TXN_14827,ACC_0238,ACC_0546,2025-02-28 09:00:00,410714.3,NEFT
TXN_14828,ACC_0652,ACC_0956,2025-12-01 19:00:00,497637.0,IMPS
TXN_14829,ACC_0973,ACC_0382,2026-08-20 11:00:00,112730.13,IMPS
TXN_14830,ACC_0178,ACC_0530,2024-12-07 10:00:00,27906.82,IMPS
TXN_14831,ACC_0352,ACC_0786,2026-03-06 09:00:00,157036.44,UPI
TXN_14832,ACC_0061,ACC_0842,2026-07-23 01:00:00,121966.42,UPI
TXN_14833,ACC_0999,ACC_0734,2024-07-11 13:00:00,295975.83,NEFT
TXN_14834,ACC_0917,ACC_0812,2025-11-02 16:00:00,209797.97,IMPS
TXN_14835,ACC_0431,ACC_0630,2025-04-26 17:00:00,308708.99,IMPS
TXN_14836,ACC_0424,ACC_0355,2024-08-26 07:00:00,125993.58,RTGS
TXN_14837,ACC_0535,ACC_0390,2024-05-06 09:00:00,169700.83,NEFT
TXN_14838,ACC_0269,ACC_0343,2025-02-10 11:00:00,254826.41,UPI
TXN_14839,ACC_0844,ACC_0737,2025-10-09 16:00:00,65834.94,IMPS
TXN_14840,ACC_0631,ACC_0612,2025-02-28 21:00:00,143605.46,UPI
TXN_14841,ACC_0995,ACC_0622,2024-07-13 01:00:00,479729.06,UPI
TXN_14842,ACC_0982,ACC_0964,2024-06-10 10:00:00,285880.0,IMPS
TXN_14843,ACC_0417,ACC_0049,2024-03-21 14:00:00,349974.26,IMPS
TXN_14844,ACC_0996,ACC_0655,2024-10-03 14:00:00,152144.45,NEFT
TXN_14845,ACC_0218,ACC_0959,2024-03-02 21:00:00,253756.74,UPI
TXN_14846,ACC_1032,ACC_0192,2024-11-03 17:00:00,152667.62,NEFT
TXN_14847,ACC_0008,ACC_0140,2024-02-18 19:00:00,256320.4,NEFT
TXN_14848,ACC_0658,ACC_0518,2025-04-15 15:00:00,135036.41,NEFT
TXN_14849,ACC_0266,ACC_0983,2025-04-14 22:00:00,46503.44,UPI
TXN_14850,ACC_0089,ACC_0641,2026-05-22 14:00:00,45905.11,UPI
TXN_14851,ACC_0070,ACC_0059,2025-06-16 01:00:00,220588.19,NEFT
TXN_14852,ACC_0695,ACC_0068,2026-05-28 10:00:00,326763.9,NEFT
TXN_14853,ACC_0913,ACC_0908,2026-08-28 17:00:00,469861.1,RTGS
TXN_14854,ACC_0048,ACC_0841,2025-04-14 11:00:00,195534.83,RTGS
TXN_14855,ACC_0310,ACC_0634,2024-12-22 13:00:00,222094.9,RTGS
TXN_14856,ACC_0610,ACC_0187,2025-04-24 23:00:00,275265.46,UPI
TXN_14857,ACC_0202,ACC_0042,2025-08-30 04:00:00,226083.86,NEFT
TXN_14858,ACC_0488,ACC_0544,2025-12-30 16:00:00,353157.23,RTGS
TXN_14859,ACC_1029,ACC_0670,2026-03-30 08:00:00,41044.47,RTGS
TXN_14860,ACC_0578,ACC_0512,2025-10-06 06:00:00,300056.96,NEFT
TXN_14861,ACC_0867,ACC_0078,2025-10-14 22:00:00,298006.23,RTGS
TXN_14862,ACC_0421,ACC_0636,2026-08-26 01:00:00,259907.04,NEFT
TXN_14863,ACC_0847,ACC_0715,2026-10-08 14:00:00,82122.14,NEFT
TXN_14864,ACC_0849,ACC_0708,2024-09-02 05:00:00,458585.57,UPI
TXN_14865,ACC_0789,ACC_0150,2025-05-07 18:00:00,413116.06,RTGS
TXN_14866,ACC_0011,ACC_0924,2024-05-20 01:00:00,407603.22,IMPS
TXN_14867,ACC_0061,ACC_0157,2025-05-23 22:00:00,21961.55,RTGS
TXN_14868,ACC_0233,ACC_0439,2026-01-11 03:00:00,443733.23,RTGS
TXN_14869,ACC_0836,ACC_0675,2024-03-11 23:00:00,181098.37,RTGS
TXN_14870,ACC_0313,ACC_0514,2024-06-29 23:00:00,253055.2,UPI
TXN_14871,ACC_0648,ACC_0114,2024-07-20 07:00:00,79007.11,UPI
TXN_14872,ACC_0895,ACC_0798,2025-02-07 08:00:00,111138.21,NEFT
TXN_14873,ACC_0004,ACC_0167,2024-11-30 19:00:00,444272.9,RTGS
TXN_14874,ACC_0722,ACC_0593,2025-09-10 21:00:00,242581.03,RTGS
TXN_14875,ACC_0557,ACC_0274,2026-06-25 01:00:00,289122.3,UPI
TXN_14876,ACC_0317,ACC_0622,2025-08-31 01:00:00,339531.19,RTGS
TXN_14877,ACC_0818,ACC_0456,2024-04-21 02:00:00,190119.95,NEFT
TXN_14878,ACC_0944,ACC_0228,2024-12-14 08:00:00,475489.61,IMPS
TXN_14879,ACC_0696,ACC_0545,2024-06-23 16:00:00,353973.91,UPI
TXN_14880,ACC_0807,ACC_0032,2025-05-21 19:00:00,445714.69,NEFT
TXN_14881,ACC_0184,ACC_0726,2024-05-03 10:00:00,368753.09,RTGS
TXN_14882,ACC_0956,ACC_0549,2026-06-11 21:00:00,346568.95,UPI
TXN_14883,ACC_0823,ACC_0239,2024-04-21 05:00:00,119514.09,IMPS
TXN_14884,ACC_0830,ACC_0287,2024-05-23 06:00:00,209145.06,RTGS
TXN_14885,ACC_0690,ACC_0509,2025-02-17 04:00:00,330761.28,RTGS
TXN_14886,ACC_0361,ACC_0204,2024-06-06 18:00:00,387261.54,RTGS
TXN_14887,ACC_0070,ACC_0195,2024-12-12 15:00:00,313781.9,IMPS
TXN_14888,ACC_0962,ACC_0014,2024-03-01 15:00:00,430040.79,RTGS
TXN_14889,ACC_0296,ACC_0005,2025-06-04 14:00:00,143458.69,RTGS
TXN_14890,ACC_0266,ACC_0320,2024-12-20 15:00:00,85275.7,NEFT
TXN_14891,ACC_0889,ACC_0605,2024-07-06 04:00:00,114054.6,IMPS
TXN_14892,ACC_0526,ACC_1003,2024-04-09 10:00:00,76908.25,UPI
TXN_14893,ACC_0256,ACC_0855,2024-11-20 08:00:00,331477.5,IMPS
TXN_14894,ACC_0082,ACC_0944,2026-08-19 14:00:00,99261.56,UPI
TXN_14895,ACC_0611,ACC_0162,2026-01-23 08:00:00,94434.12,IMPS
TXN_14896,ACC_0891,ACC_0853,2026-08-26 22:00:00,5968.06,IMPS
TXN_14897,ACC_0788,ACC_0741,2025-05-30 06:00:00,467515.59,UPI
TXN_14898,ACC_0064,ACC_0062,2026-04-11 19:00:00,346025.56,IMPS
TXN_14899,ACC_0868,ACC_0160,2025-04-26 01:00:00,475920.12,RTGS
TXN_14900,ACC_0277,ACC_0737,2026-07-01 01:00:00,283073.98,RTGS
TXN_14901,ACC_0462,ACC_0278,2026-02-13 12:00:00,196463.72,NEFT
TXN_14902,ACC_0064,ACC_0017,2024-08-19 11:00:00,111674.0,NEFT
TXN_14903,ACC_0143,ACC_0550,2026-04-13 07:00:00,264315.54,UPI
TXN_14904,ACC_0251,ACC_0113,2025-01-01 03:00:00,239626.44,IMPS
TXN_14905,ACC_0811,ACC_0317,2025-10-28 17:00:00,159994.98,NEFT
TXN_14906,ACC_0615,ACC_0622,2025-09-24 16:00:00,63696.06,RTGS
TXN_14907,ACC_0901,ACC_0819,2026-02-16 05:00:00,93660.61,IMPS
TXN_14908,ACC_0441,ACC_0043,2024-08-29 12:00:00,184464.79,NEFT
TXN_14909,ACC_0210,ACC_0047,2026-10-06 12:00:00,409525.54,UPI
TXN_14910,ACC_0956,ACC_0617,2025-09-12 02:00:00,484965.5,UPI
TXN_14911,ACC_0525,ACC_0079,2025-06-20 14:00:00,256873.83,UPI
TXN_14912,ACC_0023,ACC_0144,2024-12-15 12:00:00,347780.25,UPI
TXN_14913,ACC_0389,ACC_0910,2025-01-21 02:00:00,357096.98,RTGS
TXN_14914,ACC_0526,ACC_0714,2024-11-30 10:00:00,236543.44,UPI
TXN_14915,ACC_0730,ACC_0460,2024-09-21 18:00:00,23621.71,RTGS
TXN_14916,ACC_0996,ACC_0475,2026-07-10 18:00:00,321522.91,RTGS
TXN_14917,ACC_0888,ACC_0631,2026-08-15 16:00:00,186603.3,NEFT
TXN_14918,ACC_0148,ACC_0495,2026-01-16 21:00:00,466725.4,NEFT
TXN_14919,ACC_0293,ACC_0140,2026-02-16 09:00:00,260798.42,RTGS
TXN_14920,ACC_0176,ACC_0655,2026-01-04 20:00:00,57889.0,IMPS
TXN_14921,ACC_0039,ACC_0366,2026-09-04 09:00:00,493473.36,UPI
TXN_14922,ACC_0522,ACC_0475,2024-04-26 17:00:00,287701.64,IMPS
TXN_14923,ACC_0434,ACC_0087,2026-08-31 05:00:00,461640.94,RTGS
TXN_14924,ACC_0819,ACC_0762,2025-05-13 05:00:00,381688.21,RTGS
TXN_14925,ACC_0750,ACC_0209,2026-01-11 03:00:00,32244.55,RTGS
TXN_14926,ACC_0292,ACC_0930,2026-02-05 08:00:00,298666.99,NEFT
TXN_14927,ACC_0699,ACC_0026,2024-06-19 03:00:00,192722.93,IMPS
TXN_14928,ACC_0804,ACC_0697,2026-09-30 13:00:00,67026.36,IMPS
TXN_14929,ACC_0322,ACC_0424,2024-03-21 05:00:00,412476.4,NEFT
TXN_14930,ACC_0196,ACC_0253,2025-04-23 23:00:00,51876.56,UPI
TXN_14931,ACC_0953,ACC_0353,2026-05-18 01:00:00,80183.32,IMPS
TXN_14932,ACC_0116,ACC_0461,2024-02-25 21:00:00,67533.06,UPI
TXN_14933,ACC_0322,ACC_0400,2026-08-02 13:00:00,127760.64,UPI
TXN_14934,ACC_0069,ACC_0192,2026-07-29 03:00:00,97273.25,RTGS
TXN_14935,ACC_0141,ACC_0510,2024-10-27 19:00:00,256835.95,NEFT
TXN_14936,ACC_0396,ACC_0238,2024-05-10 01:00:00,190242.33,NEFT
TXN_14937,ACC_0637,ACC_0650,2024-08-13 11:00:00,210018.21,UPI
TXN_14938,ACC_0428,ACC_0851,2024-07-16 00:00:00,18995.89,NEFT
TXN_14939,ACC_0424,ACC_0966,2024-08-27 14:00:00,455329.0,RTGS
TXN_14940,ACC_0406,ACC_0986,2025-12-10 16:00:00,183993.2,NEFT
TXN_14941,ACC_0247,ACC_0421,2024-09-25 17:00:00,28877.28,RTGS
TXN_14942,ACC_0663,ACC_0336,2025-06-04 13:00:00,87956.05,RTGS
TXN_14943,ACC_0962,ACC_0275,2024-01-03 10:00:00,372532.3,NEFT
TXN_14944,ACC_0567,ACC_0873,2024-03-01 18:00:00,91423.37,IMPS
TXN_14945,ACC_0891,ACC_0371,2024-05-26 07:00:00,337445.91,RTGS
TXN_14946,ACC_0994,ACC_0069,2026-07-07 05:00:00,341831.62,IMPS
TXN_14947,ACC_0769,ACC_0519,2024-12-12 22:00:00,91702.55,RTGS
TXN_14948,ACC_0837,ACC_0534,2024-07-02 10:00:00,466248.65,UPI
TXN_14949,ACC_0644,ACC_0689,2024-10-09 11:00:00,344439.21,RTGS
TXN_14950,ACC_0123,ACC_0713,2024-05-09 09:00:00,146854.87,UPI
TXN_14951,ACC_0786,ACC_0862,2026-08-13 22:00:00,229386.47,UPI
TXN_14952,ACC_0934,ACC_0303,2025-01-03 01:00:00,97600.87,RTGS
TXN_14953,ACC_0712,ACC_0666,2024-12-10 19:00:00,38395.45,UPI
TXN_14954,ACC_1008,ACC_0337,2025-12-21 15:00:00,214996.6,RTGS
TXN_14955,ACC_0287,ACC_0137,2025-07-29 21:00:00,234017.84,RTGS
TXN_14956,ACC_0109,ACC_0535,2026-01-10 19:00:00,230776.26,NEFT
TXN_14957,ACC_0183,ACC_0818,2026-07-31 14:00:00,257434.38,RTGS
TXN_14958,ACC_0426,ACC_0500,2026-07-30 23:00:00,126421.02,RTGS
TXN_14959,ACC_0951,ACC_0230,2026-03-24 03:00:00,91949.75,RTGS
TXN_14960,ACC_0553,ACC_0618,2026-09-12 09:00:00,236125.71,UPI
TXN_14961,ACC_0604,ACC_0091,2024-09-23 13:00:00,258649.11,NEFT
TXN_14962,ACC_0724,ACC_0701,2026-01-20 01:00:00,415799.64,NEFT
TXN_14963,ACC_0382,ACC_0320,2026-02-01 20:00:00,215956.07,RTGS
TXN_14964,ACC_0400,ACC_0933,2025-01-11 17:00:00,190004.5,NEFT
TXN_14965,ACC_0762,ACC_0120,2025-03-04 09:00:00,258778.13,NEFT
TXN_14966,ACC_0175,ACC_0841,2024-07-31 19:00:00,291222.03,IMPS
TXN_14967,ACC_0593,ACC_0648,2025-04-11 12:00:00,28929.9,UPI
TXN_14968,ACC_0413,ACC_0158,2024-04-11 11:00:00,468653.08,IMPS
TXN_14969,ACC_0397,ACC_0618,2025-02-17 12:00:00,372428.43,NEFT
TXN_14970,ACC_0823,ACC_0175,2025-02-14 23:00:00,95241.5,NEFT
TXN_14971,ACC_0269,ACC_0702,2026-02-23 07:00:00,299076.07,RTGS
TXN_14972,ACC_0299,ACC_0187,2026-05-10 18:00:00,134900.14,UPI
TXN_14973,ACC_0001,ACC_0542,2026-10-09 15:00:00,78979.81,IMPS
TXN_14974,ACC_0394,ACC_0950,2025-04-15 17:00:00,270951.33,UPI
TXN_14975,ACC_0816,ACC_0133,2025-11-15 19:00:00,449347.61,RTGS
TXN_14976,ACC_0136,ACC_0963,2026-03-22 18:00:00,468105.39,NEFT
TXN_14977,ACC_0363,ACC_0205,2026-01-02 04:00:00,5445.15,NEFT
TXN_14978,ACC_0461,ACC_0494,2024-01-15 19:00:00,442511.31,RTGS
TXN_14979,ACC_0724,ACC_0733,2024-04-25 05:00:00,304511.14,UPI
TXN_14980,ACC_0855,ACC_0783,2024-01-31 20:00:00,196451.11,UPI
TXN_14981,ACC_0942,ACC_0038,2024-05-25 21:00:00,429550.46,UPI
TXN_14982,ACC_0420,ACC_0836,2024-04-25 18:00:00,467211.85,NEFT
TXN_14983,ACC_0853,ACC_0353,2026-11-05 01:00:00,280538.07,NEFT
TXN_14984,ACC_0406,ACC_0380,2026-10-30 00:00:00,491696.26,RTGS
TXN_14985,ACC_0571,ACC_0735,2025-08-05 14:00:00,488398.0,IMPS
TXN_14986,ACC_0044,ACC_0603,2025-12-17 09:00:00,297702.48,RTGS
TXN_14987,ACC_0395,ACC_0727,2024-09-27 09:00:00,428081.66,RTGS
TXN_14988,ACC_1009,ACC_0982,2024-05-19 03:00:00,470000.06,IMPS
TXN_14989,ACC_0741,ACC_0012,2026-01-16 18:00:00,470176.67,IMPS
TXN_14990,ACC_0200,ACC_0301,2026-03-05 11:00:00,79304.1,NEFT
TXN_14991,ACC_0617,ACC_0095,2025-06-15 10:00:00,367900.87,UPI
TXN_14992,ACC_0282,ACC_0892,2025-01-07 18:00:00,123084.86,RTGS
TXN_14993,ACC_1011,ACC_0087,2024-03-10 14:00:00,36430.29,IMPS
TXN_14994,ACC_0040,ACC_0141,2025-05-18 09:00:00,178574.78,UPI
TXN_14995,ACC_0797,ACC_1006,2025-03-23 15:00:00,42483.1,IMPS
TXN_14996,ACC_0821,ACC_0222,2025-12-05 18:00:00,193760.85,NEFT
TXN_14997,ACC_0947,ACC_0230,2025-11-07 11:00:00,198544.3,IMPS
TXN_14998,ACC_0835,ACC_0225,2024-11-03 08:00:00,341178.04,IMPS
TXN_14999,ACC_0383,ACC_0961,2024-12-16 10:00:00,399619.26,IMPS
TXN_15000,ACC_0028,ACC_0969,2024-07-23 09:00:00,461311.05,IMPS
