visit_id,person_id,location_id,timestamp,purpose
VISIT_00001,SYN_P_0362,LOC_0026,2025-05-12 07:00:00,residence
VISIT_00002,SYN_P_0048,LOC_0067,2024-11-04 18:00:00,travel
VISIT_00003,SYN_P_0973,LOC_0008,2026-07-29 13:00:00,meeting
VISIT_00004,SYN_P_0568,LOC_0021,2026-08-23 08:00:00,travel
VISIT_00005,SYN_P_0018,LOC_0008,2026-05-09 23:00:00,residence
VISIT_00006,SYN_P_0333,LOC_0083,2026-10-14 00:00:00,travel
VISIT_00007,SYN_P_0382,LOC_0084,2025-07-16 07:00:00,residence
VISIT_00008,SYN_P_0675,LOC_0039,2025-10-22 21:00:00,meeting
VISIT_00009,SYN_P_0236,LOC_0068,2026-06-08 08:00:00,residence
VISIT_00010,SYN_P_0867,LOC_0029,2025-02-23 16:00:00,travel
VISIT_00011,SYN_P_0428,LOC_0052,2024-10-21 20:00:00,meeting
VISIT_00012,SYN_P_0693,LOC_0002,2026-07-11 22:00:00,travel
VISIT_00013,SYN_P_0594,LOC_0069,2026-02-12 02:00:00,meeting
VISIT_00014,SYN_P_0541,LOC_0023,2024-11-13 07:00:00,travel
VISIT_00015,SYN_P_0399,LOC_0009,2025-10-13 09:00:00,meeting
VISIT_00016,SYN_P_0960,LOC_0009,2025-05-11 22:00:00,meeting
VISIT_00017,SYN_P_0590,LOC_0083,2025-04-24 10:00:00,residence
VISIT_00018,SYN_P_0217,LOC_0035,2026-06-19 10:00:00,residence
VISIT_00019,SYN_P_0371,LOC_0064,2025-11-13 00:00:00,residence
VISIT_00020,SYN_P_1008,LOC_0062,2024-10-01 02:00:00,meeting
VISIT_00021,SYN_P_0593,LOC_0063,2024-08-30 07:00:00,meeting
VISIT_00022,SYN_P_0301,LOC_0047,2026-10-29 17:00:00,business
VISIT_00023,SYN_P_0425,LOC_0024,2024-09-11 15:00:00,travel
VISIT_00024,SYN_P_0896,LOC_0059,2025-08-24 06:00:00,residence
VISIT_00025,SYN_P_0894,LOC_0019,2025-11-27 14:00:00,business
VISIT_00026,SYN_P_0721,LOC_0046,2026-04-14 18:00:00,delivery
VISIT_00027,SYN_P_0174,LOC_0028,2024-06-28 07:00:00,delivery
VISIT_00028,SYN_P_0084,LOC_0047,2026-07-26 18:00:00,travel
VISIT_00029,SYN_P_0487,LOC_0028,2024-07-10 01:00:00,business
VISIT_00030,SYN_P_0387,LOC_0053,2026-01-26 17:00:00,residence
VISIT_00031,SYN_P_0408,LOC_0055,2026-01-18 07:00:00,meeting
VISIT_00032,SYN_P_0293,LOC_0060,2024-01-12 21:00:00,business
VISIT_00033,SYN_P_0458,LOC_0037,2026-03-22 14:00:00,business
VISIT_00034,SYN_P_0026,LOC_0072,2026-03-03 22:00:00,travel
VISIT_00035,SYN_P_1003,LOC_0027,2024-04-17 16:00:00,travel
VISIT_00036,SYN_P_0394,LOC_0009,2026-07-24 04:00:00,business
VISIT_00037,SYN_P_0917,LOC_0040,2026-06-13 13:00:00,meeting
VISIT_00038,SYN_P_0900,LOC_0017,2024-12-14 00:00:00,business
VISIT_00039,SYN_P_1038,LOC_0041,2024-08-12 03:00:00,delivery
VISIT_00040,SYN_P_0373,LOC_0041,2026-01-20 20:00:00,delivery
VISIT_00041,SYN_P_0671,LOC_0059,2025-01-11 20:00:00,delivery
VISIT_00042,SYN_P_1023,LOC_0012,2024-09-03 12:00:00,residence
VISIT_00043,SYN_P_0249,LOC_0002,2025-05-03 05:00:00,meeting
VISIT_00044,SYN_P_0540,LOC_0046,2024-10-22 05:00:00,residence
VISIT_00045,SYN_P_0975,LOC_0047,2026-04-16 08:00:00,meeting
VISIT_00046,SYN_P_0606,LOC_0027,2024-07-19 20:00:00,meeting
VISIT_00047,SYN_P_0313,LOC_0049,2025-04-11 08:00:00,delivery
VISIT_00048,SYN_P_0877,LOC_0058,2025-08-04 08:00:00,meeting
VISIT_00049,SYN_P_0384,LOC_0012,2024-05-08 22:00:00,meeting
VISIT_00050,SYN_P_0725,LOC_0024,2025-03-22 10:00:00,business
VISIT_00051,SYN_P_0674,LOC_0015,2025-09-27 13:00:00,residence
VISIT_00052,SYN_P_0977,LOC_0029,2024-09-17 18:00:00,travel
VISIT_00053,SYN_P_0995,LOC_0031,2024-03-19 04:00:00,business
VISIT_00054,SYN_P_0812,LOC_0038,2024-06-06 05:00:00,business
VISIT_00055,SYN_P_0509,LOC_0020,2024-08-07 15:00:00,delivery
VISIT_00056,SYN_P_0130,LOC_0004,2025-07-11 00:00:00,delivery
VISIT_00057,SYN_P_0010,LOC_0046,2025-10-14 17:00:00,residence
VISIT_00058,SYN_P_0351,LOC_0058,2025-02-05 18:00:00,residence
VISIT_00059,SYN_P_0975,LOC_0045,2024-06-29 04:00:00,business
VISIT_00060,SYN_P_0902,LOC_0026,2026-06-13 03:00:00,residence
VISIT_00061,SYN_P_0183,LOC_0037,2024-06-27 06:00:00,delivery
VISIT_00062,SYN_P_0259,LOC_0074,2026-07-30 16:00:00,residence
VISIT_00063,SYN_P_0022,LOC_0009,2024-06-03 02:00:00,business
VISIT_00064,SYN_P_0132,LOC_0024,2024-08-21 00:00:00,travel
VISIT_00065,SYN_P_0210,LOC_0019,2025-05-06 00:00:00,delivery
VISIT_00066,SYN_P_0968,LOC_0014,2025-12-01 10:00:00,travel
VISIT_00067,SYN_P_0627,LOC_0046,2026-03-25 03:00:00,travel
VISIT_00068,SYN_P_0482,LOC_0050,2025-11-02 17:00:00,travel
VISIT_00069,SYN_P_0564,LOC_0049,2024-01-07 09:00:00,meeting
VISIT_00070,SYN_P_0720,LOC_0082,2025-10-10 03:00:00,delivery
VISIT_00071,SYN_P_0948,LOC_0016,2024-09-01 19:00:00,business
VISIT_00072,SYN_P_0407,LOC_0040,2026-10-03 18:00:00,meeting
VISIT_00073,SYN_P_0252,LOC_0025,2026-07-18 01:00:00,meeting
VISIT_00074,SYN_P_0424,LOC_0007,2024-05-30 07:00:00,meeting
VISIT_00075,SYN_P_0037,LOC_0071,2024-01-09 19:00:00,delivery
VISIT_00076,SYN_P_0082,LOC_0068,2026-09-12 09:00:00,meeting
VISIT_00077,SYN_P_0584,LOC_0029,2024-10-12 12:00:00,delivery
VISIT_00078,SYN_P_0627,LOC_0056,2025-04-25 14:00:00,business
VISIT_00079,SYN_P_0009,LOC_0018,2024-03-29 13:00:00,meeting
VISIT_00080,SYN_P_0567,LOC_0072,2024-05-19 13:00:00,travel
VISIT_00081,SYN_P_0016,LOC_0071,2024-03-30 06:00:00,meeting
VISIT_00082,SYN_P_0179,LOC_0044,2025-05-26 02:00:00,travel
VISIT_00083,SYN_P_0366,LOC_0039,2026-09-24 21:00:00,delivery
VISIT_00084,SYN_P_0797,LOC_0003,2026-02-04 10:00:00,travel
VISIT_00085,SYN_P_0824,LOC_0040,2026-06-06 10:00:00,travel
VISIT_00086,SYN_P_0956,LOC_0024,2026-03-19 18:00:00,meeting
VISIT_00087,SYN_P_0386,LOC_0034,2025-12-16 11:00:00,delivery
VISIT_00088,SYN_P_1022,LOC_0018,2025-05-09 18:00:00,travel
VISIT_00089,SYN_P_0793,LOC_0049,2025-06-15 03:00:00,delivery
VISIT_00090,SYN_P_0021,LOC_0026,2025-08-06 15:00:00,business
VISIT_00091,SYN_P_0802,LOC_0030,2026-06-18 22:00:00,travel
VISIT_00092,SYN_P_0069,LOC_0054,2026-02-22 06:00:00,travel
VISIT_00093,SYN_P_0320,LOC_0074,2024-11-20 06:00:00,travel
VISIT_00094,SYN_P_0179,LOC_0047,2024-08-14 12:00:00,meeting
VISIT_00095,SYN_P_0904,LOC_0065,2024-10-09 07:00:00,travel
VISIT_00096,SYN_P_0664,LOC_0078,2024-04-05 14:00:00,travel
VISIT_00097,SYN_P_0609,LOC_0002,2024-04-01 03:00:00,residence
VISIT_00098,SYN_P_0683,LOC_0061,2025-06-11 01:00:00,meeting
VISIT_00099,SYN_P_0984,LOC_0074,2024-09-30 20:00:00,delivery
VISIT_00100,SYN_P_0118,LOC_0077,2025-02-14 01:00:00,delivery
VISIT_00101,SYN_P_0393,LOC_0053,2024-05-26 19:00:00,delivery
VISIT_00102,SYN_P_0949,LOC_0034,2025-12-27 10:00:00,delivery
VISIT_00103,SYN_P_0261,LOC_0017,2024-01-30 11:00:00,residence
VISIT_00104,SYN_P_0874,LOC_0072,2026-08-02 19:00:00,travel
VISIT_00105,SYN_P_0266,LOC_0080,2025-03-09 23:00:00,residence
VISIT_00106,SYN_P_0090,LOC_0036,2024-09-11 21:00:00,residence
VISIT_00107,SYN_P_0709,LOC_0024,2025-07-20 04:00:00,travel
VISIT_00108,SYN_P_0996,LOC_0073,2024-04-14 08:00:00,residence
VISIT_00109,SYN_P_0609,LOC_0077,2025-09-02 17:00:00,residence
VISIT_00110,SYN_P_0513,LOC_0073,2025-06-13 04:00:00,travel
VISIT_00111,SYN_P_0178,LOC_0082,2025-10-29 07:00:00,residence
VISIT_00112,SYN_P_0350,LOC_0006,2024-02-27 00:00:00,travel
VISIT_00113,SYN_P_0874,LOC_0068,2025-11-27 08:00:00,delivery
VISIT_00114,SYN_P_0669,LOC_0019,2026-01-08 02:00:00,residence
VISIT_00115,SYN_P_0937,LOC_0007,2026-07-08 14:00:00,delivery
VISIT_00116,SYN_P_0406,LOC_0080,2024-08-05 15:00:00,business
VISIT_00117,SYN_P_0353,LOC_0023,2025-08-20 11:00:00,meeting
VISIT_00118,SYN_P_0200,LOC_0049,2024-01-19 22:00:00,delivery
VISIT_00119,SYN_P_0383,LOC_0007,2025-07-25 19:00:00,delivery
VISIT_00120,SYN_P_0471,LOC_0056,2024-10-16 19:00:00,business
VISIT_00121,SYN_P_0370,LOC_0052,2026-03-27 10:00:00,residence
VISIT_00122,SYN_P_0084,LOC_0062,2025-10-20 00:00:00,meeting
VISIT_00123,SYN_P_0710,LOC_0055,2024-07-02 12:00:00,travel
VISIT_00124,SYN_P_0113,LOC_0009,2024-01-23 08:00:00,travel
VISIT_00125,SYN_P_0548,LOC_0003,2025-07-18 04:00:00,delivery
VISIT_00126,SYN_P_0887,LOC_0077,2025-08-29 09:00:00,travel
VISIT_00127,SYN_P_0771,LOC_0046,2024-12-20 17:00:00,business
VISIT_00128,SYN_P_0590,LOC_0067,2025-04-01 21:00:00,travel
VISIT_00129,SYN_P_0568,LOC_0063,2026-02-24 16:00:00,delivery
VISIT_00130,SYN_P_0735,LOC_0013,2025-02-03 10:00:00,residence
VISIT_00131,SYN_P_0231,LOC_0053,2025-05-15 08:00:00,travel
VISIT_00132,SYN_P_0573,LOC_0025,2025-10-06 01:00:00,meeting
VISIT_00133,SYN_P_0869,LOC_0032,2026-09-30 21:00:00,business
VISIT_00134,SYN_P_0055,LOC_0031,2024-06-04 16:00:00,residence
VISIT_00135,SYN_P_1014,LOC_0046,2025-08-22 21:00:00,travel
VISIT_00136,SYN_P_1039,LOC_0082,2025-01-23 00:00:00,travel
VISIT_00137,SYN_P_0563,LOC_0018,2025-07-23 01:00:00,business
VISIT_00138,SYN_P_0039,LOC_0069,2024-01-01 15:00:00,travel
VISIT_00139,SYN_P_0447,LOC_0054,2025-01-05 22:00:00,business
VISIT_00140,SYN_P_0970,LOC_0071,2024-09-13 05:00:00,meeting
VISIT_00141,SYN_P_0718,LOC_0043,2024-11-13 23:00:00,residence
VISIT_00142,SYN_P_0957,LOC_0065,2024-07-01 11:00:00,business
VISIT_00143,SYN_P_0220,LOC_0084,2025-12-18 18:00:00,meeting
VISIT_00144,SYN_P_0506,LOC_0047,2024-12-18 01:00:00,travel
VISIT_00145,SYN_P_0239,LOC_0008,2025-04-13 01:00:00,delivery
VISIT_00146,SYN_P_0537,LOC_0008,2026-04-06 03:00:00,travel
VISIT_00147,SYN_P_0450,LOC_0066,2024-07-23 17:00:00,business
VISIT_00148,SYN_P_0472,LOC_0054,2024-10-01 15:00:00,meeting
VISIT_00149,SYN_P_0682,LOC_0012,2026-04-09 09:00:00,travel
VISIT_00150,SYN_P_0818,LOC_0020,2026-09-06 08:00:00,travel
VISIT_00151,SYN_P_0873,LOC_0067,2026-07-11 14:00:00,travel
VISIT_00152,SYN_P_0732,LOC_0062,2026-08-21 13:00:00,residence
VISIT_00153,SYN_P_0462,LOC_0038,2026-07-22 11:00:00,delivery
VISIT_00154,SYN_P_0184,LOC_0070,2026-06-09 01:00:00,travel
VISIT_00155,SYN_P_0085,LOC_0030,2026-01-09 01:00:00,delivery
VISIT_00156,SYN_P_0781,LOC_0010,2024-11-05 19:00:00,delivery
VISIT_00157,SYN_P_0168,LOC_0042,2026-10-07 08:00:00,delivery
VISIT_00158,SYN_P_0649,LOC_0016,2025-02-26 22:00:00,delivery
VISIT_00159,SYN_P_0424,LOC_0047,2024-11-30 08:00:00,business
VISIT_00160,SYN_P_0843,LOC_0055,2025-03-14 14:00:00,delivery
VISIT_00161,SYN_P_0738,LOC_0033,2024-05-07 05:00:00,meeting
VISIT_00162,SYN_P_0975,LOC_0065,2024-02-19 04:00:00,meeting
VISIT_00163,SYN_P_0162,LOC_0001,2025-10-25 11:00:00,travel
VISIT_00164,SYN_P_0469,LOC_0032,2025-09-17 21:00:00,business
VISIT_00165,SYN_P_0138,LOC_0025,2025-09-16 23:00:00,travel
VISIT_00166,SYN_P_0986,LOC_0079,2024-12-26 00:00:00,travel
VISIT_00167,SYN_P_0714,LOC_0049,2024-07-26 18:00:00,residence
VISIT_00168,SYN_P_0339,LOC_0004,2026-06-28 09:00:00,travel
VISIT_00169,SYN_P_0410,LOC_0051,2024-12-21 08:00:00,delivery
VISIT_00170,SYN_P_0225,LOC_0038,2025-08-04 01:00:00,delivery
VISIT_00171,SYN_P_0419,LOC_0039,2025-06-07 09:00:00,meeting
VISIT_00172,SYN_P_0950,LOC_0052,2026-03-17 20:00:00,delivery
VISIT_00173,SYN_P_0856,LOC_0006,2026-11-04 20:00:00,travel
VISIT_00174,SYN_P_0070,LOC_0080,2025-05-24 09:00:00,business
VISIT_00175,SYN_P_0459,LOC_0004,2025-03-07 05:00:00,meeting
VISIT_00176,SYN_P_0277,LOC_0012,2025-06-05 15:00:00,travel
VISIT_00177,SYN_P_0282,LOC_0081,2024-01-24 12:00:00,meeting
VISIT_00178,SYN_P_0311,LOC_0029,2025-07-17 19:00:00,business
VISIT_00179,SYN_P_0616,LOC_0053,2026-02-28 00:00:00,travel
VISIT_00180,SYN_P_0635,LOC_0046,2025-12-18 01:00:00,travel
VISIT_00181,SYN_P_0036,LOC_0041,2024-10-20 14:00:00,residence
VISIT_00182,SYN_P_0393,LOC_0007,2024-11-22 09:00:00,residence
VISIT_00183,SYN_P_0706,LOC_0004,2025-05-04 06:00:00,meeting
VISIT_00184,SYN_P_0069,LOC_0069,2024-12-08 11:00:00,meeting
VISIT_00185,SYN_P_0255,LOC_0034,2025-02-22 22:00:00,meeting
VISIT_00186,SYN_P_0183,LOC_0021,2024-09-30 07:00:00,business
VISIT_00187,SYN_P_0598,LOC_0024,2026-08-05 08:00:00,meeting
VISIT_00188,SYN_P_0042,LOC_0006,2025-01-26 18:00:00,residence
VISIT_00189,SYN_P_0132,LOC_0071,2025-06-04 10:00:00,meeting
VISIT_00190,SYN_P_0451,LOC_0062,2024-01-14 09:00:00,meeting
VISIT_00191,SYN_P_0720,LOC_0038,2024-11-26 09:00:00,residence
VISIT_00192,SYN_P_0867,LOC_0055,2024-08-22 09:00:00,travel
VISIT_00193,SYN_P_0869,LOC_0065,2024-09-12 17:00:00,business
VISIT_00194,SYN_P_0413,LOC_0044,2024-03-08 01:00:00,travel
VISIT_00195,SYN_P_0067,LOC_0074,2025-07-05 04:00:00,travel
VISIT_00196,SYN_P_0827,LOC_0079,2024-09-18 17:00:00,meeting
VISIT_00197,SYN_P_0136,LOC_0050,2026-10-20 02:00:00,travel
VISIT_00198,SYN_P_0090,LOC_0082,2026-10-28 05:00:00,meeting
VISIT_00199,SYN_P_0096,LOC_0049,2025-01-22 17:00:00,business
VISIT_00200,SYN_P_0874,LOC_0076,2026-07-26 12:00:00,travel
VISIT_00201,SYN_P_0381,LOC_0051,2024-06-24 16:00:00,delivery
VISIT_00202,SYN_P_0659,LOC_0052,2025-01-11 00:00:00,delivery
VISIT_00203,SYN_P_0193,LOC_0050,2024-08-17 18:00:00,travel
VISIT_00204,SYN_P_0559,LOC_0002,2025-01-11 05:00:00,delivery
VISIT_00205,SYN_P_0845,LOC_0034,2026-05-24 08:00:00,travel
VISIT_00206,SYN_P_0986,LOC_0074,2025-01-16 22:00:00,business
VISIT_00207,SYN_P_0086,LOC_0026,2024-03-08 04:00:00,business
VISIT_00208,SYN_P_0177,LOC_0048,2024-05-27 20:00:00,travel
VISIT_00209,SYN_P_0784,LOC_0042,2025-08-03 11:00:00,travel
VISIT_00210,SYN_P_0554,LOC_0050,2026-03-16 16:00:00,travel
VISIT_00211,SYN_P_0803,LOC_0072,2025-03-07 15:00:00,travel
VISIT_00212,SYN_P_0332,LOC_0041,2025-02-13 00:00:00,residence
VISIT_00213,SYN_P_0316,LOC_0039,2026-06-18 21:00:00,travel
VISIT_00214,SYN_P_0252,LOC_0018,2025-07-30 20:00:00,residence
VISIT_00215,SYN_P_0007,LOC_0044,2026-06-03 20:00:00,business
VISIT_00216,SYN_P_0193,LOC_0030,2024-05-09 11:00:00,residence
VISIT_00217,SYN_P_0401,LOC_0016,2026-10-01 02:00:00,travel
VISIT_00218,SYN_P_0038,LOC_0008,2025-10-14 16:00:00,business
VISIT_00219,SYN_P_0178,LOC_0050,2026-10-04 09:00:00,residence
VISIT_00220,SYN_P_0842,LOC_0069,2025-08-21 22:00:00,meeting
VISIT_00221,SYN_P_1000,LOC_0039,2025-05-02 05:00:00,business
VISIT_00222,SYN_P_0897,LOC_0005,2025-05-17 12:00:00,residence
VISIT_00223,SYN_P_0344,LOC_0043,2026-11-02 14:00:00,delivery
VISIT_00224,SYN_P_0978,LOC_0058,2024-12-30 07:00:00,business
VISIT_00225,SYN_P_0937,LOC_0075,2025-07-28 05:00:00,business
VISIT_00226,SYN_P_0721,LOC_0004,2026-01-16 10:00:00,meeting
VISIT_00227,SYN_P_0220,LOC_0058,2026-08-24 02:00:00,delivery
VISIT_00228,SYN_P_0714,LOC_0006,2024-05-30 15:00:00,business
VISIT_00229,SYN_P_0173,LOC_0049,2024-07-03 07:00:00,business
VISIT_00230,SYN_P_0740,LOC_0061,2024-11-01 09:00:00,residence
VISIT_00231,SYN_P_0653,LOC_0049,2024-12-27 06:00:00,travel
VISIT_00232,SYN_P_0833,LOC_0033,2025-11-17 14:00:00,delivery
VISIT_00233,SYN_P_0134,LOC_0032,2026-09-28 19:00:00,delivery
VISIT_00234,SYN_P_0591,LOC_0063,2026-02-08 08:00:00,residence
VISIT_00235,SYN_P_0010,LOC_0004,2025-03-24 13:00:00,business
VISIT_00236,SYN_P_0758,LOC_0037,2024-08-16 16:00:00,meeting
VISIT_00237,SYN_P_0440,LOC_0042,2025-05-28 16:00:00,business
VISIT_00238,SYN_P_0858,LOC_0041,2026-06-26 00:00:00,business
VISIT_00239,SYN_P_0834,LOC_0043,2024-10-10 06:00:00,travel
VISIT_00240,SYN_P_0976,LOC_0022,2026-01-29 02:00:00,meeting
VISIT_00241,SYN_P_0825,LOC_0064,2026-08-21 00:00:00,business
VISIT_00242,SYN_P_0705,LOC_0037,2025-01-19 20:00:00,travel
VISIT_00243,SYN_P_0195,LOC_0034,2024-06-13 04:00:00,business
VISIT_00244,SYN_P_0553,LOC_0017,2024-12-12 06:00:00,business
VISIT_00245,SYN_P_0367,LOC_0003,2024-01-21 09:00:00,business
VISIT_00246,SYN_P_0658,LOC_0078,2025-05-28 17:00:00,travel
VISIT_00247,SYN_P_0567,LOC_0047,2025-09-15 02:00:00,business
VISIT_00248,SYN_P_0901,LOC_0004,2026-07-12 01:00:00,meeting
VISIT_00249,SYN_P_0599,LOC_0036,2025-02-27 13:00:00,meeting
VISIT_00250,SYN_P_0733,LOC_0042,2026-07-29 15:00:00,meeting
VISIT_00251,SYN_P_0280,LOC_0003,2026-04-08 03:00:00,travel
VISIT_00252,SYN_P_0183,LOC_0049,2024-12-03 17:00:00,residence
VISIT_00253,SYN_P_0343,LOC_0052,2024-05-02 20:00:00,meeting
VISIT_00254,SYN_P_0382,LOC_0026,2026-07-18 16:00:00,residence
VISIT_00255,SYN_P_0508,LOC_0046,2024-07-26 15:00:00,residence
VISIT_00256,SYN_P_0224,LOC_0057,2026-01-06 07:00:00,business
VISIT_00257,SYN_P_0821,LOC_0042,2025-11-12 12:00:00,meeting
VISIT_00258,SYN_P_0676,LOC_0047,2024-05-10 13:00:00,travel
VISIT_00259,SYN_P_0100,LOC_0002,2026-07-21 14:00:00,meeting
VISIT_00260,SYN_P_0016,LOC_0014,2024-03-19 15:00:00,meeting
VISIT_00261,SYN_P_0420,LOC_0078,2025-10-02 22:00:00,delivery
VISIT_00262,SYN_P_1031,LOC_0032,2024-04-08 21:00:00,residence
VISIT_00263,SYN_P_0582,LOC_0074,2025-01-17 01:00:00,business
VISIT_00264,SYN_P_0845,LOC_0067,2026-04-28 04:00:00,residence
VISIT_00265,SYN_P_1028,LOC_0060,2025-12-08 20:00:00,residence
VISIT_00266,SYN_P_0775,LOC_0046,2026-10-26 23:00:00,delivery
VISIT_00267,SYN_P_0462,LOC_0018,2025-10-24 04:00:00,travel
VISIT_00268,SYN_P_0765,LOC_0075,2025-01-16 23:00:00,travel
VISIT_00269,SYN_P_0511,LOC_0020,2025-10-22 11:00:00,travel
VISIT_00270,SYN_P_0247,LOC_0045,2026-10-28 04:00:00,meeting
VISIT_00271,SYN_P_0586,LOC_0077,2026-02-05 13:00:00,business
VISIT_00272,SYN_P_0049,LOC_0033,2025-09-19 09:00:00,residence
VISIT_00273,SYN_P_0076,LOC_0008,2024-08-13 11:00:00,travel
VISIT_00274,SYN_P_0044,LOC_0071,2026-10-23 04:00:00,business
VISIT_00275,SYN_P_0138,LOC_0033,2025-09-16 21:00:00,residence
VISIT_00276,SYN_P_0708,LOC_0035,2026-08-28 16:00:00,delivery
VISIT_00277,SYN_P_1006,LOC_0029,2025-11-11 00:00:00,residence
VISIT_00278,SYN_P_0633,LOC_0073,2026-09-14 15:00:00,travel
VISIT_00279,SYN_P_0110,LOC_0055,2026-01-15 09:00:00,delivery
VISIT_00280,SYN_P_0994,LOC_0021,2024-05-14 15:00:00,business
VISIT_00281,SYN_P_0835,LOC_0007,2024-06-23 15:00:00,travel
VISIT_00282,SYN_P_0142,LOC_0025,2024-01-13 05:00:00,business
VISIT_00283,SYN_P_0968,LOC_0044,2026-05-28 07:00:00,travel
VISIT_00284,SYN_P_0426,LOC_0062,2025-03-25 14:00:00,business
VISIT_00285,SYN_P_0519,LOC_0080,2025-12-19 07:00:00,delivery
VISIT_00286,SYN_P_0894,LOC_0032,2025-03-19 17:00:00,business
VISIT_00287,SYN_P_0539,LOC_0034,2025-09-19 02:00:00,residence
VISIT_00288,SYN_P_0398,LOC_0043,2025-04-04 12:00:00,delivery
VISIT_00289,SYN_P_0528,LOC_0037,2024-03-28 08:00:00,delivery
VISIT_00290,SYN_P_0975,LOC_0013,2026-04-12 08:00:00,business
VISIT_00291,SYN_P_0986,LOC_0022,2024-05-22 13:00:00,travel
VISIT_00292,SYN_P_0378,LOC_0067,2025-04-05 07:00:00,delivery
VISIT_00293,SYN_P_0009,LOC_0051,2024-12-14 18:00:00,business
VISIT_00294,SYN_P_1024,LOC_0022,2025-10-05 23:00:00,delivery
VISIT_00295,SYN_P_1008,LOC_0065,2026-03-15 06:00:00,business
VISIT_00296,SYN_P_0499,LOC_0016,2024-12-09 19:00:00,business
VISIT_00297,SYN_P_0588,LOC_0023,2024-04-07 16:00:00,residence
VISIT_00298,SYN_P_0611,LOC_0013,2024-01-18 18:00:00,travel
VISIT_00299,SYN_P_0719,LOC_0063,2024-02-06 21:00:00,meeting
VISIT_00300,SYN_P_0044,LOC_0048,2026-08-23 12:00:00,business
VISIT_00301,SYN_P_0114,LOC_0075,2025-09-21 03:00:00,travel
VISIT_00302,SYN_P_0598,LOC_0031,2025-11-26 14:00:00,delivery
VISIT_00303,SYN_P_0784,LOC_0014,2026-09-30 12:00:00,travel
VISIT_00304,SYN_P_0067,LOC_0067,2026-06-18 13:00:00,delivery
VISIT_00305,SYN_P_0347,LOC_0070,2024-10-04 19:00:00,business
VISIT_00306,SYN_P_0824,LOC_0001,2025-04-23 04:00:00,residence
VISIT_00307,SYN_P_0623,LOC_0061,2025-10-02 05:00:00,residence
VISIT_00308,SYN_P_0788,LOC_0003,2024-02-28 23:00:00,residence
VISIT_00309,SYN_P_0432,LOC_0084,2026-09-27 19:00:00,travel
VISIT_00310,SYN_P_0866,LOC_0079,2024-06-18 16:00:00,residence
VISIT_00311,SYN_P_0725,LOC_0073,2026-04-25 02:00:00,travel
VISIT_00312,SYN_P_0302,LOC_0005,2026-02-04 19:00:00,residence
VISIT_00313,SYN_P_0087,LOC_0067,2024-11-20 01:00:00,residence
VISIT_00314,SYN_P_0525,LOC_0034,2024-06-26 06:00:00,delivery
VISIT_00315,SYN_P_0306,LOC_0040,2025-01-28 06:00:00,business
VISIT_00316,SYN_P_0732,LOC_0002,2026-02-12 11:00:00,business
VISIT_00317,SYN_P_0706,LOC_0031,2025-12-09 00:00:00,travel
VISIT_00318,SYN_P_0190,LOC_0034,2024-01-05 01:00:00,travel
VISIT_00319,SYN_P_1014,LOC_0083,2025-04-05 10:00:00,business
VISIT_00320,SYN_P_0320,LOC_0060,2024-10-21 17:00:00,business
VISIT_00321,SYN_P_0714,LOC_0072,2024-01-12 15:00:00,travel
VISIT_00322,SYN_P_0176,LOC_0022,2026-03-12 00:00:00,delivery
VISIT_00323,SYN_P_0460,LOC_0021,2024-02-29 03:00:00,residence
VISIT_00324,SYN_P_0157,LOC_0053,2025-11-03 21:00:00,residence
VISIT_00325,SYN_P_0789,LOC_0080,2026-07-31 23:00:00,business
VISIT_00326,SYN_P_0444,LOC_0050,2025-03-08 08:00:00,business
VISIT_00327,SYN_P_0958,LOC_0016,2026-02-18 18:00:00,travel
VISIT_00328,SYN_P_0575,LOC_0067,2025-12-22 21:00:00,residence
VISIT_00329,SYN_P_0832,LOC_0043,2024-01-07 03:00:00,delivery
VISIT_00330,SYN_P_0207,LOC_0069,2026-01-25 14:00:00,meeting
VISIT_00331,SYN_P_0852,LOC_0055,2024-08-02 08:00:00,business
VISIT_00332,SYN_P_0841,LOC_0045,2025-06-29 14:00:00,travel
VISIT_00333,SYN_P_0686,LOC_0073,2024-04-29 23:00:00,residence
VISIT_00334,SYN_P_0885,LOC_0003,2025-09-01 17:00:00,business
VISIT_00335,SYN_P_0537,LOC_0022,2024-05-29 13:00:00,delivery
VISIT_00336,SYN_P_0771,LOC_0031,2025-05-23 23:00:00,delivery
VISIT_00337,SYN_P_0327,LOC_0045,2024-05-05 06:00:00,meeting
VISIT_00338,SYN_P_0521,LOC_0037,2024-04-25 05:00:00,travel
VISIT_00339,SYN_P_0747,LOC_0003,2026-09-23 10:00:00,meeting
VISIT_00340,SYN_P_0138,LOC_0008,2026-02-01 11:00:00,business
VISIT_00341,SYN_P_0011,LOC_0006,2025-02-05 17:00:00,meeting
VISIT_00342,SYN_P_0532,LOC_0037,2026-05-07 17:00:00,business
VISIT_00343,SYN_P_0489,LOC_0064,2026-08-23 06:00:00,delivery
VISIT_00344,SYN_P_0555,LOC_0024,2025-09-15 09:00:00,residence
VISIT_00345,SYN_P_0043,LOC_0033,2025-12-22 16:00:00,travel
VISIT_00346,SYN_P_1033,LOC_0006,2026-04-10 12:00:00,travel
VISIT_00347,SYN_P_0149,LOC_0053,2026-09-11 07:00:00,delivery
VISIT_00348,SYN_P_0874,LOC_0043,2026-04-24 12:00:00,residence
VISIT_00349,SYN_P_0828,LOC_0018,2025-10-28 17:00:00,meeting
VISIT_00350,SYN_P_0075,LOC_0009,2025-03-23 21:00:00,business
VISIT_00351,SYN_P_0161,LOC_0009,2026-03-16 15:00:00,meeting
VISIT_00352,SYN_P_0929,LOC_0025,2026-01-31 13:00:00,business
VISIT_00353,SYN_P_0444,LOC_0049,2026-06-06 00:00:00,meeting
VISIT_00354,SYN_P_0131,LOC_0074,2024-02-01 07:00:00,delivery
VISIT_00355,SYN_P_0475,LOC_0001,2024-04-08 22:00:00,business
VISIT_00356,SYN_P_0358,LOC_0050,2024-07-06 00:00:00,business
VISIT_00357,SYN_P_0598,LOC_0046,2025-09-17 22:00:00,business
VISIT_00358,SYN_P_1026,LOC_0071,2025-03-21 04:00:00,delivery
VISIT_00359,SYN_P_0275,LOC_0006,2025-10-19 11:00:00,meeting
VISIT_00360,SYN_P_0602,LOC_0008,2025-07-09 00:00:00,meeting
VISIT_00361,SYN_P_0273,LOC_0008,2026-05-26 19:00:00,meeting
VISIT_00362,SYN_P_0182,LOC_0077,2026-05-15 17:00:00,residence
VISIT_00363,SYN_P_0556,LOC_0005,2026-05-17 01:00:00,meeting
VISIT_00364,SYN_P_0156,LOC_0078,2025-10-29 23:00:00,residence
VISIT_00365,SYN_P_0040,LOC_0071,2026-10-03 08:00:00,business
VISIT_00366,SYN_P_0068,LOC_0072,2025-11-18 09:00:00,residence
VISIT_00367,SYN_P_0003,LOC_0057,2026-08-31 23:00:00,residence
VISIT_00368,SYN_P_0147,LOC_0040,2024-04-27 15:00:00,business
VISIT_00369,SYN_P_0877,LOC_0046,2025-10-30 11:00:00,delivery
VISIT_00370,SYN_P_0433,LOC_0017,2026-04-09 21:00:00,residence
VISIT_00371,SYN_P_0520,LOC_0039,2026-03-26 13:00:00,delivery
VISIT_00372,SYN_P_0459,LOC_0077,2024-05-16 00:00:00,meeting
VISIT_00373,SYN_P_0262,LOC_0076,2026-03-13 11:00:00,delivery
VISIT_00374,SYN_P_0746,LOC_0044,2025-04-20 23:00:00,residence
VISIT_00375,SYN_P_0770,LOC_0052,2025-03-27 04:00:00,delivery
VISIT_00376,SYN_P_0241,LOC_0015,2026-10-16 06:00:00,residence
VISIT_00377,SYN_P_0983,LOC_0067,2024-07-06 00:00:00,residence
VISIT_00378,SYN_P_0706,LOC_0071,2026-05-31 16:00:00,business
VISIT_00379,SYN_P_0469,LOC_0084,2024-06-13 05:00:00,meeting
VISIT_00380,SYN_P_0449,LOC_0026,2025-01-13 02:00:00,delivery
VISIT_00381,SYN_P_0736,LOC_0044,2024-01-03 21:00:00,business
VISIT_00382,SYN_P_0165,LOC_0012,2024-12-07 23:00:00,residence
VISIT_00383,SYN_P_0732,LOC_0042,2026-10-03 17:00:00,delivery
VISIT_00384,SYN_P_0276,LOC_0081,2025-04-27 14:00:00,residence
VISIT_00385,SYN_P_0842,LOC_0018,2026-01-07 23:00:00,delivery
VISIT_00386,SYN_P_0126,LOC_0072,2026-04-30 18:00:00,business
VISIT_00387,SYN_P_0055,LOC_0003,2024-11-09 03:00:00,travel
VISIT_00388,SYN_P_0246,LOC_0012,2024-06-18 00:00:00,delivery
VISIT_00389,SYN_P_0132,LOC_0010,2025-07-13 05:00:00,travel
VISIT_00390,SYN_P_0465,LOC_0027,2024-04-12 16:00:00,delivery
VISIT_00391,SYN_P_0081,LOC_0045,2024-04-16 15:00:00,business
VISIT_00392,SYN_P_0810,LOC_0028,2026-10-10 03:00:00,meeting
VISIT_00393,SYN_P_0047,LOC_0016,2025-02-16 14:00:00,travel
VISIT_00394,SYN_P_0487,LOC_0043,2024-12-23 16:00:00,meeting
VISIT_00395,SYN_P_0453,LOC_0072,2026-07-28 06:00:00,travel
VISIT_00396,SYN_P_0264,LOC_0004,2025-05-20 04:00:00,travel
VISIT_00397,SYN_P_0664,LOC_0072,2026-09-11 23:00:00,business
VISIT_00398,SYN_P_0782,LOC_0006,2025-08-01 22:00:00,travel
VISIT_00399,SYN_P_0384,LOC_0022,2026-03-26 08:00:00,travel
VISIT_00400,SYN_P_0592,LOC_0050,2026-05-01 21:00:00,business
VISIT_00401,SYN_P_0544,LOC_0045,2024-03-02 00:00:00,delivery
VISIT_00402,SYN_P_0880,LOC_0065,2026-04-19 05:00:00,travel
VISIT_00403,SYN_P_0768,LOC_0059,2026-06-12 16:00:00,travel
VISIT_00404,SYN_P_0467,LOC_0006,2026-06-17 20:00:00,meeting
VISIT_00405,SYN_P_0553,LOC_0004,2026-06-01 11:00:00,travel
VISIT_00406,SYN_P_0216,LOC_0019,2024-09-27 18:00:00,delivery
VISIT_00407,SYN_P_0197,LOC_0037,2024-05-08 08:00:00,business
VISIT_00408,SYN_P_0124,LOC_0004,2025-05-06 18:00:00,travel
VISIT_00409,SYN_P_1019,LOC_0032,2024-06-02 21:00:00,travel
VISIT_00410,SYN_P_0464,LOC_0043,2024-06-25 16:00:00,meeting
VISIT_00411,SYN_P_0454,LOC_0059,2024-03-09 15:00:00,residence
VISIT_00412,SYN_P_0253,LOC_0060,2026-07-01 07:00:00,travel
VISIT_00413,SYN_P_0631,LOC_0007,2025-11-01 21:00:00,meeting
VISIT_00414,SYN_P_0091,LOC_0025,2026-09-03 20:00:00,travel
VISIT_00415,SYN_P_0548,LOC_0068,2025-10-05 02:00:00,residence
VISIT_00416,SYN_P_0057,LOC_0070,2026-06-12 10:00:00,meeting
VISIT_00417,SYN_P_0073,LOC_0022,2026-07-01 18:00:00,meeting
VISIT_00418,SYN_P_1002,LOC_0077,2024-10-17 13:00:00,meeting
VISIT_00419,SYN_P_0315,LOC_0078,2024-03-10 08:00:00,travel
VISIT_00420,SYN_P_0875,LOC_0076,2025-12-12 08:00:00,delivery
VISIT_00421,SYN_P_0117,LOC_0062,2024-08-22 12:00:00,residence
VISIT_00422,SYN_P_0672,LOC_0007,2026-10-19 05:00:00,travel
VISIT_00423,SYN_P_0425,LOC_0083,2025-07-12 15:00:00,meeting
VISIT_00424,SYN_P_0750,LOC_0063,2026-09-22 01:00:00,business
VISIT_00425,SYN_P_0189,LOC_0008,2026-06-26 22:00:00,delivery
VISIT_00426,SYN_P_0406,LOC_0016,2024-11-14 11:00:00,travel
VISIT_00427,SYN_P_0592,LOC_0048,2026-07-03 23:00:00,travel
VISIT_00428,SYN_P_0785,LOC_0006,2024-05-28 04:00:00,travel
VISIT_00429,SYN_P_0563,LOC_0005,2026-03-11 04:00:00,residence
VISIT_00430,SYN_P_0119,LOC_0082,2025-05-29 00:00:00,meeting
VISIT_00431,SYN_P_0399,LOC_0007,2024-07-03 16:00:00,travel
VISIT_00432,SYN_P_0793,LOC_0013,2025-03-29 00:00:00,business
VISIT_00433,SYN_P_0198,LOC_0017,2024-01-27 09:00:00,travel
VISIT_00434,SYN_P_0414,LOC_0027,2026-05-20 18:00:00,business
VISIT_00435,SYN_P_0055,LOC_0075,2024-11-04 23:00:00,business
VISIT_00436,SYN_P_0330,LOC_0013,2026-03-07 22:00:00,meeting
VISIT_00437,SYN_P_0674,LOC_0013,2025-08-12 20:00:00,meeting
VISIT_00438,SYN_P_0787,LOC_0008,2024-08-05 01:00:00,residence
VISIT_00439,SYN_P_0305,LOC_0051,2025-06-14 18:00:00,business
VISIT_00440,SYN_P_1006,LOC_0080,2024-08-21 02:00:00,travel
VISIT_00441,SYN_P_0316,LOC_0073,2025-05-19 22:00:00,delivery
VISIT_00442,SYN_P_1040,LOC_0020,2026-03-22 11:00:00,travel
VISIT_00443,SYN_P_0592,LOC_0032,2026-08-29 06:00:00,business
VISIT_00444,SYN_P_0589,LOC_0019,2025-12-14 01:00:00,meeting
VISIT_00445,SYN_P_0903,LOC_0059,2026-10-20 11:00:00,delivery
VISIT_00446,SYN_P_0175,LOC_0019,2024-09-08 11:00:00,travel
VISIT_00447,SYN_P_0634,LOC_0079,2024-11-17 08:00:00,meeting
VISIT_00448,SYN_P_0545,LOC_0056,2024-08-01 09:00:00,travel
VISIT_00449,SYN_P_0949,LOC_0038,2026-03-22 07:00:00,business
VISIT_00450,SYN_P_0192,LOC_0043,2025-02-15 09:00:00,travel
VISIT_00451,SYN_P_0746,LOC_0011,2025-11-24 21:00:00,delivery
VISIT_00452,SYN_P_0931,LOC_0063,2024-11-20 08:00:00,business
VISIT_00453,SYN_P_0686,LOC_0058,2026-11-05 08:00:00,delivery
VISIT_00454,SYN_P_0607,LOC_0023,2024-06-23 06:00:00,delivery
VISIT_00455,SYN_P_0719,LOC_0045,2025-09-12 05:00:00,business
VISIT_00456,SYN_P_0218,LOC_0009,2024-12-13 05:00:00,travel
VISIT_00457,SYN_P_0175,LOC_0027,2026-01-22 03:00:00,business
VISIT_00458,SYN_P_0216,LOC_0032,2025-06-29 17:00:00,business
VISIT_00459,SYN_P_0097,LOC_0027,2026-05-24 19:00:00,meeting
VISIT_00460,SYN_P_0661,LOC_0049,2024-06-11 10:00:00,meeting
VISIT_00461,SYN_P_0419,LOC_0029,2025-08-01 02:00:00,meeting
VISIT_00462,SYN_P_0238,LOC_0050,2025-01-16 03:00:00,delivery
VISIT_00463,SYN_P_0157,LOC_0055,2024-11-08 18:00:00,travel
VISIT_00464,SYN_P_0758,LOC_0037,2025-09-11 10:00:00,business
VISIT_00465,SYN_P_0155,LOC_0080,2024-11-15 07:00:00,travel
VISIT_00466,SYN_P_0827,LOC_0058,2024-05-04 06:00:00,delivery
VISIT_00467,SYN_P_0542,LOC_0024,2025-06-16 14:00:00,meeting
VISIT_00468,SYN_P_0686,LOC_0018,2024-04-12 09:00:00,travel
VISIT_00469,SYN_P_0558,LOC_0042,2025-05-22 07:00:00,meeting
VISIT_00470,SYN_P_0687,LOC_0076,2024-02-12 20:00:00,residence
VISIT_00471,SYN_P_0289,LOC_0071,2024-02-16 10:00:00,residence
VISIT_00472,SYN_P_0483,LOC_0015,2024-07-28 04:00:00,business
VISIT_00473,SYN_P_0443,LOC_0060,2025-02-06 06:00:00,delivery
VISIT_00474,SYN_P_0722,LOC_0074,2026-01-28 11:00:00,business
VISIT_00475,SYN_P_0811,LOC_0081,2024-12-09 13:00:00,residence
VISIT_00476,SYN_P_0078,LOC_0002,2025-01-03 18:00:00,travel
VISIT_00477,SYN_P_0524,LOC_0047,2026-10-22 16:00:00,travel
VISIT_00478,SYN_P_0301,LOC_0046,2026-02-24 00:00:00,delivery
VISIT_00479,SYN_P_0301,LOC_0076,2026-05-03 10:00:00,residence
VISIT_00480,SYN_P_0232,LOC_0075,2024-09-27 09:00:00,travel
VISIT_00481,SYN_P_0020,LOC_0065,2024-11-19 13:00:00,business
VISIT_00482,SYN_P_0499,LOC_0042,2026-06-21 16:00:00,delivery
VISIT_00483,SYN_P_0227,LOC_0026,2024-12-01 13:00:00,travel
VISIT_00484,SYN_P_0902,LOC_0045,2026-09-25 12:00:00,delivery
VISIT_00485,SYN_P_0976,LOC_0078,2026-02-15 22:00:00,delivery
VISIT_00486,SYN_P_0456,LOC_0039,2026-05-02 14:00:00,meeting
VISIT_00487,SYN_P_0862,LOC_0025,2026-05-11 13:00:00,meeting
VISIT_00488,SYN_P_0587,LOC_0009,2025-08-13 01:00:00,meeting
VISIT_00489,SYN_P_0004,LOC_0040,2025-01-06 21:00:00,residence
VISIT_00490,SYN_P_0042,LOC_0024,2024-05-19 15:00:00,meeting
VISIT_00491,SYN_P_0424,LOC_0072,2024-01-23 01:00:00,delivery
VISIT_00492,SYN_P_0928,LOC_0079,2024-05-24 10:00:00,travel
VISIT_00493,SYN_P_0604,LOC_0045,2026-03-31 17:00:00,travel
VISIT_00494,SYN_P_0912,LOC_0061,2026-01-20 11:00:00,delivery
VISIT_00495,SYN_P_0707,LOC_0018,2026-08-07 20:00:00,business
VISIT_00496,SYN_P_0140,LOC_0029,2024-09-01 21:00:00,travel
VISIT_00497,SYN_P_0669,LOC_0066,2025-09-15 01:00:00,business
VISIT_00498,SYN_P_0207,LOC_0005,2025-09-25 07:00:00,travel
VISIT_00499,SYN_P_0807,LOC_0072,2025-05-30 20:00:00,delivery
VISIT_00500,SYN_P_0444,LOC_0040,2024-01-04 10:00:00,residence
VISIT_00501,SYN_P_0861,LOC_0058,2025-10-22 04:00:00,meeting
VISIT_00502,SYN_P_0875,LOC_0040,2025-02-14 20:00:00,meeting
VISIT_00503,SYN_P_0727,LOC_0014,2025-09-15 03:00:00,delivery
VISIT_00504,SYN_P_0317,LOC_0046,2024-09-02 17:00:00,travel
VISIT_00505,SYN_P_0623,LOC_0079,2026-05-03 13:00:00,travel
VISIT_00506,SYN_P_0419,LOC_0031,2026-02-10 07:00:00,residence
VISIT_00507,SYN_P_0226,LOC_0015,2025-12-31 10:00:00,delivery
VISIT_00508,SYN_P_0544,LOC_0022,2024-01-30 15:00:00,meeting
VISIT_00509,SYN_P_0310,LOC_0048,2025-01-18 19:00:00,business
VISIT_00510,SYN_P_0070,LOC_0079,2024-05-14 20:00:00,delivery
VISIT_00511,SYN_P_0562,LOC_0054,2026-05-23 23:00:00,travel
VISIT_00512,SYN_P_0674,LOC_0047,2024-06-12 15:00:00,delivery
VISIT_00513,SYN_P_0346,LOC_0054,2026-09-12 22:00:00,travel
VISIT_00514,SYN_P_0728,LOC_0045,2025-07-27 19:00:00,business
VISIT_00515,SYN_P_0887,LOC_0084,2024-08-16 00:00:00,residence
VISIT_00516,SYN_P_0079,LOC_0026,2024-06-18 17:00:00,delivery
VISIT_00517,SYN_P_0015,LOC_0031,2025-10-12 16:00:00,delivery
VISIT_00518,SYN_P_0710,LOC_0024,2025-08-04 15:00:00,business
VISIT_00519,SYN_P_0688,LOC_0083,2025-09-05 02:00:00,business
VISIT_00520,SYN_P_0369,LOC_0011,2026-09-13 07:00:00,meeting
VISIT_00521,SYN_P_0891,LOC_0017,2024-01-01 21:00:00,delivery
VISIT_00522,SYN_P_0376,LOC_0056,2025-11-03 08:00:00,delivery
VISIT_00523,SYN_P_0781,LOC_0038,2025-10-04 22:00:00,delivery
VISIT_00524,SYN_P_0182,LOC_0044,2025-01-19 09:00:00,travel
VISIT_00525,SYN_P_0808,LOC_0053,2026-01-08 06:00:00,business
VISIT_00526,SYN_P_0671,LOC_0005,2026-02-11 12:00:00,delivery
VISIT_00527,SYN_P_0773,LOC_0037,2026-08-26 21:00:00,delivery
VISIT_00528,SYN_P_1035,LOC_0062,2024-03-24 04:00:00,residence
VISIT_00529,SYN_P_0103,LOC_0058,2024-04-12 20:00:00,residence
VISIT_00530,SYN_P_0718,LOC_0058,2025-11-26 20:00:00,delivery
VISIT_00531,SYN_P_0392,LOC_0056,2024-08-08 14:00:00,business
VISIT_00532,SYN_P_0286,LOC_0070,2024-04-19 02:00:00,delivery
VISIT_00533,SYN_P_0445,LOC_0079,2025-10-18 04:00:00,delivery
VISIT_00534,SYN_P_0836,LOC_0046,2026-02-07 01:00:00,delivery
VISIT_00535,SYN_P_0213,LOC_0004,2026-08-09 03:00:00,travel
VISIT_00536,SYN_P_0174,LOC_0035,2025-02-17 11:00:00,meeting
VISIT_00537,SYN_P_0429,LOC_0068,2025-01-20 04:00:00,meeting
VISIT_00538,SYN_P_0634,LOC_0014,2024-02-21 05:00:00,residence
VISIT_00539,SYN_P_0112,LOC_0004,2024-02-16 00:00:00,delivery
VISIT_00540,SYN_P_0818,LOC_0001,2024-12-19 19:00:00,meeting
VISIT_00541,SYN_P_0748,LOC_0046,2024-12-31 01:00:00,delivery
VISIT_00542,SYN_P_0086,LOC_0045,2025-09-17 09:00:00,meeting
VISIT_00543,SYN_P_0161,LOC_0041,2026-03-01 04:00:00,travel
VISIT_00544,SYN_P_0768,LOC_0080,2024-05-20 06:00:00,delivery
VISIT_00545,SYN_P_1020,LOC_0054,2026-04-27 17:00:00,business
VISIT_00546,SYN_P_0073,LOC_0015,2025-07-17 10:00:00,delivery
VISIT_00547,SYN_P_0543,LOC_0018,2024-10-03 19:00:00,delivery
VISIT_00548,SYN_P_0903,LOC_0019,2024-08-18 07:00:00,residence
VISIT_00549,SYN_P_0207,LOC_0083,2025-04-14 23:00:00,meeting
VISIT_00550,SYN_P_0949,LOC_0077,2025-06-07 02:00:00,business
VISIT_00551,SYN_P_0368,LOC_0076,2024-06-27 10:00:00,meeting
VISIT_00552,SYN_P_0941,LOC_0084,2024-02-28 04:00:00,meeting
VISIT_00553,SYN_P_0986,LOC_0060,2024-11-03 19:00:00,business
VISIT_00554,SYN_P_0195,LOC_0028,2025-10-14 15:00:00,delivery
VISIT_00555,SYN_P_0844,LOC_0048,2026-07-13 18:00:00,meeting
VISIT_00556,SYN_P_0133,LOC_0015,2025-12-07 01:00:00,meeting
VISIT_00557,SYN_P_0596,LOC_0052,2026-09-09 18:00:00,business
VISIT_00558,SYN_P_0195,LOC_0052,2026-04-17 10:00:00,delivery
VISIT_00559,SYN_P_0894,LOC_0015,2024-10-22 15:00:00,travel
VISIT_00560,SYN_P_0380,LOC_0065,2024-09-13 01:00:00,delivery
VISIT_00561,SYN_P_0592,LOC_0009,2024-02-01 06:00:00,travel
VISIT_00562,SYN_P_0425,LOC_0053,2024-01-12 14:00:00,delivery
VISIT_00563,SYN_P_0772,LOC_0028,2026-07-12 12:00:00,meeting
VISIT_00564,SYN_P_0941,LOC_0064,2024-04-14 20:00:00,business
VISIT_00565,SYN_P_0702,LOC_0076,2025-09-30 04:00:00,delivery
VISIT_00566,SYN_P_0604,LOC_0009,2026-08-14 02:00:00,meeting
VISIT_00567,SYN_P_0171,LOC_0047,2024-04-11 11:00:00,travel
VISIT_00568,SYN_P_0182,LOC_0014,2024-12-21 02:00:00,delivery
VISIT_00569,SYN_P_0660,LOC_0020,2024-10-15 14:00:00,business
VISIT_00570,SYN_P_0020,LOC_0058,2026-03-21 01:00:00,residence
VISIT_00571,SYN_P_0049,LOC_0068,2026-07-01 05:00:00,delivery
VISIT_00572,SYN_P_0004,LOC_0046,2026-06-08 15:00:00,delivery
VISIT_00573,SYN_P_0383,LOC_0060,2024-06-26 23:00:00,business
VISIT_00574,SYN_P_0798,LOC_0069,2026-07-28 21:00:00,delivery
VISIT_00575,SYN_P_0973,LOC_0008,2025-01-10 09:00:00,meeting
VISIT_00576,SYN_P_1026,LOC_0054,2026-09-07 05:00:00,delivery
VISIT_00577,SYN_P_0111,LOC_0036,2024-02-21 17:00:00,meeting
VISIT_00578,SYN_P_0005,LOC_0057,2026-08-15 23:00:00,business
VISIT_00579,SYN_P_0939,LOC_0060,2024-04-06 07:00:00,delivery
VISIT_00580,SYN_P_0099,LOC_0067,2025-09-11 02:00:00,delivery
VISIT_00581,SYN_P_0211,LOC_0082,2026-07-04 22:00:00,meeting
VISIT_00582,SYN_P_0998,LOC_0041,2024-08-04 05:00:00,business
VISIT_00583,SYN_P_0760,LOC_0006,2024-11-19 16:00:00,travel
VISIT_00584,SYN_P_0148,LOC_0012,2026-07-02 08:00:00,delivery
VISIT_00585,SYN_P_0899,LOC_0038,2026-02-07 09:00:00,residence
VISIT_00586,SYN_P_0020,LOC_0035,2025-10-20 04:00:00,meeting
VISIT_00587,SYN_P_0211,LOC_0015,2025-02-02 07:00:00,delivery
VISIT_00588,SYN_P_0648,LOC_0006,2025-07-10 02:00:00,residence
VISIT_00589,SYN_P_0443,LOC_0041,2026-05-24 07:00:00,residence
VISIT_00590,SYN_P_0672,LOC_0078,2026-03-31 15:00:00,residence
VISIT_00591,SYN_P_0122,LOC_0021,2025-07-09 18:00:00,travel
VISIT_00592,SYN_P_0318,LOC_0010,2025-05-24 04:00:00,delivery
VISIT_00593,SYN_P_0530,LOC_0028,2026-05-27 12:00:00,business
VISIT_00594,SYN_P_0596,LOC_0081,2024-08-14 20:00:00,business
VISIT_00595,SYN_P_0184,LOC_0044,2025-12-30 17:00:00,travel
VISIT_00596,SYN_P_0417,LOC_0039,2025-10-24 01:00:00,travel
VISIT_00597,SYN_P_0560,LOC_0007,2024-04-20 09:00:00,delivery
VISIT_00598,SYN_P_0401,LOC_0074,2026-11-05 05:00:00,travel
VISIT_00599,SYN_P_0346,LOC_0021,2026-04-30 10:00:00,delivery
VISIT_00600,SYN_P_0878,LOC_0021,2026-09-23 12:00:00,meeting
VISIT_00601,SYN_P_0224,LOC_0026,2024-02-20 13:00:00,travel
VISIT_00602,SYN_P_0748,LOC_0008,2025-07-17 07:00:00,meeting
VISIT_00603,SYN_P_0661,LOC_0012,2025-10-27 03:00:00,travel
VISIT_00604,SYN_P_0293,LOC_0022,2024-01-03 14:00:00,delivery
VISIT_00605,SYN_P_0138,LOC_0035,2026-06-04 22:00:00,travel
VISIT_00606,SYN_P_0991,LOC_0080,2026-10-20 14:00:00,business
VISIT_00607,SYN_P_0616,LOC_0062,2026-07-08 22:00:00,meeting
VISIT_00608,SYN_P_0763,LOC_0081,2025-09-14 09:00:00,travel
VISIT_00609,SYN_P_0200,LOC_0058,2024-02-10 02:00:00,delivery
VISIT_00610,SYN_P_0934,LOC_0071,2024-01-19 05:00:00,residence
VISIT_00611,SYN_P_0968,LOC_0009,2024-06-29 09:00:00,travel
VISIT_00612,SYN_P_0813,LOC_0049,2026-10-30 14:00:00,meeting
VISIT_00613,SYN_P_0689,LOC_0037,2026-09-21 05:00:00,business
VISIT_00614,SYN_P_0008,LOC_0063,2024-11-23 21:00:00,residence
VISIT_00615,SYN_P_0720,LOC_0015,2026-04-24 15:00:00,meeting
VISIT_00616,SYN_P_0518,LOC_0081,2026-08-05 00:00:00,travel
VISIT_00617,SYN_P_0819,LOC_0001,2025-11-25 23:00:00,travel
VISIT_00618,SYN_P_0464,LOC_0063,2025-12-10 09:00:00,business
VISIT_00619,SYN_P_0660,LOC_0051,2024-03-19 18:00:00,business
VISIT_00620,SYN_P_0799,LOC_0034,2025-06-19 23:00:00,delivery
VISIT_00621,SYN_P_0309,LOC_0072,2024-10-18 01:00:00,travel
VISIT_00622,SYN_P_0992,LOC_0031,2025-06-25 21:00:00,residence
VISIT_00623,SYN_P_0067,LOC_0068,2025-09-26 11:00:00,delivery
VISIT_00624,SYN_P_0117,LOC_0018,2024-10-14 03:00:00,delivery
VISIT_00625,SYN_P_0265,LOC_0064,2026-01-10 11:00:00,business
VISIT_00626,SYN_P_0130,LOC_0069,2025-11-21 17:00:00,delivery
VISIT_00627,SYN_P_0477,LOC_0045,2026-04-22 15:00:00,meeting
VISIT_00628,SYN_P_1038,LOC_0053,2025-12-26 01:00:00,travel
VISIT_00629,SYN_P_0067,LOC_0053,2025-08-07 18:00:00,business
VISIT_00630,SYN_P_0659,LOC_0024,2025-03-03 17:00:00,residence
VISIT_00631,SYN_P_0084,LOC_0001,2026-03-03 02:00:00,residence
VISIT_00632,SYN_P_0275,LOC_0067,2025-05-26 09:00:00,residence
VISIT_00633,SYN_P_0448,LOC_0027,2025-09-02 17:00:00,travel
VISIT_00634,SYN_P_0919,LOC_0048,2026-08-02 14:00:00,meeting
VISIT_00635,SYN_P_0697,LOC_0017,2024-08-28 15:00:00,meeting
VISIT_00636,SYN_P_0176,LOC_0016,2024-11-22 00:00:00,meeting
VISIT_00637,SYN_P_0247,LOC_0065,2024-05-27 10:00:00,delivery
VISIT_00638,SYN_P_0948,LOC_0063,2025-07-30 23:00:00,travel
VISIT_00639,SYN_P_0294,LOC_0032,2024-09-14 02:00:00,meeting
VISIT_00640,SYN_P_0969,LOC_0052,2026-02-13 21:00:00,residence
VISIT_00641,SYN_P_0746,LOC_0007,2026-07-23 00:00:00,travel
VISIT_00642,SYN_P_0435,LOC_0080,2026-05-23 04:00:00,meeting
VISIT_00643,SYN_P_0136,LOC_0008,2025-03-23 17:00:00,business
VISIT_00644,SYN_P_0899,LOC_0011,2026-04-14 01:00:00,travel
VISIT_00645,SYN_P_0645,LOC_0031,2024-11-21 16:00:00,travel
VISIT_00646,SYN_P_0981,LOC_0084,2025-12-16 03:00:00,meeting
VISIT_00647,SYN_P_0637,LOC_0045,2026-06-04 08:00:00,travel
VISIT_00648,SYN_P_0970,LOC_0071,2026-09-30 15:00:00,delivery
VISIT_00649,SYN_P_0753,LOC_0063,2025-08-27 02:00:00,delivery
VISIT_00650,SYN_P_0426,LOC_0006,2025-07-13 20:00:00,delivery
VISIT_00651,SYN_P_0951,LOC_0036,2024-06-10 12:00:00,travel
VISIT_00652,SYN_P_0902,LOC_0056,2026-08-27 23:00:00,delivery
VISIT_00653,SYN_P_0221,LOC_0035,2024-04-13 02:00:00,meeting
VISIT_00654,SYN_P_0220,LOC_0071,2026-05-24 17:00:00,delivery
VISIT_00655,SYN_P_0987,LOC_0071,2025-10-09 19:00:00,residence
VISIT_00656,SYN_P_0671,LOC_0079,2025-08-20 21:00:00,residence
VISIT_00657,SYN_P_0190,LOC_0056,2025-07-17 19:00:00,delivery
VISIT_00658,SYN_P_0386,LOC_0027,2025-11-29 07:00:00,delivery
VISIT_00659,SYN_P_0019,LOC_0077,2025-02-11 22:00:00,residence
VISIT_00660,SYN_P_0253,LOC_0077,2024-09-20 09:00:00,business
VISIT_00661,SYN_P_0828,LOC_0071,2025-06-23 11:00:00,residence
VISIT_00662,SYN_P_0034,LOC_0070,2024-08-11 06:00:00,meeting
VISIT_00663,SYN_P_0584,LOC_0042,2024-10-22 20:00:00,travel
VISIT_00664,SYN_P_0112,LOC_0018,2025-05-27 13:00:00,travel
VISIT_00665,SYN_P_0286,LOC_0029,2025-03-24 13:00:00,travel
VISIT_00666,SYN_P_0462,LOC_0022,2024-08-11 19:00:00,meeting
VISIT_00667,SYN_P_1015,LOC_0008,2026-03-24 00:00:00,meeting
VISIT_00668,SYN_P_0901,LOC_0039,2024-03-05 20:00:00,travel
VISIT_00669,SYN_P_0260,LOC_0023,2025-04-09 06:00:00,delivery
VISIT_00670,SYN_P_0366,LOC_0005,2026-03-06 09:00:00,delivery
VISIT_00671,SYN_P_0698,LOC_0042,2026-05-05 14:00:00,meeting
VISIT_00672,SYN_P_0616,LOC_0001,2024-08-18 15:00:00,business
VISIT_00673,SYN_P_0557,LOC_0014,2026-09-12 04:00:00,business
VISIT_00674,SYN_P_0930,LOC_0026,2024-07-11 08:00:00,residence
VISIT_00675,SYN_P_0214,LOC_0072,2024-03-07 04:00:00,delivery
VISIT_00676,SYN_P_0249,LOC_0006,2025-08-17 12:00:00,delivery
VISIT_00677,SYN_P_0755,LOC_0039,2025-03-17 13:00:00,meeting
VISIT_00678,SYN_P_0130,LOC_0054,2024-11-01 06:00:00,residence
VISIT_00679,SYN_P_0585,LOC_0064,2025-08-07 20:00:00,meeting
VISIT_00680,SYN_P_0408,LOC_0006,2026-04-19 09:00:00,meeting
VISIT_00681,SYN_P_0358,LOC_0059,2024-02-04 20:00:00,residence
VISIT_00682,SYN_P_0416,LOC_0067,2026-08-07 19:00:00,delivery
VISIT_00683,SYN_P_0785,LOC_0035,2026-06-09 10:00:00,travel
VISIT_00684,SYN_P_0915,LOC_0050,2025-09-24 18:00:00,delivery
VISIT_00685,SYN_P_0167,LOC_0065,2026-03-08 19:00:00,delivery
VISIT_00686,SYN_P_0193,LOC_0070,2026-02-21 19:00:00,business
VISIT_00687,SYN_P_0001,LOC_0037,2025-02-13 02:00:00,meeting
VISIT_00688,SYN_P_0190,LOC_0005,2024-03-08 12:00:00,meeting
VISIT_00689,SYN_P_0195,LOC_0036,2024-03-10 07:00:00,meeting
VISIT_00690,SYN_P_0406,LOC_0015,2026-07-08 13:00:00,business
VISIT_00691,SYN_P_0695,LOC_0002,2025-05-20 03:00:00,residence
VISIT_00692,SYN_P_0596,LOC_0017,2025-01-10 10:00:00,business
VISIT_00693,SYN_P_0626,LOC_0042,2025-10-31 14:00:00,business
VISIT_00694,SYN_P_0021,LOC_0067,2024-10-31 00:00:00,residence
VISIT_00695,SYN_P_0888,LOC_0063,2026-01-15 02:00:00,delivery
VISIT_00696,SYN_P_0269,LOC_0011,2026-09-02 04:00:00,travel
VISIT_00697,SYN_P_0787,LOC_0023,2025-03-31 21:00:00,residence
VISIT_00698,SYN_P_0449,LOC_0082,2025-03-14 13:00:00,residence
VISIT_00699,SYN_P_0281,LOC_0021,2026-07-26 19:00:00,residence
VISIT_00700,SYN_P_1003,LOC_0016,2024-03-12 12:00:00,delivery
VISIT_00701,SYN_P_0710,LOC_0017,2024-05-09 10:00:00,travel
VISIT_00702,SYN_P_0330,LOC_0067,2025-10-31 05:00:00,travel
VISIT_00703,SYN_P_0449,LOC_0031,2026-02-16 22:00:00,business
VISIT_00704,SYN_P_0454,LOC_0069,2024-08-19 11:00:00,travel
VISIT_00705,SYN_P_0743,LOC_0051,2026-04-27 00:00:00,meeting
VISIT_00706,SYN_P_0146,LOC_0053,2026-03-03 12:00:00,travel
VISIT_00707,SYN_P_0137,LOC_0070,2026-10-30 13:00:00,business
VISIT_00708,SYN_P_0258,LOC_0006,2025-04-12 17:00:00,delivery
VISIT_00709,SYN_P_0866,LOC_0021,2024-12-08 16:00:00,travel
VISIT_00710,SYN_P_0678,LOC_0010,2026-06-27 22:00:00,travel
VISIT_00711,SYN_P_0189,LOC_0046,2026-03-29 19:00:00,meeting
VISIT_00712,SYN_P_0505,LOC_0052,2025-06-25 08:00:00,delivery
VISIT_00713,SYN_P_0485,LOC_0042,2024-04-16 11:00:00,delivery
VISIT_00714,SYN_P_0280,LOC_0074,2024-04-08 06:00:00,residence
VISIT_00715,SYN_P_0576,LOC_0075,2026-03-22 07:00:00,delivery
VISIT_00716,SYN_P_0228,LOC_0041,2024-10-30 07:00:00,residence
VISIT_00717,SYN_P_0079,LOC_0029,2025-07-25 10:00:00,meeting
VISIT_00718,SYN_P_0487,LOC_0072,2024-10-07 05:00:00,travel
VISIT_00719,SYN_P_0478,LOC_0037,2025-09-03 04:00:00,travel
VISIT_00720,SYN_P_0222,LOC_0023,2024-03-07 08:00:00,delivery
VISIT_00721,SYN_P_0114,LOC_0068,2024-04-03 23:00:00,travel
VISIT_00722,SYN_P_0315,LOC_0024,2026-09-24 10:00:00,residence
VISIT_00723,SYN_P_0793,LOC_0009,2026-09-24 13:00:00,delivery
VISIT_00724,SYN_P_0562,LOC_0014,2026-01-27 12:00:00,meeting
VISIT_00725,SYN_P_0102,LOC_0008,2025-02-18 14:00:00,meeting
VISIT_00726,SYN_P_0282,LOC_0033,2025-07-17 06:00:00,residence
VISIT_00727,SYN_P_0532,LOC_0069,2025-12-24 20:00:00,residence
VISIT_00728,SYN_P_0922,LOC_0009,2026-08-20 19:00:00,delivery
VISIT_00729,SYN_P_0743,LOC_0045,2026-07-21 16:00:00,delivery
VISIT_00730,SYN_P_0634,LOC_0079,2026-08-17 20:00:00,travel
VISIT_00731,SYN_P_0545,LOC_0056,2024-09-28 05:00:00,travel
VISIT_00732,SYN_P_0994,LOC_0041,2025-01-24 16:00:00,delivery
VISIT_00733,SYN_P_0642,LOC_0049,2025-04-13 04:00:00,delivery
VISIT_00734,SYN_P_0581,LOC_0050,2024-09-14 23:00:00,business
VISIT_00735,SYN_P_0516,LOC_0059,2024-12-12 11:00:00,delivery
VISIT_00736,SYN_P_0965,LOC_0058,2024-08-16 18:00:00,residence
VISIT_00737,SYN_P_0603,LOC_0078,2024-08-24 18:00:00,meeting
VISIT_00738,SYN_P_0745,LOC_0003,2026-09-11 07:00:00,business
VISIT_00739,SYN_P_0215,LOC_0077,2024-04-03 11:00:00,business
VISIT_00740,SYN_P_0273,LOC_0029,2026-05-28 12:00:00,travel
VISIT_00741,SYN_P_0068,LOC_0073,2026-06-14 11:00:00,travel
VISIT_00742,SYN_P_0422,LOC_0082,2024-11-25 23:00:00,travel
VISIT_00743,SYN_P_0179,LOC_0046,2024-11-20 09:00:00,business
VISIT_00744,SYN_P_0394,LOC_0024,2026-09-17 01:00:00,residence
VISIT_00745,SYN_P_0183,LOC_0027,2026-02-24 19:00:00,delivery
VISIT_00746,SYN_P_0811,LOC_0015,2025-01-19 16:00:00,meeting
VISIT_00747,SYN_P_1025,LOC_0084,2024-05-04 15:00:00,residence
VISIT_00748,SYN_P_0160,LOC_0018,2025-08-07 01:00:00,delivery
VISIT_00749,SYN_P_0933,LOC_0055,2025-02-04 20:00:00,business
VISIT_00750,SYN_P_0466,LOC_0063,2025-06-25 00:00:00,travel
VISIT_00751,SYN_P_0304,LOC_0064,2024-02-24 06:00:00,meeting
VISIT_00752,SYN_P_0244,LOC_0039,2026-10-23 13:00:00,residence
VISIT_00753,SYN_P_0860,LOC_0007,2025-04-25 02:00:00,travel
VISIT_00754,SYN_P_0682,LOC_0081,2026-03-07 01:00:00,meeting
VISIT_00755,SYN_P_0470,LOC_0021,2026-10-14 22:00:00,travel
VISIT_00756,SYN_P_0231,LOC_0023,2024-09-02 09:00:00,business
VISIT_00757,SYN_P_0373,LOC_0068,2024-05-31 12:00:00,delivery
VISIT_00758,SYN_P_0539,LOC_0029,2025-01-31 21:00:00,meeting
VISIT_00759,SYN_P_0926,LOC_0057,2024-04-11 17:00:00,residence
VISIT_00760,SYN_P_0694,LOC_0022,2024-07-09 04:00:00,business
VISIT_00761,SYN_P_0345,LOC_0036,2024-01-30 18:00:00,residence
VISIT_00762,SYN_P_0231,LOC_0019,2026-01-13 13:00:00,residence
VISIT_00763,SYN_P_0319,LOC_0043,2026-10-31 07:00:00,delivery
VISIT_00764,SYN_P_0577,LOC_0066,2026-09-08 06:00:00,delivery
VISIT_00765,SYN_P_0068,LOC_0036,2025-07-31 04:00:00,meeting
VISIT_00766,SYN_P_0744,LOC_0028,2024-08-19 16:00:00,residence
VISIT_00767,SYN_P_0694,LOC_0004,2025-03-17 07:00:00,travel
VISIT_00768,SYN_P_0438,LOC_0072,2024-01-02 12:00:00,meeting
VISIT_00769,SYN_P_0632,LOC_0076,2026-08-03 21:00:00,meeting
VISIT_00770,SYN_P_0120,LOC_0062,2026-03-01 09:00:00,business
VISIT_00771,SYN_P_0059,LOC_0034,2024-01-07 11:00:00,business
VISIT_00772,SYN_P_0309,LOC_0012,2026-10-22 07:00:00,meeting
VISIT_00773,SYN_P_0849,LOC_0065,2025-03-11 05:00:00,travel
VISIT_00774,SYN_P_0398,LOC_0082,2025-03-25 05:00:00,residence
VISIT_00775,SYN_P_0519,LOC_0029,2026-02-23 00:00:00,delivery
VISIT_00776,SYN_P_0893,LOC_0028,2024-08-01 07:00:00,business
VISIT_00777,SYN_P_0681,LOC_0066,2024-11-23 04:00:00,business
VISIT_00778,SYN_P_0555,LOC_0027,2026-11-01 13:00:00,business
VISIT_00779,SYN_P_0013,LOC_0062,2024-06-04 02:00:00,business
VISIT_00780,SYN_P_1009,LOC_0078,2024-02-23 07:00:00,travel
VISIT_00781,SYN_P_0131,LOC_0030,2026-09-08 10:00:00,delivery
VISIT_00782,SYN_P_0202,LOC_0046,2025-01-18 10:00:00,delivery
VISIT_00783,SYN_P_0044,LOC_0007,2025-03-29 21:00:00,delivery
VISIT_00784,SYN_P_0916,LOC_0051,2025-01-15 19:00:00,meeting
VISIT_00785,SYN_P_0204,LOC_0057,2025-11-10 23:00:00,residence
VISIT_00786,SYN_P_0423,LOC_0084,2025-11-27 04:00:00,travel
VISIT_00787,SYN_P_1018,LOC_0062,2026-07-05 16:00:00,business
VISIT_00788,SYN_P_0289,LOC_0014,2025-04-20 14:00:00,residence
VISIT_00789,SYN_P_0450,LOC_0017,2026-01-12 14:00:00,delivery
VISIT_00790,SYN_P_0319,LOC_0053,2024-05-17 22:00:00,meeting
VISIT_00791,SYN_P_0778,LOC_0083,2026-07-03 07:00:00,business
VISIT_00792,SYN_P_0195,LOC_0017,2024-01-21 22:00:00,delivery
VISIT_00793,SYN_P_0891,LOC_0083,2025-12-06 11:00:00,delivery
VISIT_00794,SYN_P_0600,LOC_0024,2024-01-28 17:00:00,delivery
VISIT_00795,SYN_P_1013,LOC_0013,2024-10-05 02:00:00,travel
VISIT_00796,SYN_P_0764,LOC_0022,2024-06-28 17:00:00,delivery
VISIT_00797,SYN_P_0988,LOC_0075,2026-07-13 05:00:00,travel
VISIT_00798,SYN_P_0234,LOC_0080,2024-09-28 12:00:00,residence
VISIT_00799,SYN_P_1018,LOC_0037,2024-09-20 03:00:00,meeting
VISIT_00800,SYN_P_0668,LOC_0020,2024-01-13 19:00:00,business
VISIT_00801,SYN_P_0780,LOC_0082,2025-03-02 20:00:00,residence
VISIT_00802,SYN_P_0274,LOC_0061,2025-03-07 16:00:00,business
VISIT_00803,SYN_P_0761,LOC_0022,2026-02-07 08:00:00,delivery
VISIT_00804,SYN_P_0716,LOC_0068,2024-06-12 22:00:00,business
VISIT_00805,SYN_P_0949,LOC_0003,2024-06-12 08:00:00,travel
VISIT_00806,SYN_P_0485,LOC_0084,2025-06-05 07:00:00,residence
VISIT_00807,SYN_P_0748,LOC_0029,2024-02-23 03:00:00,delivery
VISIT_00808,SYN_P_0098,LOC_0076,2024-02-08 19:00:00,residence
VISIT_00809,SYN_P_0991,LOC_0044,2024-12-28 01:00:00,delivery
VISIT_00810,SYN_P_0160,LOC_0064,2026-01-19 04:00:00,meeting
VISIT_00811,SYN_P_0609,LOC_0040,2024-10-24 17:00:00,residence
VISIT_00812,SYN_P_0534,LOC_0006,2026-06-20 01:00:00,business
VISIT_00813,SYN_P_0594,LOC_0054,2024-11-11 16:00:00,residence
VISIT_00814,SYN_P_0961,LOC_0028,2024-01-26 21:00:00,delivery
VISIT_00815,SYN_P_0964,LOC_0060,2025-01-25 17:00:00,travel
VISIT_00816,SYN_P_0086,LOC_0001,2024-10-20 23:00:00,delivery
VISIT_00817,SYN_P_0641,LOC_0084,2026-01-09 12:00:00,meeting
VISIT_00818,SYN_P_0033,LOC_0037,2024-12-18 08:00:00,delivery
VISIT_00819,SYN_P_0046,LOC_0047,2024-01-02 22:00:00,delivery
VISIT_00820,SYN_P_0450,LOC_0058,2024-02-08 00:00:00,business
VISIT_00821,SYN_P_0947,LOC_0060,2024-02-03 15:00:00,delivery
VISIT_00822,SYN_P_0606,LOC_0048,2024-08-26 03:00:00,residence
VISIT_00823,SYN_P_0605,LOC_0071,2024-02-26 14:00:00,business
VISIT_00824,SYN_P_0762,LOC_0063,2024-02-09 08:00:00,residence
VISIT_00825,SYN_P_1013,LOC_0054,2025-02-25 04:00:00,meeting
VISIT_00826,SYN_P_0892,LOC_0064,2025-02-04 14:00:00,travel
VISIT_00827,SYN_P_0747,LOC_0027,2024-07-11 18:00:00,business
VISIT_00828,SYN_P_1032,LOC_0062,2026-06-13 22:00:00,delivery
VISIT_00829,SYN_P_0195,LOC_0080,2024-12-14 14:00:00,residence
VISIT_00830,SYN_P_0919,LOC_0053,2025-02-12 00:00:00,delivery
VISIT_00831,SYN_P_0271,LOC_0021,2024-06-10 22:00:00,business
VISIT_00832,SYN_P_0897,LOC_0021,2024-06-30 22:00:00,travel
VISIT_00833,SYN_P_0138,LOC_0060,2026-02-10 21:00:00,delivery
VISIT_00834,SYN_P_0048,LOC_0066,2025-07-18 00:00:00,meeting
VISIT_00835,SYN_P_0277,LOC_0026,2024-01-06 04:00:00,business
VISIT_00836,SYN_P_0545,LOC_0075,2024-03-23 11:00:00,travel
VISIT_00837,SYN_P_0596,LOC_0017,2024-06-16 15:00:00,residence
VISIT_00838,SYN_P_1020,LOC_0051,2025-09-28 17:00:00,business
VISIT_00839,SYN_P_0481,LOC_0074,2026-11-01 03:00:00,meeting
VISIT_00840,SYN_P_0628,LOC_0006,2026-03-30 08:00:00,travel
VISIT_00841,SYN_P_0958,LOC_0018,2024-01-31 09:00:00,travel
VISIT_00842,SYN_P_0735,LOC_0023,2026-02-15 16:00:00,residence
VISIT_00843,SYN_P_0410,LOC_0063,2025-03-26 13:00:00,business
VISIT_00844,SYN_P_0625,LOC_0041,2025-05-27 12:00:00,residence
VISIT_00845,SYN_P_0234,LOC_0007,2025-05-15 00:00:00,delivery
VISIT_00846,SYN_P_0214,LOC_0014,2024-11-23 14:00:00,residence
VISIT_00847,SYN_P_0254,LOC_0028,2025-03-24 17:00:00,residence
VISIT_00848,SYN_P_0977,LOC_0005,2024-02-05 11:00:00,business
VISIT_00849,SYN_P_0159,LOC_0008,2024-06-23 17:00:00,delivery
VISIT_00850,SYN_P_0739,LOC_0078,2024-08-18 06:00:00,meeting
VISIT_00851,SYN_P_0972,LOC_0027,2025-07-23 04:00:00,delivery
VISIT_00852,SYN_P_0282,LOC_0049,2026-03-31 21:00:00,residence
VISIT_00853,SYN_P_0982,LOC_0060,2025-11-30 21:00:00,travel
VISIT_00854,SYN_P_0258,LOC_0057,2025-02-07 20:00:00,meeting
VISIT_00855,SYN_P_0434,LOC_0062,2026-08-29 11:00:00,business
VISIT_00856,SYN_P_0367,LOC_0008,2025-02-18 18:00:00,residence
VISIT_00857,SYN_P_0935,LOC_0026,2026-05-24 09:00:00,travel
VISIT_00858,SYN_P_0802,LOC_0070,2025-11-24 06:00:00,travel
VISIT_00859,SYN_P_0546,LOC_0068,2024-06-15 23:00:00,business
VISIT_00860,SYN_P_0079,LOC_0030,2026-02-14 14:00:00,residence
VISIT_00861,SYN_P_1016,LOC_0064,2024-05-15 21:00:00,travel
VISIT_00862,SYN_P_0866,LOC_0068,2024-08-12 12:00:00,travel
VISIT_00863,SYN_P_0146,LOC_0027,2025-05-17 11:00:00,meeting
VISIT_00864,SYN_P_0829,LOC_0057,2026-03-20 21:00:00,delivery
VISIT_00865,SYN_P_0760,LOC_0017,2026-10-13 03:00:00,travel
VISIT_00866,SYN_P_0527,LOC_0075,2025-10-16 19:00:00,residence
VISIT_00867,SYN_P_0854,LOC_0081,2024-01-24 00:00:00,travel
VISIT_00868,SYN_P_0503,LOC_0011,2025-12-19 03:00:00,residence
VISIT_00869,SYN_P_0648,LOC_0050,2026-08-07 03:00:00,travel
VISIT_00870,SYN_P_0084,LOC_0009,2024-03-21 17:00:00,business
VISIT_00871,SYN_P_0654,LOC_0019,2024-08-16 16:00:00,residence
VISIT_00872,SYN_P_0643,LOC_0042,2025-04-19 08:00:00,delivery
VISIT_00873,SYN_P_0803,LOC_0051,2025-09-27 23:00:00,business
VISIT_00874,SYN_P_1034,LOC_0053,2025-09-29 22:00:00,travel
VISIT_00875,SYN_P_0947,LOC_0068,2025-06-16 15:00:00,meeting
VISIT_00876,SYN_P_0639,LOC_0074,2024-01-29 13:00:00,residence
VISIT_00877,SYN_P_0757,LOC_0061,2026-07-26 07:00:00,business
VISIT_00878,SYN_P_0095,LOC_0007,2025-09-25 06:00:00,business
VISIT_00879,SYN_P_0119,LOC_0065,2024-12-07 06:00:00,residence
VISIT_00880,SYN_P_0625,LOC_0031,2024-12-24 08:00:00,travel
VISIT_00881,SYN_P_1037,LOC_0060,2026-01-02 01:00:00,delivery
VISIT_00882,SYN_P_0153,LOC_0036,2025-11-22 14:00:00,business
VISIT_00883,SYN_P_0729,LOC_0002,2024-01-07 02:00:00,residence
VISIT_00884,SYN_P_0013,LOC_0072,2025-11-18 21:00:00,meeting
VISIT_00885,SYN_P_0307,LOC_0074,2025-06-19 20:00:00,residence
VISIT_00886,SYN_P_0795,LOC_0047,2026-07-29 09:00:00,residence
VISIT_00887,SYN_P_0524,LOC_0082,2026-07-02 09:00:00,meeting
VISIT_00888,SYN_P_0200,LOC_0078,2024-06-26 01:00:00,delivery
VISIT_00889,SYN_P_0918,LOC_0051,2024-05-22 07:00:00,meeting
VISIT_00890,SYN_P_0306,LOC_0035,2026-01-09 23:00:00,travel
VISIT_00891,SYN_P_0800,LOC_0031,2024-10-23 02:00:00,delivery
VISIT_00892,SYN_P_0685,LOC_0062,2026-10-13 19:00:00,meeting
VISIT_00893,SYN_P_0168,LOC_0079,2025-02-23 23:00:00,meeting
VISIT_00894,SYN_P_0188,LOC_0049,2025-12-12 03:00:00,meeting
VISIT_00895,SYN_P_0953,LOC_0049,2026-03-06 14:00:00,business
VISIT_00896,SYN_P_0720,LOC_0003,2024-04-23 03:00:00,residence
VISIT_00897,SYN_P_0476,LOC_0039,2024-04-10 07:00:00,business
VISIT_00898,SYN_P_0796,LOC_0018,2024-04-21 02:00:00,meeting
VISIT_00899,SYN_P_0330,LOC_0022,2026-08-05 02:00:00,travel
VISIT_00900,SYN_P_0362,LOC_0041,2025-02-23 15:00:00,meeting
VISIT_00901,SYN_P_1023,LOC_0016,2026-05-20 14:00:00,residence
VISIT_00902,SYN_P_0309,LOC_0016,2024-10-16 15:00:00,residence
VISIT_00903,SYN_P_0462,LOC_0006,2024-11-24 08:00:00,travel
VISIT_00904,SYN_P_0127,LOC_0053,2024-06-22 13:00:00,meeting
VISIT_00905,SYN_P_0140,LOC_0039,2026-05-23 18:00:00,delivery
VISIT_00906,SYN_P_0535,LOC_0078,2025-03-14 22:00:00,residence
VISIT_00907,SYN_P_0364,LOC_0038,2025-09-24 03:00:00,delivery
VISIT_00908,SYN_P_0073,LOC_0024,2026-07-05 04:00:00,residence
VISIT_00909,SYN_P_1029,LOC_0013,2024-01-01 13:00:00,business
VISIT_00910,SYN_P_0966,LOC_0001,2024-08-24 01:00:00,residence
VISIT_00911,SYN_P_0189,LOC_0059,2025-09-22 04:00:00,travel
VISIT_00912,SYN_P_0938,LOC_0002,2025-08-09 13:00:00,delivery
VISIT_00913,SYN_P_0178,LOC_0018,2026-05-10 08:00:00,meeting
VISIT_00914,SYN_P_1021,LOC_0047,2024-04-06 02:00:00,residence
VISIT_00915,SYN_P_0720,LOC_0021,2026-06-09 07:00:00,business
VISIT_00916,SYN_P_0325,LOC_0013,2026-02-19 04:00:00,residence
VISIT_00917,SYN_P_0379,LOC_0013,2024-11-25 23:00:00,business
VISIT_00918,SYN_P_0324,LOC_0006,2026-02-23 13:00:00,meeting
VISIT_00919,SYN_P_0311,LOC_0017,2026-05-13 22:00:00,delivery
VISIT_00920,SYN_P_0258,LOC_0007,2025-04-19 04:00:00,residence
VISIT_00921,SYN_P_0773,LOC_0064,2024-05-05 17:00:00,delivery
VISIT_00922,SYN_P_0197,LOC_0084,2024-09-08 06:00:00,delivery
VISIT_00923,SYN_P_0412,LOC_0018,2026-05-22 07:00:00,travel
VISIT_00924,SYN_P_0028,LOC_0007,2025-04-14 09:00:00,delivery
VISIT_00925,SYN_P_0291,LOC_0040,2025-06-04 19:00:00,meeting
VISIT_00926,SYN_P_0009,LOC_0061,2024-01-13 11:00:00,meeting
VISIT_00927,SYN_P_0689,LOC_0020,2025-10-09 00:00:00,residence
VISIT_00928,SYN_P_0544,LOC_0051,2025-12-08 17:00:00,residence
VISIT_00929,SYN_P_0393,LOC_0025,2024-03-12 16:00:00,travel
VISIT_00930,SYN_P_0917,LOC_0081,2025-05-28 13:00:00,business
VISIT_00931,SYN_P_0399,LOC_0048,2025-04-19 03:00:00,travel
VISIT_00932,SYN_P_0803,LOC_0014,2025-04-22 09:00:00,residence
VISIT_00933,SYN_P_0279,LOC_0021,2026-05-30 08:00:00,travel
VISIT_00934,SYN_P_0593,LOC_0015,2024-12-29 03:00:00,travel
VISIT_00935,SYN_P_0352,LOC_0081,2026-08-27 08:00:00,travel
VISIT_00936,SYN_P_0327,LOC_0078,2024-07-08 21:00:00,business
VISIT_00937,SYN_P_0013,LOC_0003,2026-04-02 02:00:00,travel
VISIT_00938,SYN_P_0330,LOC_0029,2026-03-30 23:00:00,residence
VISIT_00939,SYN_P_0277,LOC_0040,2024-06-20 17:00:00,travel
VISIT_00940,SYN_P_0028,LOC_0058,2024-11-02 17:00:00,delivery
VISIT_00941,SYN_P_0112,LOC_0074,2026-04-08 09:00:00,travel
VISIT_00942,SYN_P_0722,LOC_0041,2024-12-24 09:00:00,business
VISIT_00943,SYN_P_0453,LOC_0081,2026-02-17 08:00:00,delivery
VISIT_00944,SYN_P_0617,LOC_0012,2026-03-16 19:00:00,delivery
VISIT_00945,SYN_P_0593,LOC_0068,2025-11-16 04:00:00,meeting
VISIT_00946,SYN_P_0655,LOC_0074,2024-10-06 13:00:00,residence
VISIT_00947,SYN_P_0638,LOC_0029,2024-09-28 19:00:00,business
VISIT_00948,SYN_P_0700,LOC_0023,2024-11-02 04:00:00,business
VISIT_00949,SYN_P_0875,LOC_0023,2026-02-25 01:00:00,delivery
VISIT_00950,SYN_P_0183,LOC_0011,2025-04-05 15:00:00,business
VISIT_00951,SYN_P_0586,LOC_0021,2026-09-24 11:00:00,residence
VISIT_00952,SYN_P_0209,LOC_0058,2024-02-23 19:00:00,travel
VISIT_00953,SYN_P_0469,LOC_0083,2026-03-19 03:00:00,business
VISIT_00954,SYN_P_0503,LOC_0006,2025-07-17 18:00:00,travel
VISIT_00955,SYN_P_0469,LOC_0039,2024-06-13 16:00:00,delivery
VISIT_00956,SYN_P_0509,LOC_0046,2025-02-09 23:00:00,business
VISIT_00957,SYN_P_0328,LOC_0066,2024-02-06 02:00:00,business
VISIT_00958,SYN_P_0160,LOC_0050,2026-05-26 23:00:00,meeting
VISIT_00959,SYN_P_0455,LOC_0014,2026-08-18 10:00:00,travel
VISIT_00960,SYN_P_0701,LOC_0077,2026-06-11 11:00:00,residence
VISIT_00961,SYN_P_0289,LOC_0006,2026-08-30 13:00:00,travel
VISIT_00962,SYN_P_0879,LOC_0080,2024-06-18 20:00:00,delivery
VISIT_00963,SYN_P_0980,LOC_0051,2025-10-01 06:00:00,business
VISIT_00964,SYN_P_0198,LOC_0050,2024-11-27 23:00:00,travel
VISIT_00965,SYN_P_0230,LOC_0003,2024-09-03 20:00:00,travel
VISIT_00966,SYN_P_0877,LOC_0069,2026-06-08 09:00:00,travel
VISIT_00967,SYN_P_0392,LOC_0056,2024-09-16 03:00:00,delivery
VISIT_00968,SYN_P_0700,LOC_0011,2024-09-30 19:00:00,residence
VISIT_00969,SYN_P_0090,LOC_0064,2026-08-08 22:00:00,travel
VISIT_00970,SYN_P_0840,LOC_0016,2024-04-27 00:00:00,travel
VISIT_00971,SYN_P_0488,LOC_0070,2024-01-14 00:00:00,meeting
VISIT_00972,SYN_P_0371,LOC_0082,2024-12-16 06:00:00,meeting
VISIT_00973,SYN_P_0171,LOC_0033,2024-12-11 02:00:00,delivery
VISIT_00974,SYN_P_0885,LOC_0009,2024-05-09 09:00:00,business
VISIT_00975,SYN_P_0304,LOC_0026,2024-09-23 10:00:00,delivery
VISIT_00976,SYN_P_0446,LOC_0008,2026-06-12 11:00:00,meeting
VISIT_00977,SYN_P_0858,LOC_0037,2024-08-03 06:00:00,residence
VISIT_00978,SYN_P_0633,LOC_0014,2025-06-19 20:00:00,travel
VISIT_00979,SYN_P_0412,LOC_0084,2024-05-18 15:00:00,residence
VISIT_00980,SYN_P_0798,LOC_0031,2025-04-15 21:00:00,meeting
VISIT_00981,SYN_P_0205,LOC_0020,2026-04-08 01:00:00,residence
VISIT_00982,SYN_P_0627,LOC_0061,2026-07-25 14:00:00,residence
VISIT_00983,SYN_P_0838,LOC_0004,2025-08-18 06:00:00,travel
VISIT_00984,SYN_P_0741,LOC_0049,2026-04-16 14:00:00,travel
VISIT_00985,SYN_P_0876,LOC_0039,2025-06-28 09:00:00,residence
VISIT_00986,SYN_P_0089,LOC_0047,2025-12-09 04:00:00,residence
VISIT_00987,SYN_P_0860,LOC_0069,2024-04-19 02:00:00,delivery
VISIT_00988,SYN_P_0380,LOC_0027,2025-04-26 04:00:00,travel
VISIT_00989,SYN_P_0811,LOC_0066,2025-07-01 19:00:00,business
VISIT_00990,SYN_P_0244,LOC_0017,2024-11-26 20:00:00,business
VISIT_00991,SYN_P_0871,LOC_0019,2025-06-14 10:00:00,meeting
VISIT_00992,SYN_P_0094,LOC_0009,2025-03-16 05:00:00,delivery
VISIT_00993,SYN_P_0825,LOC_0065,2024-05-11 15:00:00,business
VISIT_00994,SYN_P_0576,LOC_0078,2024-03-04 15:00:00,residence
VISIT_00995,SYN_P_0418,LOC_0084,2025-03-05 03:00:00,business
VISIT_00996,SYN_P_0491,LOC_0059,2024-09-09 12:00:00,meeting
VISIT_00997,SYN_P_0066,LOC_0013,2025-06-03 23:00:00,residence
VISIT_00998,SYN_P_0908,LOC_0030,2026-04-04 14:00:00,meeting
VISIT_00999,SYN_P_0688,LOC_0050,2026-06-26 22:00:00,travel
VISIT_01000,SYN_P_0046,LOC_0002,2026-03-21 02:00:00,delivery
VISIT_01001,SYN_P_0788,LOC_0029,2026-06-20 04:00:00,residence
VISIT_01002,SYN_P_0501,LOC_0049,2025-09-16 22:00:00,meeting
VISIT_01003,SYN_P_0439,LOC_0002,2026-07-21 06:00:00,residence
VISIT_01004,SYN_P_0138,LOC_0038,2026-08-12 06:00:00,travel
VISIT_01005,SYN_P_0963,LOC_0001,2025-12-29 04:00:00,delivery
VISIT_01006,SYN_P_0863,LOC_0003,2026-01-12 00:00:00,travel
VISIT_01007,SYN_P_0620,LOC_0074,2025-06-28 13:00:00,travel
VISIT_01008,SYN_P_0974,LOC_0045,2024-10-29 03:00:00,delivery
VISIT_01009,SYN_P_0412,LOC_0026,2026-08-02 01:00:00,delivery
VISIT_01010,SYN_P_0224,LOC_0071,2025-05-13 00:00:00,residence
VISIT_01011,SYN_P_0983,LOC_0058,2024-06-07 12:00:00,travel
VISIT_01012,SYN_P_0560,LOC_0020,2024-04-13 12:00:00,meeting
VISIT_01013,SYN_P_0232,LOC_0083,2025-08-21 19:00:00,meeting
VISIT_01014,SYN_P_0023,LOC_0034,2024-05-04 11:00:00,meeting
VISIT_01015,SYN_P_0117,LOC_0020,2026-10-19 15:00:00,business
VISIT_01016,SYN_P_0158,LOC_0031,2024-08-16 09:00:00,travel
VISIT_01017,SYN_P_0775,LOC_0084,2025-10-05 19:00:00,meeting
VISIT_01018,SYN_P_0048,LOC_0046,2025-12-09 23:00:00,meeting
VISIT_01019,SYN_P_0938,LOC_0036,2024-05-07 03:00:00,delivery
VISIT_01020,SYN_P_0695,LOC_0008,2024-05-01 09:00:00,business
VISIT_01021,SYN_P_0422,LOC_0050,2025-12-21 04:00:00,meeting
VISIT_01022,SYN_P_0707,LOC_0015,2026-05-09 13:00:00,residence
VISIT_01023,SYN_P_0408,LOC_0054,2024-09-09 11:00:00,meeting
VISIT_01024,SYN_P_0274,LOC_0079,2024-07-04 07:00:00,meeting
VISIT_01025,SYN_P_1036,LOC_0018,2026-10-18 18:00:00,travel
VISIT_01026,SYN_P_0812,LOC_0073,2025-01-18 03:00:00,meeting
VISIT_01027,SYN_P_0521,LOC_0013,2024-01-25 00:00:00,business
VISIT_01028,SYN_P_0418,LOC_0077,2025-11-21 09:00:00,travel
VISIT_01029,SYN_P_1025,LOC_0055,2025-01-27 06:00:00,delivery
VISIT_01030,SYN_P_0789,LOC_0071,2025-03-24 14:00:00,residence
VISIT_01031,SYN_P_0223,LOC_0026,2025-02-15 07:00:00,residence
VISIT_01032,SYN_P_0242,LOC_0067,2025-07-26 01:00:00,business
VISIT_01033,SYN_P_0717,LOC_0002,2024-10-10 11:00:00,meeting
VISIT_01034,SYN_P_0709,LOC_0040,2024-04-10 04:00:00,meeting
VISIT_01035,SYN_P_0007,LOC_0024,2024-01-13 18:00:00,business
VISIT_01036,SYN_P_0699,LOC_0084,2024-06-30 10:00:00,residence
VISIT_01037,SYN_P_0892,LOC_0025,2024-12-28 22:00:00,delivery
VISIT_01038,SYN_P_0405,LOC_0025,2025-09-10 17:00:00,meeting
VISIT_01039,SYN_P_0595,LOC_0003,2024-12-26 17:00:00,delivery
VISIT_01040,SYN_P_0563,LOC_0041,2025-01-23 15:00:00,delivery
VISIT_01041,SYN_P_0051,LOC_0027,2026-07-11 13:00:00,residence
VISIT_01042,SYN_P_0298,LOC_0013,2025-03-10 20:00:00,residence
VISIT_01043,SYN_P_0448,LOC_0055,2026-04-29 10:00:00,meeting
VISIT_01044,SYN_P_0980,LOC_0008,2025-06-27 03:00:00,residence
VISIT_01045,SYN_P_0378,LOC_0070,2024-08-05 17:00:00,residence
VISIT_01046,SYN_P_0037,LOC_0003,2024-09-02 06:00:00,delivery
VISIT_01047,SYN_P_0554,LOC_0037,2026-05-26 18:00:00,business
VISIT_01048,SYN_P_0938,LOC_0040,2025-06-21 18:00:00,residence
VISIT_01049,SYN_P_0613,LOC_0014,2026-07-01 14:00:00,business
VISIT_01050,SYN_P_0029,LOC_0008,2024-03-15 00:00:00,travel
VISIT_01051,SYN_P_0589,LOC_0077,2024-05-05 20:00:00,meeting
VISIT_01052,SYN_P_0547,LOC_0008,2024-12-23 22:00:00,delivery
VISIT_01053,SYN_P_0201,LOC_0048,2026-08-17 00:00:00,business
VISIT_01054,SYN_P_0863,LOC_0026,2025-01-03 12:00:00,business
VISIT_01055,SYN_P_0151,LOC_0058,2025-02-14 11:00:00,meeting
VISIT_01056,SYN_P_0593,LOC_0022,2025-06-24 11:00:00,meeting
VISIT_01057,SYN_P_0372,LOC_0015,2024-03-26 05:00:00,residence
VISIT_01058,SYN_P_0974,LOC_0047,2025-09-28 19:00:00,residence
VISIT_01059,SYN_P_0895,LOC_0031,2025-05-18 17:00:00,delivery
VISIT_01060,SYN_P_1017,LOC_0037,2025-10-27 10:00:00,meeting
VISIT_01061,SYN_P_0365,LOC_0064,2024-02-10 00:00:00,delivery
VISIT_01062,SYN_P_0204,LOC_0032,2024-01-02 17:00:00,meeting
VISIT_01063,SYN_P_0209,LOC_0030,2024-04-14 02:00:00,residence
VISIT_01064,SYN_P_0761,LOC_0029,2026-03-02 22:00:00,business
VISIT_01065,SYN_P_0532,LOC_0048,2025-11-12 15:00:00,residence
VISIT_01066,SYN_P_0663,LOC_0042,2026-05-23 01:00:00,business
VISIT_01067,SYN_P_0740,LOC_0064,2025-01-16 21:00:00,business
VISIT_01068,SYN_P_0082,LOC_0010,2025-09-05 18:00:00,travel
VISIT_01069,SYN_P_0387,LOC_0080,2025-03-17 01:00:00,residence
VISIT_01070,SYN_P_0190,LOC_0004,2026-09-18 18:00:00,travel
VISIT_01071,SYN_P_0684,LOC_0059,2026-07-16 10:00:00,meeting
VISIT_01072,SYN_P_0811,LOC_0053,2024-07-11 17:00:00,residence
VISIT_01073,SYN_P_1000,LOC_0011,2025-03-02 04:00:00,travel
VISIT_01074,SYN_P_0147,LOC_0067,2024-03-12 16:00:00,residence
VISIT_01075,SYN_P_0104,LOC_0074,2026-03-22 23:00:00,travel
VISIT_01076,SYN_P_0495,LOC_0083,2025-08-30 22:00:00,meeting
VISIT_01077,SYN_P_0027,LOC_0052,2026-03-29 13:00:00,travel
VISIT_01078,SYN_P_0018,LOC_0079,2026-09-21 08:00:00,business
VISIT_01079,SYN_P_0820,LOC_0079,2025-07-19 14:00:00,residence
VISIT_01080,SYN_P_0543,LOC_0053,2025-04-30 08:00:00,residence
VISIT_01081,SYN_P_0844,LOC_0055,2024-08-27 11:00:00,meeting
VISIT_01082,SYN_P_0225,LOC_0084,2024-06-23 10:00:00,meeting
VISIT_01083,SYN_P_0744,LOC_0078,2026-03-26 13:00:00,business
VISIT_01084,SYN_P_0030,LOC_0046,2024-06-21 14:00:00,travel
VISIT_01085,SYN_P_0707,LOC_0030,2025-08-03 14:00:00,residence
VISIT_01086,SYN_P_0060,LOC_0055,2026-04-01 08:00:00,business
VISIT_01087,SYN_P_0044,LOC_0077,2025-05-16 00:00:00,meeting
VISIT_01088,SYN_P_0334,LOC_0005,2025-09-27 03:00:00,business
VISIT_01089,SYN_P_0471,LOC_0052,2024-08-23 01:00:00,business
VISIT_01090,SYN_P_0690,LOC_0075,2024-07-03 05:00:00,travel
VISIT_01091,SYN_P_0118,LOC_0001,2024-11-18 10:00:00,travel
VISIT_01092,SYN_P_0848,LOC_0008,2025-02-25 20:00:00,meeting
VISIT_01093,SYN_P_0363,LOC_0029,2024-06-19 23:00:00,business
VISIT_01094,SYN_P_0869,LOC_0011,2024-05-18 05:00:00,delivery
VISIT_01095,SYN_P_0800,LOC_0068,2024-08-19 22:00:00,business
VISIT_01096,SYN_P_0754,LOC_0064,2024-12-06 07:00:00,residence
VISIT_01097,SYN_P_0096,LOC_0011,2025-11-15 16:00:00,meeting
VISIT_01098,SYN_P_0237,LOC_0050,2026-03-29 16:00:00,meeting
VISIT_01099,SYN_P_0397,LOC_0026,2024-07-10 10:00:00,delivery
VISIT_01100,SYN_P_0404,LOC_0074,2024-03-07 03:00:00,travel
VISIT_01101,SYN_P_0681,LOC_0026,2026-08-03 18:00:00,meeting
VISIT_01102,SYN_P_0265,LOC_0041,2024-12-16 02:00:00,residence
VISIT_01103,SYN_P_0439,LOC_0031,2025-12-28 13:00:00,travel
VISIT_01104,SYN_P_0617,LOC_0038,2025-03-11 09:00:00,delivery
VISIT_01105,SYN_P_0261,LOC_0047,2024-11-27 04:00:00,residence
VISIT_01106,SYN_P_0512,LOC_0049,2026-05-02 21:00:00,travel
VISIT_01107,SYN_P_0719,LOC_0045,2024-12-30 03:00:00,business
VISIT_01108,SYN_P_0953,LOC_0048,2025-06-26 21:00:00,travel
VISIT_01109,SYN_P_0785,LOC_0021,2026-05-09 11:00:00,travel
VISIT_01110,SYN_P_0270,LOC_0007,2024-08-21 15:00:00,travel
VISIT_01111,SYN_P_0370,LOC_0065,2024-11-14 06:00:00,residence
VISIT_01112,SYN_P_0937,LOC_0073,2025-06-23 20:00:00,delivery
VISIT_01113,SYN_P_0080,LOC_0014,2026-01-20 05:00:00,business
VISIT_01114,SYN_P_0487,LOC_0046,2025-05-03 17:00:00,travel
VISIT_01115,SYN_P_0370,LOC_0080,2024-03-11 11:00:00,business
VISIT_01116,SYN_P_0153,LOC_0068,2025-10-26 14:00:00,meeting
VISIT_01117,SYN_P_0779,LOC_0043,2026-07-17 22:00:00,travel
VISIT_01118,SYN_P_0728,LOC_0031,2024-05-17 23:00:00,travel
VISIT_01119,SYN_P_0710,LOC_0083,2026-06-27 18:00:00,business
VISIT_01120,SYN_P_0116,LOC_0012,2026-07-26 20:00:00,travel
VISIT_01121,SYN_P_0266,LOC_0058,2024-04-02 12:00:00,delivery
VISIT_01122,SYN_P_0835,LOC_0036,2024-08-31 12:00:00,meeting
VISIT_01123,SYN_P_0077,LOC_0084,2024-05-20 05:00:00,delivery
VISIT_01124,SYN_P_0123,LOC_0014,2025-04-01 07:00:00,residence
VISIT_01125,SYN_P_0829,LOC_0015,2025-07-06 11:00:00,travel
VISIT_01126,SYN_P_0328,LOC_0020,2025-04-22 22:00:00,residence
VISIT_01127,SYN_P_0425,LOC_0042,2026-09-14 20:00:00,travel
VISIT_01128,SYN_P_0658,LOC_0021,2024-05-25 00:00:00,travel
VISIT_01129,SYN_P_0383,LOC_0042,2024-10-04 08:00:00,residence
VISIT_01130,SYN_P_0652,LOC_0048,2025-12-26 15:00:00,travel
VISIT_01131,SYN_P_0677,LOC_0045,2025-02-16 01:00:00,travel
VISIT_01132,SYN_P_0069,LOC_0018,2024-01-30 17:00:00,business
VISIT_01133,SYN_P_1000,LOC_0013,2025-02-05 08:00:00,meeting
VISIT_01134,SYN_P_0184,LOC_0082,2026-02-09 16:00:00,residence
VISIT_01135,SYN_P_0309,LOC_0062,2025-08-15 23:00:00,travel
VISIT_01136,SYN_P_0731,LOC_0007,2025-09-01 02:00:00,business
VISIT_01137,SYN_P_0968,LOC_0059,2026-01-11 03:00:00,residence
VISIT_01138,SYN_P_0697,LOC_0020,2026-10-08 07:00:00,delivery
VISIT_01139,SYN_P_0618,LOC_0053,2024-06-06 15:00:00,delivery
VISIT_01140,SYN_P_0986,LOC_0077,2024-09-13 10:00:00,meeting
VISIT_01141,SYN_P_0727,LOC_0081,2026-11-06 12:00:00,business
VISIT_01142,SYN_P_0467,LOC_0055,2024-07-20 01:00:00,business
VISIT_01143,SYN_P_0508,LOC_0041,2025-11-05 05:00:00,meeting
VISIT_01144,SYN_P_0314,LOC_0077,2024-01-09 16:00:00,meeting
VISIT_01145,SYN_P_0922,LOC_0013,2025-03-11 21:00:00,residence
VISIT_01146,SYN_P_0368,LOC_0057,2026-07-08 05:00:00,business
VISIT_01147,SYN_P_0013,LOC_0062,2026-08-16 04:00:00,meeting
VISIT_01148,SYN_P_0896,LOC_0004,2026-03-08 21:00:00,meeting
VISIT_01149,SYN_P_0835,LOC_0021,2026-01-09 14:00:00,travel
VISIT_01150,SYN_P_0701,LOC_0078,2025-01-15 18:00:00,travel
VISIT_01151,SYN_P_0099,LOC_0028,2026-01-10 02:00:00,meeting
VISIT_01152,SYN_P_0624,LOC_0068,2025-12-23 20:00:00,travel
VISIT_01153,SYN_P_0419,LOC_0062,2025-12-29 01:00:00,travel
VISIT_01154,SYN_P_0770,LOC_0011,2026-10-18 00:00:00,meeting
VISIT_01155,SYN_P_0503,LOC_0031,2024-09-28 08:00:00,travel
VISIT_01156,SYN_P_0489,LOC_0006,2026-02-19 14:00:00,travel
VISIT_01157,SYN_P_0370,LOC_0035,2026-08-22 09:00:00,travel
VISIT_01158,SYN_P_0822,LOC_0066,2024-10-29 07:00:00,residence
VISIT_01159,SYN_P_0120,LOC_0080,2026-10-28 13:00:00,travel
VISIT_01160,SYN_P_0790,LOC_0083,2025-02-14 04:00:00,residence
VISIT_01161,SYN_P_0031,LOC_0043,2024-02-02 11:00:00,business
VISIT_01162,SYN_P_0349,LOC_0017,2024-09-10 08:00:00,residence
VISIT_01163,SYN_P_0289,LOC_0041,2024-12-27 23:00:00,business
VISIT_01164,SYN_P_0233,LOC_0059,2025-04-17 13:00:00,business
VISIT_01165,SYN_P_0770,LOC_0012,2024-11-08 06:00:00,business
VISIT_01166,SYN_P_0792,LOC_0022,2026-09-29 15:00:00,meeting
VISIT_01167,SYN_P_0103,LOC_0034,2024-09-07 18:00:00,meeting
VISIT_01168,SYN_P_0221,LOC_0017,2024-11-01 11:00:00,business
VISIT_01169,SYN_P_0854,LOC_0058,2026-05-30 20:00:00,residence
VISIT_01170,SYN_P_0334,LOC_0050,2025-07-06 18:00:00,delivery
VISIT_01171,SYN_P_0963,LOC_0073,2025-06-19 07:00:00,delivery
VISIT_01172,SYN_P_0903,LOC_0040,2024-03-23 05:00:00,business
VISIT_01173,SYN_P_0777,LOC_0044,2026-09-02 11:00:00,business
VISIT_01174,SYN_P_0321,LOC_0037,2026-06-24 14:00:00,travel
VISIT_01175,SYN_P_0195,LOC_0015,2025-01-30 17:00:00,business
VISIT_01176,SYN_P_0475,LOC_0063,2025-03-28 13:00:00,delivery
VISIT_01177,SYN_P_0745,LOC_0007,2026-05-20 03:00:00,meeting
VISIT_01178,SYN_P_0594,LOC_0051,2024-02-26 12:00:00,business
VISIT_01179,SYN_P_0887,LOC_0065,2025-03-27 05:00:00,meeting
VISIT_01180,SYN_P_1002,LOC_0015,2026-06-24 13:00:00,meeting
VISIT_01181,SYN_P_0125,LOC_0070,2025-04-02 19:00:00,meeting
VISIT_01182,SYN_P_0776,LOC_0039,2026-04-28 11:00:00,residence
VISIT_01183,SYN_P_0236,LOC_0012,2026-02-20 17:00:00,business
VISIT_01184,SYN_P_0882,LOC_0082,2024-01-06 00:00:00,delivery
VISIT_01185,SYN_P_0049,LOC_0018,2024-04-01 03:00:00,travel
VISIT_01186,SYN_P_0940,LOC_0075,2025-12-31 20:00:00,delivery
VISIT_01187,SYN_P_0985,LOC_0060,2026-01-22 06:00:00,travel
VISIT_01188,SYN_P_0709,LOC_0018,2024-04-11 07:00:00,meeting
VISIT_01189,SYN_P_0702,LOC_0032,2024-05-04 17:00:00,delivery
VISIT_01190,SYN_P_0190,LOC_0077,2026-04-27 10:00:00,delivery
VISIT_01191,SYN_P_0429,LOC_0075,2025-12-16 05:00:00,residence
VISIT_01192,SYN_P_0043,LOC_0013,2025-06-11 06:00:00,delivery
VISIT_01193,SYN_P_0975,LOC_0051,2026-07-31 19:00:00,business
VISIT_01194,SYN_P_0036,LOC_0045,2026-07-11 17:00:00,delivery
VISIT_01195,SYN_P_0046,LOC_0002,2026-09-20 11:00:00,travel
VISIT_01196,SYN_P_0147,LOC_0078,2025-07-03 09:00:00,residence
VISIT_01197,SYN_P_0936,LOC_0024,2024-11-27 15:00:00,delivery
VISIT_01198,SYN_P_0244,LOC_0007,2026-05-30 02:00:00,residence
VISIT_01199,SYN_P_0696,LOC_0036,2025-03-27 09:00:00,meeting
VISIT_01200,SYN_P_0865,LOC_0038,2025-12-08 23:00:00,meeting
VISIT_01201,SYN_P_0339,LOC_0050,2026-02-12 17:00:00,residence
VISIT_01202,SYN_P_0885,LOC_0065,2025-12-31 02:00:00,travel
VISIT_01203,SYN_P_0508,LOC_0066,2025-09-09 23:00:00,delivery
VISIT_01204,SYN_P_0989,LOC_0073,2024-05-29 04:00:00,residence
VISIT_01205,SYN_P_0235,LOC_0045,2024-04-23 21:00:00,meeting
VISIT_01206,SYN_P_0313,LOC_0042,2026-10-07 04:00:00,delivery
VISIT_01207,SYN_P_0595,LOC_0054,2024-04-27 22:00:00,meeting
VISIT_01208,SYN_P_0933,LOC_0084,2024-11-21 08:00:00,business
VISIT_01209,SYN_P_0425,LOC_0082,2026-01-03 03:00:00,delivery
VISIT_01210,SYN_P_0467,LOC_0052,2025-08-10 18:00:00,delivery
VISIT_01211,SYN_P_0421,LOC_0019,2026-09-03 22:00:00,residence
VISIT_01212,SYN_P_0864,LOC_0038,2026-07-13 14:00:00,business
VISIT_01213,SYN_P_0327,LOC_0060,2026-08-10 01:00:00,travel
VISIT_01214,SYN_P_0681,LOC_0031,2026-07-19 22:00:00,residence
VISIT_01215,SYN_P_0506,LOC_0057,2025-06-27 23:00:00,meeting
VISIT_01216,SYN_P_0569,LOC_0004,2024-10-10 03:00:00,delivery
VISIT_01217,SYN_P_0837,LOC_0036,2025-03-08 10:00:00,travel
VISIT_01218,SYN_P_1019,LOC_0074,2025-05-10 06:00:00,delivery
VISIT_01219,SYN_P_0290,LOC_0016,2024-05-22 03:00:00,travel
VISIT_01220,SYN_P_0166,LOC_0052,2024-05-18 10:00:00,business
VISIT_01221,SYN_P_0543,LOC_0074,2025-12-22 06:00:00,meeting
VISIT_01222,SYN_P_0653,LOC_0018,2026-08-29 11:00:00,meeting
VISIT_01223,SYN_P_0507,LOC_0032,2025-06-10 05:00:00,meeting
VISIT_01224,SYN_P_0481,LOC_0072,2024-04-02 06:00:00,delivery
VISIT_01225,SYN_P_0232,LOC_0062,2024-10-11 22:00:00,residence
VISIT_01226,SYN_P_0195,LOC_0055,2025-03-01 08:00:00,business
VISIT_01227,SYN_P_0403,LOC_0055,2025-08-14 17:00:00,residence
VISIT_01228,SYN_P_0385,LOC_0010,2025-02-15 04:00:00,residence
VISIT_01229,SYN_P_0383,LOC_0032,2025-07-19 21:00:00,residence
VISIT_01230,SYN_P_0576,LOC_0047,2026-04-05 16:00:00,residence
VISIT_01231,SYN_P_0062,LOC_0019,2026-07-05 06:00:00,delivery
VISIT_01232,SYN_P_0336,LOC_0043,2025-01-17 13:00:00,delivery
VISIT_01233,SYN_P_0433,LOC_0073,2024-09-08 10:00:00,travel
VISIT_01234,SYN_P_0497,LOC_0075,2024-12-09 00:00:00,meeting
VISIT_01235,SYN_P_0139,LOC_0031,2026-04-11 19:00:00,delivery
VISIT_01236,SYN_P_0975,LOC_0021,2026-05-13 16:00:00,delivery
VISIT_01237,SYN_P_0782,LOC_0015,2026-08-03 09:00:00,residence
VISIT_01238,SYN_P_0544,LOC_0071,2024-01-26 21:00:00,delivery
VISIT_01239,SYN_P_0881,LOC_0048,2025-05-24 20:00:00,business
VISIT_01240,SYN_P_0090,LOC_0063,2026-06-21 18:00:00,delivery
VISIT_01241,SYN_P_0089,LOC_0045,2025-07-31 05:00:00,delivery
VISIT_01242,SYN_P_0839,LOC_0081,2024-03-09 10:00:00,residence
VISIT_01243,SYN_P_0238,LOC_0023,2025-12-09 10:00:00,residence
VISIT_01244,SYN_P_0982,LOC_0055,2025-04-09 16:00:00,business
VISIT_01245,SYN_P_0901,LOC_0053,2025-11-04 17:00:00,residence
VISIT_01246,SYN_P_0287,LOC_0013,2026-01-14 22:00:00,delivery
VISIT_01247,SYN_P_0006,LOC_0050,2025-04-13 01:00:00,business
VISIT_01248,SYN_P_0998,LOC_0079,2024-05-12 21:00:00,residence
VISIT_01249,SYN_P_0801,LOC_0035,2026-02-09 21:00:00,travel
VISIT_01250,SYN_P_0608,LOC_0048,2024-02-24 16:00:00,meeting
VISIT_01251,SYN_P_0097,LOC_0005,2026-07-04 19:00:00,residence
VISIT_01252,SYN_P_0496,LOC_0066,2026-09-25 17:00:00,meeting
VISIT_01253,SYN_P_0286,LOC_0058,2024-05-29 13:00:00,travel
VISIT_01254,SYN_P_0333,LOC_0071,2025-11-24 04:00:00,business
VISIT_01255,SYN_P_0119,LOC_0023,2024-11-03 10:00:00,meeting
VISIT_01256,SYN_P_0788,LOC_0069,2024-10-06 15:00:00,business
VISIT_01257,SYN_P_0589,LOC_0016,2024-12-06 22:00:00,travel
VISIT_01258,SYN_P_0982,LOC_0026,2024-12-29 09:00:00,delivery
VISIT_01259,SYN_P_1024,LOC_0022,2026-03-17 15:00:00,delivery
VISIT_01260,SYN_P_0310,LOC_0084,2026-09-18 20:00:00,delivery
VISIT_01261,SYN_P_0860,LOC_0061,2026-10-18 04:00:00,delivery
VISIT_01262,SYN_P_0260,LOC_0024,2025-01-03 11:00:00,residence
VISIT_01263,SYN_P_0058,LOC_0065,2026-09-26 14:00:00,meeting
VISIT_01264,SYN_P_0272,LOC_0022,2024-10-17 22:00:00,meeting
VISIT_01265,SYN_P_0930,LOC_0061,2025-09-27 20:00:00,meeting
VISIT_01266,SYN_P_0470,LOC_0027,2026-05-10 13:00:00,meeting
VISIT_01267,SYN_P_0688,LOC_0084,2025-07-11 14:00:00,meeting
VISIT_01268,SYN_P_0134,LOC_0011,2025-12-01 09:00:00,delivery
VISIT_01269,SYN_P_0546,LOC_0030,2026-07-11 20:00:00,business
VISIT_01270,SYN_P_0008,LOC_0059,2025-06-17 06:00:00,travel
VISIT_01271,SYN_P_0329,LOC_0084,2024-03-06 16:00:00,delivery
VISIT_01272,SYN_P_0668,LOC_0001,2024-08-15 01:00:00,residence
VISIT_01273,SYN_P_0285,LOC_0023,2025-04-10 07:00:00,delivery
VISIT_01274,SYN_P_0834,LOC_0051,2024-07-02 16:00:00,business
VISIT_01275,SYN_P_0228,LOC_0075,2026-04-16 00:00:00,meeting
VISIT_01276,SYN_P_0097,LOC_0070,2026-03-24 19:00:00,meeting
VISIT_01277,SYN_P_0734,LOC_0076,2026-09-22 03:00:00,meeting
VISIT_01278,SYN_P_0633,LOC_0016,2025-01-29 16:00:00,business
VISIT_01279,SYN_P_0759,LOC_0059,2025-01-25 00:00:00,business
VISIT_01280,SYN_P_0634,LOC_0017,2025-01-17 16:00:00,residence
VISIT_01281,SYN_P_0134,LOC_0009,2026-03-03 09:00:00,residence
VISIT_01282,SYN_P_0139,LOC_0023,2025-04-11 03:00:00,meeting
VISIT_01283,SYN_P_0608,LOC_0063,2024-10-15 03:00:00,residence
VISIT_01284,SYN_P_0542,LOC_0054,2024-11-26 06:00:00,meeting
VISIT_01285,SYN_P_0533,LOC_0022,2025-02-02 14:00:00,delivery
VISIT_01286,SYN_P_0033,LOC_0031,2025-01-06 05:00:00,business
VISIT_01287,SYN_P_0916,LOC_0025,2026-08-01 06:00:00,travel
VISIT_01288,SYN_P_0234,LOC_0019,2026-08-26 21:00:00,delivery
VISIT_01289,SYN_P_0609,LOC_0071,2026-07-17 11:00:00,residence
VISIT_01290,SYN_P_0440,LOC_0012,2025-08-08 22:00:00,business
VISIT_01291,SYN_P_0466,LOC_0050,2024-06-27 23:00:00,residence
VISIT_01292,SYN_P_0401,LOC_0030,2026-02-20 21:00:00,business
VISIT_01293,SYN_P_0984,LOC_0003,2026-10-08 13:00:00,business
VISIT_01294,SYN_P_0095,LOC_0075,2024-01-27 17:00:00,meeting
VISIT_01295,SYN_P_0606,LOC_0015,2025-10-07 05:00:00,business
VISIT_01296,SYN_P_0976,LOC_0044,2024-11-02 10:00:00,delivery
VISIT_01297,SYN_P_0116,LOC_0007,2024-11-16 15:00:00,delivery
VISIT_01298,SYN_P_0150,LOC_0069,2025-04-07 02:00:00,delivery
VISIT_01299,SYN_P_0277,LOC_0039,2024-10-19 14:00:00,residence
VISIT_01300,SYN_P_0870,LOC_0020,2025-01-28 21:00:00,meeting
VISIT_01301,SYN_P_0596,LOC_0082,2024-03-09 11:00:00,meeting
VISIT_01302,SYN_P_0730,LOC_0042,2025-01-27 08:00:00,residence
VISIT_01303,SYN_P_0963,LOC_0055,2026-01-30 06:00:00,meeting
VISIT_01304,SYN_P_0188,LOC_0038,2025-07-12 15:00:00,delivery
VISIT_01305,SYN_P_0129,LOC_0082,2025-06-28 06:00:00,travel
VISIT_01306,SYN_P_0771,LOC_0007,2025-08-08 17:00:00,travel
VISIT_01307,SYN_P_0627,LOC_0040,2025-12-13 22:00:00,business
VISIT_01308,SYN_P_1009,LOC_0074,2025-10-13 05:00:00,residence
VISIT_01309,SYN_P_0828,LOC_0062,2024-04-03 08:00:00,travel
VISIT_01310,SYN_P_0960,LOC_0046,2025-08-28 05:00:00,business
VISIT_01311,SYN_P_0679,LOC_0012,2026-10-25 21:00:00,residence
VISIT_01312,SYN_P_0814,LOC_0019,2025-09-02 17:00:00,meeting
VISIT_01313,SYN_P_0081,LOC_0079,2026-07-31 06:00:00,delivery
VISIT_01314,SYN_P_0521,LOC_0079,2025-01-04 16:00:00,residence
VISIT_01315,SYN_P_0512,LOC_0058,2024-08-13 19:00:00,travel
VISIT_01316,SYN_P_0476,LOC_0051,2026-10-23 20:00:00,meeting
VISIT_01317,SYN_P_0701,LOC_0067,2024-04-25 07:00:00,meeting
VISIT_01318,SYN_P_0003,LOC_0035,2025-11-15 09:00:00,residence
VISIT_01319,SYN_P_0950,LOC_0072,2026-01-10 23:00:00,business
VISIT_01320,SYN_P_0158,LOC_0040,2024-12-12 01:00:00,travel
VISIT_01321,SYN_P_0367,LOC_0005,2024-06-17 17:00:00,business
VISIT_01322,SYN_P_0564,LOC_0032,2024-06-10 02:00:00,delivery
VISIT_01323,SYN_P_0845,LOC_0016,2025-07-24 02:00:00,travel
VISIT_01324,SYN_P_0145,LOC_0064,2026-03-31 14:00:00,business
VISIT_01325,SYN_P_0146,LOC_0045,2025-01-29 06:00:00,business
VISIT_01326,SYN_P_0019,LOC_0013,2025-07-15 00:00:00,business
VISIT_01327,SYN_P_1033,LOC_0053,2026-08-07 06:00:00,delivery
VISIT_01328,SYN_P_0805,LOC_0050,2026-09-29 15:00:00,business
VISIT_01329,SYN_P_0519,LOC_0050,2026-09-18 09:00:00,business
VISIT_01330,SYN_P_0868,LOC_0033,2025-12-25 06:00:00,meeting
VISIT_01331,SYN_P_0580,LOC_0024,2025-07-22 11:00:00,delivery
VISIT_01332,SYN_P_0362,LOC_0016,2026-08-17 04:00:00,delivery
VISIT_01333,SYN_P_1012,LOC_0031,2025-08-20 23:00:00,travel
VISIT_01334,SYN_P_0246,LOC_0037,2024-06-07 13:00:00,meeting
VISIT_01335,SYN_P_0271,LOC_0019,2025-02-09 10:00:00,travel
VISIT_01336,SYN_P_0806,LOC_0011,2025-09-29 16:00:00,business
VISIT_01337,SYN_P_0459,LOC_0020,2026-01-01 09:00:00,residence
VISIT_01338,SYN_P_0586,LOC_0040,2025-04-16 21:00:00,residence
VISIT_01339,SYN_P_0751,LOC_0044,2024-03-01 17:00:00,residence
VISIT_01340,SYN_P_0259,LOC_0081,2024-06-13 18:00:00,business
VISIT_01341,SYN_P_0739,LOC_0057,2025-04-28 23:00:00,residence
VISIT_01342,SYN_P_0220,LOC_0023,2026-02-06 00:00:00,business
VISIT_01343,SYN_P_0347,LOC_0012,2024-12-22 07:00:00,business
VISIT_01344,SYN_P_1017,LOC_0005,2024-03-15 23:00:00,meeting
VISIT_01345,SYN_P_0512,LOC_0014,2024-11-20 12:00:00,business
VISIT_01346,SYN_P_0566,LOC_0004,2025-11-07 22:00:00,business
VISIT_01347,SYN_P_1013,LOC_0020,2024-09-12 01:00:00,residence
VISIT_01348,SYN_P_0451,LOC_0026,2026-07-29 01:00:00,business
VISIT_01349,SYN_P_0380,LOC_0006,2025-10-19 15:00:00,residence
VISIT_01350,SYN_P_0967,LOC_0041,2025-03-07 23:00:00,travel
VISIT_01351,SYN_P_0678,LOC_0083,2026-04-06 19:00:00,business
VISIT_01352,SYN_P_0120,LOC_0020,2024-04-13 00:00:00,travel
VISIT_01353,SYN_P_0839,LOC_0030,2025-07-07 20:00:00,residence
VISIT_01354,SYN_P_0480,LOC_0022,2024-05-27 01:00:00,business
VISIT_01355,SYN_P_0560,LOC_0082,2024-08-17 19:00:00,meeting
VISIT_01356,SYN_P_0792,LOC_0037,2026-09-20 06:00:00,business
VISIT_01357,SYN_P_0894,LOC_0005,2026-02-19 17:00:00,meeting
VISIT_01358,SYN_P_0250,LOC_0032,2026-10-07 06:00:00,residence
VISIT_01359,SYN_P_0903,LOC_0019,2026-06-25 16:00:00,delivery
VISIT_01360,SYN_P_0607,LOC_0028,2024-01-30 19:00:00,travel
VISIT_01361,SYN_P_0712,LOC_0056,2025-07-20 20:00:00,business
VISIT_01362,SYN_P_0083,LOC_0042,2026-01-29 00:00:00,delivery
VISIT_01363,SYN_P_0733,LOC_0010,2024-05-20 15:00:00,meeting
VISIT_01364,SYN_P_0307,LOC_0036,2026-04-14 12:00:00,residence
VISIT_01365,SYN_P_0289,LOC_0012,2024-09-06 04:00:00,residence
VISIT_01366,SYN_P_0725,LOC_0010,2024-12-15 07:00:00,business
VISIT_01367,SYN_P_0313,LOC_0053,2024-06-29 11:00:00,residence
VISIT_01368,SYN_P_0861,LOC_0063,2025-12-03 16:00:00,meeting
VISIT_01369,SYN_P_0396,LOC_0071,2026-09-26 07:00:00,travel
VISIT_01370,SYN_P_0281,LOC_0065,2024-12-17 03:00:00,business
VISIT_01371,SYN_P_0952,LOC_0081,2025-09-27 13:00:00,travel
VISIT_01372,SYN_P_0736,LOC_0029,2024-11-22 09:00:00,travel
VISIT_01373,SYN_P_0335,LOC_0067,2026-10-26 01:00:00,residence
VISIT_01374,SYN_P_0017,LOC_0025,2024-03-11 18:00:00,business
VISIT_01375,SYN_P_0343,LOC_0018,2024-11-23 23:00:00,travel
VISIT_01376,SYN_P_0955,LOC_0059,2025-06-20 00:00:00,travel
VISIT_01377,SYN_P_0001,LOC_0072,2025-03-18 15:00:00,residence
VISIT_01378,SYN_P_0133,LOC_0044,2025-01-23 07:00:00,delivery
VISIT_01379,SYN_P_0295,LOC_0068,2024-07-28 11:00:00,business
VISIT_01380,SYN_P_0987,LOC_0080,2024-02-22 14:00:00,business
VISIT_01381,SYN_P_0581,LOC_0054,2025-10-25 04:00:00,delivery
VISIT_01382,SYN_P_0527,LOC_0011,2025-07-09 05:00:00,delivery
VISIT_01383,SYN_P_0554,LOC_0004,2026-09-14 13:00:00,delivery
VISIT_01384,SYN_P_0706,LOC_0020,2025-11-06 07:00:00,delivery
VISIT_01385,SYN_P_0125,LOC_0016,2026-03-17 20:00:00,meeting
VISIT_01386,SYN_P_0415,LOC_0041,2025-09-20 23:00:00,residence
VISIT_01387,SYN_P_0910,LOC_0018,2025-02-08 06:00:00,business
VISIT_01388,SYN_P_0853,LOC_0012,2024-03-04 13:00:00,travel
VISIT_01389,SYN_P_0689,LOC_0055,2025-01-31 05:00:00,meeting
VISIT_01390,SYN_P_0103,LOC_0047,2026-04-24 06:00:00,travel
VISIT_01391,SYN_P_0166,LOC_0039,2024-09-01 19:00:00,meeting
VISIT_01392,SYN_P_0647,LOC_0001,2024-06-27 21:00:00,meeting
VISIT_01393,SYN_P_0101,LOC_0044,2025-11-06 11:00:00,travel
VISIT_01394,SYN_P_0333,LOC_0047,2024-09-07 10:00:00,delivery
VISIT_01395,SYN_P_0329,LOC_0014,2025-01-19 01:00:00,residence
VISIT_01396,SYN_P_0587,LOC_0036,2025-12-26 14:00:00,meeting
VISIT_01397,SYN_P_0351,LOC_0009,2025-08-24 07:00:00,residence
VISIT_01398,SYN_P_0635,LOC_0029,2024-05-09 03:00:00,business
VISIT_01399,SYN_P_0649,LOC_0033,2026-04-13 17:00:00,business
VISIT_01400,SYN_P_0216,LOC_0016,2024-07-21 13:00:00,business
VISIT_01401,SYN_P_0904,LOC_0049,2026-03-23 08:00:00,residence
VISIT_01402,SYN_P_0951,LOC_0010,2024-07-03 11:00:00,delivery
VISIT_01403,SYN_P_0217,LOC_0023,2024-05-11 11:00:00,travel
VISIT_01404,SYN_P_0256,LOC_0032,2025-12-24 22:00:00,business
VISIT_01405,SYN_P_0426,LOC_0019,2026-05-23 14:00:00,delivery
VISIT_01406,SYN_P_0866,LOC_0039,2024-12-07 15:00:00,residence
VISIT_01407,SYN_P_0609,LOC_0041,2026-06-10 19:00:00,meeting
VISIT_01408,SYN_P_0487,LOC_0033,2024-12-13 20:00:00,meeting
VISIT_01409,SYN_P_0582,LOC_0048,2024-08-15 13:00:00,travel
VISIT_01410,SYN_P_0345,LOC_0027,2024-12-02 13:00:00,residence
VISIT_01411,SYN_P_0690,LOC_0084,2024-11-04 12:00:00,delivery
VISIT_01412,SYN_P_1010,LOC_0078,2026-04-23 06:00:00,residence
VISIT_01413,SYN_P_0055,LOC_0053,2024-10-01 12:00:00,residence
VISIT_01414,SYN_P_0370,LOC_0035,2024-10-08 01:00:00,travel
VISIT_01415,SYN_P_0235,LOC_0063,2026-09-12 15:00:00,meeting
VISIT_01416,SYN_P_0855,LOC_0084,2026-03-15 12:00:00,residence
VISIT_01417,SYN_P_0228,LOC_0022,2024-10-03 20:00:00,travel
VISIT_01418,SYN_P_0894,LOC_0018,2025-01-21 21:00:00,travel
VISIT_01419,SYN_P_0298,LOC_0002,2024-01-09 21:00:00,delivery
VISIT_01420,SYN_P_0790,LOC_0006,2024-04-17 12:00:00,meeting
VISIT_01421,SYN_P_0869,LOC_0038,2025-12-08 03:00:00,business
VISIT_01422,SYN_P_0764,LOC_0076,2025-12-27 23:00:00,residence
VISIT_01423,SYN_P_0349,LOC_0052,2025-11-02 02:00:00,business
VISIT_01424,SYN_P_1028,LOC_0037,2024-11-20 15:00:00,residence
VISIT_01425,SYN_P_0710,LOC_0010,2026-07-09 15:00:00,travel
VISIT_01426,SYN_P_0855,LOC_0012,2024-01-20 06:00:00,business
VISIT_01427,SYN_P_0187,LOC_0074,2024-02-08 21:00:00,delivery
VISIT_01428,SYN_P_0727,LOC_0019,2025-10-06 00:00:00,delivery
VISIT_01429,SYN_P_0767,LOC_0053,2026-01-25 16:00:00,residence
VISIT_01430,SYN_P_0371,LOC_0029,2024-12-03 09:00:00,delivery
VISIT_01431,SYN_P_0203,LOC_0004,2026-05-10 08:00:00,travel
VISIT_01432,SYN_P_0588,LOC_0001,2024-06-23 17:00:00,residence
VISIT_01433,SYN_P_0597,LOC_0018,2024-02-19 04:00:00,residence
VISIT_01434,SYN_P_0887,LOC_0045,2024-08-12 04:00:00,travel
VISIT_01435,SYN_P_0777,LOC_0084,2024-01-07 22:00:00,delivery
VISIT_01436,SYN_P_0114,LOC_0050,2026-05-29 18:00:00,residence
VISIT_01437,SYN_P_0021,LOC_0077,2026-07-02 03:00:00,residence
VISIT_01438,SYN_P_0787,LOC_0062,2025-07-14 12:00:00,business
VISIT_01439,SYN_P_0485,LOC_0074,2026-11-07 13:00:00,residence
VISIT_01440,SYN_P_0611,LOC_0053,2024-07-26 15:00:00,meeting
VISIT_01441,SYN_P_0852,LOC_0025,2026-07-25 14:00:00,residence
VISIT_01442,SYN_P_0061,LOC_0019,2025-12-23 22:00:00,meeting
VISIT_01443,SYN_P_0957,LOC_0032,2025-01-09 11:00:00,delivery
VISIT_01444,SYN_P_0605,LOC_0036,2025-02-15 22:00:00,delivery
VISIT_01445,SYN_P_0387,LOC_0033,2026-02-15 07:00:00,delivery
VISIT_01446,SYN_P_0381,LOC_0003,2024-05-21 22:00:00,residence
VISIT_01447,SYN_P_0665,LOC_0002,2025-06-04 10:00:00,delivery
VISIT_01448,SYN_P_0714,LOC_0057,2024-11-23 09:00:00,meeting
VISIT_01449,SYN_P_0384,LOC_0022,2024-12-20 16:00:00,travel
VISIT_01450,SYN_P_0069,LOC_0025,2025-01-12 23:00:00,delivery
VISIT_01451,SYN_P_0229,LOC_0069,2026-01-28 07:00:00,residence
VISIT_01452,SYN_P_0461,LOC_0015,2025-09-17 18:00:00,residence
VISIT_01453,SYN_P_0167,LOC_0033,2026-06-24 16:00:00,residence
VISIT_01454,SYN_P_0754,LOC_0035,2025-07-04 10:00:00,residence
VISIT_01455,SYN_P_0205,LOC_0022,2024-07-06 07:00:00,travel
VISIT_01456,SYN_P_0265,LOC_0060,2026-06-13 10:00:00,meeting
VISIT_01457,SYN_P_0760,LOC_0077,2026-07-18 02:00:00,residence
VISIT_01458,SYN_P_0349,LOC_0050,2024-12-12 17:00:00,meeting
VISIT_01459,SYN_P_0383,LOC_0054,2024-01-09 04:00:00,meeting
VISIT_01460,SYN_P_0803,LOC_0021,2024-03-11 13:00:00,residence
VISIT_01461,SYN_P_0390,LOC_0048,2024-08-30 07:00:00,business
VISIT_01462,SYN_P_0711,LOC_0031,2024-02-02 03:00:00,meeting
VISIT_01463,SYN_P_0813,LOC_0071,2024-06-13 10:00:00,meeting
VISIT_01464,SYN_P_0938,LOC_0032,2025-09-11 03:00:00,delivery
VISIT_01465,SYN_P_0920,LOC_0055,2025-04-03 05:00:00,business
VISIT_01466,SYN_P_0115,LOC_0053,2024-05-03 11:00:00,delivery
VISIT_01467,SYN_P_0705,LOC_0079,2025-04-21 17:00:00,meeting
VISIT_01468,SYN_P_0023,LOC_0056,2026-06-27 21:00:00,meeting
VISIT_01469,SYN_P_1031,LOC_0010,2024-06-20 15:00:00,business
VISIT_01470,SYN_P_0392,LOC_0005,2024-05-22 05:00:00,residence
VISIT_01471,SYN_P_0917,LOC_0043,2025-03-28 05:00:00,residence
VISIT_01472,SYN_P_0316,LOC_0032,2026-09-17 05:00:00,residence
VISIT_01473,SYN_P_0841,LOC_0071,2026-04-12 07:00:00,business
VISIT_01474,SYN_P_0705,LOC_0023,2026-10-31 20:00:00,business
VISIT_01475,SYN_P_0580,LOC_0065,2025-01-15 23:00:00,business
VISIT_01476,SYN_P_1015,LOC_0001,2026-01-02 09:00:00,meeting
VISIT_01477,SYN_P_0428,LOC_0020,2026-10-29 16:00:00,delivery
VISIT_01478,SYN_P_0543,LOC_0067,2025-09-12 12:00:00,business
VISIT_01479,SYN_P_0952,LOC_0012,2025-10-31 21:00:00,meeting
VISIT_01480,SYN_P_0684,LOC_0020,2025-05-23 22:00:00,travel
VISIT_01481,SYN_P_1039,LOC_0002,2026-09-07 13:00:00,delivery
VISIT_01482,SYN_P_0154,LOC_0025,2024-05-16 23:00:00,travel
VISIT_01483,SYN_P_0599,LOC_0070,2024-12-07 05:00:00,business
VISIT_01484,SYN_P_0992,LOC_0052,2025-06-09 08:00:00,meeting
VISIT_01485,SYN_P_0096,LOC_0048,2024-08-27 21:00:00,residence
VISIT_01486,SYN_P_0506,LOC_0081,2025-01-21 02:00:00,residence
VISIT_01487,SYN_P_0063,LOC_0007,2026-03-26 12:00:00,business
VISIT_01488,SYN_P_0106,LOC_0023,2024-12-02 04:00:00,travel
VISIT_01489,SYN_P_1008,LOC_0071,2026-10-17 21:00:00,delivery
VISIT_01490,SYN_P_0709,LOC_0016,2024-09-18 04:00:00,meeting
VISIT_01491,SYN_P_0654,LOC_0084,2026-07-01 04:00:00,travel
VISIT_01492,SYN_P_0194,LOC_0059,2024-03-22 20:00:00,residence
VISIT_01493,SYN_P_0425,LOC_0064,2024-04-10 03:00:00,residence
VISIT_01494,SYN_P_0924,LOC_0007,2026-11-04 17:00:00,meeting
VISIT_01495,SYN_P_0688,LOC_0031,2026-09-08 05:00:00,business
VISIT_01496,SYN_P_0254,LOC_0060,2026-07-11 09:00:00,delivery
VISIT_01497,SYN_P_0088,LOC_0011,2024-03-09 00:00:00,meeting
VISIT_01498,SYN_P_0106,LOC_0068,2024-04-21 18:00:00,delivery
VISIT_01499,SYN_P_0709,LOC_0078,2024-12-29 01:00:00,meeting
VISIT_01500,SYN_P_0177,LOC_0073,2026-04-03 17:00:00,travel
VISIT_01501,SYN_P_0139,LOC_0026,2026-03-03 10:00:00,business
VISIT_01502,SYN_P_0668,LOC_0068,2025-09-28 05:00:00,residence
VISIT_01503,SYN_P_0291,LOC_0067,2025-03-17 12:00:00,residence
VISIT_01504,SYN_P_0004,LOC_0031,2026-01-02 13:00:00,delivery
VISIT_01505,SYN_P_0223,LOC_0066,2025-01-08 06:00:00,residence
VISIT_01506,SYN_P_0143,LOC_0063,2025-01-15 23:00:00,business
VISIT_01507,SYN_P_0872,LOC_0063,2024-06-27 12:00:00,residence
VISIT_01508,SYN_P_0685,LOC_0011,2024-12-22 15:00:00,travel
VISIT_01509,SYN_P_1038,LOC_0010,2024-08-24 22:00:00,business
VISIT_01510,SYN_P_1016,LOC_0051,2024-09-10 17:00:00,business
VISIT_01511,SYN_P_0541,LOC_0054,2025-12-13 09:00:00,residence
VISIT_01512,SYN_P_0332,LOC_0038,2026-10-12 08:00:00,business
VISIT_01513,SYN_P_0775,LOC_0036,2024-09-15 19:00:00,delivery
VISIT_01514,SYN_P_0165,LOC_0012,2024-02-26 00:00:00,travel
VISIT_01515,SYN_P_0860,LOC_0078,2026-08-13 06:00:00,residence
VISIT_01516,SYN_P_0509,LOC_0023,2024-10-07 04:00:00,meeting
VISIT_01517,SYN_P_0125,LOC_0017,2026-09-04 23:00:00,business
VISIT_01518,SYN_P_0817,LOC_0057,2025-12-10 06:00:00,delivery
VISIT_01519,SYN_P_0035,LOC_0032,2026-03-26 06:00:00,delivery
VISIT_01520,SYN_P_0531,LOC_0009,2026-06-16 15:00:00,delivery
VISIT_01521,SYN_P_1038,LOC_0032,2026-11-03 02:00:00,business
VISIT_01522,SYN_P_0823,LOC_0060,2024-09-20 15:00:00,meeting
VISIT_01523,SYN_P_0240,LOC_0004,2024-06-21 17:00:00,business
VISIT_01524,SYN_P_0020,LOC_0023,2025-09-15 02:00:00,travel
VISIT_01525,SYN_P_0710,LOC_0071,2025-05-03 18:00:00,residence
VISIT_01526,SYN_P_0259,LOC_0065,2026-07-21 03:00:00,travel
VISIT_01527,SYN_P_0820,LOC_0071,2026-06-21 13:00:00,travel
VISIT_01528,SYN_P_0584,LOC_0064,2024-04-13 04:00:00,business
VISIT_01529,SYN_P_0282,LOC_0082,2025-09-27 00:00:00,travel
VISIT_01530,SYN_P_0699,LOC_0053,2025-12-11 20:00:00,business
VISIT_01531,SYN_P_0964,LOC_0084,2025-06-01 06:00:00,travel
VISIT_01532,SYN_P_1014,LOC_0032,2026-04-22 21:00:00,travel
VISIT_01533,SYN_P_0796,LOC_0053,2024-07-03 02:00:00,delivery
VISIT_01534,SYN_P_0606,LOC_0062,2025-08-02 02:00:00,travel
VISIT_01535,SYN_P_0465,LOC_0010,2025-05-14 20:00:00,business
VISIT_01536,SYN_P_0265,LOC_0084,2024-04-08 08:00:00,meeting
VISIT_01537,SYN_P_0146,LOC_0009,2025-06-13 04:00:00,travel
VISIT_01538,SYN_P_0157,LOC_0070,2024-04-02 22:00:00,delivery
VISIT_01539,SYN_P_0782,LOC_0070,2026-08-03 07:00:00,meeting
VISIT_01540,SYN_P_0008,LOC_0008,2026-02-17 21:00:00,travel
VISIT_01541,SYN_P_0039,LOC_0079,2025-01-03 01:00:00,travel
VISIT_01542,SYN_P_1032,LOC_0059,2024-07-31 01:00:00,travel
VISIT_01543,SYN_P_0642,LOC_0057,2025-02-06 23:00:00,business
VISIT_01544,SYN_P_0084,LOC_0037,2026-03-21 17:00:00,delivery
VISIT_01545,SYN_P_0602,LOC_0052,2026-03-24 10:00:00,business
VISIT_01546,SYN_P_0604,LOC_0077,2026-02-17 12:00:00,business
VISIT_01547,SYN_P_0820,LOC_0083,2026-03-09 18:00:00,meeting
VISIT_01548,SYN_P_0814,LOC_0070,2026-07-30 23:00:00,delivery
VISIT_01549,SYN_P_0060,LOC_0012,2024-10-25 19:00:00,travel
VISIT_01550,SYN_P_1019,LOC_0069,2024-10-11 21:00:00,delivery
VISIT_01551,SYN_P_0898,LOC_0061,2026-08-21 13:00:00,business
VISIT_01552,SYN_P_0065,LOC_0079,2025-08-10 12:00:00,meeting
VISIT_01553,SYN_P_0624,LOC_0023,2026-07-19 10:00:00,meeting
VISIT_01554,SYN_P_0082,LOC_0058,2024-02-20 12:00:00,travel
VISIT_01555,SYN_P_0135,LOC_0045,2026-06-26 17:00:00,delivery
VISIT_01556,SYN_P_0309,LOC_0028,2024-07-24 19:00:00,delivery
VISIT_01557,SYN_P_0187,LOC_0062,2024-11-04 02:00:00,travel
VISIT_01558,SYN_P_0853,LOC_0005,2026-10-25 12:00:00,residence
VISIT_01559,SYN_P_0615,LOC_0044,2025-01-23 04:00:00,delivery
VISIT_01560,SYN_P_0887,LOC_0021,2025-08-26 07:00:00,business
VISIT_01561,SYN_P_0421,LOC_0010,2024-09-09 10:00:00,travel
VISIT_01562,SYN_P_0163,LOC_0075,2024-11-28 13:00:00,travel
VISIT_01563,SYN_P_0469,LOC_0015,2026-06-12 08:00:00,business
VISIT_01564,SYN_P_0784,LOC_0070,2024-04-10 13:00:00,travel
VISIT_01565,SYN_P_0290,LOC_0026,2024-05-08 12:00:00,delivery
VISIT_01566,SYN_P_0233,LOC_0071,2025-03-02 19:00:00,travel
VISIT_01567,SYN_P_0832,LOC_0019,2025-09-11 20:00:00,meeting
VISIT_01568,SYN_P_0394,LOC_0052,2025-08-23 12:00:00,travel
VISIT_01569,SYN_P_0728,LOC_0035,2025-01-15 05:00:00,delivery
VISIT_01570,SYN_P_0464,LOC_0008,2025-03-14 09:00:00,meeting
VISIT_01571,SYN_P_0697,LOC_0077,2024-08-22 20:00:00,delivery
VISIT_01572,SYN_P_1007,LOC_0046,2024-06-09 22:00:00,residence
VISIT_01573,SYN_P_0165,LOC_0035,2026-08-09 12:00:00,residence
VISIT_01574,SYN_P_0744,LOC_0021,2024-02-07 17:00:00,travel
VISIT_01575,SYN_P_0566,LOC_0028,2026-02-28 07:00:00,business
VISIT_01576,SYN_P_0871,LOC_0013,2026-03-10 22:00:00,meeting
VISIT_01577,SYN_P_0571,LOC_0034,2026-05-24 13:00:00,delivery
VISIT_01578,SYN_P_0067,LOC_0077,2025-01-13 09:00:00,residence
VISIT_01579,SYN_P_0875,LOC_0017,2025-09-26 09:00:00,meeting
VISIT_01580,SYN_P_0030,LOC_0077,2024-06-28 13:00:00,meeting
VISIT_01581,SYN_P_0370,LOC_0061,2026-04-30 18:00:00,travel
VISIT_01582,SYN_P_0019,LOC_0079,2026-04-20 05:00:00,travel
VISIT_01583,SYN_P_0209,LOC_0062,2026-03-13 23:00:00,delivery
VISIT_01584,SYN_P_0917,LOC_0015,2026-07-06 10:00:00,delivery
VISIT_01585,SYN_P_0973,LOC_0039,2025-07-25 03:00:00,business
VISIT_01586,SYN_P_0131,LOC_0026,2025-10-10 04:00:00,residence
VISIT_01587,SYN_P_0463,LOC_0014,2024-07-17 10:00:00,meeting
VISIT_01588,SYN_P_0627,LOC_0081,2026-08-29 15:00:00,residence
VISIT_01589,SYN_P_0357,LOC_0080,2024-03-08 09:00:00,business
VISIT_01590,SYN_P_0506,LOC_0002,2025-12-02 13:00:00,residence
VISIT_01591,SYN_P_0270,LOC_0002,2024-12-23 16:00:00,residence
VISIT_01592,SYN_P_0940,LOC_0062,2025-05-08 16:00:00,business
VISIT_01593,SYN_P_0724,LOC_0003,2025-10-13 01:00:00,business
VISIT_01594,SYN_P_0885,LOC_0017,2025-06-26 03:00:00,meeting
VISIT_01595,SYN_P_0770,LOC_0049,2024-12-17 14:00:00,travel
VISIT_01596,SYN_P_0360,LOC_0045,2025-10-01 02:00:00,meeting
VISIT_01597,SYN_P_0862,LOC_0066,2024-12-06 12:00:00,business
VISIT_01598,SYN_P_0779,LOC_0031,2026-04-05 09:00:00,residence
VISIT_01599,SYN_P_1039,LOC_0057,2026-08-08 17:00:00,residence
VISIT_01600,SYN_P_0467,LOC_0028,2026-07-23 11:00:00,meeting
VISIT_01601,SYN_P_0240,LOC_0006,2024-03-18 16:00:00,meeting
VISIT_01602,SYN_P_0159,LOC_0020,2026-08-13 01:00:00,delivery
VISIT_01603,SYN_P_0443,LOC_0023,2024-05-23 11:00:00,delivery
VISIT_01604,SYN_P_0990,LOC_0062,2026-05-03 23:00:00,meeting
VISIT_01605,SYN_P_0862,LOC_0060,2025-02-24 00:00:00,residence
VISIT_01606,SYN_P_0018,LOC_0008,2026-08-16 01:00:00,meeting
VISIT_01607,SYN_P_0529,LOC_0004,2026-05-20 19:00:00,delivery
VISIT_01608,SYN_P_0212,LOC_0025,2026-04-23 06:00:00,travel
VISIT_01609,SYN_P_0932,LOC_0016,2024-06-26 12:00:00,business
VISIT_01610,SYN_P_0430,LOC_0076,2025-08-11 18:00:00,residence
VISIT_01611,SYN_P_0395,LOC_0022,2025-07-02 18:00:00,delivery
VISIT_01612,SYN_P_0462,LOC_0045,2025-11-13 02:00:00,meeting
VISIT_01613,SYN_P_0312,LOC_0022,2025-09-25 23:00:00,residence
VISIT_01614,SYN_P_0054,LOC_0084,2025-02-21 03:00:00,business
VISIT_01615,SYN_P_0080,LOC_0066,2024-12-28 22:00:00,residence
VISIT_01616,SYN_P_0191,LOC_0082,2024-06-20 13:00:00,meeting
VISIT_01617,SYN_P_1003,LOC_0048,2025-10-25 00:00:00,travel
VISIT_01618,SYN_P_0555,LOC_0084,2025-02-27 09:00:00,residence
VISIT_01619,SYN_P_0161,LOC_0020,2026-08-30 07:00:00,meeting
VISIT_01620,SYN_P_0704,LOC_0063,2025-12-28 14:00:00,delivery
VISIT_01621,SYN_P_0571,LOC_0061,2026-08-05 02:00:00,delivery
VISIT_01622,SYN_P_0379,LOC_0036,2024-05-02 15:00:00,residence
VISIT_01623,SYN_P_0160,LOC_0015,2024-11-06 23:00:00,meeting
VISIT_01624,SYN_P_0611,LOC_0030,2024-07-17 04:00:00,business
VISIT_01625,SYN_P_0857,LOC_0062,2026-07-29 06:00:00,meeting
VISIT_01626,SYN_P_0621,LOC_0024,2025-11-21 12:00:00,meeting
VISIT_01627,SYN_P_0378,LOC_0056,2026-07-15 05:00:00,delivery
VISIT_01628,SYN_P_0829,LOC_0083,2026-04-30 08:00:00,delivery
VISIT_01629,SYN_P_0905,LOC_0005,2026-04-08 05:00:00,travel
VISIT_01630,SYN_P_0173,LOC_0081,2025-01-28 11:00:00,travel
VISIT_01631,SYN_P_0454,LOC_0068,2025-01-26 05:00:00,residence
VISIT_01632,SYN_P_0538,LOC_0017,2026-10-19 18:00:00,delivery
VISIT_01633,SYN_P_0759,LOC_0072,2026-06-01 16:00:00,travel
VISIT_01634,SYN_P_0805,LOC_0070,2024-06-11 12:00:00,business
VISIT_01635,SYN_P_0529,LOC_0028,2025-06-13 12:00:00,residence
VISIT_01636,SYN_P_0075,LOC_0038,2026-01-25 18:00:00,business
VISIT_01637,SYN_P_0084,LOC_0015,2024-08-26 06:00:00,residence
VISIT_01638,SYN_P_0696,LOC_0009,2026-10-10 00:00:00,meeting
VISIT_01639,SYN_P_0063,LOC_0011,2025-09-29 12:00:00,business
VISIT_01640,SYN_P_0421,LOC_0009,2026-07-22 23:00:00,meeting
VISIT_01641,SYN_P_0204,LOC_0084,2026-04-16 05:00:00,delivery
VISIT_01642,SYN_P_0117,LOC_0032,2024-09-03 08:00:00,residence
VISIT_01643,SYN_P_0701,LOC_0050,2024-08-06 00:00:00,business
VISIT_01644,SYN_P_0359,LOC_0032,2026-02-22 04:00:00,delivery
VISIT_01645,SYN_P_0242,LOC_0037,2026-05-21 20:00:00,meeting
VISIT_01646,SYN_P_0039,LOC_0025,2026-10-11 20:00:00,travel
VISIT_01647,SYN_P_0989,LOC_0037,2025-05-12 09:00:00,business
VISIT_01648,SYN_P_0791,LOC_0030,2025-02-19 02:00:00,residence
VISIT_01649,SYN_P_0551,LOC_0053,2026-05-18 06:00:00,residence
VISIT_01650,SYN_P_0586,LOC_0012,2024-05-06 03:00:00,residence
VISIT_01651,SYN_P_0310,LOC_0081,2026-04-23 06:00:00,residence
VISIT_01652,SYN_P_0298,LOC_0082,2026-03-27 03:00:00,delivery
VISIT_01653,SYN_P_0641,LOC_0035,2025-06-03 22:00:00,delivery
VISIT_01654,SYN_P_0970,LOC_0024,2026-07-20 07:00:00,delivery
VISIT_01655,SYN_P_0415,LOC_0068,2025-07-10 19:00:00,residence
VISIT_01656,SYN_P_0648,LOC_0020,2025-06-16 09:00:00,meeting
VISIT_01657,SYN_P_0975,LOC_0055,2026-01-15 00:00:00,residence
VISIT_01658,SYN_P_0446,LOC_0025,2026-06-05 13:00:00,meeting
VISIT_01659,SYN_P_0676,LOC_0051,2024-02-15 22:00:00,business
VISIT_01660,SYN_P_0174,LOC_0002,2026-05-04 18:00:00,delivery
VISIT_01661,SYN_P_0920,LOC_0077,2024-01-14 07:00:00,residence
VISIT_01662,SYN_P_0230,LOC_0007,2025-01-08 11:00:00,delivery
VISIT_01663,SYN_P_0403,LOC_0039,2024-08-13 02:00:00,travel
VISIT_01664,SYN_P_0841,LOC_0080,2024-03-13 15:00:00,delivery
VISIT_01665,SYN_P_0730,LOC_0016,2024-05-04 11:00:00,residence
VISIT_01666,SYN_P_0090,LOC_0028,2025-05-20 04:00:00,residence
VISIT_01667,SYN_P_0202,LOC_0074,2026-08-22 18:00:00,business
VISIT_01668,SYN_P_0196,LOC_0083,2024-07-25 19:00:00,residence
VISIT_01669,SYN_P_0968,LOC_0068,2026-02-03 11:00:00,business
VISIT_01670,SYN_P_0383,LOC_0070,2026-02-19 00:00:00,business
VISIT_01671,SYN_P_0143,LOC_0033,2024-12-14 00:00:00,meeting
VISIT_01672,SYN_P_1008,LOC_0068,2024-08-06 14:00:00,meeting
VISIT_01673,SYN_P_0031,LOC_0082,2026-02-11 23:00:00,meeting
VISIT_01674,SYN_P_0082,LOC_0081,2025-02-25 17:00:00,delivery
VISIT_01675,SYN_P_0575,LOC_0084,2025-08-30 08:00:00,residence
VISIT_01676,SYN_P_0447,LOC_0033,2026-10-20 15:00:00,residence
VISIT_01677,SYN_P_0299,LOC_0033,2025-06-21 19:00:00,residence
VISIT_01678,SYN_P_0011,LOC_0049,2026-05-24 02:00:00,meeting
VISIT_01679,SYN_P_0219,LOC_0060,2025-11-25 00:00:00,meeting
VISIT_01680,SYN_P_0823,LOC_0008,2024-09-09 14:00:00,business
VISIT_01681,SYN_P_0932,LOC_0020,2024-09-16 15:00:00,travel
VISIT_01682,SYN_P_0529,LOC_0057,2026-06-24 14:00:00,meeting
VISIT_01683,SYN_P_0049,LOC_0074,2025-08-11 07:00:00,travel
VISIT_01684,SYN_P_0982,LOC_0078,2024-02-07 16:00:00,delivery
VISIT_01685,SYN_P_0745,LOC_0083,2025-04-15 07:00:00,business
VISIT_01686,SYN_P_0164,LOC_0012,2024-05-14 18:00:00,meeting
VISIT_01687,SYN_P_0836,LOC_0002,2025-04-09 11:00:00,residence
VISIT_01688,SYN_P_0801,LOC_0004,2025-01-24 10:00:00,delivery
VISIT_01689,SYN_P_0147,LOC_0048,2025-08-28 22:00:00,delivery
VISIT_01690,SYN_P_0209,LOC_0033,2024-01-04 20:00:00,travel
VISIT_01691,SYN_P_0510,LOC_0061,2024-12-21 05:00:00,residence
VISIT_01692,SYN_P_0338,LOC_0082,2024-11-24 20:00:00,travel
VISIT_01693,SYN_P_0622,LOC_0075,2025-09-09 15:00:00,meeting
VISIT_01694,SYN_P_0499,LOC_0080,2025-01-29 22:00:00,business
VISIT_01695,SYN_P_0085,LOC_0039,2024-10-29 11:00:00,delivery
VISIT_01696,SYN_P_0565,LOC_0041,2026-06-10 12:00:00,delivery
VISIT_01697,SYN_P_0908,LOC_0004,2024-12-08 12:00:00,meeting
VISIT_01698,SYN_P_0674,LOC_0009,2025-01-10 23:00:00,travel
VISIT_01699,SYN_P_0963,LOC_0075,2024-07-28 13:00:00,travel
VISIT_01700,SYN_P_0105,LOC_0084,2026-04-26 21:00:00,travel
VISIT_01701,SYN_P_0146,LOC_0055,2026-10-13 00:00:00,delivery
VISIT_01702,SYN_P_0784,LOC_0052,2025-12-21 10:00:00,delivery
VISIT_01703,SYN_P_0575,LOC_0070,2024-12-08 14:00:00,meeting
VISIT_01704,SYN_P_0693,LOC_0080,2024-11-19 10:00:00,business
VISIT_01705,SYN_P_0015,LOC_0064,2025-04-29 10:00:00,business
VISIT_01706,SYN_P_0431,LOC_0080,2025-12-25 10:00:00,meeting
VISIT_01707,SYN_P_0561,LOC_0026,2026-05-10 01:00:00,business
VISIT_01708,SYN_P_0209,LOC_0058,2025-12-02 13:00:00,delivery
VISIT_01709,SYN_P_0312,LOC_0046,2026-02-14 07:00:00,residence
VISIT_01710,SYN_P_0992,LOC_0048,2026-07-12 03:00:00,delivery
VISIT_01711,SYN_P_0467,LOC_0005,2024-04-24 17:00:00,business
VISIT_01712,SYN_P_0675,LOC_0077,2024-05-08 06:00:00,delivery
VISIT_01713,SYN_P_0838,LOC_0039,2025-04-08 13:00:00,delivery
VISIT_01714,SYN_P_0083,LOC_0006,2026-09-17 13:00:00,travel
VISIT_01715,SYN_P_0895,LOC_0052,2024-05-26 11:00:00,delivery
VISIT_01716,SYN_P_0761,LOC_0047,2025-11-26 11:00:00,meeting
VISIT_01717,SYN_P_0217,LOC_0048,2025-02-19 18:00:00,travel
VISIT_01718,SYN_P_0758,LOC_0038,2024-11-17 01:00:00,travel
VISIT_01719,SYN_P_0072,LOC_0052,2025-09-30 01:00:00,meeting
VISIT_01720,SYN_P_0793,LOC_0048,2024-07-05 17:00:00,residence
VISIT_01721,SYN_P_0425,LOC_0082,2026-07-18 23:00:00,delivery
VISIT_01722,SYN_P_0851,LOC_0042,2025-02-15 22:00:00,meeting
VISIT_01723,SYN_P_0275,LOC_0049,2026-10-05 13:00:00,travel
VISIT_01724,SYN_P_1018,LOC_0052,2024-05-31 17:00:00,residence
VISIT_01725,SYN_P_0467,LOC_0059,2025-12-29 03:00:00,residence
VISIT_01726,SYN_P_0475,LOC_0019,2025-09-30 04:00:00,delivery
VISIT_01727,SYN_P_0847,LOC_0035,2024-05-04 22:00:00,residence
VISIT_01728,SYN_P_0991,LOC_0003,2024-12-01 19:00:00,business
VISIT_01729,SYN_P_0334,LOC_0083,2024-08-24 08:00:00,travel
VISIT_01730,SYN_P_0155,LOC_0028,2025-05-14 07:00:00,travel
VISIT_01731,SYN_P_0146,LOC_0073,2025-07-23 04:00:00,travel
VISIT_01732,SYN_P_0985,LOC_0060,2024-12-17 15:00:00,residence
VISIT_01733,SYN_P_0915,LOC_0004,2025-06-25 10:00:00,delivery
VISIT_01734,SYN_P_0035,LOC_0071,2024-05-19 10:00:00,business
VISIT_01735,SYN_P_0750,LOC_0025,2025-04-11 13:00:00,travel
VISIT_01736,SYN_P_0709,LOC_0054,2026-08-22 04:00:00,delivery
VISIT_01737,SYN_P_0612,LOC_0036,2025-11-11 22:00:00,residence
VISIT_01738,SYN_P_0197,LOC_0029,2025-11-30 17:00:00,travel
VISIT_01739,SYN_P_0612,LOC_0001,2024-02-22 23:00:00,business
VISIT_01740,SYN_P_0913,LOC_0046,2026-04-28 15:00:00,business
VISIT_01741,SYN_P_0206,LOC_0015,2025-11-23 14:00:00,delivery
VISIT_01742,SYN_P_0218,LOC_0061,2026-02-18 18:00:00,residence
VISIT_01743,SYN_P_0605,LOC_0071,2025-09-15 18:00:00,residence
VISIT_01744,SYN_P_0532,LOC_0053,2026-07-20 16:00:00,business
VISIT_01745,SYN_P_0849,LOC_0034,2024-04-09 17:00:00,meeting
VISIT_01746,SYN_P_0057,LOC_0061,2025-09-17 07:00:00,meeting
VISIT_01747,SYN_P_0853,LOC_0010,2024-11-21 08:00:00,meeting
VISIT_01748,SYN_P_0539,LOC_0072,2025-09-26 11:00:00,travel
VISIT_01749,SYN_P_0005,LOC_0063,2026-04-28 10:00:00,travel
VISIT_01750,SYN_P_0625,LOC_0063,2026-09-18 08:00:00,meeting
VISIT_01751,SYN_P_0282,LOC_0009,2026-04-08 01:00:00,delivery
VISIT_01752,SYN_P_0975,LOC_0065,2026-06-09 19:00:00,delivery
VISIT_01753,SYN_P_0271,LOC_0004,2025-12-12 06:00:00,meeting
VISIT_01754,SYN_P_1006,LOC_0075,2024-10-12 01:00:00,delivery
VISIT_01755,SYN_P_0565,LOC_0067,2025-06-19 20:00:00,meeting
VISIT_01756,SYN_P_0525,LOC_0003,2026-03-10 11:00:00,delivery
VISIT_01757,SYN_P_0460,LOC_0063,2025-04-12 09:00:00,travel
VISIT_01758,SYN_P_0292,LOC_0062,2025-04-19 23:00:00,business
VISIT_01759,SYN_P_0856,LOC_0036,2026-02-02 18:00:00,business
VISIT_01760,SYN_P_0600,LOC_0057,2024-02-17 19:00:00,travel
VISIT_01761,SYN_P_0926,LOC_0016,2026-07-15 06:00:00,travel
VISIT_01762,SYN_P_0724,LOC_0005,2026-06-24 22:00:00,business
VISIT_01763,SYN_P_0610,LOC_0032,2025-09-01 05:00:00,delivery
VISIT_01764,SYN_P_0818,LOC_0037,2024-08-01 07:00:00,meeting
VISIT_01765,SYN_P_0694,LOC_0009,2024-07-06 12:00:00,business
VISIT_01766,SYN_P_0508,LOC_0032,2024-11-02 18:00:00,residence
VISIT_01767,SYN_P_0053,LOC_0053,2024-10-17 01:00:00,business
VISIT_01768,SYN_P_0329,LOC_0035,2026-09-01 21:00:00,residence
VISIT_01769,SYN_P_0779,LOC_0073,2024-03-22 22:00:00,meeting
VISIT_01770,SYN_P_0815,LOC_0081,2026-07-21 09:00:00,travel
VISIT_01771,SYN_P_0360,LOC_0034,2026-08-28 02:00:00,meeting
VISIT_01772,SYN_P_0623,LOC_0056,2026-05-21 04:00:00,delivery
VISIT_01773,SYN_P_0387,LOC_0030,2025-03-31 17:00:00,residence
VISIT_01774,SYN_P_0687,LOC_0002,2026-06-28 22:00:00,residence
VISIT_01775,SYN_P_1037,LOC_0027,2026-10-07 19:00:00,delivery
VISIT_01776,SYN_P_0501,LOC_0030,2026-06-25 06:00:00,meeting
VISIT_01777,SYN_P_0142,LOC_0042,2026-07-13 18:00:00,meeting
VISIT_01778,SYN_P_0011,LOC_0075,2024-11-05 14:00:00,travel
VISIT_01779,SYN_P_0527,LOC_0032,2024-05-13 17:00:00,delivery
VISIT_01780,SYN_P_0316,LOC_0001,2025-08-31 05:00:00,residence
VISIT_01781,SYN_P_0544,LOC_0077,2026-01-21 11:00:00,business
VISIT_01782,SYN_P_0630,LOC_0039,2025-07-16 01:00:00,business
VISIT_01783,SYN_P_0868,LOC_0063,2026-04-28 08:00:00,travel
VISIT_01784,SYN_P_0780,LOC_0075,2026-09-19 11:00:00,delivery
VISIT_01785,SYN_P_0566,LOC_0074,2025-09-13 19:00:00,residence
VISIT_01786,SYN_P_0226,LOC_0080,2024-03-06 10:00:00,residence
VISIT_01787,SYN_P_0122,LOC_0025,2025-02-07 04:00:00,meeting
VISIT_01788,SYN_P_0523,LOC_0041,2026-08-12 20:00:00,residence
VISIT_01789,SYN_P_0775,LOC_0004,2024-12-07 15:00:00,business
VISIT_01790,SYN_P_0082,LOC_0044,2024-06-18 21:00:00,meeting
VISIT_01791,SYN_P_0497,LOC_0029,2024-09-26 20:00:00,business
VISIT_01792,SYN_P_0822,LOC_0055,2025-07-30 15:00:00,business
VISIT_01793,SYN_P_0020,LOC_0063,2026-10-28 17:00:00,meeting
VISIT_01794,SYN_P_0885,LOC_0004,2024-04-07 15:00:00,business
VISIT_01795,SYN_P_0810,LOC_0050,2025-11-05 21:00:00,delivery
VISIT_01796,SYN_P_0578,LOC_0062,2024-10-31 13:00:00,delivery
VISIT_01797,SYN_P_0514,LOC_0030,2025-07-12 05:00:00,residence
VISIT_01798,SYN_P_0348,LOC_0072,2026-05-28 19:00:00,delivery
VISIT_01799,SYN_P_0084,LOC_0029,2026-03-02 14:00:00,travel
VISIT_01800,SYN_P_0289,LOC_0061,2026-06-13 00:00:00,residence
VISIT_01801,SYN_P_0991,LOC_0058,2026-05-03 03:00:00,residence
VISIT_01802,SYN_P_0947,LOC_0038,2026-01-11 20:00:00,delivery
VISIT_01803,SYN_P_0596,LOC_0082,2025-12-29 07:00:00,business
VISIT_01804,SYN_P_0709,LOC_0035,2024-01-09 05:00:00,meeting
VISIT_01805,SYN_P_0915,LOC_0061,2026-10-22 10:00:00,residence
VISIT_01806,SYN_P_0406,LOC_0077,2026-10-19 20:00:00,residence
VISIT_01807,SYN_P_0366,LOC_0004,2025-11-01 23:00:00,meeting
VISIT_01808,SYN_P_0691,LOC_0017,2025-07-14 16:00:00,delivery
VISIT_01809,SYN_P_0071,LOC_0001,2025-12-21 13:00:00,residence
VISIT_01810,SYN_P_0804,LOC_0036,2026-08-11 01:00:00,residence
VISIT_01811,SYN_P_0918,LOC_0023,2024-11-15 20:00:00,meeting
VISIT_01812,SYN_P_0662,LOC_0082,2024-03-07 02:00:00,residence
VISIT_01813,SYN_P_0864,LOC_0073,2026-01-23 09:00:00,meeting
VISIT_01814,SYN_P_0950,LOC_0005,2024-06-04 00:00:00,business
VISIT_01815,SYN_P_0546,LOC_0020,2025-12-08 14:00:00,residence
VISIT_01816,SYN_P_0776,LOC_0077,2025-09-23 18:00:00,business
VISIT_01817,SYN_P_0213,LOC_0047,2024-07-17 09:00:00,delivery
VISIT_01818,SYN_P_0371,LOC_0005,2024-12-20 03:00:00,business
VISIT_01819,SYN_P_1026,LOC_0029,2024-02-29 05:00:00,meeting
VISIT_01820,SYN_P_0837,LOC_0039,2025-08-01 06:00:00,meeting
VISIT_01821,SYN_P_0336,LOC_0032,2024-03-19 11:00:00,residence
VISIT_01822,SYN_P_0171,LOC_0074,2024-11-13 11:00:00,business
VISIT_01823,SYN_P_0910,LOC_0021,2026-10-10 11:00:00,delivery
VISIT_01824,SYN_P_0188,LOC_0064,2024-05-30 01:00:00,business
VISIT_01825,SYN_P_0246,LOC_0004,2025-09-24 01:00:00,delivery
VISIT_01826,SYN_P_0920,LOC_0044,2025-02-22 20:00:00,delivery
VISIT_01827,SYN_P_0503,LOC_0034,2026-05-11 03:00:00,business
VISIT_01828,SYN_P_0674,LOC_0041,2024-10-13 16:00:00,delivery
VISIT_01829,SYN_P_0880,LOC_0041,2026-03-13 15:00:00,meeting
VISIT_01830,SYN_P_0262,LOC_0034,2024-06-26 21:00:00,residence
VISIT_01831,SYN_P_0104,LOC_0033,2026-02-16 16:00:00,travel
VISIT_01832,SYN_P_0097,LOC_0054,2025-01-08 12:00:00,travel
VISIT_01833,SYN_P_0998,LOC_0047,2025-10-08 04:00:00,meeting
VISIT_01834,SYN_P_0281,LOC_0072,2025-04-03 14:00:00,business
VISIT_01835,SYN_P_0909,LOC_0018,2024-02-12 21:00:00,business
VISIT_01836,SYN_P_0567,LOC_0080,2025-07-08 00:00:00,residence
VISIT_01837,SYN_P_0951,LOC_0068,2026-01-25 13:00:00,travel
VISIT_01838,SYN_P_0649,LOC_0030,2024-02-22 20:00:00,residence
VISIT_01839,SYN_P_0848,LOC_0022,2026-01-22 02:00:00,travel
VISIT_01840,SYN_P_0998,LOC_0022,2025-07-19 02:00:00,meeting
VISIT_01841,SYN_P_1004,LOC_0048,2024-07-07 08:00:00,meeting
VISIT_01842,SYN_P_0015,LOC_0048,2026-08-11 16:00:00,residence
VISIT_01843,SYN_P_0617,LOC_0048,2026-02-03 06:00:00,travel
VISIT_01844,SYN_P_0586,LOC_0060,2024-05-29 03:00:00,delivery
VISIT_01845,SYN_P_0021,LOC_0065,2025-08-09 08:00:00,travel
VISIT_01846,SYN_P_0228,LOC_0084,2024-07-27 09:00:00,residence
VISIT_01847,SYN_P_0655,LOC_0055,2025-11-20 17:00:00,delivery
VISIT_01848,SYN_P_0164,LOC_0015,2025-08-03 17:00:00,delivery
VISIT_01849,SYN_P_0064,LOC_0068,2026-07-22 23:00:00,business
VISIT_01850,SYN_P_0513,LOC_0083,2026-05-20 06:00:00,residence
VISIT_01851,SYN_P_0288,LOC_0028,2026-08-09 15:00:00,business
VISIT_01852,SYN_P_0850,LOC_0012,2024-07-10 06:00:00,business
VISIT_01853,SYN_P_0698,LOC_0037,2024-12-10 01:00:00,meeting
VISIT_01854,SYN_P_0984,LOC_0027,2024-03-10 22:00:00,delivery
VISIT_01855,SYN_P_0623,LOC_0025,2024-12-10 10:00:00,residence
VISIT_01856,SYN_P_0402,LOC_0079,2025-10-18 18:00:00,delivery
VISIT_01857,SYN_P_0262,LOC_0054,2024-07-18 20:00:00,meeting
VISIT_01858,SYN_P_0662,LOC_0051,2026-07-14 02:00:00,residence
VISIT_01859,SYN_P_0645,LOC_0026,2026-07-26 01:00:00,residence
VISIT_01860,SYN_P_0023,LOC_0069,2025-04-11 00:00:00,business
VISIT_01861,SYN_P_0994,LOC_0056,2026-10-31 01:00:00,meeting
VISIT_01862,SYN_P_0783,LOC_0066,2025-06-24 12:00:00,meeting
VISIT_01863,SYN_P_0241,LOC_0054,2025-05-05 18:00:00,meeting
VISIT_01864,SYN_P_0748,LOC_0074,2024-09-26 13:00:00,residence
VISIT_01865,SYN_P_0536,LOC_0083,2025-11-05 05:00:00,delivery
VISIT_01866,SYN_P_1028,LOC_0070,2026-05-26 13:00:00,business
VISIT_01867,SYN_P_0560,LOC_0083,2024-08-14 18:00:00,travel
VISIT_01868,SYN_P_0356,LOC_0078,2024-04-24 06:00:00,travel
VISIT_01869,SYN_P_0294,LOC_0070,2026-09-03 13:00:00,meeting
VISIT_01870,SYN_P_0479,LOC_0083,2026-04-06 07:00:00,delivery
VISIT_01871,SYN_P_0213,LOC_0064,2025-02-12 00:00:00,travel
VISIT_01872,SYN_P_0654,LOC_0057,2026-03-11 10:00:00,meeting
VISIT_01873,SYN_P_0310,LOC_0053,2025-03-11 21:00:00,meeting
VISIT_01874,SYN_P_0293,LOC_0078,2026-07-10 22:00:00,business
VISIT_01875,SYN_P_0585,LOC_0079,2025-08-05 08:00:00,business
VISIT_01876,SYN_P_0475,LOC_0022,2026-05-27 02:00:00,delivery
VISIT_01877,SYN_P_0661,LOC_0033,2024-04-06 20:00:00,business
VISIT_01878,SYN_P_0110,LOC_0005,2024-03-04 03:00:00,meeting
VISIT_01879,SYN_P_0472,LOC_0072,2026-08-10 13:00:00,meeting
VISIT_01880,SYN_P_0406,LOC_0044,2026-10-23 07:00:00,delivery
VISIT_01881,SYN_P_0861,LOC_0027,2026-03-27 04:00:00,business
VISIT_01882,SYN_P_0772,LOC_0060,2025-01-08 03:00:00,delivery
VISIT_01883,SYN_P_0960,LOC_0012,2026-01-22 07:00:00,meeting
VISIT_01884,SYN_P_0220,LOC_0003,2024-07-08 03:00:00,residence
VISIT_01885,SYN_P_0709,LOC_0028,2026-09-24 18:00:00,residence
VISIT_01886,SYN_P_0521,LOC_0034,2025-08-25 23:00:00,residence
VISIT_01887,SYN_P_0445,LOC_0013,2024-02-20 20:00:00,travel
VISIT_01888,SYN_P_0130,LOC_0041,2024-04-17 03:00:00,delivery
VISIT_01889,SYN_P_0858,LOC_0065,2024-11-26 00:00:00,delivery
VISIT_01890,SYN_P_0343,LOC_0038,2025-08-16 17:00:00,business
VISIT_01891,SYN_P_0574,LOC_0035,2024-09-01 13:00:00,meeting
VISIT_01892,SYN_P_0885,LOC_0046,2024-09-19 18:00:00,meeting
VISIT_01893,SYN_P_0337,LOC_0054,2024-12-11 01:00:00,delivery
VISIT_01894,SYN_P_0596,LOC_0039,2024-06-01 14:00:00,meeting
VISIT_01895,SYN_P_0449,LOC_0037,2026-08-03 02:00:00,residence
VISIT_01896,SYN_P_0915,LOC_0022,2024-04-21 01:00:00,residence
VISIT_01897,SYN_P_0489,LOC_0079,2025-11-14 23:00:00,delivery
VISIT_01898,SYN_P_0103,LOC_0057,2025-05-06 07:00:00,travel
VISIT_01899,SYN_P_0798,LOC_0077,2024-06-15 03:00:00,travel
VISIT_01900,SYN_P_0127,LOC_0026,2026-05-21 11:00:00,meeting
VISIT_01901,SYN_P_0630,LOC_0009,2025-07-16 09:00:00,delivery
VISIT_01902,SYN_P_0020,LOC_0064,2025-08-30 08:00:00,travel
VISIT_01903,SYN_P_0470,LOC_0031,2026-07-23 05:00:00,delivery
VISIT_01904,SYN_P_0702,LOC_0013,2025-02-20 06:00:00,residence
VISIT_01905,SYN_P_0970,LOC_0058,2025-10-28 15:00:00,business
VISIT_01906,SYN_P_0623,LOC_0007,2025-02-19 01:00:00,business
VISIT_01907,SYN_P_0814,LOC_0076,2026-08-12 02:00:00,meeting
VISIT_01908,SYN_P_0702,LOC_0074,2024-01-09 17:00:00,business
VISIT_01909,SYN_P_0510,LOC_0032,2024-09-15 07:00:00,delivery
VISIT_01910,SYN_P_0609,LOC_0044,2026-09-30 01:00:00,meeting
VISIT_01911,SYN_P_0874,LOC_0027,2024-07-29 16:00:00,travel
VISIT_01912,SYN_P_0312,LOC_0021,2024-04-05 17:00:00,meeting
VISIT_01913,SYN_P_0301,LOC_0080,2024-04-28 23:00:00,meeting
VISIT_01914,SYN_P_0067,LOC_0033,2025-02-24 12:00:00,meeting
VISIT_01915,SYN_P_0761,LOC_0061,2025-05-24 03:00:00,delivery
VISIT_01916,SYN_P_0913,LOC_0034,2024-08-15 22:00:00,residence
VISIT_01917,SYN_P_0901,LOC_0064,2024-11-13 03:00:00,travel
VISIT_01918,SYN_P_0509,LOC_0053,2024-08-30 10:00:00,travel
VISIT_01919,SYN_P_0530,LOC_0014,2026-03-29 13:00:00,travel
VISIT_01920,SYN_P_0679,LOC_0004,2024-08-14 12:00:00,residence
VISIT_01921,SYN_P_0070,LOC_0066,2025-01-27 07:00:00,travel
VISIT_01922,SYN_P_0264,LOC_0021,2025-03-14 04:00:00,meeting
VISIT_01923,SYN_P_0290,LOC_0066,2025-11-10 22:00:00,business
VISIT_01924,SYN_P_0879,LOC_0044,2025-12-16 19:00:00,meeting
VISIT_01925,SYN_P_0521,LOC_0052,2026-03-17 20:00:00,travel
VISIT_01926,SYN_P_0073,LOC_0036,2026-03-10 02:00:00,delivery
VISIT_01927,SYN_P_0964,LOC_0033,2024-08-30 02:00:00,delivery
VISIT_01928,SYN_P_0564,LOC_0038,2025-10-05 00:00:00,residence
VISIT_01929,SYN_P_0553,LOC_0067,2024-11-25 20:00:00,residence
VISIT_01930,SYN_P_0033,LOC_0078,2026-10-20 14:00:00,delivery
VISIT_01931,SYN_P_0140,LOC_0030,2025-03-30 02:00:00,business
VISIT_01932,SYN_P_0721,LOC_0016,2024-01-23 23:00:00,travel
VISIT_01933,SYN_P_0535,LOC_0029,2024-03-01 19:00:00,travel
VISIT_01934,SYN_P_0511,LOC_0017,2026-09-11 00:00:00,residence
VISIT_01935,SYN_P_0444,LOC_0023,2025-03-29 00:00:00,delivery
VISIT_01936,SYN_P_0045,LOC_0008,2024-04-09 04:00:00,meeting
VISIT_01937,SYN_P_0656,LOC_0018,2025-08-29 12:00:00,meeting
VISIT_01938,SYN_P_0443,LOC_0032,2026-07-27 05:00:00,business
VISIT_01939,SYN_P_0053,LOC_0001,2024-12-20 01:00:00,residence
VISIT_01940,SYN_P_0170,LOC_0055,2026-06-06 05:00:00,meeting
VISIT_01941,SYN_P_0111,LOC_0029,2025-07-21 00:00:00,residence
VISIT_01942,SYN_P_0983,LOC_0058,2024-07-16 13:00:00,residence
VISIT_01943,SYN_P_0815,LOC_0046,2024-01-11 22:00:00,delivery
VISIT_01944,SYN_P_0230,LOC_0017,2024-05-15 20:00:00,meeting
VISIT_01945,SYN_P_0099,LOC_0084,2024-01-11 07:00:00,residence
VISIT_01946,SYN_P_0721,LOC_0022,2025-09-28 12:00:00,residence
VISIT_01947,SYN_P_0621,LOC_0067,2026-09-27 03:00:00,residence
VISIT_01948,SYN_P_0945,LOC_0083,2025-02-15 02:00:00,business
VISIT_01949,SYN_P_0571,LOC_0009,2024-07-31 15:00:00,residence
VISIT_01950,SYN_P_0956,LOC_0042,2026-06-13 06:00:00,travel
VISIT_01951,SYN_P_0809,LOC_0008,2026-07-04 22:00:00,travel
VISIT_01952,SYN_P_1010,LOC_0049,2026-07-05 02:00:00,delivery
VISIT_01953,SYN_P_0392,LOC_0002,2025-07-26 00:00:00,travel
VISIT_01954,SYN_P_0329,LOC_0038,2026-04-04 01:00:00,business
VISIT_01955,SYN_P_0089,LOC_0045,2025-03-28 12:00:00,business
VISIT_01956,SYN_P_0291,LOC_0039,2025-07-30 06:00:00,travel
VISIT_01957,SYN_P_0084,LOC_0044,2026-02-22 14:00:00,meeting
VISIT_01958,SYN_P_0587,LOC_0026,2025-02-08 18:00:00,business
VISIT_01959,SYN_P_0591,LOC_0033,2025-10-25 18:00:00,business
VISIT_01960,SYN_P_0942,LOC_0029,2025-01-20 14:00:00,meeting
VISIT_01961,SYN_P_0801,LOC_0040,2025-01-05 01:00:00,residence
VISIT_01962,SYN_P_1011,LOC_0010,2026-09-03 13:00:00,business
VISIT_01963,SYN_P_0323,LOC_0038,2026-07-09 11:00:00,meeting
VISIT_01964,SYN_P_0460,LOC_0065,2025-06-07 18:00:00,travel
VISIT_01965,SYN_P_0975,LOC_0023,2026-03-20 11:00:00,residence
VISIT_01966,SYN_P_0595,LOC_0028,2025-04-27 09:00:00,business
VISIT_01967,SYN_P_0291,LOC_0003,2024-10-12 17:00:00,travel
VISIT_01968,SYN_P_0610,LOC_0006,2026-07-26 18:00:00,business
VISIT_01969,SYN_P_0778,LOC_0064,2025-03-14 01:00:00,delivery
VISIT_01970,SYN_P_0939,LOC_0068,2025-11-22 13:00:00,delivery
VISIT_01971,SYN_P_0751,LOC_0068,2026-01-23 05:00:00,residence
VISIT_01972,SYN_P_0740,LOC_0060,2026-10-04 19:00:00,delivery
VISIT_01973,SYN_P_0529,LOC_0062,2026-03-14 20:00:00,business
VISIT_01974,SYN_P_0266,LOC_0026,2025-04-11 10:00:00,delivery
VISIT_01975,SYN_P_0684,LOC_0052,2024-03-07 03:00:00,business
VISIT_01976,SYN_P_0205,LOC_0022,2025-03-19 16:00:00,delivery
VISIT_01977,SYN_P_0284,LOC_0007,2024-12-06 21:00:00,travel
VISIT_01978,SYN_P_0239,LOC_0032,2025-10-23 23:00:00,meeting
VISIT_01979,SYN_P_0411,LOC_0014,2025-01-28 21:00:00,business
VISIT_01980,SYN_P_0253,LOC_0066,2024-10-05 13:00:00,business
VISIT_01981,SYN_P_0071,LOC_0003,2025-12-11 18:00:00,meeting
VISIT_01982,SYN_P_0501,LOC_0041,2026-07-13 02:00:00,meeting
VISIT_01983,SYN_P_0125,LOC_0079,2024-05-08 22:00:00,travel
VISIT_01984,SYN_P_0750,LOC_0033,2024-04-29 02:00:00,business
VISIT_01985,SYN_P_0490,LOC_0014,2025-03-12 00:00:00,business
VISIT_01986,SYN_P_0532,LOC_0023,2024-04-23 19:00:00,delivery
VISIT_01987,SYN_P_0291,LOC_0041,2026-04-23 09:00:00,business
VISIT_01988,SYN_P_0820,LOC_0019,2025-03-28 15:00:00,delivery
VISIT_01989,SYN_P_0945,LOC_0071,2025-08-07 10:00:00,meeting
VISIT_01990,SYN_P_0242,LOC_0023,2026-01-17 10:00:00,travel
VISIT_01991,SYN_P_1018,LOC_0044,2024-10-04 07:00:00,meeting
VISIT_01992,SYN_P_0429,LOC_0025,2024-07-17 07:00:00,delivery
VISIT_01993,SYN_P_0455,LOC_0073,2026-10-21 09:00:00,business
VISIT_01994,SYN_P_0215,LOC_0084,2025-12-20 19:00:00,travel
VISIT_01995,SYN_P_0467,LOC_0040,2025-07-07 09:00:00,delivery
VISIT_01996,SYN_P_0018,LOC_0041,2026-04-15 19:00:00,business
VISIT_01997,SYN_P_0425,LOC_0047,2024-04-01 14:00:00,residence
VISIT_01998,SYN_P_0333,LOC_0037,2025-11-30 04:00:00,delivery
VISIT_01999,SYN_P_0574,LOC_0043,2024-12-21 14:00:00,meeting
VISIT_02000,SYN_P_0639,LOC_0069,2025-01-06 19:00:00,meeting
VISIT_02001,SYN_P_0513,LOC_0059,2024-11-09 09:00:00,delivery
VISIT_02002,SYN_P_0453,LOC_0049,2026-05-15 20:00:00,residence
VISIT_02003,SYN_P_0235,LOC_0026,2024-08-20 21:00:00,business
VISIT_02004,SYN_P_0024,LOC_0015,2024-01-02 04:00:00,residence
VISIT_02005,SYN_P_0382,LOC_0063,2025-09-01 11:00:00,business
VISIT_02006,SYN_P_0528,LOC_0062,2024-03-18 19:00:00,business
VISIT_02007,SYN_P_0137,LOC_0073,2026-10-06 11:00:00,travel
VISIT_02008,SYN_P_0439,LOC_0068,2025-10-27 11:00:00,delivery
VISIT_02009,SYN_P_0831,LOC_0018,2024-06-22 21:00:00,business
VISIT_02010,SYN_P_0234,LOC_0055,2026-05-29 03:00:00,delivery
VISIT_02011,SYN_P_0824,LOC_0052,2025-04-19 18:00:00,delivery
VISIT_02012,SYN_P_0700,LOC_0084,2026-05-18 00:00:00,delivery
VISIT_02013,SYN_P_0865,LOC_0001,2025-01-17 05:00:00,business
VISIT_02014,SYN_P_0372,LOC_0025,2026-07-19 08:00:00,residence
VISIT_02015,SYN_P_0139,LOC_0013,2026-01-15 22:00:00,residence
VISIT_02016,SYN_P_0887,LOC_0049,2025-02-17 15:00:00,delivery
VISIT_02017,SYN_P_0299,LOC_0035,2024-06-04 16:00:00,delivery
VISIT_02018,SYN_P_0030,LOC_0023,2026-01-31 07:00:00,residence
VISIT_02019,SYN_P_0439,LOC_0024,2024-12-06 18:00:00,residence
VISIT_02020,SYN_P_0911,LOC_0056,2026-10-12 15:00:00,travel
VISIT_02021,SYN_P_1006,LOC_0034,2025-04-02 21:00:00,business
VISIT_02022,SYN_P_0888,LOC_0037,2026-06-18 03:00:00,travel
VISIT_02023,SYN_P_0197,LOC_0034,2026-09-09 06:00:00,meeting
VISIT_02024,SYN_P_0058,LOC_0057,2024-09-19 16:00:00,residence
VISIT_02025,SYN_P_0706,LOC_0044,2025-01-30 07:00:00,meeting
VISIT_02026,SYN_P_0962,LOC_0058,2026-06-08 05:00:00,travel
VISIT_02027,SYN_P_0736,LOC_0052,2026-06-08 22:00:00,travel
VISIT_02028,SYN_P_0280,LOC_0054,2025-02-23 13:00:00,delivery
VISIT_02029,SYN_P_1001,LOC_0056,2026-08-07 20:00:00,meeting
VISIT_02030,SYN_P_0243,LOC_0065,2026-02-23 10:00:00,travel
VISIT_02031,SYN_P_0389,LOC_0032,2026-03-19 23:00:00,business
VISIT_02032,SYN_P_0392,LOC_0067,2024-12-25 23:00:00,meeting
VISIT_02033,SYN_P_0546,LOC_0001,2025-09-07 17:00:00,delivery
VISIT_02034,SYN_P_0569,LOC_0010,2026-05-24 20:00:00,travel
VISIT_02035,SYN_P_0085,LOC_0015,2024-02-15 10:00:00,meeting
VISIT_02036,SYN_P_0371,LOC_0048,2024-07-30 20:00:00,residence
VISIT_02037,SYN_P_1016,LOC_0014,2026-10-31 09:00:00,business
VISIT_02038,SYN_P_0090,LOC_0061,2026-09-30 11:00:00,business
VISIT_02039,SYN_P_0251,LOC_0052,2024-12-22 23:00:00,residence
VISIT_02040,SYN_P_1006,LOC_0080,2024-03-03 02:00:00,travel
VISIT_02041,SYN_P_0469,LOC_0066,2025-06-07 17:00:00,travel
VISIT_02042,SYN_P_0004,LOC_0064,2025-08-09 03:00:00,meeting
VISIT_02043,SYN_P_0237,LOC_0053,2026-05-02 07:00:00,meeting
VISIT_02044,SYN_P_0771,LOC_0071,2025-01-23 14:00:00,meeting
VISIT_02045,SYN_P_0066,LOC_0054,2025-04-13 14:00:00,delivery
VISIT_02046,SYN_P_0472,LOC_0081,2026-02-01 20:00:00,residence
VISIT_02047,SYN_P_0589,LOC_0040,2024-07-05 07:00:00,business
VISIT_02048,SYN_P_0188,LOC_0047,2024-11-10 01:00:00,meeting
VISIT_02049,SYN_P_0477,LOC_0058,2024-11-01 19:00:00,meeting
VISIT_02050,SYN_P_0532,LOC_0032,2025-02-01 03:00:00,business
VISIT_02051,SYN_P_0545,LOC_0018,2025-05-12 09:00:00,business
VISIT_02052,SYN_P_0306,LOC_0064,2024-03-28 13:00:00,residence
VISIT_02053,SYN_P_0828,LOC_0016,2026-04-17 20:00:00,residence
VISIT_02054,SYN_P_0772,LOC_0083,2024-02-16 19:00:00,meeting
VISIT_02055,SYN_P_0232,LOC_0038,2025-01-29 11:00:00,business
VISIT_02056,SYN_P_0138,LOC_0076,2024-03-15 01:00:00,meeting
VISIT_02057,SYN_P_0893,LOC_0038,2025-04-01 22:00:00,delivery
VISIT_02058,SYN_P_0471,LOC_0022,2026-02-15 23:00:00,meeting
VISIT_02059,SYN_P_0565,LOC_0070,2024-10-07 22:00:00,residence
VISIT_02060,SYN_P_0357,LOC_0082,2024-01-19 07:00:00,business
VISIT_02061,SYN_P_0625,LOC_0029,2026-06-09 16:00:00,business
VISIT_02062,SYN_P_0657,LOC_0044,2025-06-12 05:00:00,delivery
VISIT_02063,SYN_P_0801,LOC_0016,2024-12-11 14:00:00,residence
VISIT_02064,SYN_P_0995,LOC_0008,2025-06-01 10:00:00,travel
VISIT_02065,SYN_P_0118,LOC_0038,2025-01-17 02:00:00,residence
VISIT_02066,SYN_P_0240,LOC_0050,2024-10-31 03:00:00,delivery
VISIT_02067,SYN_P_0227,LOC_0001,2024-06-25 00:00:00,business
VISIT_02068,SYN_P_0462,LOC_0071,2026-05-01 02:00:00,delivery
VISIT_02069,SYN_P_0891,LOC_0064,2026-05-13 22:00:00,travel
VISIT_02070,SYN_P_0265,LOC_0062,2024-06-13 22:00:00,business
VISIT_02071,SYN_P_0968,LOC_0058,2026-08-01 04:00:00,travel
VISIT_02072,SYN_P_0749,LOC_0030,2026-03-26 11:00:00,residence
VISIT_02073,SYN_P_0391,LOC_0025,2024-06-17 05:00:00,travel
VISIT_02074,SYN_P_0475,LOC_0029,2024-05-04 21:00:00,travel
VISIT_02075,SYN_P_0034,LOC_0071,2024-04-16 15:00:00,delivery
VISIT_02076,SYN_P_0436,LOC_0015,2026-10-26 15:00:00,delivery
VISIT_02077,SYN_P_0663,LOC_0026,2026-07-25 07:00:00,meeting
VISIT_02078,SYN_P_0617,LOC_0006,2025-08-06 00:00:00,residence
VISIT_02079,SYN_P_0816,LOC_0011,2026-02-11 10:00:00,residence
VISIT_02080,SYN_P_0783,LOC_0013,2026-02-17 11:00:00,delivery
VISIT_02081,SYN_P_0444,LOC_0009,2026-02-28 07:00:00,business
VISIT_02082,SYN_P_0390,LOC_0029,2025-09-03 11:00:00,business
VISIT_02083,SYN_P_0548,LOC_0061,2025-01-19 21:00:00,business
VISIT_02084,SYN_P_1029,LOC_0014,2024-06-16 16:00:00,meeting
VISIT_02085,SYN_P_0499,LOC_0035,2024-05-05 00:00:00,residence
VISIT_02086,SYN_P_0449,LOC_0013,2026-05-21 01:00:00,meeting
VISIT_02087,SYN_P_0210,LOC_0017,2025-01-29 12:00:00,travel
VISIT_02088,SYN_P_0851,LOC_0053,2024-02-25 00:00:00,travel
VISIT_02089,SYN_P_0168,LOC_0004,2024-05-07 03:00:00,business
VISIT_02090,SYN_P_0232,LOC_0037,2026-11-02 15:00:00,business
VISIT_02091,SYN_P_0724,LOC_0071,2025-01-29 05:00:00,residence
VISIT_02092,SYN_P_0202,LOC_0075,2025-09-06 15:00:00,residence
VISIT_02093,SYN_P_0212,LOC_0076,2026-08-12 10:00:00,business
VISIT_02094,SYN_P_0770,LOC_0003,2025-04-28 17:00:00,travel
VISIT_02095,SYN_P_0842,LOC_0071,2024-12-11 17:00:00,residence
VISIT_02096,SYN_P_0652,LOC_0014,2026-02-19 04:00:00,delivery
VISIT_02097,SYN_P_0191,LOC_0039,2025-07-03 07:00:00,residence
VISIT_02098,SYN_P_0755,LOC_0048,2025-03-21 12:00:00,meeting
VISIT_02099,SYN_P_0415,LOC_0004,2024-02-11 06:00:00,business
VISIT_02100,SYN_P_0056,LOC_0057,2024-07-15 15:00:00,meeting
VISIT_02101,SYN_P_0172,LOC_0004,2026-08-17 20:00:00,delivery
VISIT_02102,SYN_P_0476,LOC_0044,2025-09-29 19:00:00,travel
VISIT_02103,SYN_P_0424,LOC_0054,2024-09-08 07:00:00,meeting
VISIT_02104,SYN_P_0364,LOC_0078,2024-09-13 20:00:00,delivery
VISIT_02105,SYN_P_0911,LOC_0016,2025-07-25 18:00:00,residence
VISIT_02106,SYN_P_0405,LOC_0077,2025-10-25 04:00:00,meeting
VISIT_02107,SYN_P_0531,LOC_0015,2026-01-02 20:00:00,business
VISIT_02108,SYN_P_0893,LOC_0078,2026-05-05 15:00:00,meeting
VISIT_02109,SYN_P_0237,LOC_0036,2024-02-26 13:00:00,travel
VISIT_02110,SYN_P_0906,LOC_0077,2025-11-09 05:00:00,meeting
VISIT_02111,SYN_P_0338,LOC_0036,2026-05-04 20:00:00,meeting
VISIT_02112,SYN_P_0792,LOC_0048,2026-10-11 22:00:00,residence
VISIT_02113,SYN_P_0278,LOC_0019,2026-01-08 03:00:00,delivery
VISIT_02114,SYN_P_0579,LOC_0027,2026-01-09 04:00:00,business
VISIT_02115,SYN_P_0359,LOC_0023,2025-09-28 23:00:00,business
VISIT_02116,SYN_P_0379,LOC_0011,2024-04-22 14:00:00,travel
VISIT_02117,SYN_P_0392,LOC_0022,2024-10-12 18:00:00,delivery
VISIT_02118,SYN_P_0852,LOC_0078,2025-12-10 15:00:00,residence
VISIT_02119,SYN_P_0671,LOC_0069,2025-04-08 07:00:00,residence
VISIT_02120,SYN_P_0199,LOC_0061,2026-10-13 13:00:00,business
VISIT_02121,SYN_P_0920,LOC_0010,2026-02-07 04:00:00,travel
VISIT_02122,SYN_P_0492,LOC_0053,2025-07-15 07:00:00,meeting
VISIT_02123,SYN_P_1022,LOC_0069,2026-08-11 13:00:00,residence
VISIT_02124,SYN_P_0428,LOC_0069,2026-06-13 20:00:00,meeting
VISIT_02125,SYN_P_0903,LOC_0059,2025-10-15 17:00:00,residence
VISIT_02126,SYN_P_0581,LOC_0059,2025-03-22 22:00:00,meeting
VISIT_02127,SYN_P_0286,LOC_0065,2026-02-13 10:00:00,meeting
VISIT_02128,SYN_P_0417,LOC_0047,2026-06-23 09:00:00,business
VISIT_02129,SYN_P_0450,LOC_0018,2025-10-17 07:00:00,business
VISIT_02130,SYN_P_0370,LOC_0021,2026-04-11 14:00:00,delivery
VISIT_02131,SYN_P_0364,LOC_0032,2024-05-04 08:00:00,delivery
VISIT_02132,SYN_P_0408,LOC_0056,2025-12-29 09:00:00,meeting
VISIT_02133,SYN_P_0983,LOC_0035,2026-07-29 05:00:00,business
VISIT_02134,SYN_P_0478,LOC_0011,2024-07-30 12:00:00,residence
VISIT_02135,SYN_P_0970,LOC_0018,2026-01-25 10:00:00,business
VISIT_02136,SYN_P_0015,LOC_0080,2025-04-01 11:00:00,residence
VISIT_02137,SYN_P_0776,LOC_0042,2024-10-09 13:00:00,meeting
VISIT_02138,SYN_P_0441,LOC_0037,2024-02-12 08:00:00,business
VISIT_02139,SYN_P_0745,LOC_0027,2024-11-07 11:00:00,business
VISIT_02140,SYN_P_0227,LOC_0001,2026-05-30 04:00:00,business
VISIT_02141,SYN_P_0528,LOC_0076,2025-07-21 14:00:00,business
VISIT_02142,SYN_P_0740,LOC_0036,2024-05-20 16:00:00,residence
VISIT_02143,SYN_P_0264,LOC_0074,2025-06-09 08:00:00,residence
VISIT_02144,SYN_P_0378,LOC_0082,2026-03-08 04:00:00,travel
VISIT_02145,SYN_P_0635,LOC_0005,2026-01-13 18:00:00,meeting
VISIT_02146,SYN_P_0178,LOC_0068,2025-03-04 12:00:00,meeting
VISIT_02147,SYN_P_0370,LOC_0036,2025-12-07 00:00:00,travel
VISIT_02148,SYN_P_0848,LOC_0042,2025-12-16 12:00:00,business
VISIT_02149,SYN_P_0803,LOC_0066,2025-07-22 21:00:00,meeting
VISIT_02150,SYN_P_0591,LOC_0051,2024-01-29 18:00:00,residence
VISIT_02151,SYN_P_0177,LOC_0074,2026-07-06 07:00:00,business
VISIT_02152,SYN_P_0161,LOC_0019,2024-02-07 23:00:00,meeting
VISIT_02153,SYN_P_0568,LOC_0049,2025-11-04 17:00:00,residence
VISIT_02154,SYN_P_0904,LOC_0006,2025-04-12 11:00:00,travel
VISIT_02155,SYN_P_0158,LOC_0023,2024-10-05 07:00:00,residence
VISIT_02156,SYN_P_0051,LOC_0020,2026-02-17 12:00:00,residence
VISIT_02157,SYN_P_0947,LOC_0083,2026-05-17 13:00:00,delivery
VISIT_02158,SYN_P_0210,LOC_0015,2025-06-06 03:00:00,travel
VISIT_02159,SYN_P_0438,LOC_0081,2024-01-08 14:00:00,residence
VISIT_02160,SYN_P_0589,LOC_0020,2025-04-19 18:00:00,meeting
VISIT_02161,SYN_P_0792,LOC_0064,2025-05-24 00:00:00,delivery
VISIT_02162,SYN_P_0275,LOC_0064,2025-05-13 09:00:00,business
VISIT_02163,SYN_P_0031,LOC_0006,2025-09-04 09:00:00,residence
VISIT_02164,SYN_P_0510,LOC_0040,2024-03-10 05:00:00,delivery
VISIT_02165,SYN_P_0022,LOC_0016,2026-09-15 06:00:00,delivery
VISIT_02166,SYN_P_0136,LOC_0048,2025-09-24 08:00:00,delivery
VISIT_02167,SYN_P_0716,LOC_0048,2025-06-19 21:00:00,delivery
VISIT_02168,SYN_P_0187,LOC_0054,2024-10-18 18:00:00,delivery
VISIT_02169,SYN_P_0282,LOC_0034,2026-03-08 14:00:00,meeting
VISIT_02170,SYN_P_0881,LOC_0042,2026-07-08 03:00:00,residence
VISIT_02171,SYN_P_0832,LOC_0024,2026-03-24 07:00:00,residence
VISIT_02172,SYN_P_0937,LOC_0025,2026-05-20 09:00:00,business
VISIT_02173,SYN_P_0369,LOC_0026,2024-12-23 06:00:00,travel
VISIT_02174,SYN_P_0485,LOC_0080,2025-09-02 10:00:00,business
VISIT_02175,SYN_P_0355,LOC_0052,2026-04-01 22:00:00,residence
VISIT_02176,SYN_P_0258,LOC_0025,2025-11-07 18:00:00,residence
VISIT_02177,SYN_P_0560,LOC_0070,2024-09-05 12:00:00,delivery
VISIT_02178,SYN_P_0907,LOC_0003,2024-02-26 16:00:00,residence
VISIT_02179,SYN_P_0575,LOC_0026,2024-07-05 08:00:00,residence
VISIT_02180,SYN_P_0613,LOC_0076,2026-05-11 07:00:00,delivery
VISIT_02181,SYN_P_0309,LOC_0069,2024-06-26 17:00:00,meeting
VISIT_02182,SYN_P_0487,LOC_0021,2024-07-09 06:00:00,delivery
VISIT_02183,SYN_P_0839,LOC_0058,2025-03-24 06:00:00,delivery
VISIT_02184,SYN_P_0125,LOC_0015,2026-07-21 09:00:00,delivery
VISIT_02185,SYN_P_0859,LOC_0013,2026-04-28 22:00:00,delivery
VISIT_02186,SYN_P_0572,LOC_0049,2024-04-08 23:00:00,business
VISIT_02187,SYN_P_0298,LOC_0017,2026-10-28 00:00:00,travel
VISIT_02188,SYN_P_0281,LOC_0021,2026-05-10 08:00:00,business
VISIT_02189,SYN_P_0471,LOC_0029,2025-04-25 07:00:00,residence
VISIT_02190,SYN_P_0897,LOC_0033,2025-01-05 13:00:00,residence
VISIT_02191,SYN_P_0180,LOC_0024,2025-10-18 03:00:00,travel
VISIT_02192,SYN_P_0058,LOC_0027,2024-09-27 01:00:00,residence
VISIT_02193,SYN_P_0410,LOC_0078,2025-05-27 03:00:00,residence
VISIT_02194,SYN_P_0464,LOC_0019,2025-11-21 20:00:00,residence
VISIT_02195,SYN_P_0208,LOC_0044,2024-11-15 05:00:00,travel
VISIT_02196,SYN_P_0636,LOC_0008,2026-05-22 08:00:00,delivery
VISIT_02197,SYN_P_0223,LOC_0071,2025-10-26 21:00:00,residence
VISIT_02198,SYN_P_0802,LOC_0083,2025-05-15 12:00:00,travel
VISIT_02199,SYN_P_0566,LOC_0047,2026-03-09 16:00:00,business
VISIT_02200,SYN_P_0226,LOC_0041,2026-10-12 14:00:00,meeting
VISIT_02201,SYN_P_0326,LOC_0011,2025-08-03 07:00:00,business
VISIT_02202,SYN_P_0346,LOC_0083,2026-07-16 14:00:00,meeting
VISIT_02203,SYN_P_0502,LOC_0065,2024-04-15 16:00:00,meeting
VISIT_02204,SYN_P_0926,LOC_0014,2025-01-07 01:00:00,travel
VISIT_02205,SYN_P_0145,LOC_0013,2025-07-14 11:00:00,business
VISIT_02206,SYN_P_0771,LOC_0023,2025-08-24 15:00:00,travel
VISIT_02207,SYN_P_0583,LOC_0038,2024-06-07 12:00:00,residence
VISIT_02208,SYN_P_0957,LOC_0063,2025-02-28 16:00:00,travel
VISIT_02209,SYN_P_0633,LOC_0064,2025-08-02 22:00:00,travel
VISIT_02210,SYN_P_0037,LOC_0076,2025-12-05 20:00:00,meeting
VISIT_02211,SYN_P_0444,LOC_0026,2024-06-23 08:00:00,delivery
VISIT_02212,SYN_P_0434,LOC_0078,2024-01-13 22:00:00,meeting
VISIT_02213,SYN_P_0633,LOC_0060,2024-02-19 02:00:00,delivery
VISIT_02214,SYN_P_0509,LOC_0059,2025-03-16 00:00:00,residence
VISIT_02215,SYN_P_0396,LOC_0010,2024-07-14 09:00:00,delivery
VISIT_02216,SYN_P_0681,LOC_0061,2024-06-03 05:00:00,meeting
VISIT_02217,SYN_P_0860,LOC_0015,2024-07-14 16:00:00,meeting
VISIT_02218,SYN_P_0941,LOC_0032,2024-05-28 13:00:00,meeting
VISIT_02219,SYN_P_0872,LOC_0021,2025-11-03 10:00:00,meeting
VISIT_02220,SYN_P_0379,LOC_0021,2026-10-12 08:00:00,residence
VISIT_02221,SYN_P_0654,LOC_0046,2026-09-15 20:00:00,travel
VISIT_02222,SYN_P_0761,LOC_0077,2024-07-29 05:00:00,meeting
VISIT_02223,SYN_P_0727,LOC_0069,2026-06-28 23:00:00,travel
VISIT_02224,SYN_P_0480,LOC_0059,2025-03-02 11:00:00,business
VISIT_02225,SYN_P_0974,LOC_0066,2025-03-25 03:00:00,travel
VISIT_02226,SYN_P_0552,LOC_0060,2025-04-14 11:00:00,residence
VISIT_02227,SYN_P_0055,LOC_0041,2024-01-27 14:00:00,business
VISIT_02228,SYN_P_0281,LOC_0038,2026-05-02 19:00:00,delivery
VISIT_02229,SYN_P_0656,LOC_0025,2026-02-16 00:00:00,residence
VISIT_02230,SYN_P_0412,LOC_0054,2024-01-21 06:00:00,business
VISIT_02231,SYN_P_0090,LOC_0065,2024-01-24 04:00:00,meeting
VISIT_02232,SYN_P_0124,LOC_0007,2024-08-30 09:00:00,residence
VISIT_02233,SYN_P_0426,LOC_0069,2026-03-03 09:00:00,travel
VISIT_02234,SYN_P_0191,LOC_0071,2026-02-26 22:00:00,business
VISIT_02235,SYN_P_0401,LOC_0001,2026-08-11 03:00:00,business
VISIT_02236,SYN_P_0654,LOC_0045,2026-11-01 23:00:00,meeting
VISIT_02237,SYN_P_0722,LOC_0037,2025-01-27 01:00:00,delivery
VISIT_02238,SYN_P_0886,LOC_0071,2025-07-15 20:00:00,meeting
VISIT_02239,SYN_P_0379,LOC_0072,2026-03-23 09:00:00,residence
VISIT_02240,SYN_P_0957,LOC_0072,2024-03-11 05:00:00,delivery
VISIT_02241,SYN_P_0467,LOC_0044,2024-12-07 01:00:00,business
VISIT_02242,SYN_P_0940,LOC_0007,2025-04-09 15:00:00,delivery
VISIT_02243,SYN_P_0217,LOC_0039,2024-10-04 14:00:00,meeting
VISIT_02244,SYN_P_0969,LOC_0057,2026-07-16 08:00:00,business
VISIT_02245,SYN_P_0544,LOC_0037,2026-05-11 10:00:00,travel
VISIT_02246,SYN_P_0803,LOC_0002,2025-09-22 15:00:00,residence
VISIT_02247,SYN_P_0424,LOC_0079,2024-10-19 20:00:00,travel
VISIT_02248,SYN_P_0134,LOC_0079,2026-03-23 21:00:00,business
VISIT_02249,SYN_P_0569,LOC_0048,2024-01-05 21:00:00,business
VISIT_02250,SYN_P_0009,LOC_0033,2024-12-30 20:00:00,residence
VISIT_02251,SYN_P_0011,LOC_0004,2026-01-14 01:00:00,delivery
VISIT_02252,SYN_P_0307,LOC_0031,2024-02-19 07:00:00,residence
VISIT_02253,SYN_P_0034,LOC_0045,2024-09-11 13:00:00,residence
VISIT_02254,SYN_P_0376,LOC_0021,2026-10-25 05:00:00,delivery
VISIT_02255,SYN_P_0428,LOC_0035,2024-08-21 14:00:00,business
VISIT_02256,SYN_P_0813,LOC_0015,2024-09-18 06:00:00,residence
VISIT_02257,SYN_P_0310,LOC_0063,2026-04-25 09:00:00,residence
VISIT_02258,SYN_P_0438,LOC_0035,2026-06-27 15:00:00,residence
VISIT_02259,SYN_P_0771,LOC_0011,2025-02-03 12:00:00,meeting
VISIT_02260,SYN_P_0098,LOC_0084,2026-11-02 21:00:00,residence
VISIT_02261,SYN_P_0644,LOC_0034,2025-05-26 15:00:00,residence
VISIT_02262,SYN_P_0571,LOC_0053,2025-07-03 12:00:00,residence
VISIT_02263,SYN_P_0894,LOC_0004,2024-08-07 09:00:00,delivery
VISIT_02264,SYN_P_0950,LOC_0009,2025-04-07 03:00:00,travel
VISIT_02265,SYN_P_0670,LOC_0079,2024-02-24 11:00:00,delivery
VISIT_02266,SYN_P_0497,LOC_0019,2024-04-10 18:00:00,meeting
VISIT_02267,SYN_P_0785,LOC_0047,2025-10-20 01:00:00,meeting
VISIT_02268,SYN_P_0448,LOC_0071,2024-05-20 13:00:00,delivery
VISIT_02269,SYN_P_0199,LOC_0060,2025-03-17 09:00:00,residence
VISIT_02270,SYN_P_0283,LOC_0050,2024-11-30 09:00:00,travel
VISIT_02271,SYN_P_0279,LOC_0078,2024-12-04 04:00:00,meeting
VISIT_02272,SYN_P_1006,LOC_0048,2025-05-05 02:00:00,travel
VISIT_02273,SYN_P_0169,LOC_0005,2025-04-15 17:00:00,residence
VISIT_02274,SYN_P_0793,LOC_0045,2024-05-31 08:00:00,meeting
VISIT_02275,SYN_P_0781,LOC_0003,2025-05-26 22:00:00,delivery
VISIT_02276,SYN_P_0211,LOC_0033,2024-02-06 14:00:00,delivery
VISIT_02277,SYN_P_0765,LOC_0018,2025-02-07 13:00:00,travel
VISIT_02278,SYN_P_0624,LOC_0084,2025-08-29 07:00:00,residence
VISIT_02279,SYN_P_0982,LOC_0021,2025-02-20 14:00:00,travel
VISIT_02280,SYN_P_0074,LOC_0007,2024-01-01 05:00:00,delivery
VISIT_02281,SYN_P_0026,LOC_0052,2026-06-25 09:00:00,residence
VISIT_02282,SYN_P_0254,LOC_0052,2025-12-02 11:00:00,delivery
VISIT_02283,SYN_P_0982,LOC_0001,2025-04-06 10:00:00,travel
VISIT_02284,SYN_P_0039,LOC_0017,2024-04-06 12:00:00,business
VISIT_02285,SYN_P_0516,LOC_0041,2025-06-04 17:00:00,business
VISIT_02286,SYN_P_0454,LOC_0032,2024-06-13 22:00:00,travel
VISIT_02287,SYN_P_0985,LOC_0007,2026-01-11 00:00:00,travel
VISIT_02288,SYN_P_0943,LOC_0043,2024-06-10 23:00:00,residence
VISIT_02289,SYN_P_1018,LOC_0039,2025-03-06 19:00:00,business
VISIT_02290,SYN_P_0791,LOC_0068,2024-01-18 19:00:00,business
VISIT_02291,SYN_P_0593,LOC_0011,2024-10-15 04:00:00,delivery
VISIT_02292,SYN_P_0451,LOC_0074,2026-07-24 13:00:00,residence
VISIT_02293,SYN_P_0356,LOC_0062,2026-03-17 23:00:00,meeting
VISIT_02294,SYN_P_0423,LOC_0077,2025-08-02 13:00:00,meeting
VISIT_02295,SYN_P_0998,LOC_0004,2024-09-07 12:00:00,delivery
VISIT_02296,SYN_P_0739,LOC_0032,2024-03-02 14:00:00,residence
VISIT_02297,SYN_P_0935,LOC_0056,2025-07-22 01:00:00,travel
VISIT_02298,SYN_P_0639,LOC_0048,2026-04-06 04:00:00,residence
VISIT_02299,SYN_P_0714,LOC_0039,2024-01-07 09:00:00,delivery
VISIT_02300,SYN_P_0465,LOC_0080,2025-08-05 14:00:00,delivery
VISIT_02301,SYN_P_0944,LOC_0064,2025-05-25 18:00:00,meeting
VISIT_02302,SYN_P_0531,LOC_0038,2026-06-28 02:00:00,delivery
VISIT_02303,SYN_P_0767,LOC_0030,2024-01-07 00:00:00,residence
VISIT_02304,SYN_P_0977,LOC_0001,2024-04-05 00:00:00,residence
VISIT_02305,SYN_P_0668,LOC_0059,2025-03-08 22:00:00,delivery
VISIT_02306,SYN_P_0034,LOC_0022,2024-04-06 13:00:00,business
VISIT_02307,SYN_P_0946,LOC_0012,2026-08-29 19:00:00,business
VISIT_02308,SYN_P_0175,LOC_0068,2024-06-03 14:00:00,travel
VISIT_02309,SYN_P_0543,LOC_0074,2024-11-01 05:00:00,travel
VISIT_02310,SYN_P_0303,LOC_0056,2024-05-31 07:00:00,delivery
VISIT_02311,SYN_P_0292,LOC_0082,2025-03-28 10:00:00,travel
VISIT_02312,SYN_P_0212,LOC_0050,2026-02-03 14:00:00,travel
VISIT_02313,SYN_P_0870,LOC_0028,2025-10-16 10:00:00,delivery
VISIT_02314,SYN_P_0500,LOC_0076,2024-08-28 16:00:00,travel
VISIT_02315,SYN_P_0513,LOC_0026,2024-08-11 07:00:00,residence
VISIT_02316,SYN_P_0173,LOC_0013,2024-03-17 16:00:00,business
VISIT_02317,SYN_P_0218,LOC_0022,2025-02-16 21:00:00,business
VISIT_02318,SYN_P_0056,LOC_0044,2024-03-21 14:00:00,meeting
VISIT_02319,SYN_P_0825,LOC_0029,2025-01-17 07:00:00,delivery
VISIT_02320,SYN_P_0792,LOC_0046,2025-03-26 10:00:00,business
VISIT_02321,SYN_P_0380,LOC_0010,2024-08-26 01:00:00,travel
VISIT_02322,SYN_P_0617,LOC_0026,2025-11-26 17:00:00,meeting
VISIT_02323,SYN_P_0392,LOC_0011,2025-02-13 12:00:00,meeting
VISIT_02324,SYN_P_0853,LOC_0007,2024-09-17 19:00:00,travel
VISIT_02325,SYN_P_0762,LOC_0071,2026-04-18 07:00:00,residence
VISIT_02326,SYN_P_0051,LOC_0010,2026-02-05 16:00:00,business
VISIT_02327,SYN_P_0289,LOC_0071,2025-01-28 10:00:00,residence
VISIT_02328,SYN_P_0833,LOC_0074,2026-05-02 21:00:00,travel
VISIT_02329,SYN_P_0713,LOC_0052,2024-10-15 02:00:00,meeting
VISIT_02330,SYN_P_0635,LOC_0012,2025-09-23 19:00:00,delivery
VISIT_02331,SYN_P_0658,LOC_0030,2025-02-07 02:00:00,delivery
VISIT_02332,SYN_P_0310,LOC_0030,2025-06-07 15:00:00,meeting
VISIT_02333,SYN_P_0640,LOC_0044,2024-03-29 13:00:00,meeting
VISIT_02334,SYN_P_0117,LOC_0045,2025-07-27 11:00:00,delivery
VISIT_02335,SYN_P_0832,LOC_0049,2025-07-12 10:00:00,residence
VISIT_02336,SYN_P_0150,LOC_0081,2025-01-16 14:00:00,business
VISIT_02337,SYN_P_0902,LOC_0035,2026-08-07 17:00:00,delivery
VISIT_02338,SYN_P_0151,LOC_0060,2024-09-30 05:00:00,business
VISIT_02339,SYN_P_0817,LOC_0032,2026-05-02 14:00:00,meeting
VISIT_02340,SYN_P_0160,LOC_0071,2024-10-22 16:00:00,residence
VISIT_02341,SYN_P_0145,LOC_0013,2025-08-05 22:00:00,residence
VISIT_02342,SYN_P_0720,LOC_0003,2025-08-04 12:00:00,meeting
VISIT_02343,SYN_P_1005,LOC_0056,2026-08-04 18:00:00,delivery
VISIT_02344,SYN_P_0710,LOC_0069,2026-04-14 10:00:00,meeting
VISIT_02345,SYN_P_0199,LOC_0052,2024-12-30 09:00:00,travel
VISIT_02346,SYN_P_1015,LOC_0038,2025-12-19 00:00:00,travel
VISIT_02347,SYN_P_0413,LOC_0051,2024-11-18 12:00:00,residence
VISIT_02348,SYN_P_0498,LOC_0043,2024-03-16 11:00:00,residence
VISIT_02349,SYN_P_0113,LOC_0007,2025-05-07 20:00:00,business
VISIT_02350,SYN_P_0939,LOC_0064,2024-03-31 19:00:00,business
VISIT_02351,SYN_P_0389,LOC_0009,2024-04-01 23:00:00,meeting
VISIT_02352,SYN_P_0684,LOC_0019,2024-07-06 15:00:00,meeting
VISIT_02353,SYN_P_0639,LOC_0037,2025-09-02 16:00:00,travel
VISIT_02354,SYN_P_0329,LOC_0077,2025-01-30 22:00:00,meeting
VISIT_02355,SYN_P_0619,LOC_0040,2024-10-07 00:00:00,delivery
VISIT_02356,SYN_P_0529,LOC_0014,2026-04-30 17:00:00,travel
VISIT_02357,SYN_P_0702,LOC_0029,2024-06-25 06:00:00,residence
VISIT_02358,SYN_P_0741,LOC_0039,2026-07-30 06:00:00,delivery
VISIT_02359,SYN_P_0126,LOC_0076,2024-02-29 23:00:00,residence
VISIT_02360,SYN_P_0524,LOC_0070,2026-06-17 20:00:00,residence
VISIT_02361,SYN_P_0080,LOC_0063,2026-08-15 02:00:00,residence
VISIT_02362,SYN_P_0091,LOC_0060,2026-09-19 12:00:00,meeting
VISIT_02363,SYN_P_0775,LOC_0046,2024-12-05 05:00:00,travel
VISIT_02364,SYN_P_0232,LOC_0005,2026-07-05 19:00:00,residence
VISIT_02365,SYN_P_0111,LOC_0043,2024-08-01 16:00:00,meeting
VISIT_02366,SYN_P_0992,LOC_0063,2025-07-03 21:00:00,residence
VISIT_02367,SYN_P_0043,LOC_0060,2024-08-29 07:00:00,business
VISIT_02368,SYN_P_0339,LOC_0034,2026-09-07 23:00:00,business
VISIT_02369,SYN_P_0923,LOC_0053,2025-06-27 21:00:00,meeting
VISIT_02370,SYN_P_0707,LOC_0026,2026-07-18 06:00:00,meeting
VISIT_02371,SYN_P_0261,LOC_0084,2025-08-18 09:00:00,business
VISIT_02372,SYN_P_0186,LOC_0073,2025-10-10 13:00:00,delivery
VISIT_02373,SYN_P_0361,LOC_0053,2026-04-23 15:00:00,travel
VISIT_02374,SYN_P_0745,LOC_0031,2024-08-22 19:00:00,residence
VISIT_02375,SYN_P_0584,LOC_0006,2025-10-30 07:00:00,residence
VISIT_02376,SYN_P_0459,LOC_0048,2025-08-08 22:00:00,residence
VISIT_02377,SYN_P_0394,LOC_0081,2026-02-20 21:00:00,travel
VISIT_02378,SYN_P_0688,LOC_0040,2026-10-31 15:00:00,travel
VISIT_02379,SYN_P_0357,LOC_0004,2025-07-23 19:00:00,business
VISIT_02380,SYN_P_0472,LOC_0018,2025-02-24 07:00:00,delivery
VISIT_02381,SYN_P_0608,LOC_0036,2024-01-21 06:00:00,meeting
VISIT_02382,SYN_P_0683,LOC_0036,2025-07-31 21:00:00,meeting
VISIT_02383,SYN_P_0344,LOC_0055,2025-03-08 17:00:00,travel
VISIT_02384,SYN_P_0013,LOC_0019,2024-10-10 05:00:00,travel
VISIT_02385,SYN_P_0750,LOC_0072,2024-08-19 13:00:00,travel
VISIT_02386,SYN_P_0750,LOC_0018,2024-12-16 02:00:00,residence
VISIT_02387,SYN_P_0732,LOC_0075,2026-04-04 08:00:00,travel
VISIT_02388,SYN_P_0817,LOC_0082,2024-12-12 21:00:00,business
VISIT_02389,SYN_P_0647,LOC_0040,2024-06-19 19:00:00,residence
VISIT_02390,SYN_P_0054,LOC_0014,2025-03-19 07:00:00,delivery
VISIT_02391,SYN_P_0332,LOC_0083,2024-11-12 07:00:00,travel
VISIT_02392,SYN_P_0880,LOC_0037,2026-02-24 23:00:00,business
VISIT_02393,SYN_P_0539,LOC_0020,2025-01-01 15:00:00,delivery
VISIT_02394,SYN_P_0644,LOC_0009,2026-05-24 07:00:00,meeting
VISIT_02395,SYN_P_0496,LOC_0070,2024-07-07 08:00:00,meeting
VISIT_02396,SYN_P_0786,LOC_0070,2025-05-25 02:00:00,delivery
VISIT_02397,SYN_P_0646,LOC_0040,2026-02-09 12:00:00,travel
VISIT_02398,SYN_P_0573,LOC_0076,2024-01-12 16:00:00,residence
VISIT_02399,SYN_P_0787,LOC_0032,2025-06-13 00:00:00,residence
VISIT_02400,SYN_P_0546,LOC_0079,2026-08-16 00:00:00,residence
VISIT_02401,SYN_P_0142,LOC_0028,2025-01-19 00:00:00,meeting
VISIT_02402,SYN_P_0814,LOC_0068,2026-02-14 22:00:00,travel
VISIT_02403,SYN_P_0648,LOC_0027,2026-11-03 10:00:00,delivery
VISIT_02404,SYN_P_0992,LOC_0056,2026-02-19 21:00:00,business
VISIT_02405,SYN_P_0492,LOC_0077,2024-07-10 11:00:00,business
VISIT_02406,SYN_P_0335,LOC_0052,2026-04-25 20:00:00,delivery
VISIT_02407,SYN_P_0592,LOC_0067,2024-02-14 23:00:00,delivery
VISIT_02408,SYN_P_0702,LOC_0046,2024-05-25 19:00:00,travel
VISIT_02409,SYN_P_0445,LOC_0030,2026-08-12 14:00:00,business
VISIT_02410,SYN_P_0117,LOC_0013,2025-08-23 20:00:00,business
VISIT_02411,SYN_P_0995,LOC_0037,2025-03-04 22:00:00,delivery
VISIT_02412,SYN_P_0758,LOC_0027,2025-03-10 12:00:00,business
VISIT_02413,SYN_P_0188,LOC_0070,2026-04-28 22:00:00,business
VISIT_02414,SYN_P_0412,LOC_0066,2024-02-04 13:00:00,residence
VISIT_02415,SYN_P_0115,LOC_0031,2025-05-11 09:00:00,delivery
VISIT_02416,SYN_P_0014,LOC_0062,2025-12-03 06:00:00,meeting
VISIT_02417,SYN_P_0394,LOC_0059,2026-04-26 15:00:00,business
VISIT_02418,SYN_P_0030,LOC_0055,2025-12-18 03:00:00,meeting
VISIT_02419,SYN_P_0838,LOC_0063,2025-01-24 12:00:00,business
VISIT_02420,SYN_P_0432,LOC_0077,2026-09-26 16:00:00,travel
VISIT_02421,SYN_P_1015,LOC_0058,2024-03-30 20:00:00,business
VISIT_02422,SYN_P_0103,LOC_0054,2026-06-07 02:00:00,travel
VISIT_02423,SYN_P_1010,LOC_0062,2025-10-31 04:00:00,travel
VISIT_02424,SYN_P_0147,LOC_0018,2026-02-05 15:00:00,meeting
VISIT_02425,SYN_P_0065,LOC_0030,2026-04-25 22:00:00,delivery
VISIT_02426,SYN_P_0004,LOC_0051,2026-06-07 19:00:00,delivery
VISIT_02427,SYN_P_0292,LOC_0080,2026-07-18 22:00:00,residence
VISIT_02428,SYN_P_0741,LOC_0069,2024-09-05 03:00:00,delivery
VISIT_02429,SYN_P_0984,LOC_0031,2026-04-02 03:00:00,delivery
VISIT_02430,SYN_P_0548,LOC_0008,2024-10-23 12:00:00,travel
VISIT_02431,SYN_P_0425,LOC_0026,2025-07-23 08:00:00,delivery
VISIT_02432,SYN_P_0192,LOC_0052,2024-07-21 05:00:00,business
VISIT_02433,SYN_P_1040,LOC_0011,2026-06-19 05:00:00,residence
VISIT_02434,SYN_P_0630,LOC_0050,2026-09-24 21:00:00,meeting
VISIT_02435,SYN_P_0312,LOC_0038,2026-03-23 10:00:00,delivery
VISIT_02436,SYN_P_0916,LOC_0032,2024-04-22 00:00:00,residence
VISIT_02437,SYN_P_0729,LOC_0076,2025-04-16 19:00:00,business
VISIT_02438,SYN_P_0375,LOC_0056,2026-09-10 13:00:00,travel
VISIT_02439,SYN_P_0123,LOC_0003,2025-12-01 06:00:00,business
VISIT_02440,SYN_P_0533,LOC_0041,2025-07-01 15:00:00,travel
VISIT_02441,SYN_P_0797,LOC_0062,2024-03-23 14:00:00,delivery
VISIT_02442,SYN_P_0307,LOC_0079,2024-08-24 19:00:00,residence
VISIT_02443,SYN_P_0210,LOC_0029,2025-11-01 11:00:00,business
VISIT_02444,SYN_P_1034,LOC_0053,2025-08-16 14:00:00,travel
VISIT_02445,SYN_P_0071,LOC_0031,2024-07-25 19:00:00,travel
VISIT_02446,SYN_P_0885,LOC_0001,2026-03-14 15:00:00,delivery
VISIT_02447,SYN_P_0910,LOC_0067,2026-11-03 02:00:00,meeting
VISIT_02448,SYN_P_0944,LOC_0026,2024-11-09 16:00:00,meeting
VISIT_02449,SYN_P_0055,LOC_0030,2026-09-17 01:00:00,travel
VISIT_02450,SYN_P_0241,LOC_0022,2026-04-01 13:00:00,meeting
VISIT_02451,SYN_P_0328,LOC_0057,2026-09-08 01:00:00,travel
VISIT_02452,SYN_P_0986,LOC_0056,2025-03-26 20:00:00,business
VISIT_02453,SYN_P_0356,LOC_0053,2024-05-07 15:00:00,meeting
VISIT_02454,SYN_P_0529,LOC_0028,2025-07-11 10:00:00,meeting
VISIT_02455,SYN_P_0232,LOC_0071,2026-02-26 06:00:00,meeting
VISIT_02456,SYN_P_0765,LOC_0024,2026-08-03 04:00:00,residence
VISIT_02457,SYN_P_0870,LOC_0083,2026-01-07 03:00:00,business
VISIT_02458,SYN_P_0388,LOC_0057,2026-01-22 01:00:00,delivery
VISIT_02459,SYN_P_0918,LOC_0064,2026-08-28 17:00:00,meeting
VISIT_02460,SYN_P_0705,LOC_0039,2025-11-04 07:00:00,business
VISIT_02461,SYN_P_0413,LOC_0015,2025-08-17 17:00:00,meeting
VISIT_02462,SYN_P_1021,LOC_0034,2025-06-22 08:00:00,delivery
VISIT_02463,SYN_P_0300,LOC_0066,2025-06-23 18:00:00,meeting
VISIT_02464,SYN_P_0830,LOC_0055,2024-01-02 00:00:00,residence
VISIT_02465,SYN_P_0568,LOC_0050,2025-11-25 18:00:00,meeting
VISIT_02466,SYN_P_0390,LOC_0067,2024-04-04 11:00:00,travel
VISIT_02467,SYN_P_0298,LOC_0065,2024-12-16 11:00:00,delivery
VISIT_02468,SYN_P_0156,LOC_0026,2025-12-21 11:00:00,delivery
VISIT_02469,SYN_P_0313,LOC_0016,2024-10-20 07:00:00,meeting
VISIT_02470,SYN_P_0589,LOC_0007,2025-04-20 11:00:00,delivery
VISIT_02471,SYN_P_0830,LOC_0035,2024-01-11 10:00:00,travel
VISIT_02472,SYN_P_0524,LOC_0057,2025-06-07 23:00:00,meeting
VISIT_02473,SYN_P_0538,LOC_0011,2024-12-23 23:00:00,residence
VISIT_02474,SYN_P_0655,LOC_0075,2026-02-08 18:00:00,business
VISIT_02475,SYN_P_0724,LOC_0034,2026-10-11 09:00:00,delivery
VISIT_02476,SYN_P_0874,LOC_0062,2025-03-12 03:00:00,meeting
VISIT_02477,SYN_P_0991,LOC_0030,2025-09-05 21:00:00,residence
VISIT_02478,SYN_P_0939,LOC_0076,2024-06-18 19:00:00,meeting
VISIT_02479,SYN_P_0878,LOC_0047,2026-08-08 12:00:00,meeting
VISIT_02480,SYN_P_0457,LOC_0019,2025-01-08 15:00:00,delivery
VISIT_02481,SYN_P_0524,LOC_0037,2024-05-28 20:00:00,business
VISIT_02482,SYN_P_0735,LOC_0032,2026-06-24 08:00:00,delivery
VISIT_02483,SYN_P_0938,LOC_0055,2024-12-08 23:00:00,business
VISIT_02484,SYN_P_0865,LOC_0071,2025-04-03 22:00:00,residence
VISIT_02485,SYN_P_0841,LOC_0043,2026-01-27 06:00:00,meeting
VISIT_02486,SYN_P_0061,LOC_0035,2026-04-27 12:00:00,travel
VISIT_02487,SYN_P_0657,LOC_0049,2024-03-19 19:00:00,meeting
VISIT_02488,SYN_P_0030,LOC_0066,2026-05-25 20:00:00,meeting
VISIT_02489,SYN_P_1007,LOC_0059,2026-05-23 06:00:00,meeting
VISIT_02490,SYN_P_0553,LOC_0065,2025-03-06 04:00:00,residence
VISIT_02491,SYN_P_0538,LOC_0036,2024-07-08 10:00:00,business
VISIT_02492,SYN_P_0494,LOC_0042,2024-02-08 20:00:00,business
VISIT_02493,SYN_P_0261,LOC_0040,2026-01-26 06:00:00,delivery
VISIT_02494,SYN_P_0644,LOC_0010,2026-07-11 16:00:00,residence
VISIT_02495,SYN_P_0011,LOC_0055,2025-08-09 05:00:00,delivery
VISIT_02496,SYN_P_0931,LOC_0021,2024-02-26 14:00:00,meeting
VISIT_02497,SYN_P_0136,LOC_0069,2025-04-26 08:00:00,residence
VISIT_02498,SYN_P_0527,LOC_0025,2024-07-07 04:00:00,business
VISIT_02499,SYN_P_0539,LOC_0083,2026-11-07 15:00:00,meeting
VISIT_02500,SYN_P_0615,LOC_0027,2026-03-10 03:00:00,travel
VISIT_02501,SYN_P_0129,LOC_0015,2026-10-25 06:00:00,meeting
VISIT_02502,SYN_P_0705,LOC_0069,2025-02-11 21:00:00,delivery
VISIT_02503,SYN_P_0102,LOC_0015,2025-02-27 13:00:00,meeting
VISIT_02504,SYN_P_0372,LOC_0039,2025-01-22 03:00:00,business
VISIT_02505,SYN_P_0416,LOC_0067,2026-09-01 13:00:00,residence
VISIT_02506,SYN_P_0915,LOC_0013,2024-06-05 01:00:00,meeting
VISIT_02507,SYN_P_0868,LOC_0033,2026-09-20 20:00:00,residence
VISIT_02508,SYN_P_0100,LOC_0055,2026-10-18 23:00:00,delivery
VISIT_02509,SYN_P_0208,LOC_0071,2025-10-16 13:00:00,residence
VISIT_02510,SYN_P_0470,LOC_0014,2025-05-24 17:00:00,residence
VISIT_02511,SYN_P_0762,LOC_0032,2024-12-12 02:00:00,delivery
VISIT_02512,SYN_P_0278,LOC_0072,2026-05-15 00:00:00,meeting
VISIT_02513,SYN_P_0604,LOC_0027,2025-04-24 01:00:00,meeting
VISIT_02514,SYN_P_0838,LOC_0072,2025-08-24 05:00:00,residence
VISIT_02515,SYN_P_0073,LOC_0064,2026-04-07 18:00:00,residence
VISIT_02516,SYN_P_0299,LOC_0056,2025-09-06 02:00:00,travel
VISIT_02517,SYN_P_0507,LOC_0080,2024-12-21 01:00:00,travel
VISIT_02518,SYN_P_0262,LOC_0068,2025-09-27 03:00:00,delivery
VISIT_02519,SYN_P_0870,LOC_0082,2024-06-15 01:00:00,business
VISIT_02520,SYN_P_0517,LOC_0077,2024-06-23 23:00:00,business
VISIT_02521,SYN_P_0319,LOC_0012,2024-11-12 13:00:00,business
VISIT_02522,SYN_P_1001,LOC_0054,2026-05-05 19:00:00,travel
VISIT_02523,SYN_P_0872,LOC_0018,2026-06-29 15:00:00,residence
VISIT_02524,SYN_P_0779,LOC_0045,2025-11-21 09:00:00,delivery
VISIT_02525,SYN_P_0410,LOC_0034,2026-04-11 12:00:00,meeting
VISIT_02526,SYN_P_0860,LOC_0012,2024-05-03 10:00:00,residence
VISIT_02527,SYN_P_0232,LOC_0032,2024-09-30 19:00:00,meeting
VISIT_02528,SYN_P_0346,LOC_0069,2024-03-21 23:00:00,residence
VISIT_02529,SYN_P_0431,LOC_0049,2025-08-22 14:00:00,residence
VISIT_02530,SYN_P_0906,LOC_0010,2025-01-14 21:00:00,delivery
VISIT_02531,SYN_P_0453,LOC_0018,2024-11-01 04:00:00,meeting
VISIT_02532,SYN_P_0963,LOC_0068,2025-06-28 11:00:00,meeting
VISIT_02533,SYN_P_0827,LOC_0022,2025-12-05 23:00:00,meeting
VISIT_02534,SYN_P_0485,LOC_0034,2024-07-31 08:00:00,business
VISIT_02535,SYN_P_0424,LOC_0050,2025-07-29 13:00:00,business
VISIT_02536,SYN_P_0193,LOC_0043,2026-01-29 11:00:00,business
VISIT_02537,SYN_P_0782,LOC_0027,2024-07-24 17:00:00,travel
VISIT_02538,SYN_P_0241,LOC_0017,2025-09-06 15:00:00,delivery
VISIT_02539,SYN_P_0977,LOC_0052,2024-03-27 05:00:00,delivery
VISIT_02540,SYN_P_0961,LOC_0006,2025-07-08 04:00:00,business
VISIT_02541,SYN_P_0718,LOC_0004,2026-06-10 22:00:00,travel
VISIT_02542,SYN_P_0143,LOC_0081,2025-09-13 22:00:00,travel
VISIT_02543,SYN_P_0748,LOC_0036,2026-05-27 09:00:00,delivery
VISIT_02544,SYN_P_0865,LOC_0070,2026-02-16 10:00:00,business
VISIT_02545,SYN_P_0502,LOC_0040,2026-11-02 00:00:00,residence
VISIT_02546,SYN_P_0044,LOC_0081,2025-06-02 03:00:00,meeting
VISIT_02547,SYN_P_0278,LOC_0030,2024-05-05 09:00:00,delivery
VISIT_02548,SYN_P_0742,LOC_0020,2025-07-24 15:00:00,delivery
VISIT_02549,SYN_P_0039,LOC_0001,2026-01-02 10:00:00,travel
VISIT_02550,SYN_P_0808,LOC_0022,2025-10-04 09:00:00,delivery
VISIT_02551,SYN_P_0495,LOC_0078,2025-05-14 23:00:00,business
VISIT_02552,SYN_P_0974,LOC_0061,2025-07-11 23:00:00,travel
VISIT_02553,SYN_P_0964,LOC_0039,2026-10-01 22:00:00,travel
VISIT_02554,SYN_P_0046,LOC_0005,2026-09-04 09:00:00,meeting
VISIT_02555,SYN_P_0782,LOC_0031,2024-03-23 14:00:00,delivery
VISIT_02556,SYN_P_0337,LOC_0071,2024-08-01 18:00:00,meeting
VISIT_02557,SYN_P_1003,LOC_0081,2025-05-21 09:00:00,travel
VISIT_02558,SYN_P_0409,LOC_0027,2025-01-01 01:00:00,meeting
VISIT_02559,SYN_P_0893,LOC_0009,2024-03-24 13:00:00,business
VISIT_02560,SYN_P_0376,LOC_0043,2024-03-06 07:00:00,meeting
VISIT_02561,SYN_P_1017,LOC_0042,2025-04-01 22:00:00,business
VISIT_02562,SYN_P_0550,LOC_0037,2024-08-02 11:00:00,business
VISIT_02563,SYN_P_0471,LOC_0067,2026-03-27 21:00:00,business
VISIT_02564,SYN_P_1020,LOC_0081,2024-11-19 19:00:00,delivery
VISIT_02565,SYN_P_0528,LOC_0034,2024-02-16 14:00:00,residence
VISIT_02566,SYN_P_0116,LOC_0034,2024-05-20 12:00:00,business
VISIT_02567,SYN_P_0106,LOC_0011,2025-11-02 09:00:00,delivery
VISIT_02568,SYN_P_0697,LOC_0083,2024-11-08 12:00:00,residence
VISIT_02569,SYN_P_0852,LOC_0051,2024-10-04 04:00:00,delivery
VISIT_02570,SYN_P_0376,LOC_0034,2026-07-02 04:00:00,residence
VISIT_02571,SYN_P_0575,LOC_0027,2025-07-12 15:00:00,delivery
VISIT_02572,SYN_P_0752,LOC_0069,2025-12-27 11:00:00,business
VISIT_02573,SYN_P_0721,LOC_0054,2026-10-18 13:00:00,delivery
VISIT_02574,SYN_P_0454,LOC_0068,2026-07-12 15:00:00,travel
VISIT_02575,SYN_P_0438,LOC_0023,2025-12-22 19:00:00,business
VISIT_02576,SYN_P_0839,LOC_0053,2024-03-21 11:00:00,meeting
VISIT_02577,SYN_P_0153,LOC_0071,2025-10-25 18:00:00,residence
VISIT_02578,SYN_P_0182,LOC_0037,2024-10-15 18:00:00,business
VISIT_02579,SYN_P_1036,LOC_0081,2025-03-26 20:00:00,residence
VISIT_02580,SYN_P_0525,LOC_0027,2025-04-17 16:00:00,business
VISIT_02581,SYN_P_0098,LOC_0033,2026-01-27 18:00:00,meeting
VISIT_02582,SYN_P_0117,LOC_0082,2025-09-14 22:00:00,travel
VISIT_02583,SYN_P_0183,LOC_0029,2025-11-20 23:00:00,travel
VISIT_02584,SYN_P_0443,LOC_0074,2024-05-06 12:00:00,meeting
VISIT_02585,SYN_P_0093,LOC_0065,2024-01-17 23:00:00,travel
VISIT_02586,SYN_P_0261,LOC_0024,2025-12-11 09:00:00,residence
VISIT_02587,SYN_P_0757,LOC_0021,2025-09-04 02:00:00,residence
VISIT_02588,SYN_P_0912,LOC_0003,2026-09-09 06:00:00,business
VISIT_02589,SYN_P_0717,LOC_0064,2026-03-26 10:00:00,meeting
VISIT_02590,SYN_P_0479,LOC_0073,2024-09-17 12:00:00,travel
VISIT_02591,SYN_P_0328,LOC_0030,2026-08-06 23:00:00,meeting
VISIT_02592,SYN_P_0433,LOC_0025,2025-11-15 04:00:00,residence
VISIT_02593,SYN_P_0638,LOC_0014,2025-05-05 08:00:00,meeting
VISIT_02594,SYN_P_0333,LOC_0065,2026-03-25 11:00:00,meeting
VISIT_02595,SYN_P_0730,LOC_0054,2026-01-03 09:00:00,meeting
VISIT_02596,SYN_P_0882,LOC_0051,2026-06-25 04:00:00,business
VISIT_02597,SYN_P_0257,LOC_0016,2025-09-18 16:00:00,meeting
VISIT_02598,SYN_P_0077,LOC_0005,2026-07-27 13:00:00,residence
VISIT_02599,SYN_P_0766,LOC_0042,2024-07-17 20:00:00,meeting
VISIT_02600,SYN_P_0585,LOC_0058,2024-03-10 11:00:00,meeting
VISIT_02601,SYN_P_0929,LOC_0016,2026-04-13 17:00:00,business
VISIT_02602,SYN_P_0578,LOC_0042,2026-03-14 08:00:00,meeting
VISIT_02603,SYN_P_0052,LOC_0024,2025-08-08 19:00:00,business
VISIT_02604,SYN_P_0022,LOC_0018,2026-08-09 12:00:00,travel
VISIT_02605,SYN_P_0281,LOC_0046,2026-03-02 15:00:00,meeting
VISIT_02606,SYN_P_0266,LOC_0013,2025-02-12 10:00:00,residence
VISIT_02607,SYN_P_0192,LOC_0039,2024-10-27 00:00:00,travel
VISIT_02608,SYN_P_0486,LOC_0001,2025-08-07 02:00:00,delivery
VISIT_02609,SYN_P_0456,LOC_0047,2025-01-14 03:00:00,business
VISIT_02610,SYN_P_0237,LOC_0008,2025-05-29 02:00:00,delivery
VISIT_02611,SYN_P_0673,LOC_0030,2024-08-11 15:00:00,travel
VISIT_02612,SYN_P_0833,LOC_0006,2025-05-28 01:00:00,meeting
VISIT_02613,SYN_P_0360,LOC_0015,2024-10-13 16:00:00,delivery
VISIT_02614,SYN_P_0577,LOC_0035,2026-10-05 03:00:00,travel
VISIT_02615,SYN_P_0647,LOC_0036,2024-06-19 00:00:00,travel
VISIT_02616,SYN_P_0843,LOC_0055,2025-10-14 21:00:00,residence
VISIT_02617,SYN_P_0195,LOC_0063,2025-08-18 00:00:00,delivery
VISIT_02618,SYN_P_0785,LOC_0036,2025-07-27 15:00:00,business
VISIT_02619,SYN_P_0400,LOC_0034,2024-03-03 08:00:00,business
VISIT_02620,SYN_P_0439,LOC_0063,2025-06-07 22:00:00,meeting
VISIT_02621,SYN_P_0434,LOC_0046,2025-01-14 07:00:00,residence
VISIT_02622,SYN_P_1025,LOC_0057,2024-01-11 01:00:00,residence
VISIT_02623,SYN_P_0264,LOC_0066,2025-06-11 06:00:00,residence
VISIT_02624,SYN_P_0479,LOC_0072,2024-05-23 01:00:00,residence
VISIT_02625,SYN_P_0583,LOC_0053,2025-08-15 10:00:00,meeting
VISIT_02626,SYN_P_0740,LOC_0010,2025-07-19 20:00:00,travel
VISIT_02627,SYN_P_0348,LOC_0005,2026-02-17 06:00:00,meeting
VISIT_02628,SYN_P_0223,LOC_0032,2024-01-04 16:00:00,delivery
VISIT_02629,SYN_P_0020,LOC_0050,2025-12-08 23:00:00,residence
VISIT_02630,SYN_P_0710,LOC_0074,2026-10-15 15:00:00,business
VISIT_02631,SYN_P_0469,LOC_0018,2024-04-03 05:00:00,travel
VISIT_02632,SYN_P_0094,LOC_0026,2026-09-15 15:00:00,meeting
VISIT_02633,SYN_P_0211,LOC_0019,2026-01-26 19:00:00,meeting
VISIT_02634,SYN_P_0985,LOC_0062,2025-05-14 05:00:00,delivery
VISIT_02635,SYN_P_0521,LOC_0053,2024-07-24 13:00:00,residence
VISIT_02636,SYN_P_0056,LOC_0054,2025-06-22 07:00:00,meeting
VISIT_02637,SYN_P_0193,LOC_0023,2025-12-23 01:00:00,travel
VISIT_02638,SYN_P_0276,LOC_0034,2026-07-23 14:00:00,business
VISIT_02639,SYN_P_0795,LOC_0040,2025-04-20 07:00:00,business
VISIT_02640,SYN_P_0212,LOC_0056,2024-06-13 17:00:00,delivery
VISIT_02641,SYN_P_0108,LOC_0047,2025-08-04 11:00:00,residence
VISIT_02642,SYN_P_0216,LOC_0074,2024-10-09 23:00:00,delivery
VISIT_02643,SYN_P_0698,LOC_0009,2025-10-01 03:00:00,meeting
VISIT_02644,SYN_P_0305,LOC_0042,2026-10-15 09:00:00,travel
VISIT_02645,SYN_P_0042,LOC_0034,2025-09-23 02:00:00,delivery
VISIT_02646,SYN_P_0312,LOC_0007,2025-10-16 19:00:00,residence
VISIT_02647,SYN_P_0591,LOC_0040,2024-06-13 21:00:00,travel
VISIT_02648,SYN_P_0269,LOC_0007,2026-09-12 08:00:00,delivery
VISIT_02649,SYN_P_0884,LOC_0035,2025-11-12 00:00:00,residence
VISIT_02650,SYN_P_0862,LOC_0022,2025-12-22 23:00:00,meeting
VISIT_02651,SYN_P_0814,LOC_0025,2024-04-03 22:00:00,business
VISIT_02652,SYN_P_1012,LOC_0019,2026-03-23 21:00:00,travel
VISIT_02653,SYN_P_0814,LOC_0057,2024-04-12 02:00:00,business
VISIT_02654,SYN_P_0026,LOC_0029,2025-04-15 21:00:00,delivery
VISIT_02655,SYN_P_0484,LOC_0013,2024-06-01 00:00:00,delivery
VISIT_02656,SYN_P_0858,LOC_0058,2025-06-24 22:00:00,travel
VISIT_02657,SYN_P_0276,LOC_0032,2026-06-14 05:00:00,delivery
VISIT_02658,SYN_P_0654,LOC_0011,2026-10-17 06:00:00,business
VISIT_02659,SYN_P_0624,LOC_0064,2025-12-07 13:00:00,business
VISIT_02660,SYN_P_0769,LOC_0032,2025-09-30 17:00:00,residence
VISIT_02661,SYN_P_0446,LOC_0070,2024-04-24 10:00:00,delivery
VISIT_02662,SYN_P_0600,LOC_0078,2026-09-16 22:00:00,travel
VISIT_02663,SYN_P_0535,LOC_0082,2024-02-29 03:00:00,business
VISIT_02664,SYN_P_1038,LOC_0045,2025-08-12 12:00:00,meeting
VISIT_02665,SYN_P_0284,LOC_0013,2026-06-05 09:00:00,travel
VISIT_02666,SYN_P_0178,LOC_0025,2026-07-08 21:00:00,delivery
VISIT_02667,SYN_P_0792,LOC_0018,2026-04-09 08:00:00,residence
VISIT_02668,SYN_P_0782,LOC_0036,2025-04-25 08:00:00,travel
VISIT_02669,SYN_P_0882,LOC_0013,2026-09-01 03:00:00,residence
VISIT_02670,SYN_P_0172,LOC_0046,2025-01-20 22:00:00,residence
VISIT_02671,SYN_P_0385,LOC_0055,2025-12-19 10:00:00,travel
VISIT_02672,SYN_P_0188,LOC_0067,2026-07-15 11:00:00,business
VISIT_02673,SYN_P_0462,LOC_0007,2024-01-02 17:00:00,business
VISIT_02674,SYN_P_1024,LOC_0062,2024-10-28 17:00:00,delivery
VISIT_02675,SYN_P_1028,LOC_0021,2026-02-09 11:00:00,meeting
VISIT_02676,SYN_P_1032,LOC_0047,2024-10-08 04:00:00,meeting
VISIT_02677,SYN_P_0092,LOC_0040,2026-03-22 02:00:00,residence
VISIT_02678,SYN_P_1037,LOC_0081,2026-04-26 01:00:00,travel
VISIT_02679,SYN_P_0641,LOC_0051,2024-01-26 03:00:00,business
VISIT_02680,SYN_P_0512,LOC_0031,2025-09-22 16:00:00,delivery
VISIT_02681,SYN_P_0603,LOC_0046,2024-01-30 15:00:00,residence
VISIT_02682,SYN_P_0726,LOC_0007,2025-03-06 15:00:00,travel
VISIT_02683,SYN_P_0319,LOC_0065,2025-02-05 23:00:00,residence
VISIT_02684,SYN_P_0291,LOC_0069,2024-07-22 21:00:00,residence
VISIT_02685,SYN_P_0684,LOC_0006,2025-08-12 08:00:00,meeting
VISIT_02686,SYN_P_0440,LOC_0012,2024-12-04 02:00:00,residence
VISIT_02687,SYN_P_0287,LOC_0037,2026-06-01 09:00:00,meeting
VISIT_02688,SYN_P_0745,LOC_0084,2025-12-24 11:00:00,meeting
VISIT_02689,SYN_P_0817,LOC_0073,2024-11-06 03:00:00,travel
VISIT_02690,SYN_P_0721,LOC_0059,2026-10-22 00:00:00,business
VISIT_02691,SYN_P_0789,LOC_0042,2026-08-20 18:00:00,travel
VISIT_02692,SYN_P_0795,LOC_0079,2026-06-21 22:00:00,travel
VISIT_02693,SYN_P_0078,LOC_0044,2024-06-10 14:00:00,residence
VISIT_02694,SYN_P_0693,LOC_0030,2024-06-22 15:00:00,residence
VISIT_02695,SYN_P_0989,LOC_0045,2026-06-21 01:00:00,delivery
VISIT_02696,SYN_P_0341,LOC_0024,2025-03-04 01:00:00,residence
VISIT_02697,SYN_P_0726,LOC_0058,2024-02-24 02:00:00,travel
VISIT_02698,SYN_P_0977,LOC_0059,2026-09-23 12:00:00,business
VISIT_02699,SYN_P_0649,LOC_0072,2025-06-20 15:00:00,travel
VISIT_02700,SYN_P_0766,LOC_0074,2026-05-19 19:00:00,business
VISIT_02701,SYN_P_0271,LOC_0017,2026-08-25 12:00:00,delivery
VISIT_02702,SYN_P_0181,LOC_0076,2025-10-03 02:00:00,business
VISIT_02703,SYN_P_0408,LOC_0032,2025-10-08 02:00:00,travel
VISIT_02704,SYN_P_1021,LOC_0005,2024-06-06 06:00:00,business
VISIT_02705,SYN_P_0743,LOC_0042,2024-06-10 00:00:00,business
VISIT_02706,SYN_P_0003,LOC_0075,2024-04-27 22:00:00,meeting
VISIT_02707,SYN_P_0707,LOC_0018,2026-02-13 03:00:00,meeting
VISIT_02708,SYN_P_0625,LOC_0032,2025-01-31 21:00:00,travel
VISIT_02709,SYN_P_0726,LOC_0066,2026-03-09 06:00:00,travel
VISIT_02710,SYN_P_0740,LOC_0049,2025-08-29 18:00:00,meeting
VISIT_02711,SYN_P_0526,LOC_0056,2025-02-07 16:00:00,residence
VISIT_02712,SYN_P_0589,LOC_0024,2025-02-05 08:00:00,delivery
VISIT_02713,SYN_P_0751,LOC_0047,2026-01-09 08:00:00,delivery
VISIT_02714,SYN_P_0207,LOC_0006,2024-05-12 22:00:00,business
VISIT_02715,SYN_P_0784,LOC_0044,2026-06-04 12:00:00,business
VISIT_02716,SYN_P_0004,LOC_0056,2026-01-06 06:00:00,business
VISIT_02717,SYN_P_0738,LOC_0063,2026-08-31 21:00:00,business
VISIT_02718,SYN_P_0137,LOC_0006,2026-03-01 15:00:00,meeting
VISIT_02719,SYN_P_0750,LOC_0019,2024-06-02 16:00:00,meeting
VISIT_02720,SYN_P_0211,LOC_0032,2024-02-05 07:00:00,travel
VISIT_02721,SYN_P_0331,LOC_0076,2024-02-17 07:00:00,travel
VISIT_02722,SYN_P_0260,LOC_0025,2026-03-02 15:00:00,meeting
VISIT_02723,SYN_P_0351,LOC_0036,2024-10-07 05:00:00,residence
VISIT_02724,SYN_P_0426,LOC_0015,2024-03-12 14:00:00,meeting
VISIT_02725,SYN_P_0241,LOC_0045,2024-07-12 19:00:00,travel
VISIT_02726,SYN_P_0562,LOC_0081,2025-02-10 11:00:00,business
VISIT_02727,SYN_P_0893,LOC_0080,2025-09-29 09:00:00,business
VISIT_02728,SYN_P_0332,LOC_0054,2025-10-02 05:00:00,residence
VISIT_02729,SYN_P_0249,LOC_0040,2025-01-17 03:00:00,meeting
VISIT_02730,SYN_P_0632,LOC_0012,2026-01-07 11:00:00,delivery
VISIT_02731,SYN_P_0582,LOC_0038,2024-10-23 02:00:00,delivery
VISIT_02732,SYN_P_0578,LOC_0015,2024-03-14 18:00:00,business
VISIT_02733,SYN_P_0407,LOC_0069,2024-01-05 12:00:00,residence
VISIT_02734,SYN_P_0730,LOC_0030,2025-05-14 11:00:00,residence
VISIT_02735,SYN_P_1040,LOC_0023,2025-03-25 18:00:00,travel
VISIT_02736,SYN_P_0076,LOC_0079,2026-01-26 06:00:00,meeting
VISIT_02737,SYN_P_0562,LOC_0051,2024-12-01 13:00:00,travel
VISIT_02738,SYN_P_0081,LOC_0015,2025-08-02 09:00:00,delivery
VISIT_02739,SYN_P_0090,LOC_0079,2024-03-12 06:00:00,travel
VISIT_02740,SYN_P_0897,LOC_0037,2025-12-08 21:00:00,meeting
VISIT_02741,SYN_P_0718,LOC_0003,2026-07-10 17:00:00,residence
VISIT_02742,SYN_P_0233,LOC_0028,2026-01-25 16:00:00,delivery
VISIT_02743,SYN_P_0495,LOC_0010,2026-04-14 10:00:00,business
VISIT_02744,SYN_P_0947,LOC_0043,2026-01-03 23:00:00,business
VISIT_02745,SYN_P_0646,LOC_0042,2024-05-24 19:00:00,delivery
VISIT_02746,SYN_P_0836,LOC_0022,2025-08-29 08:00:00,business
VISIT_02747,SYN_P_0454,LOC_0040,2024-02-19 07:00:00,delivery
VISIT_02748,SYN_P_0282,LOC_0035,2024-03-14 16:00:00,business
VISIT_02749,SYN_P_0282,LOC_0063,2024-06-01 04:00:00,residence
VISIT_02750,SYN_P_0546,LOC_0053,2025-03-09 21:00:00,business
VISIT_02751,SYN_P_0178,LOC_0006,2024-11-26 10:00:00,travel
VISIT_02752,SYN_P_0545,LOC_0035,2025-10-13 18:00:00,business
VISIT_02753,SYN_P_0054,LOC_0029,2026-06-27 04:00:00,travel
VISIT_02754,SYN_P_1021,LOC_0007,2024-10-02 18:00:00,meeting
VISIT_02755,SYN_P_0004,LOC_0076,2024-04-03 06:00:00,business
VISIT_02756,SYN_P_1010,LOC_0064,2026-04-18 22:00:00,business
VISIT_02757,SYN_P_0185,LOC_0020,2025-09-12 02:00:00,business
VISIT_02758,SYN_P_0505,LOC_0057,2026-05-26 06:00:00,business
VISIT_02759,SYN_P_0422,LOC_0020,2024-12-02 03:00:00,delivery
VISIT_02760,SYN_P_0519,LOC_0015,2024-10-06 09:00:00,business
VISIT_02761,SYN_P_0400,LOC_0016,2024-04-23 13:00:00,travel
VISIT_02762,SYN_P_0828,LOC_0063,2024-01-28 07:00:00,business
VISIT_02763,SYN_P_0519,LOC_0076,2025-11-05 21:00:00,business
VISIT_02764,SYN_P_0688,LOC_0068,2024-06-27 13:00:00,business
VISIT_02765,SYN_P_0260,LOC_0033,2026-10-04 02:00:00,travel
VISIT_02766,SYN_P_0379,LOC_0036,2024-06-01 02:00:00,delivery
VISIT_02767,SYN_P_0068,LOC_0006,2024-11-15 21:00:00,travel
VISIT_02768,SYN_P_0790,LOC_0002,2026-03-30 03:00:00,meeting
VISIT_02769,SYN_P_0435,LOC_0023,2026-04-30 23:00:00,travel
VISIT_02770,SYN_P_1017,LOC_0042,2024-09-10 10:00:00,meeting
VISIT_02771,SYN_P_0102,LOC_0054,2025-03-30 12:00:00,delivery
VISIT_02772,SYN_P_0919,LOC_0007,2026-01-12 05:00:00,delivery
VISIT_02773,SYN_P_0671,LOC_0018,2026-07-06 00:00:00,travel
VISIT_02774,SYN_P_0908,LOC_0065,2024-05-03 19:00:00,delivery
VISIT_02775,SYN_P_0642,LOC_0084,2024-05-13 13:00:00,delivery
VISIT_02776,SYN_P_0800,LOC_0027,2024-05-01 20:00:00,meeting
VISIT_02777,SYN_P_0226,LOC_0037,2025-01-07 15:00:00,travel
VISIT_02778,SYN_P_0034,LOC_0048,2025-01-16 10:00:00,residence
VISIT_02779,SYN_P_0239,LOC_0065,2024-11-17 16:00:00,travel
VISIT_02780,SYN_P_0614,LOC_0016,2025-02-01 16:00:00,travel
VISIT_02781,SYN_P_0639,LOC_0015,2025-03-13 19:00:00,residence
VISIT_02782,SYN_P_0708,LOC_0024,2024-04-20 23:00:00,business
VISIT_02783,SYN_P_0850,LOC_0048,2024-06-17 20:00:00,meeting
VISIT_02784,SYN_P_0371,LOC_0064,2025-11-18 13:00:00,business
VISIT_02785,SYN_P_0848,LOC_0007,2026-07-21 17:00:00,business
VISIT_02786,SYN_P_1027,LOC_0039,2024-07-13 22:00:00,delivery
VISIT_02787,SYN_P_0143,LOC_0022,2025-08-15 21:00:00,meeting
VISIT_02788,SYN_P_0885,LOC_0020,2025-10-07 21:00:00,business
VISIT_02789,SYN_P_0790,LOC_0055,2025-04-12 01:00:00,travel
VISIT_02790,SYN_P_0890,LOC_0005,2025-06-26 17:00:00,residence
VISIT_02791,SYN_P_0518,LOC_0055,2024-06-14 15:00:00,residence
VISIT_02792,SYN_P_0641,LOC_0010,2025-05-29 10:00:00,delivery
VISIT_02793,SYN_P_0672,LOC_0025,2026-04-22 09:00:00,travel
VISIT_02794,SYN_P_0224,LOC_0079,2024-06-14 20:00:00,business
VISIT_02795,SYN_P_0383,LOC_0040,2024-06-13 18:00:00,residence
VISIT_02796,SYN_P_0848,LOC_0060,2026-02-14 01:00:00,delivery
VISIT_02797,SYN_P_0134,LOC_0013,2024-02-08 09:00:00,meeting
VISIT_02798,SYN_P_0739,LOC_0069,2024-10-30 23:00:00,meeting
VISIT_02799,SYN_P_0669,LOC_0078,2024-02-13 18:00:00,business
VISIT_02800,SYN_P_1021,LOC_0002,2024-06-03 05:00:00,business
VISIT_02801,SYN_P_0680,LOC_0066,2024-02-29 11:00:00,delivery
VISIT_02802,SYN_P_0196,LOC_0073,2025-01-07 10:00:00,travel
VISIT_02803,SYN_P_0356,LOC_0073,2026-07-04 09:00:00,meeting
VISIT_02804,SYN_P_0699,LOC_0029,2024-05-23 23:00:00,meeting
VISIT_02805,SYN_P_0477,LOC_0015,2025-08-26 08:00:00,residence
VISIT_02806,SYN_P_0041,LOC_0055,2024-07-01 03:00:00,meeting
VISIT_02807,SYN_P_0456,LOC_0034,2025-11-29 13:00:00,travel
VISIT_02808,SYN_P_0602,LOC_0035,2026-03-07 20:00:00,delivery
VISIT_02809,SYN_P_0680,LOC_0028,2025-10-10 00:00:00,travel
VISIT_02810,SYN_P_0132,LOC_0045,2025-05-20 01:00:00,meeting
VISIT_02811,SYN_P_0251,LOC_0068,2024-05-16 14:00:00,business
VISIT_02812,SYN_P_0323,LOC_0060,2026-02-18 23:00:00,delivery
VISIT_02813,SYN_P_0119,LOC_0013,2024-09-03 14:00:00,travel
VISIT_02814,SYN_P_0470,LOC_0028,2024-10-19 03:00:00,delivery
VISIT_02815,SYN_P_0186,LOC_0052,2026-02-08 17:00:00,business
VISIT_02816,SYN_P_0387,LOC_0002,2025-04-08 14:00:00,residence
VISIT_02817,SYN_P_0662,LOC_0066,2024-11-22 05:00:00,residence
VISIT_02818,SYN_P_1005,LOC_0020,2026-03-21 14:00:00,delivery
VISIT_02819,SYN_P_0223,LOC_0026,2025-10-26 01:00:00,meeting
VISIT_02820,SYN_P_0756,LOC_0005,2024-06-22 20:00:00,business
VISIT_02821,SYN_P_0601,LOC_0060,2025-01-09 16:00:00,meeting
VISIT_02822,SYN_P_0368,LOC_0048,2025-07-04 22:00:00,delivery
VISIT_02823,SYN_P_0777,LOC_0062,2024-09-02 04:00:00,business
VISIT_02824,SYN_P_0587,LOC_0012,2026-03-17 08:00:00,meeting
VISIT_02825,SYN_P_0660,LOC_0055,2026-09-18 15:00:00,meeting
VISIT_02826,SYN_P_0721,LOC_0067,2025-06-10 07:00:00,travel
VISIT_02827,SYN_P_0976,LOC_0043,2026-10-18 09:00:00,delivery
VISIT_02828,SYN_P_0453,LOC_0074,2024-07-17 12:00:00,travel
VISIT_02829,SYN_P_0085,LOC_0035,2025-06-07 10:00:00,travel
VISIT_02830,SYN_P_0610,LOC_0069,2024-06-12 13:00:00,travel
VISIT_02831,SYN_P_0542,LOC_0065,2024-07-28 15:00:00,business
VISIT_02832,SYN_P_0849,LOC_0004,2026-09-09 02:00:00,residence
VISIT_02833,SYN_P_0166,LOC_0049,2026-05-23 00:00:00,residence
VISIT_02834,SYN_P_0556,LOC_0069,2025-02-26 22:00:00,delivery
VISIT_02835,SYN_P_0753,LOC_0029,2024-02-24 22:00:00,business
VISIT_02836,SYN_P_0815,LOC_0039,2026-10-24 06:00:00,travel
VISIT_02837,SYN_P_0413,LOC_0019,2024-03-11 15:00:00,delivery
VISIT_02838,SYN_P_0793,LOC_0076,2024-06-27 22:00:00,residence
VISIT_02839,SYN_P_0143,LOC_0011,2025-07-21 04:00:00,travel
VISIT_02840,SYN_P_0221,LOC_0002,2024-08-20 16:00:00,delivery
VISIT_02841,SYN_P_0252,LOC_0071,2026-04-05 16:00:00,business
VISIT_02842,SYN_P_0484,LOC_0015,2024-09-02 15:00:00,residence
VISIT_02843,SYN_P_0141,LOC_0051,2025-04-08 14:00:00,travel
VISIT_02844,SYN_P_0433,LOC_0058,2026-03-20 17:00:00,business
VISIT_02845,SYN_P_0501,LOC_0035,2024-06-04 12:00:00,business
VISIT_02846,SYN_P_0039,LOC_0017,2024-08-06 11:00:00,residence
VISIT_02847,SYN_P_0820,LOC_0048,2024-04-02 20:00:00,residence
VISIT_02848,SYN_P_0409,LOC_0050,2025-12-02 02:00:00,business
VISIT_02849,SYN_P_0940,LOC_0033,2025-10-06 13:00:00,meeting
VISIT_02850,SYN_P_0644,LOC_0017,2024-09-08 17:00:00,residence
VISIT_02851,SYN_P_0320,LOC_0045,2024-08-11 00:00:00,delivery
VISIT_02852,SYN_P_0454,LOC_0052,2025-06-17 21:00:00,residence
VISIT_02853,SYN_P_0025,LOC_0006,2024-09-23 17:00:00,meeting
VISIT_02854,SYN_P_0671,LOC_0003,2024-06-16 03:00:00,travel
VISIT_02855,SYN_P_0283,LOC_0021,2025-08-31 11:00:00,meeting
VISIT_02856,SYN_P_0057,LOC_0046,2026-11-01 03:00:00,residence
VISIT_02857,SYN_P_0856,LOC_0070,2025-09-10 20:00:00,meeting
VISIT_02858,SYN_P_0435,LOC_0061,2026-04-08 15:00:00,delivery
VISIT_02859,SYN_P_0298,LOC_0048,2025-04-14 10:00:00,residence
VISIT_02860,SYN_P_1022,LOC_0045,2026-02-22 17:00:00,residence
VISIT_02861,SYN_P_0561,LOC_0027,2025-05-28 16:00:00,travel
VISIT_02862,SYN_P_0566,LOC_0039,2025-12-26 05:00:00,travel
VISIT_02863,SYN_P_0581,LOC_0080,2024-04-23 00:00:00,delivery
VISIT_02864,SYN_P_0720,LOC_0080,2026-02-24 03:00:00,business
VISIT_02865,SYN_P_0128,LOC_0005,2024-09-05 00:00:00,delivery
VISIT_02866,SYN_P_0657,LOC_0077,2024-06-03 19:00:00,meeting
VISIT_02867,SYN_P_0972,LOC_0023,2024-12-23 07:00:00,meeting
VISIT_02868,SYN_P_0870,LOC_0017,2026-03-16 14:00:00,delivery
VISIT_02869,SYN_P_0828,LOC_0004,2026-10-09 14:00:00,travel
VISIT_02870,SYN_P_0743,LOC_0044,2026-08-29 03:00:00,travel
VISIT_02871,SYN_P_0799,LOC_0059,2024-09-11 18:00:00,meeting
VISIT_02872,SYN_P_0795,LOC_0076,2024-01-18 01:00:00,travel
VISIT_02873,SYN_P_0123,LOC_0029,2025-05-31 13:00:00,delivery
VISIT_02874,SYN_P_0857,LOC_0036,2024-07-24 19:00:00,travel
VISIT_02875,SYN_P_0292,LOC_0010,2025-02-13 23:00:00,residence
VISIT_02876,SYN_P_0850,LOC_0075,2026-05-08 11:00:00,residence
VISIT_02877,SYN_P_0773,LOC_0054,2024-11-23 15:00:00,residence
VISIT_02878,SYN_P_0441,LOC_0007,2024-12-15 11:00:00,travel
VISIT_02879,SYN_P_0905,LOC_0022,2026-05-06 20:00:00,business
VISIT_02880,SYN_P_0266,LOC_0017,2024-11-11 04:00:00,business
VISIT_02881,SYN_P_0779,LOC_0029,2024-06-08 05:00:00,delivery
VISIT_02882,SYN_P_0816,LOC_0044,2026-02-22 10:00:00,residence
VISIT_02883,SYN_P_0833,LOC_0051,2024-10-24 08:00:00,delivery
VISIT_02884,SYN_P_0713,LOC_0007,2026-05-04 19:00:00,travel
VISIT_02885,SYN_P_0434,LOC_0052,2024-05-18 06:00:00,travel
VISIT_02886,SYN_P_0334,LOC_0010,2025-11-20 03:00:00,residence
VISIT_02887,SYN_P_0458,LOC_0064,2025-08-18 06:00:00,business
VISIT_02888,SYN_P_0042,LOC_0042,2026-07-28 20:00:00,delivery
VISIT_02889,SYN_P_0524,LOC_0077,2026-02-18 01:00:00,residence
VISIT_02890,SYN_P_1025,LOC_0014,2025-05-12 00:00:00,meeting
VISIT_02891,SYN_P_0252,LOC_0016,2025-02-10 18:00:00,business
VISIT_02892,SYN_P_0617,LOC_0052,2026-07-29 20:00:00,residence
VISIT_02893,SYN_P_0494,LOC_0008,2025-07-21 10:00:00,travel
VISIT_02894,SYN_P_0278,LOC_0080,2024-04-06 21:00:00,delivery
VISIT_02895,SYN_P_0342,LOC_0014,2024-10-14 15:00:00,business
VISIT_02896,SYN_P_0714,LOC_0021,2024-02-18 10:00:00,delivery
VISIT_02897,SYN_P_1032,LOC_0083,2024-12-23 10:00:00,business
VISIT_02898,SYN_P_0017,LOC_0057,2026-08-11 02:00:00,delivery
VISIT_02899,SYN_P_0811,LOC_0002,2024-01-21 10:00:00,travel
VISIT_02900,SYN_P_0220,LOC_0076,2025-12-24 05:00:00,travel
VISIT_02901,SYN_P_0613,LOC_0066,2024-03-23 13:00:00,travel
VISIT_02902,SYN_P_0825,LOC_0083,2025-04-05 20:00:00,meeting
VISIT_02903,SYN_P_1028,LOC_0061,2026-08-21 11:00:00,meeting
VISIT_02904,SYN_P_0503,LOC_0040,2025-05-04 07:00:00,delivery
VISIT_02905,SYN_P_0019,LOC_0078,2025-11-13 19:00:00,business
VISIT_02906,SYN_P_0938,LOC_0025,2025-06-11 23:00:00,meeting
VISIT_02907,SYN_P_0954,LOC_0016,2026-04-24 16:00:00,meeting
VISIT_02908,SYN_P_0818,LOC_0056,2026-11-04 17:00:00,meeting
VISIT_02909,SYN_P_0302,LOC_0061,2025-11-30 19:00:00,meeting
VISIT_02910,SYN_P_0276,LOC_0066,2024-06-23 19:00:00,travel
VISIT_02911,SYN_P_0671,LOC_0043,2026-10-26 22:00:00,delivery
VISIT_02912,SYN_P_0935,LOC_0054,2026-01-14 08:00:00,business
VISIT_02913,SYN_P_0958,LOC_0029,2025-08-09 14:00:00,travel
VISIT_02914,SYN_P_0643,LOC_0015,2024-01-23 21:00:00,business
VISIT_02915,SYN_P_0004,LOC_0084,2025-04-21 04:00:00,travel
VISIT_02916,SYN_P_0261,LOC_0066,2024-05-09 16:00:00,residence
VISIT_02917,SYN_P_0134,LOC_0023,2026-06-08 19:00:00,travel
VISIT_02918,SYN_P_0811,LOC_0001,2025-11-25 18:00:00,travel
VISIT_02919,SYN_P_0700,LOC_0052,2026-07-15 05:00:00,travel
VISIT_02920,SYN_P_1024,LOC_0002,2024-12-30 12:00:00,business
VISIT_02921,SYN_P_0710,LOC_0054,2025-03-02 10:00:00,residence
VISIT_02922,SYN_P_0328,LOC_0001,2024-01-16 15:00:00,business
VISIT_02923,SYN_P_0190,LOC_0082,2026-07-14 22:00:00,travel
VISIT_02924,SYN_P_0792,LOC_0030,2026-07-23 08:00:00,business
VISIT_02925,SYN_P_0310,LOC_0001,2024-02-04 15:00:00,travel
VISIT_02926,SYN_P_0296,LOC_0017,2025-07-16 05:00:00,travel
VISIT_02927,SYN_P_0094,LOC_0075,2024-05-17 07:00:00,residence
VISIT_02928,SYN_P_0758,LOC_0020,2025-07-31 02:00:00,meeting
VISIT_02929,SYN_P_0501,LOC_0029,2026-10-30 18:00:00,travel
VISIT_02930,SYN_P_0865,LOC_0038,2025-02-05 01:00:00,business
VISIT_02931,SYN_P_0376,LOC_0070,2024-10-13 21:00:00,meeting
VISIT_02932,SYN_P_0514,LOC_0009,2025-11-13 18:00:00,meeting
VISIT_02933,SYN_P_0825,LOC_0047,2026-02-18 16:00:00,delivery
VISIT_02934,SYN_P_0860,LOC_0019,2026-06-09 05:00:00,travel
VISIT_02935,SYN_P_0855,LOC_0043,2026-06-12 06:00:00,residence
VISIT_02936,SYN_P_0196,LOC_0051,2025-05-14 17:00:00,meeting
VISIT_02937,SYN_P_0859,LOC_0069,2026-08-01 04:00:00,business
VISIT_02938,SYN_P_0257,LOC_0057,2024-01-14 02:00:00,delivery
VISIT_02939,SYN_P_0981,LOC_0064,2024-09-20 15:00:00,travel
VISIT_02940,SYN_P_0717,LOC_0005,2026-10-13 22:00:00,delivery
VISIT_02941,SYN_P_0573,LOC_0066,2024-10-29 22:00:00,residence
VISIT_02942,SYN_P_0449,LOC_0049,2026-06-15 12:00:00,business
VISIT_02943,SYN_P_0287,LOC_0060,2026-09-22 13:00:00,travel
VISIT_02944,SYN_P_0775,LOC_0084,2025-12-09 09:00:00,meeting
VISIT_02945,SYN_P_0322,LOC_0057,2025-04-07 08:00:00,business
VISIT_02946,SYN_P_0823,LOC_0062,2025-06-05 08:00:00,business
VISIT_02947,SYN_P_0416,LOC_0075,2025-06-16 01:00:00,business
VISIT_02948,SYN_P_0288,LOC_0031,2026-06-02 14:00:00,delivery
VISIT_02949,SYN_P_0809,LOC_0041,2024-06-19 06:00:00,travel
VISIT_02950,SYN_P_0607,LOC_0009,2024-03-21 05:00:00,travel
VISIT_02951,SYN_P_0787,LOC_0077,2026-08-24 10:00:00,residence
VISIT_02952,SYN_P_1029,LOC_0028,2026-10-27 11:00:00,business
VISIT_02953,SYN_P_0609,LOC_0059,2026-04-04 14:00:00,business
VISIT_02954,SYN_P_0268,LOC_0007,2024-11-26 15:00:00,delivery
VISIT_02955,SYN_P_0220,LOC_0016,2025-04-21 18:00:00,meeting
VISIT_02956,SYN_P_0252,LOC_0005,2024-07-21 03:00:00,delivery
VISIT_02957,SYN_P_0211,LOC_0046,2025-06-27 04:00:00,meeting
VISIT_02958,SYN_P_0111,LOC_0030,2025-11-22 04:00:00,business
VISIT_02959,SYN_P_0183,LOC_0030,2024-07-09 05:00:00,meeting
VISIT_02960,SYN_P_0033,LOC_0066,2024-06-28 18:00:00,residence
VISIT_02961,SYN_P_0979,LOC_0081,2024-10-06 14:00:00,travel
VISIT_02962,SYN_P_0117,LOC_0044,2026-09-24 19:00:00,travel
VISIT_02963,SYN_P_0635,LOC_0016,2025-07-29 19:00:00,delivery
VISIT_02964,SYN_P_0753,LOC_0001,2024-12-10 01:00:00,meeting
VISIT_02965,SYN_P_0979,LOC_0050,2024-09-27 10:00:00,residence
VISIT_02966,SYN_P_0517,LOC_0018,2025-01-25 06:00:00,residence
VISIT_02967,SYN_P_0636,LOC_0077,2024-03-21 13:00:00,delivery
VISIT_02968,SYN_P_1016,LOC_0071,2026-03-08 06:00:00,meeting
VISIT_02969,SYN_P_0583,LOC_0008,2025-12-22 01:00:00,residence
VISIT_02970,SYN_P_0135,LOC_0012,2025-07-18 04:00:00,delivery
VISIT_02971,SYN_P_0426,LOC_0016,2025-06-19 23:00:00,travel
VISIT_02972,SYN_P_0862,LOC_0022,2026-09-15 02:00:00,residence
VISIT_02973,SYN_P_0170,LOC_0033,2024-08-25 18:00:00,delivery
VISIT_02974,SYN_P_0757,LOC_0081,2024-09-25 11:00:00,business
VISIT_02975,SYN_P_0686,LOC_0057,2024-12-27 04:00:00,business
VISIT_02976,SYN_P_0736,LOC_0040,2026-05-26 00:00:00,residence
VISIT_02977,SYN_P_0896,LOC_0011,2024-10-04 23:00:00,delivery
VISIT_02978,SYN_P_0407,LOC_0080,2026-02-27 07:00:00,delivery
VISIT_02979,SYN_P_0847,LOC_0002,2024-11-11 16:00:00,meeting
VISIT_02980,SYN_P_0900,LOC_0028,2024-03-02 05:00:00,travel
VISIT_02981,SYN_P_0613,LOC_0036,2025-01-04 14:00:00,business
VISIT_02982,SYN_P_0511,LOC_0007,2024-05-03 01:00:00,meeting
VISIT_02983,SYN_P_0594,LOC_0051,2026-10-30 21:00:00,residence
VISIT_02984,SYN_P_0879,LOC_0063,2025-07-29 11:00:00,meeting
VISIT_02985,SYN_P_0427,LOC_0065,2026-07-28 12:00:00,business
VISIT_02986,SYN_P_1029,LOC_0009,2025-07-30 15:00:00,travel
VISIT_02987,SYN_P_1006,LOC_0067,2024-01-04 16:00:00,residence
VISIT_02988,SYN_P_0614,LOC_0065,2024-06-30 03:00:00,meeting
VISIT_02989,SYN_P_0633,LOC_0024,2025-06-13 05:00:00,business
VISIT_02990,SYN_P_0569,LOC_0075,2024-04-04 13:00:00,residence
VISIT_02991,SYN_P_0102,LOC_0059,2024-02-26 08:00:00,delivery
VISIT_02992,SYN_P_0914,LOC_0010,2025-01-31 02:00:00,business
VISIT_02993,SYN_P_0615,LOC_0004,2025-03-27 02:00:00,travel
VISIT_02994,SYN_P_0490,LOC_0076,2026-08-14 01:00:00,delivery
VISIT_02995,SYN_P_0270,LOC_0081,2025-10-15 03:00:00,business
VISIT_02996,SYN_P_0068,LOC_0048,2024-10-11 11:00:00,business
VISIT_02997,SYN_P_0561,LOC_0050,2024-02-16 16:00:00,residence
VISIT_02998,SYN_P_0214,LOC_0079,2025-03-20 00:00:00,business
VISIT_02999,SYN_P_0075,LOC_0039,2024-10-07 01:00:00,business
VISIT_03000,SYN_P_0951,LOC_0020,2026-06-30 13:00:00,meeting
VISIT_03001,SYN_P_0854,LOC_0028,2026-03-24 12:00:00,delivery
VISIT_03002,SYN_P_0258,LOC_0067,2025-12-07 00:00:00,delivery
VISIT_03003,SYN_P_0957,LOC_0011,2025-01-25 14:00:00,meeting
VISIT_03004,SYN_P_0289,LOC_0025,2026-10-12 07:00:00,business
VISIT_03005,SYN_P_0852,LOC_0035,2024-03-31 02:00:00,meeting
VISIT_03006,SYN_P_0304,LOC_0008,2025-04-12 17:00:00,meeting
VISIT_03007,SYN_P_0486,LOC_0020,2024-06-07 10:00:00,delivery
VISIT_03008,SYN_P_0247,LOC_0077,2025-06-07 10:00:00,travel
VISIT_03009,SYN_P_0546,LOC_0006,2026-05-25 01:00:00,meeting
VISIT_03010,SYN_P_0625,LOC_0053,2025-01-20 18:00:00,residence
VISIT_03011,SYN_P_0577,LOC_0011,2025-08-20 07:00:00,business
VISIT_03012,SYN_P_0283,LOC_0063,2024-09-02 02:00:00,travel
VISIT_03013,SYN_P_0402,LOC_0031,2025-11-04 08:00:00,delivery
VISIT_03014,SYN_P_0161,LOC_0065,2025-04-12 21:00:00,travel
VISIT_03015,SYN_P_0321,LOC_0017,2024-12-20 21:00:00,travel
VISIT_03016,SYN_P_0589,LOC_0005,2025-06-10 02:00:00,business
VISIT_03017,SYN_P_0909,LOC_0011,2024-05-13 20:00:00,travel
VISIT_03018,SYN_P_0333,LOC_0037,2026-10-23 08:00:00,delivery
VISIT_03019,SYN_P_0666,LOC_0041,2025-09-30 22:00:00,travel
VISIT_03020,SYN_P_0048,LOC_0007,2026-11-02 03:00:00,business
VISIT_03021,SYN_P_0835,LOC_0026,2025-05-25 02:00:00,business
VISIT_03022,SYN_P_0274,LOC_0044,2026-07-14 23:00:00,delivery
VISIT_03023,SYN_P_0007,LOC_0053,2026-10-21 15:00:00,travel
VISIT_03024,SYN_P_0947,LOC_0083,2025-01-18 06:00:00,business
VISIT_03025,SYN_P_0985,LOC_0012,2024-03-06 23:00:00,meeting
VISIT_03026,SYN_P_0906,LOC_0051,2025-01-11 16:00:00,meeting
VISIT_03027,SYN_P_0119,LOC_0075,2024-03-24 01:00:00,residence
VISIT_03028,SYN_P_0615,LOC_0067,2024-02-06 21:00:00,business
VISIT_03029,SYN_P_0393,LOC_0062,2024-05-22 22:00:00,travel
VISIT_03030,SYN_P_0755,LOC_0031,2025-01-09 08:00:00,residence
VISIT_03031,SYN_P_1034,LOC_0012,2024-07-30 16:00:00,delivery
VISIT_03032,SYN_P_0580,LOC_0012,2025-06-05 13:00:00,residence
VISIT_03033,SYN_P_0862,LOC_0078,2026-01-30 18:00:00,delivery
VISIT_03034,SYN_P_0058,LOC_0038,2025-07-15 17:00:00,meeting
VISIT_03035,SYN_P_1027,LOC_0020,2026-03-24 20:00:00,meeting
VISIT_03036,SYN_P_0521,LOC_0077,2024-01-26 23:00:00,delivery
VISIT_03037,SYN_P_0461,LOC_0045,2025-05-25 21:00:00,meeting
VISIT_03038,SYN_P_0318,LOC_0075,2026-02-26 02:00:00,delivery
VISIT_03039,SYN_P_0116,LOC_0080,2025-09-10 16:00:00,delivery
VISIT_03040,SYN_P_0708,LOC_0021,2024-11-08 15:00:00,travel
VISIT_03041,SYN_P_0955,LOC_0057,2024-01-28 16:00:00,travel
VISIT_03042,SYN_P_0503,LOC_0065,2024-01-02 05:00:00,delivery
VISIT_03043,SYN_P_0135,LOC_0071,2026-05-22 18:00:00,meeting
VISIT_03044,SYN_P_1030,LOC_0076,2026-04-03 15:00:00,delivery
VISIT_03045,SYN_P_0838,LOC_0060,2025-11-27 00:00:00,residence
VISIT_03046,SYN_P_0646,LOC_0044,2024-08-25 00:00:00,travel
VISIT_03047,SYN_P_0006,LOC_0043,2024-06-17 08:00:00,meeting
VISIT_03048,SYN_P_0006,LOC_0018,2026-09-18 14:00:00,meeting
VISIT_03049,SYN_P_0821,LOC_0059,2024-01-27 19:00:00,travel
VISIT_03050,SYN_P_0192,LOC_0082,2024-06-14 02:00:00,meeting
VISIT_03051,SYN_P_0736,LOC_0043,2024-06-23 08:00:00,residence
VISIT_03052,SYN_P_0718,LOC_0009,2026-07-26 06:00:00,residence
VISIT_03053,SYN_P_0756,LOC_0025,2026-08-28 20:00:00,business
VISIT_03054,SYN_P_0360,LOC_0034,2026-04-06 18:00:00,meeting
VISIT_03055,SYN_P_0582,LOC_0065,2025-04-27 12:00:00,travel
VISIT_03056,SYN_P_0418,LOC_0015,2025-09-17 21:00:00,business
VISIT_03057,SYN_P_0180,LOC_0065,2026-03-21 13:00:00,residence
VISIT_03058,SYN_P_0649,LOC_0015,2025-10-14 15:00:00,delivery
VISIT_03059,SYN_P_0250,LOC_0009,2024-08-04 21:00:00,residence
VISIT_03060,SYN_P_0802,LOC_0049,2025-10-09 06:00:00,residence
VISIT_03061,SYN_P_0107,LOC_0060,2025-07-21 23:00:00,residence
VISIT_03062,SYN_P_0797,LOC_0033,2026-03-21 11:00:00,delivery
VISIT_03063,SYN_P_0023,LOC_0025,2024-06-20 16:00:00,delivery
VISIT_03064,SYN_P_0635,LOC_0064,2026-06-18 04:00:00,business
VISIT_03065,SYN_P_0701,LOC_0044,2026-04-13 17:00:00,residence
VISIT_03066,SYN_P_0710,LOC_0022,2026-05-04 09:00:00,business
VISIT_03067,SYN_P_0455,LOC_0049,2025-10-24 01:00:00,meeting
VISIT_03068,SYN_P_1009,LOC_0036,2024-12-15 19:00:00,residence
VISIT_03069,SYN_P_0130,LOC_0051,2024-07-10 01:00:00,business
VISIT_03070,SYN_P_0478,LOC_0054,2024-09-09 02:00:00,meeting
VISIT_03071,SYN_P_0228,LOC_0068,2026-09-13 14:00:00,residence
VISIT_03072,SYN_P_0776,LOC_0050,2026-06-04 09:00:00,delivery
VISIT_03073,SYN_P_0830,LOC_0057,2025-03-11 03:00:00,residence
VISIT_03074,SYN_P_0217,LOC_0034,2025-01-05 15:00:00,meeting
VISIT_03075,SYN_P_0792,LOC_0029,2026-08-14 05:00:00,residence
VISIT_03076,SYN_P_0607,LOC_0080,2026-04-02 11:00:00,business
VISIT_03077,SYN_P_0076,LOC_0077,2024-01-05 15:00:00,travel
VISIT_03078,SYN_P_0334,LOC_0004,2024-07-15 11:00:00,travel
VISIT_03079,SYN_P_0612,LOC_0083,2026-04-27 17:00:00,residence
VISIT_03080,SYN_P_0180,LOC_0049,2024-06-15 17:00:00,business
VISIT_03081,SYN_P_0790,LOC_0030,2026-11-06 08:00:00,travel
VISIT_03082,SYN_P_0673,LOC_0017,2024-03-17 15:00:00,business
VISIT_03083,SYN_P_0667,LOC_0068,2025-01-30 04:00:00,meeting
VISIT_03084,SYN_P_0219,LOC_0065,2026-04-02 05:00:00,business
VISIT_03085,SYN_P_0739,LOC_0050,2025-03-07 02:00:00,business
VISIT_03086,SYN_P_0817,LOC_0001,2026-06-10 00:00:00,delivery
VISIT_03087,SYN_P_0717,LOC_0008,2025-07-18 19:00:00,delivery
VISIT_03088,SYN_P_0427,LOC_0020,2025-08-12 21:00:00,delivery
VISIT_03089,SYN_P_0622,LOC_0058,2026-09-29 06:00:00,residence
VISIT_03090,SYN_P_0602,LOC_0083,2025-06-23 19:00:00,business
VISIT_03091,SYN_P_0983,LOC_0067,2024-11-14 19:00:00,delivery
VISIT_03092,SYN_P_0035,LOC_0019,2025-01-02 04:00:00,delivery
VISIT_03093,SYN_P_0014,LOC_0028,2024-10-22 14:00:00,travel
VISIT_03094,SYN_P_0631,LOC_0052,2025-07-30 14:00:00,meeting
VISIT_03095,SYN_P_0930,LOC_0049,2025-08-16 18:00:00,delivery
VISIT_03096,SYN_P_0016,LOC_0035,2024-03-19 04:00:00,business
VISIT_03097,SYN_P_0100,LOC_0051,2024-07-25 13:00:00,residence
VISIT_03098,SYN_P_0634,LOC_0066,2024-01-28 08:00:00,meeting
VISIT_03099,SYN_P_0160,LOC_0072,2024-12-27 13:00:00,delivery
VISIT_03100,SYN_P_0691,LOC_0062,2024-09-27 18:00:00,travel
VISIT_03101,SYN_P_0140,LOC_0057,2026-05-03 16:00:00,meeting
VISIT_03102,SYN_P_0266,LOC_0003,2024-09-04 00:00:00,delivery
VISIT_03103,SYN_P_1016,LOC_0065,2026-02-10 20:00:00,meeting
VISIT_03104,SYN_P_0688,LOC_0025,2026-01-03 06:00:00,meeting
VISIT_03105,SYN_P_0572,LOC_0037,2024-10-29 19:00:00,travel
VISIT_03106,SYN_P_0763,LOC_0069,2024-09-06 15:00:00,residence
VISIT_03107,SYN_P_0598,LOC_0058,2025-12-08 11:00:00,meeting
VISIT_03108,SYN_P_0592,LOC_0025,2024-06-28 07:00:00,residence
VISIT_03109,SYN_P_0420,LOC_0082,2024-01-07 02:00:00,travel
VISIT_03110,SYN_P_0986,LOC_0067,2025-08-03 12:00:00,residence
VISIT_03111,SYN_P_1011,LOC_0016,2026-10-11 10:00:00,travel
VISIT_03112,SYN_P_0229,LOC_0054,2026-05-05 22:00:00,meeting
VISIT_03113,SYN_P_0294,LOC_0016,2026-01-26 03:00:00,meeting
VISIT_03114,SYN_P_0577,LOC_0076,2025-11-22 13:00:00,meeting
VISIT_03115,SYN_P_0657,LOC_0049,2025-05-07 05:00:00,delivery
VISIT_03116,SYN_P_0852,LOC_0055,2026-07-25 11:00:00,meeting
VISIT_03117,SYN_P_0572,LOC_0074,2025-03-12 04:00:00,residence
VISIT_03118,SYN_P_0891,LOC_0054,2025-12-14 11:00:00,meeting
VISIT_03119,SYN_P_0062,LOC_0004,2024-01-15 19:00:00,travel
VISIT_03120,SYN_P_0360,LOC_0034,2024-01-01 04:00:00,delivery
VISIT_03121,SYN_P_0752,LOC_0079,2025-02-14 19:00:00,residence
VISIT_03122,SYN_P_1004,LOC_0032,2024-05-04 10:00:00,residence
VISIT_03123,SYN_P_0514,LOC_0072,2024-08-13 08:00:00,meeting
VISIT_03124,SYN_P_0112,LOC_0052,2025-08-15 03:00:00,residence
VISIT_03125,SYN_P_0418,LOC_0066,2026-04-15 11:00:00,residence
VISIT_03126,SYN_P_0282,LOC_0018,2024-03-07 14:00:00,meeting
VISIT_03127,SYN_P_0379,LOC_0066,2025-02-06 21:00:00,meeting
VISIT_03128,SYN_P_0603,LOC_0041,2026-07-04 05:00:00,travel
VISIT_03129,SYN_P_0514,LOC_0056,2024-03-19 23:00:00,travel
VISIT_03130,SYN_P_0207,LOC_0067,2026-05-29 03:00:00,travel
VISIT_03131,SYN_P_0284,LOC_0003,2026-04-12 12:00:00,business
VISIT_03132,SYN_P_0673,LOC_0028,2025-04-14 20:00:00,travel
VISIT_03133,SYN_P_0120,LOC_0073,2024-07-20 02:00:00,delivery
VISIT_03134,SYN_P_0362,LOC_0008,2025-07-02 02:00:00,business
VISIT_03135,SYN_P_0849,LOC_0032,2024-01-29 09:00:00,residence
VISIT_03136,SYN_P_0050,LOC_0013,2026-02-27 05:00:00,business
VISIT_03137,SYN_P_0891,LOC_0011,2024-05-01 10:00:00,travel
VISIT_03138,SYN_P_0810,LOC_0067,2024-07-30 15:00:00,business
VISIT_03139,SYN_P_0096,LOC_0006,2025-04-24 05:00:00,meeting
VISIT_03140,SYN_P_0201,LOC_0068,2025-10-15 09:00:00,delivery
VISIT_03141,SYN_P_0294,LOC_0070,2024-03-13 18:00:00,business
VISIT_03142,SYN_P_1030,LOC_0055,2025-07-27 14:00:00,business
VISIT_03143,SYN_P_0926,LOC_0068,2026-08-06 08:00:00,business
VISIT_03144,SYN_P_0303,LOC_0057,2026-03-11 21:00:00,delivery
VISIT_03145,SYN_P_1038,LOC_0027,2024-02-11 03:00:00,travel
VISIT_03146,SYN_P_0266,LOC_0074,2025-06-21 15:00:00,delivery
VISIT_03147,SYN_P_0454,LOC_0082,2026-08-25 12:00:00,business
VISIT_03148,SYN_P_0123,LOC_0049,2024-09-15 13:00:00,meeting
VISIT_03149,SYN_P_0527,LOC_0023,2024-03-24 21:00:00,delivery
VISIT_03150,SYN_P_0436,LOC_0084,2024-11-07 13:00:00,delivery
VISIT_03151,SYN_P_0932,LOC_0004,2024-05-16 19:00:00,delivery
VISIT_03152,SYN_P_0176,LOC_0054,2026-07-24 00:00:00,business
VISIT_03153,SYN_P_0035,LOC_0080,2024-02-22 21:00:00,business
VISIT_03154,SYN_P_0463,LOC_0032,2026-02-27 03:00:00,delivery
VISIT_03155,SYN_P_0525,LOC_0002,2026-07-31 10:00:00,delivery
VISIT_03156,SYN_P_0278,LOC_0083,2025-10-20 07:00:00,meeting
VISIT_03157,SYN_P_0332,LOC_0061,2024-09-20 09:00:00,business
VISIT_03158,SYN_P_0306,LOC_0020,2026-10-10 16:00:00,meeting
VISIT_03159,SYN_P_0334,LOC_0051,2024-10-25 22:00:00,residence
VISIT_03160,SYN_P_0479,LOC_0029,2025-02-21 14:00:00,residence
VISIT_03161,SYN_P_0216,LOC_0071,2026-02-26 19:00:00,meeting
VISIT_03162,SYN_P_0444,LOC_0028,2025-04-03 16:00:00,delivery
VISIT_03163,SYN_P_0139,LOC_0017,2024-11-26 06:00:00,business
VISIT_03164,SYN_P_0559,LOC_0025,2025-10-27 18:00:00,meeting
VISIT_03165,SYN_P_0292,LOC_0045,2025-07-03 03:00:00,meeting
VISIT_03166,SYN_P_1006,LOC_0043,2025-09-19 17:00:00,business
VISIT_03167,SYN_P_0751,LOC_0055,2025-02-17 16:00:00,meeting
VISIT_03168,SYN_P_1017,LOC_0056,2026-05-28 19:00:00,residence
VISIT_03169,SYN_P_0420,LOC_0039,2024-07-14 01:00:00,meeting
VISIT_03170,SYN_P_0869,LOC_0014,2024-06-03 15:00:00,delivery
VISIT_03171,SYN_P_0867,LOC_0041,2026-07-19 05:00:00,delivery
VISIT_03172,SYN_P_0486,LOC_0001,2024-06-15 09:00:00,business
VISIT_03173,SYN_P_0087,LOC_0055,2024-08-01 04:00:00,delivery
VISIT_03174,SYN_P_0544,LOC_0050,2025-02-07 15:00:00,residence
VISIT_03175,SYN_P_0038,LOC_0030,2025-09-07 03:00:00,business
VISIT_03176,SYN_P_0610,LOC_0069,2024-11-08 22:00:00,residence
VISIT_03177,SYN_P_0709,LOC_0084,2025-10-05 04:00:00,residence
VISIT_03178,SYN_P_0231,LOC_0029,2026-02-26 07:00:00,business
VISIT_03179,SYN_P_0109,LOC_0050,2026-06-03 01:00:00,delivery
VISIT_03180,SYN_P_0346,LOC_0073,2026-07-26 14:00:00,travel
VISIT_03181,SYN_P_0740,LOC_0039,2026-04-18 12:00:00,meeting
VISIT_03182,SYN_P_0932,LOC_0002,2025-09-25 21:00:00,residence
VISIT_03183,SYN_P_0180,LOC_0043,2026-08-28 04:00:00,delivery
VISIT_03184,SYN_P_0560,LOC_0009,2025-05-05 21:00:00,delivery
VISIT_03185,SYN_P_0890,LOC_0004,2026-06-18 04:00:00,residence
VISIT_03186,SYN_P_0630,LOC_0009,2024-05-14 10:00:00,residence
VISIT_03187,SYN_P_0404,LOC_0061,2024-01-21 04:00:00,travel
VISIT_03188,SYN_P_0942,LOC_0002,2026-08-03 14:00:00,delivery
VISIT_03189,SYN_P_0856,LOC_0016,2024-02-06 08:00:00,residence
VISIT_03190,SYN_P_0847,LOC_0056,2025-03-25 10:00:00,business
VISIT_03191,SYN_P_0615,LOC_0077,2025-01-01 02:00:00,meeting
VISIT_03192,SYN_P_0819,LOC_0046,2026-04-06 18:00:00,delivery
VISIT_03193,SYN_P_0408,LOC_0018,2024-07-21 12:00:00,residence
VISIT_03194,SYN_P_0967,LOC_0048,2026-10-07 07:00:00,meeting
VISIT_03195,SYN_P_0726,LOC_0066,2024-05-05 18:00:00,business
VISIT_03196,SYN_P_0696,LOC_0020,2024-05-21 05:00:00,residence
VISIT_03197,SYN_P_0495,LOC_0042,2024-07-23 08:00:00,meeting
VISIT_03198,SYN_P_0100,LOC_0059,2026-09-18 05:00:00,delivery
VISIT_03199,SYN_P_0451,LOC_0072,2025-02-06 20:00:00,residence
VISIT_03200,SYN_P_0470,LOC_0057,2024-12-28 14:00:00,delivery
VISIT_03201,SYN_P_0214,LOC_0006,2024-01-17 08:00:00,delivery
VISIT_03202,SYN_P_0058,LOC_0065,2024-09-09 18:00:00,meeting
VISIT_03203,SYN_P_0640,LOC_0072,2026-04-03 18:00:00,delivery
VISIT_03204,SYN_P_0422,LOC_0060,2025-08-17 00:00:00,meeting
VISIT_03205,SYN_P_0885,LOC_0037,2024-08-19 02:00:00,residence
VISIT_03206,SYN_P_0174,LOC_0022,2026-10-02 20:00:00,residence
VISIT_03207,SYN_P_0661,LOC_0083,2026-02-21 12:00:00,residence
VISIT_03208,SYN_P_0834,LOC_0070,2026-08-31 08:00:00,travel
VISIT_03209,SYN_P_0301,LOC_0004,2024-09-10 04:00:00,business
VISIT_03210,SYN_P_0598,LOC_0033,2024-08-10 11:00:00,business
VISIT_03211,SYN_P_0245,LOC_0039,2024-03-21 15:00:00,meeting
VISIT_03212,SYN_P_0172,LOC_0013,2026-04-21 16:00:00,delivery
VISIT_03213,SYN_P_0786,LOC_0080,2025-08-08 23:00:00,meeting
VISIT_03214,SYN_P_0205,LOC_0010,2025-11-12 04:00:00,delivery
VISIT_03215,SYN_P_0165,LOC_0058,2025-10-24 09:00:00,business
VISIT_03216,SYN_P_0346,LOC_0009,2024-02-19 20:00:00,business
VISIT_03217,SYN_P_0367,LOC_0066,2024-08-30 18:00:00,business
VISIT_03218,SYN_P_0318,LOC_0069,2024-04-10 19:00:00,residence
VISIT_03219,SYN_P_0647,LOC_0042,2026-06-12 21:00:00,business
VISIT_03220,SYN_P_0731,LOC_0019,2026-03-04 05:00:00,business
VISIT_03221,SYN_P_0428,LOC_0021,2025-08-24 23:00:00,business
VISIT_03222,SYN_P_0079,LOC_0022,2025-11-29 11:00:00,meeting
VISIT_03223,SYN_P_0813,LOC_0043,2026-05-04 18:00:00,residence
VISIT_03224,SYN_P_1027,LOC_0050,2025-07-19 22:00:00,meeting
VISIT_03225,SYN_P_0628,LOC_0039,2024-10-21 15:00:00,meeting
VISIT_03226,SYN_P_0269,LOC_0038,2026-02-11 14:00:00,residence
VISIT_03227,SYN_P_0382,LOC_0066,2025-10-31 18:00:00,business
VISIT_03228,SYN_P_0280,LOC_0015,2024-07-16 12:00:00,meeting
VISIT_03229,SYN_P_1008,LOC_0051,2025-12-18 21:00:00,delivery
VISIT_03230,SYN_P_1010,LOC_0009,2025-07-02 08:00:00,residence
VISIT_03231,SYN_P_0834,LOC_0058,2026-04-26 04:00:00,travel
VISIT_03232,SYN_P_0376,LOC_0013,2026-06-21 21:00:00,residence
VISIT_03233,SYN_P_1004,LOC_0073,2026-02-22 05:00:00,residence
VISIT_03234,SYN_P_1018,LOC_0037,2025-05-26 15:00:00,delivery
VISIT_03235,SYN_P_0405,LOC_0041,2025-02-05 19:00:00,residence
VISIT_03236,SYN_P_0758,LOC_0042,2026-05-28 14:00:00,meeting
VISIT_03237,SYN_P_0772,LOC_0023,2026-03-18 12:00:00,travel
VISIT_03238,SYN_P_0472,LOC_0020,2026-04-09 12:00:00,meeting
VISIT_03239,SYN_P_0029,LOC_0047,2024-01-20 08:00:00,travel
VISIT_03240,SYN_P_0085,LOC_0016,2026-04-26 03:00:00,delivery
VISIT_03241,SYN_P_0874,LOC_0025,2024-03-18 12:00:00,business
VISIT_03242,SYN_P_0898,LOC_0011,2025-05-31 01:00:00,residence
VISIT_03243,SYN_P_0764,LOC_0004,2024-08-11 15:00:00,meeting
VISIT_03244,SYN_P_0464,LOC_0016,2026-04-27 06:00:00,meeting
VISIT_03245,SYN_P_0873,LOC_0017,2024-05-19 12:00:00,meeting
VISIT_03246,SYN_P_0425,LOC_0028,2024-08-02 20:00:00,business
VISIT_03247,SYN_P_0662,LOC_0037,2025-02-11 01:00:00,meeting
VISIT_03248,SYN_P_0545,LOC_0067,2024-09-17 12:00:00,residence
VISIT_03249,SYN_P_0369,LOC_0067,2025-07-12 15:00:00,business
VISIT_03250,SYN_P_0649,LOC_0044,2024-04-17 00:00:00,residence
VISIT_03251,SYN_P_0527,LOC_0019,2024-09-05 12:00:00,travel
VISIT_03252,SYN_P_0318,LOC_0065,2024-03-27 03:00:00,meeting
VISIT_03253,SYN_P_0791,LOC_0067,2024-07-03 22:00:00,meeting
VISIT_03254,SYN_P_0850,LOC_0007,2024-04-07 02:00:00,business
VISIT_03255,SYN_P_0493,LOC_0012,2024-05-26 05:00:00,residence
VISIT_03256,SYN_P_0322,LOC_0047,2025-12-13 20:00:00,travel
VISIT_03257,SYN_P_0467,LOC_0040,2025-10-08 19:00:00,delivery
VISIT_03258,SYN_P_0118,LOC_0069,2026-06-10 18:00:00,delivery
VISIT_03259,SYN_P_0064,LOC_0068,2024-04-01 20:00:00,business
VISIT_03260,SYN_P_1035,LOC_0021,2024-05-30 22:00:00,delivery
VISIT_03261,SYN_P_0655,LOC_0031,2024-12-24 21:00:00,travel
VISIT_03262,SYN_P_0838,LOC_0004,2026-01-31 09:00:00,business
VISIT_03263,SYN_P_0693,LOC_0076,2024-09-21 05:00:00,meeting
VISIT_03264,SYN_P_0216,LOC_0043,2025-05-27 04:00:00,business
VISIT_03265,SYN_P_0814,LOC_0054,2025-06-15 14:00:00,business
VISIT_03266,SYN_P_0737,LOC_0060,2025-12-02 22:00:00,delivery
VISIT_03267,SYN_P_0196,LOC_0079,2024-07-20 02:00:00,travel
VISIT_03268,SYN_P_0211,LOC_0012,2024-05-27 14:00:00,business
VISIT_03269,SYN_P_0069,LOC_0043,2024-10-27 01:00:00,delivery
VISIT_03270,SYN_P_0327,LOC_0082,2025-07-31 18:00:00,meeting
VISIT_03271,SYN_P_0591,LOC_0007,2025-03-26 02:00:00,residence
VISIT_03272,SYN_P_0972,LOC_0073,2024-03-28 07:00:00,delivery
VISIT_03273,SYN_P_0278,LOC_0068,2024-07-23 03:00:00,delivery
VISIT_03274,SYN_P_0209,LOC_0036,2024-01-02 08:00:00,travel
VISIT_03275,SYN_P_0667,LOC_0031,2024-01-21 10:00:00,meeting
VISIT_03276,SYN_P_0587,LOC_0039,2025-07-03 02:00:00,meeting
VISIT_03277,SYN_P_0084,LOC_0036,2026-11-03 16:00:00,meeting
VISIT_03278,SYN_P_0192,LOC_0080,2026-01-21 07:00:00,meeting
VISIT_03279,SYN_P_0061,LOC_0044,2026-03-05 00:00:00,business
VISIT_03280,SYN_P_1022,LOC_0048,2025-07-22 12:00:00,travel
VISIT_03281,SYN_P_0889,LOC_0035,2025-10-06 10:00:00,residence
VISIT_03282,SYN_P_0978,LOC_0058,2024-01-05 21:00:00,delivery
VISIT_03283,SYN_P_0887,LOC_0084,2024-11-23 10:00:00,meeting
VISIT_03284,SYN_P_0885,LOC_0068,2024-07-31 00:00:00,meeting
VISIT_03285,SYN_P_0658,LOC_0066,2024-03-24 19:00:00,travel
VISIT_03286,SYN_P_0592,LOC_0049,2025-03-14 21:00:00,business
VISIT_03287,SYN_P_1027,LOC_0044,2024-02-16 11:00:00,travel
VISIT_03288,SYN_P_0239,LOC_0009,2026-08-27 07:00:00,residence
VISIT_03289,SYN_P_0589,LOC_0078,2026-08-08 13:00:00,meeting
VISIT_03290,SYN_P_0709,LOC_0035,2025-11-17 06:00:00,meeting
VISIT_03291,SYN_P_0336,LOC_0067,2024-01-21 04:00:00,business
VISIT_03292,SYN_P_0573,LOC_0059,2025-12-25 17:00:00,residence
VISIT_03293,SYN_P_0198,LOC_0053,2025-07-09 17:00:00,business
VISIT_03294,SYN_P_0150,LOC_0039,2025-11-14 16:00:00,delivery
VISIT_03295,SYN_P_0052,LOC_0076,2024-12-19 15:00:00,delivery
VISIT_03296,SYN_P_0777,LOC_0070,2025-05-02 21:00:00,delivery
VISIT_03297,SYN_P_0286,LOC_0017,2024-03-22 09:00:00,delivery
VISIT_03298,SYN_P_0438,LOC_0008,2025-03-27 19:00:00,business
VISIT_03299,SYN_P_0723,LOC_0016,2026-04-02 23:00:00,travel
VISIT_03300,SYN_P_0643,LOC_0017,2026-07-03 21:00:00,residence
VISIT_03301,SYN_P_0364,LOC_0049,2025-05-04 03:00:00,delivery
VISIT_03302,SYN_P_0419,LOC_0032,2026-09-02 23:00:00,travel
VISIT_03303,SYN_P_0810,LOC_0031,2026-06-13 09:00:00,meeting
VISIT_03304,SYN_P_0569,LOC_0058,2025-05-08 09:00:00,residence
VISIT_03305,SYN_P_1001,LOC_0012,2024-07-04 14:00:00,residence
VISIT_03306,SYN_P_0856,LOC_0002,2025-03-24 17:00:00,meeting
VISIT_03307,SYN_P_0260,LOC_0014,2026-02-20 13:00:00,delivery
VISIT_03308,SYN_P_0639,LOC_0002,2025-04-06 05:00:00,residence
VISIT_03309,SYN_P_0633,LOC_0037,2026-04-16 15:00:00,travel
VISIT_03310,SYN_P_0827,LOC_0068,2024-07-28 22:00:00,travel
VISIT_03311,SYN_P_0893,LOC_0076,2025-04-09 11:00:00,business
VISIT_03312,SYN_P_0775,LOC_0059,2025-01-16 01:00:00,meeting
VISIT_03313,SYN_P_0971,LOC_0009,2024-05-16 21:00:00,meeting
VISIT_03314,SYN_P_0050,LOC_0049,2024-04-14 15:00:00,business
VISIT_03315,SYN_P_0689,LOC_0031,2026-09-10 10:00:00,meeting
VISIT_03316,SYN_P_0362,LOC_0062,2026-06-06 13:00:00,meeting
VISIT_03317,SYN_P_0487,LOC_0049,2026-03-02 04:00:00,delivery
VISIT_03318,SYN_P_0547,LOC_0004,2024-06-21 01:00:00,business
VISIT_03319,SYN_P_0420,LOC_0042,2024-04-08 11:00:00,delivery
VISIT_03320,SYN_P_0270,LOC_0058,2024-10-11 06:00:00,delivery
VISIT_03321,SYN_P_0802,LOC_0045,2025-07-01 16:00:00,delivery
VISIT_03322,SYN_P_0145,LOC_0048,2025-03-27 16:00:00,business
VISIT_03323,SYN_P_0607,LOC_0035,2025-11-23 13:00:00,residence
VISIT_03324,SYN_P_0878,LOC_0028,2024-08-06 08:00:00,business
VISIT_03325,SYN_P_0034,LOC_0016,2024-01-15 06:00:00,business
VISIT_03326,SYN_P_0850,LOC_0036,2026-01-14 22:00:00,business
VISIT_03327,SYN_P_0356,LOC_0022,2025-06-26 12:00:00,meeting
VISIT_03328,SYN_P_0636,LOC_0019,2025-08-03 23:00:00,meeting
VISIT_03329,SYN_P_0429,LOC_0058,2024-06-21 03:00:00,business
VISIT_03330,SYN_P_0294,LOC_0063,2025-07-06 02:00:00,meeting
VISIT_03331,SYN_P_0049,LOC_0018,2024-10-26 10:00:00,residence
VISIT_03332,SYN_P_0867,LOC_0034,2025-08-05 12:00:00,delivery
VISIT_03333,SYN_P_0574,LOC_0029,2025-11-03 00:00:00,meeting
VISIT_03334,SYN_P_0646,LOC_0046,2026-07-27 08:00:00,business
VISIT_03335,SYN_P_0008,LOC_0006,2026-08-23 22:00:00,travel
VISIT_03336,SYN_P_0075,LOC_0001,2024-06-27 14:00:00,meeting
VISIT_03337,SYN_P_0169,LOC_0078,2025-11-26 22:00:00,travel
VISIT_03338,SYN_P_0447,LOC_0056,2025-11-23 17:00:00,business
VISIT_03339,SYN_P_0885,LOC_0067,2024-08-01 03:00:00,delivery
VISIT_03340,SYN_P_0453,LOC_0036,2024-11-12 05:00:00,meeting
VISIT_03341,SYN_P_0863,LOC_0048,2026-02-16 20:00:00,meeting
VISIT_03342,SYN_P_0236,LOC_0015,2024-01-18 07:00:00,business
VISIT_03343,SYN_P_1007,LOC_0053,2025-05-30 07:00:00,travel
VISIT_03344,SYN_P_0904,LOC_0031,2025-12-24 23:00:00,business
VISIT_03345,SYN_P_0008,LOC_0025,2025-04-30 17:00:00,business
VISIT_03346,SYN_P_0995,LOC_0021,2024-11-22 21:00:00,travel
VISIT_03347,SYN_P_1006,LOC_0066,2025-08-15 14:00:00,travel
VISIT_03348,SYN_P_0958,LOC_0031,2026-01-07 22:00:00,travel
VISIT_03349,SYN_P_0763,LOC_0059,2024-09-10 01:00:00,travel
VISIT_03350,SYN_P_0012,LOC_0065,2024-10-30 18:00:00,delivery
VISIT_03351,SYN_P_0872,LOC_0050,2025-09-22 12:00:00,residence
VISIT_03352,SYN_P_0338,LOC_0022,2026-08-11 22:00:00,travel
VISIT_03353,SYN_P_0010,LOC_0045,2025-01-26 01:00:00,business
VISIT_03354,SYN_P_0986,LOC_0070,2025-09-28 08:00:00,residence
VISIT_03355,SYN_P_0686,LOC_0057,2024-07-14 17:00:00,delivery
VISIT_03356,SYN_P_0316,LOC_0055,2026-03-18 08:00:00,business
VISIT_03357,SYN_P_0271,LOC_0020,2026-07-22 23:00:00,travel
VISIT_03358,SYN_P_0112,LOC_0027,2024-02-14 02:00:00,meeting
VISIT_03359,SYN_P_0790,LOC_0082,2026-07-11 11:00:00,business
VISIT_03360,SYN_P_0523,LOC_0075,2024-06-12 22:00:00,delivery
VISIT_03361,SYN_P_0525,LOC_0057,2025-04-06 03:00:00,meeting
VISIT_03362,SYN_P_0888,LOC_0046,2025-04-30 11:00:00,residence
VISIT_03363,SYN_P_0491,LOC_0061,2026-09-04 14:00:00,travel
VISIT_03364,SYN_P_0534,LOC_0025,2025-11-06 11:00:00,delivery
VISIT_03365,SYN_P_0573,LOC_0030,2024-12-07 04:00:00,residence
VISIT_03366,SYN_P_0680,LOC_0069,2025-02-06 10:00:00,delivery
VISIT_03367,SYN_P_0603,LOC_0084,2024-05-21 02:00:00,meeting
VISIT_03368,SYN_P_0502,LOC_0027,2025-06-09 18:00:00,delivery
VISIT_03369,SYN_P_0600,LOC_0067,2025-06-01 17:00:00,business
VISIT_03370,SYN_P_0154,LOC_0017,2025-07-05 15:00:00,residence
VISIT_03371,SYN_P_0377,LOC_0070,2026-04-16 09:00:00,delivery
VISIT_03372,SYN_P_0398,LOC_0017,2025-08-18 19:00:00,business
VISIT_03373,SYN_P_0633,LOC_0052,2024-01-22 17:00:00,delivery
VISIT_03374,SYN_P_0200,LOC_0040,2024-10-15 12:00:00,travel
VISIT_03375,SYN_P_0212,LOC_0021,2024-04-03 22:00:00,travel
VISIT_03376,SYN_P_0704,LOC_0034,2024-08-09 22:00:00,business
VISIT_03377,SYN_P_0722,LOC_0049,2026-11-01 00:00:00,residence
VISIT_03378,SYN_P_0174,LOC_0009,2024-11-20 22:00:00,residence
VISIT_03379,SYN_P_0207,LOC_0061,2025-09-10 13:00:00,delivery
VISIT_03380,SYN_P_0744,LOC_0045,2025-12-26 11:00:00,travel
VISIT_03381,SYN_P_1003,LOC_0016,2026-04-05 08:00:00,residence
VISIT_03382,SYN_P_0127,LOC_0074,2025-09-21 00:00:00,travel
VISIT_03383,SYN_P_0289,LOC_0012,2026-10-31 20:00:00,residence
VISIT_03384,SYN_P_0002,LOC_0063,2026-05-18 20:00:00,delivery
VISIT_03385,SYN_P_0581,LOC_0063,2026-03-22 21:00:00,travel
VISIT_03386,SYN_P_0822,LOC_0055,2024-04-06 03:00:00,meeting
VISIT_03387,SYN_P_0296,LOC_0013,2026-04-21 18:00:00,meeting
VISIT_03388,SYN_P_0622,LOC_0052,2026-10-13 17:00:00,travel
VISIT_03389,SYN_P_0540,LOC_0033,2025-11-13 19:00:00,meeting
VISIT_03390,SYN_P_0081,LOC_0028,2026-01-09 02:00:00,meeting
VISIT_03391,SYN_P_0510,LOC_0066,2025-05-13 11:00:00,business
VISIT_03392,SYN_P_0313,LOC_0023,2025-03-27 01:00:00,delivery
VISIT_03393,SYN_P_0091,LOC_0005,2026-05-10 22:00:00,business
VISIT_03394,SYN_P_0821,LOC_0073,2026-01-17 15:00:00,meeting
VISIT_03395,SYN_P_0049,LOC_0027,2025-08-12 11:00:00,travel
VISIT_03396,SYN_P_0399,LOC_0052,2025-10-08 01:00:00,delivery
VISIT_03397,SYN_P_0193,LOC_0054,2024-12-28 20:00:00,travel
VISIT_03398,SYN_P_0707,LOC_0069,2026-03-10 18:00:00,travel
VISIT_03399,SYN_P_0250,LOC_0063,2025-05-12 01:00:00,travel
VISIT_03400,SYN_P_0530,LOC_0025,2026-02-02 22:00:00,travel
VISIT_03401,SYN_P_0109,LOC_0043,2025-06-23 04:00:00,travel
VISIT_03402,SYN_P_0155,LOC_0076,2024-07-27 10:00:00,business
VISIT_03403,SYN_P_1013,LOC_0076,2024-02-03 02:00:00,delivery
VISIT_03404,SYN_P_0836,LOC_0007,2024-12-03 20:00:00,residence
VISIT_03405,SYN_P_0180,LOC_0043,2026-09-24 13:00:00,residence
VISIT_03406,SYN_P_0464,LOC_0076,2026-10-01 19:00:00,residence
VISIT_03407,SYN_P_0804,LOC_0016,2024-05-13 09:00:00,meeting
VISIT_03408,SYN_P_0812,LOC_0035,2024-02-22 04:00:00,residence
VISIT_03409,SYN_P_0070,LOC_0054,2026-07-15 21:00:00,meeting
VISIT_03410,SYN_P_0749,LOC_0015,2025-04-24 11:00:00,business
VISIT_03411,SYN_P_0825,LOC_0018,2026-02-05 07:00:00,business
VISIT_03412,SYN_P_0032,LOC_0064,2026-01-28 05:00:00,travel
VISIT_03413,SYN_P_0842,LOC_0076,2024-01-11 00:00:00,delivery
VISIT_03414,SYN_P_0007,LOC_0024,2026-08-14 08:00:00,meeting
VISIT_03415,SYN_P_1014,LOC_0023,2024-11-23 17:00:00,business
VISIT_03416,SYN_P_1011,LOC_0061,2025-11-17 03:00:00,delivery
VISIT_03417,SYN_P_0429,LOC_0009,2026-10-05 00:00:00,meeting
VISIT_03418,SYN_P_0922,LOC_0003,2025-09-13 18:00:00,residence
VISIT_03419,SYN_P_0841,LOC_0010,2026-08-30 20:00:00,residence
VISIT_03420,SYN_P_0003,LOC_0044,2025-09-25 21:00:00,travel
VISIT_03421,SYN_P_0058,LOC_0083,2025-01-25 15:00:00,delivery
VISIT_03422,SYN_P_0785,LOC_0077,2025-08-08 03:00:00,delivery
VISIT_03423,SYN_P_0342,LOC_0032,2025-08-26 22:00:00,business
VISIT_03424,SYN_P_0956,LOC_0031,2026-04-20 10:00:00,residence
VISIT_03425,SYN_P_0235,LOC_0031,2024-02-17 06:00:00,meeting
VISIT_03426,SYN_P_0537,LOC_0029,2024-11-22 07:00:00,travel
VISIT_03427,SYN_P_0546,LOC_0017,2024-07-24 00:00:00,delivery
VISIT_03428,SYN_P_0281,LOC_0038,2025-05-15 07:00:00,meeting
VISIT_03429,SYN_P_0876,LOC_0037,2025-11-21 12:00:00,travel
VISIT_03430,SYN_P_0274,LOC_0043,2024-06-13 01:00:00,delivery
VISIT_03431,SYN_P_0418,LOC_0079,2024-09-20 06:00:00,delivery
VISIT_03432,SYN_P_0685,LOC_0075,2025-12-10 20:00:00,residence
VISIT_03433,SYN_P_0209,LOC_0065,2025-07-30 02:00:00,delivery
VISIT_03434,SYN_P_0040,LOC_0032,2025-03-28 06:00:00,delivery
VISIT_03435,SYN_P_0340,LOC_0020,2024-05-01 05:00:00,delivery
VISIT_03436,SYN_P_0383,LOC_0009,2024-10-13 05:00:00,business
VISIT_03437,SYN_P_0949,LOC_0066,2025-11-30 15:00:00,meeting
VISIT_03438,SYN_P_0535,LOC_0044,2025-06-30 05:00:00,meeting
VISIT_03439,SYN_P_0341,LOC_0065,2024-02-12 01:00:00,business
VISIT_03440,SYN_P_0141,LOC_0034,2024-07-11 10:00:00,meeting
VISIT_03441,SYN_P_0426,LOC_0067,2026-10-30 14:00:00,delivery
VISIT_03442,SYN_P_0988,LOC_0077,2025-08-26 05:00:00,business
VISIT_03443,SYN_P_0674,LOC_0054,2026-06-05 04:00:00,travel
VISIT_03444,SYN_P_0710,LOC_0038,2026-04-27 10:00:00,delivery
VISIT_03445,SYN_P_0310,LOC_0031,2024-04-29 03:00:00,delivery
VISIT_03446,SYN_P_0653,LOC_0033,2024-02-03 08:00:00,residence
VISIT_03447,SYN_P_0961,LOC_0037,2025-03-12 05:00:00,travel
VISIT_03448,SYN_P_0276,LOC_0063,2024-02-03 05:00:00,meeting
VISIT_03449,SYN_P_0689,LOC_0066,2024-12-20 07:00:00,business
VISIT_03450,SYN_P_0558,LOC_0017,2024-11-22 15:00:00,travel
VISIT_03451,SYN_P_0421,LOC_0036,2024-09-09 15:00:00,meeting
VISIT_03452,SYN_P_0878,LOC_0036,2024-12-29 11:00:00,residence
VISIT_03453,SYN_P_0154,LOC_0026,2024-02-18 10:00:00,business
VISIT_03454,SYN_P_0175,LOC_0003,2026-09-16 05:00:00,meeting
VISIT_03455,SYN_P_0590,LOC_0002,2026-03-18 09:00:00,travel
VISIT_03456,SYN_P_0632,LOC_0002,2026-06-05 03:00:00,meeting
VISIT_03457,SYN_P_0183,LOC_0045,2026-01-14 22:00:00,travel
VISIT_03458,SYN_P_0805,LOC_0077,2026-07-20 05:00:00,delivery
VISIT_03459,SYN_P_0038,LOC_0041,2025-12-16 05:00:00,travel
VISIT_03460,SYN_P_0020,LOC_0030,2024-08-25 01:00:00,residence
VISIT_03461,SYN_P_0544,LOC_0077,2025-08-12 23:00:00,residence
VISIT_03462,SYN_P_0832,LOC_0001,2024-05-20 19:00:00,business
VISIT_03463,SYN_P_0867,LOC_0045,2025-08-19 17:00:00,travel
VISIT_03464,SYN_P_1034,LOC_0011,2025-01-02 04:00:00,meeting
VISIT_03465,SYN_P_0159,LOC_0043,2024-12-04 02:00:00,residence
VISIT_03466,SYN_P_0033,LOC_0061,2025-02-04 02:00:00,meeting
VISIT_03467,SYN_P_1009,LOC_0084,2026-06-10 20:00:00,business
VISIT_03468,SYN_P_0957,LOC_0025,2025-04-22 03:00:00,residence
VISIT_03469,SYN_P_0619,LOC_0079,2024-06-28 17:00:00,business
VISIT_03470,SYN_P_0802,LOC_0067,2026-08-24 12:00:00,business
VISIT_03471,SYN_P_0203,LOC_0038,2026-04-12 18:00:00,meeting
VISIT_03472,SYN_P_0670,LOC_0042,2026-09-22 13:00:00,delivery
VISIT_03473,SYN_P_0035,LOC_0041,2026-04-07 21:00:00,business
VISIT_03474,SYN_P_0968,LOC_0030,2024-09-15 14:00:00,business
VISIT_03475,SYN_P_0797,LOC_0021,2026-03-09 13:00:00,delivery
VISIT_03476,SYN_P_0447,LOC_0023,2025-05-01 16:00:00,residence
VISIT_03477,SYN_P_0761,LOC_0082,2024-10-06 07:00:00,meeting
VISIT_03478,SYN_P_0493,LOC_0005,2026-03-25 22:00:00,business
VISIT_03479,SYN_P_0468,LOC_0075,2024-05-06 02:00:00,delivery
VISIT_03480,SYN_P_0553,LOC_0012,2024-09-12 23:00:00,travel
VISIT_03481,SYN_P_0319,LOC_0058,2026-07-11 13:00:00,business
VISIT_03482,SYN_P_0481,LOC_0009,2025-04-11 20:00:00,delivery
VISIT_03483,SYN_P_0020,LOC_0072,2026-04-15 11:00:00,business
VISIT_03484,SYN_P_0392,LOC_0041,2025-11-24 16:00:00,travel
VISIT_03485,SYN_P_0777,LOC_0048,2026-11-03 14:00:00,meeting
VISIT_03486,SYN_P_0228,LOC_0060,2025-11-24 19:00:00,business
VISIT_03487,SYN_P_0605,LOC_0036,2025-09-11 19:00:00,meeting
VISIT_03488,SYN_P_0818,LOC_0024,2025-02-07 10:00:00,residence
VISIT_03489,SYN_P_0200,LOC_0008,2024-05-27 04:00:00,meeting
VISIT_03490,SYN_P_0887,LOC_0032,2026-01-01 00:00:00,business
VISIT_03491,SYN_P_0679,LOC_0027,2024-11-26 19:00:00,meeting
VISIT_03492,SYN_P_0408,LOC_0049,2024-03-16 16:00:00,residence
VISIT_03493,SYN_P_0907,LOC_0038,2024-01-05 04:00:00,meeting
VISIT_03494,SYN_P_0441,LOC_0043,2026-10-02 12:00:00,meeting
VISIT_03495,SYN_P_0803,LOC_0041,2025-04-20 23:00:00,business
VISIT_03496,SYN_P_0564,LOC_0006,2024-12-04 03:00:00,travel
VISIT_03497,SYN_P_0032,LOC_0055,2024-06-17 10:00:00,travel
VISIT_03498,SYN_P_1037,LOC_0059,2024-11-03 02:00:00,delivery
VISIT_03499,SYN_P_0640,LOC_0039,2025-02-28 01:00:00,business
VISIT_03500,SYN_P_0545,LOC_0010,2025-10-16 23:00:00,business
VISIT_03501,SYN_P_0408,LOC_0076,2026-10-21 16:00:00,residence
VISIT_03502,SYN_P_0934,LOC_0011,2025-06-09 10:00:00,residence
VISIT_03503,SYN_P_0213,LOC_0030,2024-09-14 21:00:00,delivery
VISIT_03504,SYN_P_0736,LOC_0028,2025-02-24 10:00:00,meeting
VISIT_03505,SYN_P_0853,LOC_0056,2025-06-03 14:00:00,residence
VISIT_03506,SYN_P_0483,LOC_0080,2025-05-09 01:00:00,meeting
VISIT_03507,SYN_P_0709,LOC_0042,2024-03-05 20:00:00,residence
VISIT_03508,SYN_P_0280,LOC_0027,2024-06-24 08:00:00,residence
VISIT_03509,SYN_P_0676,LOC_0043,2025-06-09 14:00:00,meeting
VISIT_03510,SYN_P_1009,LOC_0015,2025-09-11 15:00:00,business
VISIT_03511,SYN_P_0260,LOC_0077,2026-03-20 04:00:00,business
VISIT_03512,SYN_P_0306,LOC_0019,2024-08-19 00:00:00,delivery
VISIT_03513,SYN_P_0049,LOC_0076,2024-12-26 09:00:00,residence
VISIT_03514,SYN_P_0844,LOC_0028,2025-06-08 10:00:00,residence
VISIT_03515,SYN_P_0644,LOC_0062,2025-11-30 03:00:00,residence
VISIT_03516,SYN_P_0554,LOC_0048,2024-09-26 16:00:00,travel
VISIT_03517,SYN_P_0309,LOC_0057,2024-02-20 03:00:00,meeting
VISIT_03518,SYN_P_0627,LOC_0007,2025-06-01 20:00:00,business
VISIT_03519,SYN_P_0689,LOC_0016,2024-08-20 15:00:00,meeting
VISIT_03520,SYN_P_0428,LOC_0005,2025-07-07 16:00:00,business
VISIT_03521,SYN_P_0040,LOC_0034,2026-05-18 22:00:00,meeting
VISIT_03522,SYN_P_0901,LOC_0011,2025-06-03 03:00:00,travel
VISIT_03523,SYN_P_0512,LOC_0018,2024-10-11 05:00:00,delivery
VISIT_03524,SYN_P_0051,LOC_0063,2024-10-20 19:00:00,delivery
VISIT_03525,SYN_P_0996,LOC_0074,2024-09-21 07:00:00,delivery
VISIT_03526,SYN_P_0670,LOC_0042,2025-11-11 04:00:00,business
VISIT_03527,SYN_P_0469,LOC_0063,2026-04-06 12:00:00,travel
VISIT_03528,SYN_P_0008,LOC_0046,2024-08-23 07:00:00,meeting
VISIT_03529,SYN_P_0231,LOC_0045,2026-08-15 07:00:00,residence
VISIT_03530,SYN_P_0153,LOC_0057,2024-11-10 18:00:00,delivery
VISIT_03531,SYN_P_0020,LOC_0017,2026-11-03 15:00:00,business
VISIT_03532,SYN_P_0768,LOC_0008,2026-10-18 23:00:00,residence
VISIT_03533,SYN_P_0912,LOC_0084,2024-08-11 15:00:00,residence
VISIT_03534,SYN_P_0592,LOC_0011,2026-03-02 06:00:00,delivery
VISIT_03535,SYN_P_0598,LOC_0077,2024-07-18 12:00:00,delivery
VISIT_03536,SYN_P_0759,LOC_0061,2025-08-22 01:00:00,business
VISIT_03537,SYN_P_0299,LOC_0063,2025-08-17 16:00:00,business
VISIT_03538,SYN_P_0522,LOC_0016,2024-06-13 07:00:00,residence
VISIT_03539,SYN_P_0674,LOC_0052,2024-09-13 00:00:00,meeting
VISIT_03540,SYN_P_0954,LOC_0011,2025-08-27 21:00:00,business
VISIT_03541,SYN_P_0958,LOC_0053,2025-08-05 19:00:00,travel
VISIT_03542,SYN_P_1039,LOC_0012,2026-10-24 02:00:00,residence
VISIT_03543,SYN_P_1002,LOC_0003,2025-03-23 05:00:00,residence
VISIT_03544,SYN_P_0412,LOC_0017,2026-08-31 09:00:00,residence
VISIT_03545,SYN_P_0400,LOC_0062,2024-06-09 00:00:00,travel
VISIT_03546,SYN_P_0628,LOC_0005,2025-02-19 08:00:00,travel
VISIT_03547,SYN_P_0652,LOC_0015,2026-10-06 12:00:00,travel
VISIT_03548,SYN_P_0740,LOC_0030,2025-11-10 22:00:00,delivery
VISIT_03549,SYN_P_0384,LOC_0055,2026-04-11 12:00:00,business
VISIT_03550,SYN_P_0929,LOC_0024,2024-05-19 01:00:00,residence
VISIT_03551,SYN_P_0427,LOC_0020,2025-06-24 18:00:00,travel
VISIT_03552,SYN_P_0291,LOC_0036,2024-01-11 22:00:00,residence
VISIT_03553,SYN_P_0858,LOC_0004,2024-08-14 12:00:00,meeting
VISIT_03554,SYN_P_0823,LOC_0065,2025-08-12 23:00:00,business
VISIT_03555,SYN_P_0219,LOC_0021,2025-02-02 06:00:00,residence
VISIT_03556,SYN_P_0281,LOC_0004,2025-02-24 19:00:00,residence
VISIT_03557,SYN_P_0333,LOC_0075,2025-04-07 13:00:00,meeting
VISIT_03558,SYN_P_0415,LOC_0024,2024-01-07 12:00:00,residence
VISIT_03559,SYN_P_0496,LOC_0072,2025-02-17 21:00:00,delivery
VISIT_03560,SYN_P_0847,LOC_0028,2026-05-29 12:00:00,business
VISIT_03561,SYN_P_0425,LOC_0082,2024-04-16 19:00:00,delivery
VISIT_03562,SYN_P_0597,LOC_0064,2026-03-25 05:00:00,delivery
VISIT_03563,SYN_P_0521,LOC_0032,2025-12-07 17:00:00,delivery
VISIT_03564,SYN_P_0362,LOC_0013,2024-05-12 16:00:00,residence
VISIT_03565,SYN_P_0087,LOC_0027,2024-09-30 14:00:00,delivery
VISIT_03566,SYN_P_0863,LOC_0032,2026-07-19 19:00:00,travel
VISIT_03567,SYN_P_0082,LOC_0074,2026-07-11 05:00:00,delivery
VISIT_03568,SYN_P_0785,LOC_0077,2026-08-17 07:00:00,residence
VISIT_03569,SYN_P_0989,LOC_0068,2026-10-27 23:00:00,meeting
VISIT_03570,SYN_P_0314,LOC_0021,2026-04-25 22:00:00,travel
VISIT_03571,SYN_P_0834,LOC_0065,2026-09-01 15:00:00,meeting
VISIT_03572,SYN_P_0805,LOC_0071,2024-06-08 20:00:00,travel
VISIT_03573,SYN_P_0477,LOC_0017,2024-04-01 07:00:00,business
VISIT_03574,SYN_P_0125,LOC_0040,2024-09-29 16:00:00,travel
VISIT_03575,SYN_P_0693,LOC_0007,2025-06-19 03:00:00,delivery
VISIT_03576,SYN_P_0902,LOC_0061,2024-01-03 08:00:00,business
VISIT_03577,SYN_P_0504,LOC_0019,2025-01-23 04:00:00,business
VISIT_03578,SYN_P_0789,LOC_0011,2025-06-18 07:00:00,travel
VISIT_03579,SYN_P_0049,LOC_0049,2026-02-04 03:00:00,business
VISIT_03580,SYN_P_0321,LOC_0047,2024-08-31 00:00:00,residence
VISIT_03581,SYN_P_0116,LOC_0047,2026-04-11 21:00:00,business
VISIT_03582,SYN_P_0575,LOC_0042,2024-01-08 02:00:00,travel
VISIT_03583,SYN_P_0771,LOC_0040,2025-11-21 02:00:00,travel
VISIT_03584,SYN_P_0158,LOC_0068,2026-09-28 02:00:00,business
VISIT_03585,SYN_P_0830,LOC_0061,2024-06-20 01:00:00,residence
VISIT_03586,SYN_P_0566,LOC_0020,2026-05-16 01:00:00,meeting
VISIT_03587,SYN_P_0339,LOC_0048,2026-07-12 15:00:00,business
VISIT_03588,SYN_P_0240,LOC_0058,2026-08-20 08:00:00,delivery
VISIT_03589,SYN_P_0485,LOC_0043,2024-12-02 04:00:00,business
VISIT_03590,SYN_P_0662,LOC_0048,2025-01-15 00:00:00,business
VISIT_03591,SYN_P_0991,LOC_0003,2026-05-14 19:00:00,travel
VISIT_03592,SYN_P_0420,LOC_0003,2024-01-28 07:00:00,business
VISIT_03593,SYN_P_0562,LOC_0064,2024-05-21 05:00:00,residence
VISIT_03594,SYN_P_0865,LOC_0024,2024-09-30 09:00:00,residence
VISIT_03595,SYN_P_0261,LOC_0072,2026-03-23 08:00:00,meeting
VISIT_03596,SYN_P_0139,LOC_0050,2026-04-19 23:00:00,delivery
VISIT_03597,SYN_P_0598,LOC_0037,2025-01-13 23:00:00,residence
VISIT_03598,SYN_P_0089,LOC_0025,2024-08-05 14:00:00,delivery
VISIT_03599,SYN_P_0524,LOC_0047,2026-03-19 06:00:00,travel
VISIT_03600,SYN_P_0709,LOC_0026,2024-03-27 04:00:00,travel
VISIT_03601,SYN_P_0021,LOC_0072,2026-09-07 22:00:00,residence
VISIT_03602,SYN_P_0468,LOC_0038,2025-10-07 03:00:00,delivery
VISIT_03603,SYN_P_0922,LOC_0014,2025-10-26 11:00:00,meeting
VISIT_03604,SYN_P_0123,LOC_0012,2026-04-03 19:00:00,residence
VISIT_03605,SYN_P_0785,LOC_0001,2026-04-24 10:00:00,residence
VISIT_03606,SYN_P_0872,LOC_0072,2026-08-21 23:00:00,delivery
VISIT_03607,SYN_P_0289,LOC_0080,2025-06-11 00:00:00,delivery
VISIT_03608,SYN_P_0033,LOC_0065,2025-05-28 11:00:00,delivery
VISIT_03609,SYN_P_0370,LOC_0019,2025-07-07 09:00:00,travel
VISIT_03610,SYN_P_0396,LOC_0064,2026-06-11 18:00:00,travel
VISIT_03611,SYN_P_0689,LOC_0010,2025-06-22 00:00:00,residence
VISIT_03612,SYN_P_0128,LOC_0033,2024-06-17 06:00:00,residence
VISIT_03613,SYN_P_0877,LOC_0017,2024-03-12 05:00:00,meeting
VISIT_03614,SYN_P_0917,LOC_0068,2025-09-20 07:00:00,meeting
VISIT_03615,SYN_P_0566,LOC_0012,2026-05-06 08:00:00,delivery
VISIT_03616,SYN_P_0231,LOC_0082,2026-05-19 18:00:00,residence
VISIT_03617,SYN_P_0144,LOC_0016,2024-08-27 07:00:00,delivery
VISIT_03618,SYN_P_0931,LOC_0084,2026-01-29 06:00:00,travel
VISIT_03619,SYN_P_0837,LOC_0035,2026-03-10 08:00:00,meeting
VISIT_03620,SYN_P_0111,LOC_0029,2024-01-11 08:00:00,meeting
VISIT_03621,SYN_P_0673,LOC_0035,2024-07-15 09:00:00,business
VISIT_03622,SYN_P_0673,LOC_0017,2026-06-18 18:00:00,delivery
VISIT_03623,SYN_P_0805,LOC_0038,2025-12-29 22:00:00,delivery
VISIT_03624,SYN_P_0548,LOC_0009,2026-03-15 05:00:00,meeting
VISIT_03625,SYN_P_0188,LOC_0008,2025-10-18 00:00:00,business
VISIT_03626,SYN_P_0935,LOC_0029,2026-05-28 18:00:00,meeting
VISIT_03627,SYN_P_0731,LOC_0018,2024-11-24 01:00:00,delivery
VISIT_03628,SYN_P_0538,LOC_0011,2025-12-07 01:00:00,residence
VISIT_03629,SYN_P_0324,LOC_0009,2025-12-04 22:00:00,residence
VISIT_03630,SYN_P_0654,LOC_0058,2025-10-28 02:00:00,travel
VISIT_03631,SYN_P_0530,LOC_0083,2026-06-27 11:00:00,residence
VISIT_03632,SYN_P_0821,LOC_0003,2025-02-21 12:00:00,residence
VISIT_03633,SYN_P_0073,LOC_0050,2026-06-03 14:00:00,residence
VISIT_03634,SYN_P_0647,LOC_0080,2024-03-25 15:00:00,delivery
VISIT_03635,SYN_P_0831,LOC_0027,2024-09-24 07:00:00,meeting
VISIT_03636,SYN_P_0002,LOC_0053,2026-03-11 04:00:00,delivery
VISIT_03637,SYN_P_0808,LOC_0055,2025-06-07 11:00:00,travel
VISIT_03638,SYN_P_0377,LOC_0077,2024-02-28 03:00:00,travel
VISIT_03639,SYN_P_0292,LOC_0041,2024-06-16 19:00:00,business
VISIT_03640,SYN_P_0701,LOC_0013,2026-03-22 21:00:00,travel
VISIT_03641,SYN_P_0399,LOC_0034,2025-02-06 21:00:00,residence
VISIT_03642,SYN_P_0235,LOC_0064,2025-09-18 15:00:00,delivery
VISIT_03643,SYN_P_0738,LOC_0018,2025-08-05 07:00:00,business
VISIT_03644,SYN_P_0503,LOC_0045,2024-07-06 09:00:00,business
VISIT_03645,SYN_P_0631,LOC_0082,2025-02-04 22:00:00,travel
VISIT_03646,SYN_P_0111,LOC_0077,2024-06-16 15:00:00,delivery
VISIT_03647,SYN_P_0189,LOC_0008,2024-11-20 13:00:00,business
VISIT_03648,SYN_P_0915,LOC_0081,2026-05-14 00:00:00,delivery
VISIT_03649,SYN_P_0108,LOC_0041,2024-05-16 13:00:00,business
VISIT_03650,SYN_P_0307,LOC_0051,2024-09-18 11:00:00,travel
VISIT_03651,SYN_P_0873,LOC_0008,2026-05-26 13:00:00,residence
VISIT_03652,SYN_P_0174,LOC_0019,2025-05-16 10:00:00,delivery
VISIT_03653,SYN_P_0088,LOC_0058,2024-01-16 16:00:00,travel
VISIT_03654,SYN_P_0377,LOC_0029,2025-05-02 06:00:00,delivery
VISIT_03655,SYN_P_0693,LOC_0035,2024-05-11 11:00:00,travel
VISIT_03656,SYN_P_0284,LOC_0067,2025-03-08 23:00:00,business
VISIT_03657,SYN_P_0081,LOC_0026,2025-01-15 06:00:00,meeting
VISIT_03658,SYN_P_0268,LOC_0059,2025-03-05 21:00:00,meeting
VISIT_03659,SYN_P_0703,LOC_0036,2024-05-09 20:00:00,business
VISIT_03660,SYN_P_0384,LOC_0052,2024-05-06 02:00:00,business
VISIT_03661,SYN_P_0750,LOC_0052,2026-06-18 10:00:00,travel
VISIT_03662,SYN_P_0948,LOC_0061,2026-06-21 04:00:00,business
VISIT_03663,SYN_P_0578,LOC_0037,2025-11-04 00:00:00,delivery
VISIT_03664,SYN_P_0990,LOC_0061,2024-01-25 17:00:00,business
VISIT_03665,SYN_P_0155,LOC_0045,2024-06-13 10:00:00,travel
VISIT_03666,SYN_P_1022,LOC_0020,2026-08-23 20:00:00,delivery
VISIT_03667,SYN_P_0839,LOC_0083,2025-10-16 08:00:00,travel
VISIT_03668,SYN_P_1011,LOC_0011,2026-06-05 06:00:00,meeting
VISIT_03669,SYN_P_0521,LOC_0054,2026-08-15 14:00:00,travel
VISIT_03670,SYN_P_0198,LOC_0071,2026-08-28 10:00:00,travel
VISIT_03671,SYN_P_0429,LOC_0050,2024-02-11 23:00:00,travel
VISIT_03672,SYN_P_0074,LOC_0081,2025-07-15 07:00:00,meeting
VISIT_03673,SYN_P_0985,LOC_0059,2026-02-17 01:00:00,residence
VISIT_03674,SYN_P_0817,LOC_0059,2026-10-22 22:00:00,residence
VISIT_03675,SYN_P_0448,LOC_0017,2025-06-04 15:00:00,residence
VISIT_03676,SYN_P_0315,LOC_0039,2026-10-02 02:00:00,business
VISIT_03677,SYN_P_0605,LOC_0084,2024-11-14 20:00:00,business
VISIT_03678,SYN_P_0065,LOC_0031,2024-09-03 23:00:00,travel
VISIT_03679,SYN_P_0794,LOC_0081,2025-05-28 23:00:00,residence
VISIT_03680,SYN_P_0369,LOC_0064,2026-04-24 19:00:00,residence
VISIT_03681,SYN_P_0469,LOC_0056,2024-08-27 05:00:00,residence
VISIT_03682,SYN_P_0525,LOC_0047,2025-02-12 02:00:00,meeting
VISIT_03683,SYN_P_0168,LOC_0019,2025-07-20 22:00:00,residence
VISIT_03684,SYN_P_0315,LOC_0075,2025-11-22 04:00:00,business
VISIT_03685,SYN_P_0845,LOC_0054,2025-12-26 07:00:00,business
VISIT_03686,SYN_P_0047,LOC_0056,2026-03-24 01:00:00,travel
VISIT_03687,SYN_P_0445,LOC_0043,2026-02-03 09:00:00,meeting
VISIT_03688,SYN_P_0159,LOC_0043,2024-01-31 15:00:00,residence
VISIT_03689,SYN_P_0543,LOC_0038,2024-04-10 04:00:00,business
VISIT_03690,SYN_P_0539,LOC_0010,2026-07-30 22:00:00,delivery
VISIT_03691,SYN_P_0103,LOC_0041,2025-04-28 16:00:00,delivery
VISIT_03692,SYN_P_0506,LOC_0009,2025-07-26 10:00:00,meeting
VISIT_03693,SYN_P_0986,LOC_0020,2025-01-26 14:00:00,meeting
VISIT_03694,SYN_P_0248,LOC_0046,2024-06-19 12:00:00,travel
VISIT_03695,SYN_P_0289,LOC_0013,2024-05-28 21:00:00,delivery
VISIT_03696,SYN_P_0384,LOC_0019,2025-12-12 02:00:00,delivery
VISIT_03697,SYN_P_0419,LOC_0055,2024-10-24 10:00:00,business
VISIT_03698,SYN_P_0196,LOC_0064,2026-06-21 07:00:00,residence
VISIT_03699,SYN_P_0553,LOC_0070,2024-03-25 06:00:00,meeting
VISIT_03700,SYN_P_0741,LOC_0003,2026-03-16 02:00:00,delivery
VISIT_03701,SYN_P_0673,LOC_0012,2024-04-01 10:00:00,travel
VISIT_03702,SYN_P_0429,LOC_0013,2024-04-25 14:00:00,travel
VISIT_03703,SYN_P_0128,LOC_0010,2024-08-10 16:00:00,residence
VISIT_03704,SYN_P_0099,LOC_0065,2024-10-29 14:00:00,business
VISIT_03705,SYN_P_0732,LOC_0003,2025-02-12 01:00:00,delivery
VISIT_03706,SYN_P_0606,LOC_0083,2024-11-05 01:00:00,residence
VISIT_03707,SYN_P_0926,LOC_0029,2025-05-08 10:00:00,delivery
VISIT_03708,SYN_P_0995,LOC_0074,2025-08-26 17:00:00,meeting
VISIT_03709,SYN_P_0740,LOC_0064,2024-01-20 13:00:00,business
VISIT_03710,SYN_P_1021,LOC_0010,2026-07-10 23:00:00,business
VISIT_03711,SYN_P_0859,LOC_0050,2024-06-30 16:00:00,delivery
VISIT_03712,SYN_P_0451,LOC_0064,2024-09-19 18:00:00,travel
VISIT_03713,SYN_P_0486,LOC_0048,2024-03-19 06:00:00,delivery
VISIT_03714,SYN_P_0750,LOC_0009,2025-12-22 11:00:00,travel
VISIT_03715,SYN_P_0737,LOC_0080,2026-04-28 03:00:00,meeting
VISIT_03716,SYN_P_0283,LOC_0025,2026-08-03 20:00:00,business
VISIT_03717,SYN_P_0247,LOC_0083,2024-10-06 14:00:00,residence
VISIT_03718,SYN_P_0649,LOC_0076,2025-02-21 02:00:00,travel
VISIT_03719,SYN_P_0267,LOC_0054,2024-09-23 08:00:00,business
VISIT_03720,SYN_P_0303,LOC_0026,2026-06-14 01:00:00,travel
VISIT_03721,SYN_P_0428,LOC_0010,2024-10-01 23:00:00,business
VISIT_03722,SYN_P_0456,LOC_0013,2024-09-04 20:00:00,travel
VISIT_03723,SYN_P_0501,LOC_0057,2026-01-30 05:00:00,meeting
VISIT_03724,SYN_P_0202,LOC_0009,2026-07-05 02:00:00,travel
VISIT_03725,SYN_P_0562,LOC_0023,2026-07-05 21:00:00,meeting
VISIT_03726,SYN_P_0821,LOC_0034,2024-09-29 05:00:00,residence
VISIT_03727,SYN_P_0276,LOC_0067,2025-07-07 18:00:00,meeting
VISIT_03728,SYN_P_0540,LOC_0062,2025-04-29 00:00:00,meeting
VISIT_03729,SYN_P_0348,LOC_0003,2026-06-15 06:00:00,meeting
VISIT_03730,SYN_P_0897,LOC_0047,2025-06-22 14:00:00,business
VISIT_03731,SYN_P_1001,LOC_0028,2024-12-25 21:00:00,residence
VISIT_03732,SYN_P_0069,LOC_0049,2024-06-30 21:00:00,business
VISIT_03733,SYN_P_0293,LOC_0037,2026-02-19 03:00:00,residence
VISIT_03734,SYN_P_0620,LOC_0012,2025-05-08 19:00:00,travel
VISIT_03735,SYN_P_0773,LOC_0069,2026-10-09 01:00:00,delivery
VISIT_03736,SYN_P_0476,LOC_0068,2025-05-02 23:00:00,delivery
VISIT_03737,SYN_P_0089,LOC_0073,2026-01-26 12:00:00,travel
VISIT_03738,SYN_P_0949,LOC_0065,2024-03-02 21:00:00,residence
VISIT_03739,SYN_P_0102,LOC_0082,2025-06-27 05:00:00,business
VISIT_03740,SYN_P_0052,LOC_0029,2025-07-21 08:00:00,business
VISIT_03741,SYN_P_0699,LOC_0078,2024-01-09 18:00:00,business
VISIT_03742,SYN_P_0360,LOC_0010,2024-06-15 18:00:00,business
VISIT_03743,SYN_P_0893,LOC_0060,2024-12-16 10:00:00,travel
VISIT_03744,SYN_P_0810,LOC_0042,2024-04-11 03:00:00,business
VISIT_03745,SYN_P_0143,LOC_0023,2026-08-28 21:00:00,delivery
VISIT_03746,SYN_P_0205,LOC_0040,2024-04-01 11:00:00,delivery
VISIT_03747,SYN_P_0879,LOC_0050,2026-04-30 02:00:00,meeting
VISIT_03748,SYN_P_0619,LOC_0076,2025-06-29 18:00:00,business
VISIT_03749,SYN_P_0201,LOC_0084,2026-05-05 10:00:00,business
VISIT_03750,SYN_P_0490,LOC_0081,2026-03-15 11:00:00,residence
VISIT_03751,SYN_P_0344,LOC_0010,2024-05-12 02:00:00,delivery
VISIT_03752,SYN_P_0561,LOC_0029,2025-11-14 10:00:00,business
VISIT_03753,SYN_P_0703,LOC_0033,2026-10-23 10:00:00,residence
VISIT_03754,SYN_P_0019,LOC_0007,2026-01-18 09:00:00,business
VISIT_03755,SYN_P_0308,LOC_0059,2025-04-23 05:00:00,business
VISIT_03756,SYN_P_0831,LOC_0062,2024-07-13 23:00:00,meeting
VISIT_03757,SYN_P_0567,LOC_0019,2024-06-04 23:00:00,residence
VISIT_03758,SYN_P_1007,LOC_0032,2025-03-07 11:00:00,delivery
VISIT_03759,SYN_P_0024,LOC_0026,2026-04-20 19:00:00,meeting
VISIT_03760,SYN_P_0524,LOC_0004,2026-08-31 09:00:00,travel
VISIT_03761,SYN_P_0310,LOC_0019,2024-08-18 20:00:00,travel
VISIT_03762,SYN_P_0661,LOC_0057,2025-06-08 12:00:00,meeting
VISIT_03763,SYN_P_0800,LOC_0061,2026-05-24 02:00:00,delivery
VISIT_03764,SYN_P_0510,LOC_0032,2026-08-02 21:00:00,travel
VISIT_03765,SYN_P_0482,LOC_0080,2024-06-29 19:00:00,meeting
VISIT_03766,SYN_P_0971,LOC_0003,2024-10-21 16:00:00,delivery
VISIT_03767,SYN_P_0607,LOC_0032,2025-12-14 17:00:00,meeting
VISIT_03768,SYN_P_0325,LOC_0077,2026-09-28 10:00:00,meeting
VISIT_03769,SYN_P_0862,LOC_0051,2024-04-26 07:00:00,delivery
VISIT_03770,SYN_P_1011,LOC_0033,2026-08-15 00:00:00,delivery
VISIT_03771,SYN_P_1029,LOC_0022,2026-03-02 09:00:00,business
VISIT_03772,SYN_P_0068,LOC_0056,2026-07-05 02:00:00,delivery
VISIT_03773,SYN_P_0738,LOC_0033,2026-06-17 08:00:00,delivery
VISIT_03774,SYN_P_0606,LOC_0069,2025-01-12 04:00:00,business
VISIT_03775,SYN_P_0144,LOC_0015,2024-09-25 08:00:00,business
VISIT_03776,SYN_P_0410,LOC_0010,2026-07-02 17:00:00,delivery
VISIT_03777,SYN_P_0356,LOC_0066,2024-09-18 21:00:00,delivery
VISIT_03778,SYN_P_0351,LOC_0082,2025-01-11 04:00:00,meeting
VISIT_03779,SYN_P_0886,LOC_0018,2025-10-28 14:00:00,residence
VISIT_03780,SYN_P_0330,LOC_0068,2025-12-06 17:00:00,residence
VISIT_03781,SYN_P_0112,LOC_0032,2024-02-24 14:00:00,business
VISIT_03782,SYN_P_0130,LOC_0050,2024-04-11 23:00:00,delivery
VISIT_03783,SYN_P_0007,LOC_0040,2024-04-15 07:00:00,travel
VISIT_03784,SYN_P_0926,LOC_0003,2026-11-04 05:00:00,delivery
VISIT_03785,SYN_P_0350,LOC_0056,2024-12-08 14:00:00,meeting
VISIT_03786,SYN_P_0648,LOC_0051,2024-05-05 00:00:00,travel
VISIT_03787,SYN_P_0610,LOC_0042,2025-04-23 03:00:00,residence
VISIT_03788,SYN_P_0999,LOC_0030,2026-06-21 00:00:00,business
VISIT_03789,SYN_P_0863,LOC_0058,2024-01-12 05:00:00,meeting
VISIT_03790,SYN_P_0510,LOC_0055,2025-06-18 18:00:00,delivery
VISIT_03791,SYN_P_0756,LOC_0076,2026-01-02 23:00:00,delivery
VISIT_03792,SYN_P_0630,LOC_0046,2025-12-29 14:00:00,meeting
VISIT_03793,SYN_P_0022,LOC_0017,2025-01-19 14:00:00,business
VISIT_03794,SYN_P_0914,LOC_0026,2025-01-17 21:00:00,business
VISIT_03795,SYN_P_0742,LOC_0039,2025-06-15 01:00:00,residence
VISIT_03796,SYN_P_0562,LOC_0051,2026-01-16 00:00:00,residence
VISIT_03797,SYN_P_0844,LOC_0059,2025-08-30 04:00:00,business
VISIT_03798,SYN_P_0654,LOC_0003,2024-04-14 01:00:00,residence
VISIT_03799,SYN_P_0305,LOC_0024,2026-08-18 22:00:00,business
VISIT_03800,SYN_P_0441,LOC_0074,2024-06-05 20:00:00,travel
VISIT_03801,SYN_P_0433,LOC_0023,2026-03-20 13:00:00,business
VISIT_03802,SYN_P_0968,LOC_0034,2024-03-04 20:00:00,travel
VISIT_03803,SYN_P_0396,LOC_0064,2025-03-26 19:00:00,business
VISIT_03804,SYN_P_0620,LOC_0069,2024-01-18 22:00:00,travel
VISIT_03805,SYN_P_0885,LOC_0008,2026-06-23 22:00:00,travel
VISIT_03806,SYN_P_0024,LOC_0073,2024-07-08 11:00:00,residence
VISIT_03807,SYN_P_0629,LOC_0057,2026-10-16 22:00:00,business
VISIT_03808,SYN_P_0068,LOC_0069,2024-10-13 17:00:00,business
VISIT_03809,SYN_P_0723,LOC_0049,2024-09-16 20:00:00,residence
VISIT_03810,SYN_P_0747,LOC_0081,2024-01-31 21:00:00,business
VISIT_03811,SYN_P_0483,LOC_0025,2025-05-06 19:00:00,delivery
VISIT_03812,SYN_P_1012,LOC_0053,2024-10-12 06:00:00,residence
VISIT_03813,SYN_P_0903,LOC_0071,2026-01-10 10:00:00,residence
VISIT_03814,SYN_P_0693,LOC_0068,2025-01-12 15:00:00,meeting
VISIT_03815,SYN_P_0487,LOC_0066,2025-08-04 23:00:00,travel
VISIT_03816,SYN_P_1015,LOC_0025,2024-12-03 04:00:00,delivery
VISIT_03817,SYN_P_0237,LOC_0027,2026-07-24 05:00:00,travel
VISIT_03818,SYN_P_0172,LOC_0037,2024-01-31 22:00:00,business
VISIT_03819,SYN_P_0294,LOC_0062,2026-04-15 14:00:00,meeting
VISIT_03820,SYN_P_0575,LOC_0061,2025-04-19 02:00:00,business
VISIT_03821,SYN_P_0972,LOC_0031,2024-12-23 06:00:00,residence
VISIT_03822,SYN_P_1027,LOC_0083,2024-03-03 08:00:00,delivery
VISIT_03823,SYN_P_0397,LOC_0046,2024-10-24 02:00:00,residence
VISIT_03824,SYN_P_0349,LOC_0010,2026-03-17 06:00:00,meeting
VISIT_03825,SYN_P_0574,LOC_0043,2024-03-11 14:00:00,meeting
VISIT_03826,SYN_P_0661,LOC_0058,2026-08-22 14:00:00,delivery
VISIT_03827,SYN_P_0985,LOC_0080,2025-06-04 12:00:00,business
VISIT_03828,SYN_P_0145,LOC_0065,2025-05-22 00:00:00,residence
VISIT_03829,SYN_P_0031,LOC_0009,2024-07-16 14:00:00,residence
VISIT_03830,SYN_P_0612,LOC_0003,2025-09-12 21:00:00,residence
VISIT_03831,SYN_P_0918,LOC_0048,2024-09-10 20:00:00,travel
VISIT_03832,SYN_P_0578,LOC_0017,2026-01-22 04:00:00,residence
VISIT_03833,SYN_P_0224,LOC_0009,2025-08-12 09:00:00,travel
VISIT_03834,SYN_P_0267,LOC_0003,2026-09-09 16:00:00,meeting
VISIT_03835,SYN_P_0497,LOC_0080,2024-02-08 08:00:00,business
VISIT_03836,SYN_P_0299,LOC_0073,2025-12-10 03:00:00,meeting
VISIT_03837,SYN_P_0470,LOC_0082,2024-12-31 02:00:00,residence
VISIT_03838,SYN_P_0189,LOC_0008,2025-07-27 04:00:00,travel
VISIT_03839,SYN_P_0273,LOC_0041,2026-07-19 03:00:00,travel
VISIT_03840,SYN_P_0085,LOC_0066,2025-07-01 03:00:00,business
VISIT_03841,SYN_P_0631,LOC_0039,2025-04-04 01:00:00,business
VISIT_03842,SYN_P_0729,LOC_0039,2024-12-28 13:00:00,business
VISIT_03843,SYN_P_0816,LOC_0023,2024-09-04 21:00:00,business
VISIT_03844,SYN_P_0623,LOC_0037,2024-11-14 22:00:00,delivery
VISIT_03845,SYN_P_0289,LOC_0005,2024-09-08 05:00:00,business
VISIT_03846,SYN_P_0792,LOC_0078,2026-11-05 12:00:00,meeting
VISIT_03847,SYN_P_0792,LOC_0002,2024-06-02 07:00:00,business
VISIT_03848,SYN_P_0947,LOC_0043,2026-04-22 08:00:00,travel
VISIT_03849,SYN_P_0332,LOC_0009,2026-04-30 18:00:00,delivery
VISIT_03850,SYN_P_0021,LOC_0008,2026-09-27 17:00:00,travel
VISIT_03851,SYN_P_0598,LOC_0042,2026-03-27 14:00:00,travel
VISIT_03852,SYN_P_0160,LOC_0024,2026-09-20 16:00:00,delivery
VISIT_03853,SYN_P_0418,LOC_0001,2025-06-16 18:00:00,travel
VISIT_03854,SYN_P_0674,LOC_0006,2025-12-04 14:00:00,residence
VISIT_03855,SYN_P_0718,LOC_0063,2026-09-09 10:00:00,residence
VISIT_03856,SYN_P_0361,LOC_0079,2025-12-22 08:00:00,residence
VISIT_03857,SYN_P_1031,LOC_0050,2024-09-18 16:00:00,delivery
VISIT_03858,SYN_P_0734,LOC_0002,2025-05-21 20:00:00,residence
VISIT_03859,SYN_P_0857,LOC_0007,2025-03-29 12:00:00,delivery
VISIT_03860,SYN_P_0989,LOC_0039,2024-08-12 01:00:00,travel
VISIT_03861,SYN_P_1007,LOC_0028,2025-10-30 23:00:00,travel
VISIT_03862,SYN_P_0872,LOC_0068,2025-09-28 02:00:00,residence
VISIT_03863,SYN_P_0241,LOC_0050,2024-02-23 14:00:00,travel
VISIT_03864,SYN_P_0381,LOC_0084,2025-04-22 12:00:00,delivery
VISIT_03865,SYN_P_0412,LOC_0021,2025-10-21 18:00:00,business
VISIT_03866,SYN_P_0625,LOC_0066,2025-11-01 23:00:00,business
VISIT_03867,SYN_P_0471,LOC_0033,2024-10-13 04:00:00,delivery
VISIT_03868,SYN_P_0965,LOC_0078,2025-04-13 04:00:00,travel
VISIT_03869,SYN_P_0151,LOC_0036,2025-12-10 09:00:00,delivery
VISIT_03870,SYN_P_0710,LOC_0002,2024-11-25 09:00:00,delivery
VISIT_03871,SYN_P_0100,LOC_0076,2024-04-07 17:00:00,residence
VISIT_03872,SYN_P_0642,LOC_0011,2024-11-21 22:00:00,meeting
VISIT_03873,SYN_P_0859,LOC_0051,2026-05-22 11:00:00,travel
VISIT_03874,SYN_P_0669,LOC_0059,2026-04-25 09:00:00,travel
VISIT_03875,SYN_P_0450,LOC_0033,2025-09-08 18:00:00,residence
VISIT_03876,SYN_P_0341,LOC_0008,2026-09-12 20:00:00,travel
VISIT_03877,SYN_P_0166,LOC_0048,2024-08-06 17:00:00,business
VISIT_03878,SYN_P_0250,LOC_0062,2025-02-04 00:00:00,business
VISIT_03879,SYN_P_0950,LOC_0057,2026-09-28 17:00:00,business
VISIT_03880,SYN_P_0058,LOC_0047,2025-04-27 20:00:00,meeting
VISIT_03881,SYN_P_0853,LOC_0068,2025-01-17 02:00:00,delivery
VISIT_03882,SYN_P_0496,LOC_0020,2026-08-17 05:00:00,residence
VISIT_03883,SYN_P_0964,LOC_0056,2024-04-16 14:00:00,meeting
VISIT_03884,SYN_P_0786,LOC_0003,2025-11-10 08:00:00,travel
VISIT_03885,SYN_P_0847,LOC_0045,2025-07-25 14:00:00,travel
VISIT_03886,SYN_P_0669,LOC_0040,2024-05-18 05:00:00,residence
VISIT_03887,SYN_P_0179,LOC_0002,2024-09-21 02:00:00,delivery
VISIT_03888,SYN_P_0987,LOC_0027,2025-12-12 05:00:00,travel
VISIT_03889,SYN_P_0492,LOC_0006,2025-05-27 01:00:00,delivery
VISIT_03890,SYN_P_0006,LOC_0052,2025-01-12 14:00:00,delivery
VISIT_03891,SYN_P_0094,LOC_0068,2024-05-10 06:00:00,delivery
VISIT_03892,SYN_P_0022,LOC_0037,2026-07-31 22:00:00,travel
VISIT_03893,SYN_P_0310,LOC_0034,2026-08-31 18:00:00,delivery
VISIT_03894,SYN_P_0093,LOC_0001,2025-08-15 08:00:00,business
VISIT_03895,SYN_P_0662,LOC_0043,2025-02-12 20:00:00,business
VISIT_03896,SYN_P_0723,LOC_0004,2024-05-01 00:00:00,meeting
VISIT_03897,SYN_P_0090,LOC_0059,2026-06-03 22:00:00,delivery
VISIT_03898,SYN_P_0193,LOC_0046,2024-09-23 15:00:00,delivery
VISIT_03899,SYN_P_0686,LOC_0071,2026-08-13 05:00:00,travel
VISIT_03900,SYN_P_0036,LOC_0059,2026-06-24 00:00:00,residence
VISIT_03901,SYN_P_0894,LOC_0025,2026-02-05 19:00:00,meeting
VISIT_03902,SYN_P_0054,LOC_0042,2024-10-30 02:00:00,delivery
VISIT_03903,SYN_P_0428,LOC_0003,2026-01-12 06:00:00,meeting
VISIT_03904,SYN_P_0330,LOC_0046,2025-07-17 19:00:00,travel
VISIT_03905,SYN_P_0532,LOC_0022,2025-06-07 22:00:00,residence
VISIT_03906,SYN_P_0965,LOC_0006,2026-09-25 12:00:00,travel
VISIT_03907,SYN_P_0690,LOC_0023,2024-08-05 18:00:00,travel
VISIT_03908,SYN_P_0786,LOC_0055,2025-11-29 02:00:00,meeting
VISIT_03909,SYN_P_0079,LOC_0064,2024-11-06 18:00:00,business
VISIT_03910,SYN_P_0833,LOC_0079,2026-07-11 02:00:00,residence
VISIT_03911,SYN_P_0968,LOC_0066,2024-07-23 13:00:00,business
VISIT_03912,SYN_P_0807,LOC_0071,2025-05-08 13:00:00,delivery
VISIT_03913,SYN_P_0846,LOC_0006,2024-01-27 13:00:00,travel
VISIT_03914,SYN_P_0745,LOC_0018,2025-03-14 18:00:00,delivery
VISIT_03915,SYN_P_0152,LOC_0021,2026-08-02 15:00:00,residence
VISIT_03916,SYN_P_0961,LOC_0083,2024-08-26 20:00:00,meeting
VISIT_03917,SYN_P_0614,LOC_0027,2024-01-25 14:00:00,meeting
VISIT_03918,SYN_P_0985,LOC_0027,2026-04-18 05:00:00,delivery
VISIT_03919,SYN_P_0923,LOC_0072,2024-09-15 23:00:00,residence
VISIT_03920,SYN_P_0167,LOC_0083,2024-03-24 02:00:00,residence
VISIT_03921,SYN_P_0225,LOC_0032,2024-02-04 11:00:00,delivery
VISIT_03922,SYN_P_0570,LOC_0011,2024-10-05 02:00:00,meeting
VISIT_03923,SYN_P_0534,LOC_0058,2024-12-08 18:00:00,business
VISIT_03924,SYN_P_0038,LOC_0012,2025-03-18 13:00:00,travel
VISIT_03925,SYN_P_0745,LOC_0016,2026-03-11 02:00:00,meeting
VISIT_03926,SYN_P_0722,LOC_0028,2024-01-11 12:00:00,business
VISIT_03927,SYN_P_0685,LOC_0006,2024-03-31 09:00:00,business
VISIT_03928,SYN_P_0173,LOC_0073,2026-06-22 01:00:00,delivery
VISIT_03929,SYN_P_0331,LOC_0054,2024-05-08 08:00:00,business
VISIT_03930,SYN_P_0452,LOC_0033,2026-07-03 18:00:00,delivery
VISIT_03931,SYN_P_0037,LOC_0061,2025-03-06 12:00:00,meeting
VISIT_03932,SYN_P_0577,LOC_0029,2026-10-19 11:00:00,residence
VISIT_03933,SYN_P_0092,LOC_0034,2025-12-07 03:00:00,residence
VISIT_03934,SYN_P_0030,LOC_0083,2025-03-15 11:00:00,business
VISIT_03935,SYN_P_0274,LOC_0021,2025-06-17 10:00:00,travel
VISIT_03936,SYN_P_0787,LOC_0035,2025-05-11 22:00:00,delivery
VISIT_03937,SYN_P_0210,LOC_0059,2024-11-09 06:00:00,meeting
VISIT_03938,SYN_P_0979,LOC_0017,2026-03-21 14:00:00,business
VISIT_03939,SYN_P_0623,LOC_0003,2025-09-27 11:00:00,residence
VISIT_03940,SYN_P_0170,LOC_0043,2026-07-16 23:00:00,delivery
VISIT_03941,SYN_P_0023,LOC_0049,2024-08-18 23:00:00,business
VISIT_03942,SYN_P_0643,LOC_0001,2026-07-26 15:00:00,meeting
VISIT_03943,SYN_P_0132,LOC_0011,2024-07-30 12:00:00,business
VISIT_03944,SYN_P_0816,LOC_0031,2026-01-27 16:00:00,meeting
VISIT_03945,SYN_P_0178,LOC_0021,2024-05-03 07:00:00,residence
VISIT_03946,SYN_P_0226,LOC_0005,2026-04-05 09:00:00,travel
VISIT_03947,SYN_P_0826,LOC_0076,2025-08-18 20:00:00,residence
VISIT_03948,SYN_P_0373,LOC_0037,2024-04-05 20:00:00,residence
VISIT_03949,SYN_P_0493,LOC_0072,2025-05-22 18:00:00,delivery
VISIT_03950,SYN_P_0401,LOC_0008,2026-05-12 08:00:00,business
VISIT_03951,SYN_P_0269,LOC_0061,2026-02-09 02:00:00,travel
VISIT_03952,SYN_P_0929,LOC_0052,2025-06-24 14:00:00,business
VISIT_03953,SYN_P_0688,LOC_0035,2026-06-13 10:00:00,delivery
VISIT_03954,SYN_P_0369,LOC_0052,2026-03-12 20:00:00,residence
VISIT_03955,SYN_P_0277,LOC_0069,2024-01-11 07:00:00,delivery
VISIT_03956,SYN_P_0366,LOC_0046,2026-06-05 22:00:00,business
VISIT_03957,SYN_P_0928,LOC_0064,2025-01-08 11:00:00,meeting
VISIT_03958,SYN_P_0054,LOC_0027,2026-02-18 05:00:00,meeting
VISIT_03959,SYN_P_0863,LOC_0068,2025-04-10 13:00:00,travel
VISIT_03960,SYN_P_0432,LOC_0075,2024-01-09 11:00:00,residence
VISIT_03961,SYN_P_0693,LOC_0030,2026-05-05 15:00:00,travel
VISIT_03962,SYN_P_0340,LOC_0056,2025-04-25 11:00:00,residence
VISIT_03963,SYN_P_0217,LOC_0078,2026-10-05 12:00:00,travel
VISIT_03964,SYN_P_0310,LOC_0018,2025-12-18 08:00:00,travel
VISIT_03965,SYN_P_0920,LOC_0009,2024-02-19 04:00:00,travel
VISIT_03966,SYN_P_0015,LOC_0029,2024-01-10 13:00:00,meeting
VISIT_03967,SYN_P_0376,LOC_0040,2026-06-16 19:00:00,residence
VISIT_03968,SYN_P_0652,LOC_0046,2024-12-22 20:00:00,delivery
VISIT_03969,SYN_P_0426,LOC_0047,2025-08-20 12:00:00,business
VISIT_03970,SYN_P_0058,LOC_0067,2024-07-03 07:00:00,meeting
VISIT_03971,SYN_P_0381,LOC_0011,2024-02-03 07:00:00,travel
VISIT_03972,SYN_P_0333,LOC_0024,2024-11-07 22:00:00,delivery
VISIT_03973,SYN_P_0145,LOC_0045,2024-07-22 17:00:00,travel
VISIT_03974,SYN_P_0216,LOC_0036,2026-05-01 09:00:00,business
VISIT_03975,SYN_P_0376,LOC_0052,2025-10-16 06:00:00,meeting
VISIT_03976,SYN_P_0246,LOC_0050,2024-05-03 03:00:00,travel
VISIT_03977,SYN_P_0781,LOC_0014,2026-02-24 09:00:00,residence
VISIT_03978,SYN_P_0797,LOC_0077,2026-08-06 15:00:00,delivery
VISIT_03979,SYN_P_0835,LOC_0014,2026-06-20 07:00:00,business
VISIT_03980,SYN_P_0799,LOC_0062,2026-09-15 14:00:00,meeting
VISIT_03981,SYN_P_0338,LOC_0002,2026-04-30 13:00:00,delivery
VISIT_03982,SYN_P_0674,LOC_0011,2025-12-27 07:00:00,meeting
VISIT_03983,SYN_P_0177,LOC_0083,2024-08-04 07:00:00,business
VISIT_03984,SYN_P_0002,LOC_0074,2026-10-16 08:00:00,delivery
VISIT_03985,SYN_P_0705,LOC_0051,2024-07-10 05:00:00,residence
VISIT_03986,SYN_P_0875,LOC_0027,2026-05-22 21:00:00,travel
VISIT_03987,SYN_P_0270,LOC_0058,2025-04-16 20:00:00,travel
VISIT_03988,SYN_P_0854,LOC_0079,2025-09-27 05:00:00,business
VISIT_03989,SYN_P_0324,LOC_0018,2025-09-27 06:00:00,travel
VISIT_03990,SYN_P_0412,LOC_0081,2024-01-17 05:00:00,residence
VISIT_03991,SYN_P_0363,LOC_0083,2026-06-06 04:00:00,meeting
VISIT_03992,SYN_P_0917,LOC_0071,2024-11-10 11:00:00,travel
VISIT_03993,SYN_P_0345,LOC_0071,2024-06-30 03:00:00,travel
VISIT_03994,SYN_P_0897,LOC_0050,2026-07-12 02:00:00,business
VISIT_03995,SYN_P_1024,LOC_0082,2024-11-03 20:00:00,residence
VISIT_03996,SYN_P_0843,LOC_0058,2025-12-29 20:00:00,business
VISIT_03997,SYN_P_0292,LOC_0014,2024-11-23 19:00:00,residence
VISIT_03998,SYN_P_0843,LOC_0009,2025-08-03 05:00:00,delivery
VISIT_03999,SYN_P_0519,LOC_0047,2026-06-08 01:00:00,delivery
VISIT_04000,SYN_P_0579,LOC_0029,2025-02-23 03:00:00,travel
VISIT_04001,SYN_P_0271,LOC_0074,2024-09-23 04:00:00,delivery
VISIT_04002,SYN_P_0355,LOC_0084,2025-02-25 17:00:00,business
VISIT_04003,SYN_P_0252,LOC_0040,2026-08-10 16:00:00,meeting
VISIT_04004,SYN_P_0523,LOC_0005,2026-03-18 20:00:00,delivery
VISIT_04005,SYN_P_0782,LOC_0030,2025-12-16 02:00:00,meeting
VISIT_04006,SYN_P_0746,LOC_0013,2025-01-22 04:00:00,business
VISIT_04007,SYN_P_0931,LOC_0074,2024-02-28 02:00:00,delivery
VISIT_04008,SYN_P_0740,LOC_0073,2025-03-28 15:00:00,business
VISIT_04009,SYN_P_0696,LOC_0062,2025-08-03 03:00:00,residence
VISIT_04010,SYN_P_0335,LOC_0027,2026-03-28 12:00:00,travel
VISIT_04011,SYN_P_0009,LOC_0065,2025-12-20 15:00:00,delivery
VISIT_04012,SYN_P_0436,LOC_0007,2024-12-11 05:00:00,delivery
VISIT_04013,SYN_P_0667,LOC_0074,2026-08-31 08:00:00,business
VISIT_04014,SYN_P_0981,LOC_0020,2026-03-13 18:00:00,business
VISIT_04015,SYN_P_1026,LOC_0071,2024-05-06 00:00:00,delivery
VISIT_04016,SYN_P_0783,LOC_0039,2025-04-08 01:00:00,meeting
VISIT_04017,SYN_P_0145,LOC_0069,2024-04-19 03:00:00,meeting
VISIT_04018,SYN_P_0277,LOC_0022,2024-08-16 14:00:00,travel
VISIT_04019,SYN_P_0816,LOC_0030,2024-12-16 03:00:00,delivery
VISIT_04020,SYN_P_0275,LOC_0017,2026-06-21 17:00:00,delivery
VISIT_04021,SYN_P_0317,LOC_0037,2025-09-30 10:00:00,meeting
VISIT_04022,SYN_P_0570,LOC_0072,2024-01-07 00:00:00,business
VISIT_04023,SYN_P_0524,LOC_0010,2025-09-12 12:00:00,travel
VISIT_04024,SYN_P_0751,LOC_0041,2024-06-17 04:00:00,travel
VISIT_04025,SYN_P_0422,LOC_0044,2025-07-29 02:00:00,residence
VISIT_04026,SYN_P_0590,LOC_0017,2024-08-12 23:00:00,travel
VISIT_04027,SYN_P_0029,LOC_0022,2024-02-10 23:00:00,meeting
VISIT_04028,SYN_P_0386,LOC_0009,2024-08-11 11:00:00,meeting
VISIT_04029,SYN_P_0517,LOC_0048,2025-06-07 18:00:00,travel
VISIT_04030,SYN_P_0357,LOC_0051,2025-10-29 16:00:00,business
VISIT_04031,SYN_P_0301,LOC_0018,2024-05-08 22:00:00,travel
VISIT_04032,SYN_P_0994,LOC_0081,2026-10-01 16:00:00,travel
VISIT_04033,SYN_P_0553,LOC_0071,2025-11-12 00:00:00,travel
VISIT_04034,SYN_P_0970,LOC_0016,2025-02-02 02:00:00,delivery
VISIT_04035,SYN_P_0343,LOC_0039,2025-07-14 00:00:00,travel
VISIT_04036,SYN_P_0076,LOC_0070,2024-10-21 01:00:00,delivery
VISIT_04037,SYN_P_0321,LOC_0040,2025-03-13 00:00:00,travel
VISIT_04038,SYN_P_0110,LOC_0066,2024-01-29 16:00:00,residence
VISIT_04039,SYN_P_0865,LOC_0059,2024-01-23 14:00:00,residence
VISIT_04040,SYN_P_0152,LOC_0055,2025-09-24 10:00:00,business
VISIT_04041,SYN_P_0218,LOC_0006,2025-12-13 20:00:00,residence
VISIT_04042,SYN_P_0581,LOC_0032,2025-06-01 02:00:00,residence
VISIT_04043,SYN_P_0259,LOC_0011,2025-12-17 08:00:00,travel
VISIT_04044,SYN_P_0861,LOC_0030,2025-05-05 13:00:00,travel
VISIT_04045,SYN_P_0388,LOC_0016,2024-08-25 10:00:00,meeting
VISIT_04046,SYN_P_0280,LOC_0006,2025-01-18 15:00:00,meeting
VISIT_04047,SYN_P_0777,LOC_0028,2024-08-21 15:00:00,delivery
VISIT_04048,SYN_P_1002,LOC_0070,2026-05-07 06:00:00,meeting
VISIT_04049,SYN_P_0253,LOC_0035,2026-10-31 03:00:00,delivery
VISIT_04050,SYN_P_0018,LOC_0056,2025-10-30 08:00:00,travel
VISIT_04051,SYN_P_0953,LOC_0042,2024-01-12 21:00:00,meeting
VISIT_04052,SYN_P_0589,LOC_0057,2026-01-11 20:00:00,business
VISIT_04053,SYN_P_0985,LOC_0067,2026-04-19 10:00:00,travel
VISIT_04054,SYN_P_0263,LOC_0022,2025-12-02 13:00:00,meeting
VISIT_04055,SYN_P_0802,LOC_0028,2025-04-18 14:00:00,meeting
VISIT_04056,SYN_P_0010,LOC_0027,2026-01-15 03:00:00,business
VISIT_04057,SYN_P_0879,LOC_0020,2025-12-25 10:00:00,meeting
VISIT_04058,SYN_P_0303,LOC_0033,2025-05-01 15:00:00,business
VISIT_04059,SYN_P_0352,LOC_0053,2024-10-25 05:00:00,residence
VISIT_04060,SYN_P_0739,LOC_0055,2026-02-18 12:00:00,travel
VISIT_04061,SYN_P_0356,LOC_0077,2024-06-28 10:00:00,travel
VISIT_04062,SYN_P_0822,LOC_0032,2024-07-16 19:00:00,travel
VISIT_04063,SYN_P_0681,LOC_0005,2025-10-29 10:00:00,travel
VISIT_04064,SYN_P_1030,LOC_0024,2024-01-19 14:00:00,residence
VISIT_04065,SYN_P_0346,LOC_0051,2026-08-02 08:00:00,delivery
VISIT_04066,SYN_P_0449,LOC_0068,2026-02-13 05:00:00,delivery
VISIT_04067,SYN_P_0350,LOC_0049,2025-01-01 23:00:00,business
VISIT_04068,SYN_P_0078,LOC_0018,2025-07-06 23:00:00,travel
VISIT_04069,SYN_P_0935,LOC_0032,2025-05-24 06:00:00,residence
VISIT_04070,SYN_P_0652,LOC_0054,2025-08-14 04:00:00,meeting
VISIT_04071,SYN_P_0198,LOC_0027,2025-12-01 17:00:00,residence
VISIT_04072,SYN_P_0018,LOC_0029,2026-10-21 03:00:00,business
VISIT_04073,SYN_P_0724,LOC_0017,2024-08-20 03:00:00,delivery
VISIT_04074,SYN_P_0045,LOC_0001,2026-06-27 09:00:00,delivery
VISIT_04075,SYN_P_0090,LOC_0034,2026-07-29 05:00:00,travel
VISIT_04076,SYN_P_0801,LOC_0071,2024-01-20 22:00:00,meeting
VISIT_04077,SYN_P_0673,LOC_0026,2024-04-30 18:00:00,delivery
VISIT_04078,SYN_P_0210,LOC_0030,2024-12-28 05:00:00,business
VISIT_04079,SYN_P_0285,LOC_0037,2024-08-03 23:00:00,business
VISIT_04080,SYN_P_0247,LOC_0004,2024-10-24 19:00:00,travel
VISIT_04081,SYN_P_0279,LOC_0052,2026-04-06 19:00:00,travel
VISIT_04082,SYN_P_0116,LOC_0069,2025-08-11 16:00:00,delivery
VISIT_04083,SYN_P_0974,LOC_0077,2024-04-14 03:00:00,business
VISIT_04084,SYN_P_0974,LOC_0081,2026-10-17 15:00:00,residence
VISIT_04085,SYN_P_0093,LOC_0040,2026-01-12 18:00:00,meeting
VISIT_04086,SYN_P_0027,LOC_0080,2025-04-07 06:00:00,business
VISIT_04087,SYN_P_0370,LOC_0064,2024-04-11 02:00:00,travel
VISIT_04088,SYN_P_0610,LOC_0039,2025-10-11 05:00:00,meeting
VISIT_04089,SYN_P_0253,LOC_0039,2026-05-16 10:00:00,delivery
VISIT_04090,SYN_P_0419,LOC_0006,2024-09-07 04:00:00,business
VISIT_04091,SYN_P_0968,LOC_0065,2024-12-03 17:00:00,meeting
VISIT_04092,SYN_P_0911,LOC_0038,2026-10-09 05:00:00,business
VISIT_04093,SYN_P_0843,LOC_0076,2024-04-22 11:00:00,residence
VISIT_04094,SYN_P_0547,LOC_0030,2024-02-22 18:00:00,meeting
VISIT_04095,SYN_P_0584,LOC_0036,2025-10-16 10:00:00,delivery
VISIT_04096,SYN_P_0955,LOC_0079,2024-04-29 09:00:00,residence
VISIT_04097,SYN_P_0683,LOC_0043,2025-04-01 13:00:00,travel
VISIT_04098,SYN_P_0970,LOC_0039,2024-12-19 05:00:00,travel
VISIT_04099,SYN_P_0083,LOC_0031,2025-11-12 01:00:00,meeting
VISIT_04100,SYN_P_0613,LOC_0060,2026-08-25 08:00:00,business
VISIT_04101,SYN_P_0948,LOC_0009,2025-10-18 19:00:00,residence
VISIT_04102,SYN_P_0629,LOC_0015,2025-03-30 07:00:00,residence
VISIT_04103,SYN_P_0696,LOC_0034,2025-02-25 08:00:00,meeting
VISIT_04104,SYN_P_0513,LOC_0045,2026-07-05 19:00:00,travel
VISIT_04105,SYN_P_0469,LOC_0014,2026-06-19 08:00:00,meeting
VISIT_04106,SYN_P_0945,LOC_0012,2026-06-26 10:00:00,meeting
VISIT_04107,SYN_P_0538,LOC_0005,2025-02-11 18:00:00,business
VISIT_04108,SYN_P_0334,LOC_0012,2025-12-12 12:00:00,residence
VISIT_04109,SYN_P_0513,LOC_0069,2024-05-17 23:00:00,meeting
VISIT_04110,SYN_P_0003,LOC_0042,2026-08-17 06:00:00,meeting
VISIT_04111,SYN_P_0123,LOC_0029,2025-12-14 15:00:00,travel
VISIT_04112,SYN_P_0441,LOC_0077,2025-04-11 23:00:00,meeting
VISIT_04113,SYN_P_0907,LOC_0065,2024-11-14 20:00:00,residence
VISIT_04114,SYN_P_0498,LOC_0030,2024-06-30 06:00:00,residence
VISIT_04115,SYN_P_0154,LOC_0040,2024-03-31 17:00:00,delivery
VISIT_04116,SYN_P_0732,LOC_0059,2025-05-07 21:00:00,meeting
VISIT_04117,SYN_P_0692,LOC_0050,2024-02-20 10:00:00,residence
VISIT_04118,SYN_P_0669,LOC_0083,2025-04-22 14:00:00,business
VISIT_04119,SYN_P_0760,LOC_0035,2025-05-10 21:00:00,residence
VISIT_04120,SYN_P_0010,LOC_0006,2026-07-16 09:00:00,meeting
VISIT_04121,SYN_P_0488,LOC_0036,2025-10-11 11:00:00,residence
VISIT_04122,SYN_P_0758,LOC_0081,2026-07-11 14:00:00,residence
VISIT_04123,SYN_P_0564,LOC_0006,2025-05-01 16:00:00,residence
VISIT_04124,SYN_P_0491,LOC_0052,2026-04-17 15:00:00,residence
VISIT_04125,SYN_P_0765,LOC_0031,2025-11-04 09:00:00,residence
VISIT_04126,SYN_P_0950,LOC_0010,2024-10-19 10:00:00,residence
VISIT_04127,SYN_P_0598,LOC_0078,2025-03-03 09:00:00,business
VISIT_04128,SYN_P_0469,LOC_0050,2025-04-25 22:00:00,business
VISIT_04129,SYN_P_0893,LOC_0032,2025-01-07 16:00:00,delivery
VISIT_04130,SYN_P_1032,LOC_0023,2025-10-11 14:00:00,travel
VISIT_04131,SYN_P_1021,LOC_0026,2024-08-29 18:00:00,business
VISIT_04132,SYN_P_0531,LOC_0061,2024-08-08 08:00:00,delivery
VISIT_04133,SYN_P_0683,LOC_0010,2025-01-04 18:00:00,delivery
VISIT_04134,SYN_P_0555,LOC_0070,2024-12-01 22:00:00,travel
VISIT_04135,SYN_P_1025,LOC_0006,2025-03-17 03:00:00,meeting
VISIT_04136,SYN_P_0430,LOC_0011,2024-10-23 19:00:00,meeting
VISIT_04137,SYN_P_0934,LOC_0024,2026-07-21 08:00:00,delivery
VISIT_04138,SYN_P_0500,LOC_0026,2025-02-11 19:00:00,business
VISIT_04139,SYN_P_0093,LOC_0005,2026-04-11 02:00:00,meeting
VISIT_04140,SYN_P_0379,LOC_0021,2024-02-28 00:00:00,residence
VISIT_04141,SYN_P_0129,LOC_0001,2026-08-28 20:00:00,travel
VISIT_04142,SYN_P_1038,LOC_0052,2024-02-06 22:00:00,delivery
VISIT_04143,SYN_P_0818,LOC_0037,2025-02-23 01:00:00,meeting
VISIT_04144,SYN_P_0734,LOC_0033,2026-06-05 11:00:00,travel
VISIT_04145,SYN_P_0208,LOC_0024,2025-04-27 08:00:00,travel
VISIT_04146,SYN_P_0714,LOC_0050,2024-01-13 03:00:00,meeting
VISIT_04147,SYN_P_0327,LOC_0004,2026-09-08 02:00:00,meeting
VISIT_04148,SYN_P_0139,LOC_0019,2025-09-14 08:00:00,delivery
VISIT_04149,SYN_P_0524,LOC_0011,2024-04-25 03:00:00,business
VISIT_04150,SYN_P_0750,LOC_0079,2025-01-21 14:00:00,delivery
VISIT_04151,SYN_P_0230,LOC_0026,2026-09-30 12:00:00,meeting
VISIT_04152,SYN_P_0387,LOC_0032,2026-04-25 21:00:00,business
VISIT_04153,SYN_P_0726,LOC_0025,2026-04-28 16:00:00,delivery
VISIT_04154,SYN_P_0420,LOC_0027,2026-01-02 11:00:00,travel
VISIT_04155,SYN_P_0053,LOC_0028,2026-09-26 18:00:00,meeting
VISIT_04156,SYN_P_0617,LOC_0030,2026-07-13 04:00:00,residence
VISIT_04157,SYN_P_0430,LOC_0054,2026-01-25 23:00:00,travel
VISIT_04158,SYN_P_0388,LOC_0039,2024-08-25 13:00:00,business
VISIT_04159,SYN_P_0306,LOC_0056,2024-07-25 08:00:00,meeting
VISIT_04160,SYN_P_0622,LOC_0041,2025-12-30 19:00:00,residence
VISIT_04161,SYN_P_0577,LOC_0026,2026-01-21 17:00:00,residence
VISIT_04162,SYN_P_0113,LOC_0017,2024-05-31 22:00:00,travel
VISIT_04163,SYN_P_0926,LOC_0075,2024-11-22 23:00:00,delivery
VISIT_04164,SYN_P_0693,LOC_0009,2026-08-03 04:00:00,business
VISIT_04165,SYN_P_0100,LOC_0047,2025-09-13 13:00:00,travel
VISIT_04166,SYN_P_0027,LOC_0079,2024-06-02 13:00:00,delivery
VISIT_04167,SYN_P_0602,LOC_0048,2026-02-21 23:00:00,delivery
VISIT_04168,SYN_P_1035,LOC_0039,2026-03-25 01:00:00,meeting
VISIT_04169,SYN_P_0499,LOC_0048,2024-05-28 10:00:00,delivery
VISIT_04170,SYN_P_0561,LOC_0076,2024-12-07 07:00:00,residence
VISIT_04171,SYN_P_0405,LOC_0057,2024-01-29 23:00:00,business
VISIT_04172,SYN_P_1013,LOC_0070,2025-07-27 07:00:00,meeting
VISIT_04173,SYN_P_0109,LOC_0007,2024-02-17 03:00:00,business
VISIT_04174,SYN_P_0762,LOC_0018,2024-11-03 12:00:00,meeting
VISIT_04175,SYN_P_0819,LOC_0009,2024-12-13 03:00:00,business
VISIT_04176,SYN_P_0997,LOC_0023,2026-05-04 06:00:00,residence
VISIT_04177,SYN_P_0288,LOC_0059,2025-04-12 21:00:00,travel
VISIT_04178,SYN_P_0550,LOC_0014,2026-09-14 01:00:00,delivery
VISIT_04179,SYN_P_0882,LOC_0067,2025-05-08 04:00:00,meeting
VISIT_04180,SYN_P_0114,LOC_0031,2024-11-18 07:00:00,business
VISIT_04181,SYN_P_1032,LOC_0054,2025-10-26 19:00:00,travel
VISIT_04182,SYN_P_0085,LOC_0084,2025-04-12 15:00:00,travel
VISIT_04183,SYN_P_0207,LOC_0055,2026-05-04 06:00:00,business
VISIT_04184,SYN_P_0573,LOC_0081,2026-08-06 22:00:00,meeting
VISIT_04185,SYN_P_1010,LOC_0056,2024-07-12 16:00:00,residence
VISIT_04186,SYN_P_0069,LOC_0047,2026-06-22 21:00:00,delivery
VISIT_04187,SYN_P_0839,LOC_0035,2026-07-17 21:00:00,delivery
VISIT_04188,SYN_P_0861,LOC_0007,2024-05-12 01:00:00,delivery
VISIT_04189,SYN_P_0007,LOC_0026,2024-03-30 21:00:00,travel
VISIT_04190,SYN_P_0262,LOC_0009,2025-11-21 08:00:00,travel
VISIT_04191,SYN_P_0089,LOC_0074,2026-07-13 02:00:00,business
VISIT_04192,SYN_P_0223,LOC_0008,2025-06-07 13:00:00,meeting
VISIT_04193,SYN_P_0504,LOC_0011,2025-08-07 00:00:00,travel
VISIT_04194,SYN_P_0417,LOC_0009,2026-08-15 10:00:00,business
VISIT_04195,SYN_P_0602,LOC_0066,2024-01-01 14:00:00,delivery
VISIT_04196,SYN_P_0199,LOC_0026,2024-04-10 08:00:00,delivery
VISIT_04197,SYN_P_1038,LOC_0053,2025-09-21 08:00:00,meeting
VISIT_04198,SYN_P_0269,LOC_0074,2025-04-19 23:00:00,business
VISIT_04199,SYN_P_0764,LOC_0066,2026-07-09 00:00:00,meeting
VISIT_04200,SYN_P_0298,LOC_0031,2025-12-19 16:00:00,travel
VISIT_04201,SYN_P_0702,LOC_0077,2025-11-16 07:00:00,meeting
VISIT_04202,SYN_P_0108,LOC_0034,2025-01-21 07:00:00,delivery
VISIT_04203,SYN_P_0757,LOC_0019,2024-12-24 18:00:00,business
VISIT_04204,SYN_P_0165,LOC_0021,2024-11-30 02:00:00,delivery
VISIT_04205,SYN_P_0027,LOC_0051,2025-04-09 15:00:00,travel
VISIT_04206,SYN_P_0459,LOC_0026,2026-09-11 01:00:00,meeting
VISIT_04207,SYN_P_0442,LOC_0071,2026-04-06 21:00:00,residence
VISIT_04208,SYN_P_0204,LOC_0027,2025-07-20 17:00:00,business
VISIT_04209,SYN_P_0687,LOC_0006,2025-01-07 20:00:00,meeting
VISIT_04210,SYN_P_0297,LOC_0065,2025-07-14 01:00:00,travel
VISIT_04211,SYN_P_0766,LOC_0014,2026-08-05 04:00:00,meeting
VISIT_04212,SYN_P_0461,LOC_0012,2026-03-29 13:00:00,delivery
VISIT_04213,SYN_P_1006,LOC_0020,2024-11-03 06:00:00,travel
VISIT_04214,SYN_P_0852,LOC_0073,2026-05-31 14:00:00,business
VISIT_04215,SYN_P_0793,LOC_0066,2026-05-13 09:00:00,travel
VISIT_04216,SYN_P_0843,LOC_0037,2025-02-28 13:00:00,residence
VISIT_04217,SYN_P_0415,LOC_0050,2025-11-29 15:00:00,business
VISIT_04218,SYN_P_0826,LOC_0068,2024-07-08 03:00:00,business
VISIT_04219,SYN_P_0186,LOC_0006,2025-05-27 17:00:00,business
VISIT_04220,SYN_P_0910,LOC_0039,2024-07-05 14:00:00,residence
VISIT_04221,SYN_P_0423,LOC_0074,2025-07-13 22:00:00,meeting
VISIT_04222,SYN_P_0438,LOC_0071,2025-12-29 07:00:00,business
VISIT_04223,SYN_P_0097,LOC_0051,2026-01-01 22:00:00,meeting
VISIT_04224,SYN_P_0732,LOC_0023,2025-05-04 17:00:00,business
VISIT_04225,SYN_P_0834,LOC_0034,2025-05-24 19:00:00,meeting
VISIT_04226,SYN_P_0380,LOC_0017,2026-09-21 23:00:00,travel
VISIT_04227,SYN_P_0037,LOC_0035,2024-11-22 01:00:00,residence
VISIT_04228,SYN_P_1022,LOC_0047,2024-02-03 19:00:00,delivery
VISIT_04229,SYN_P_0653,LOC_0071,2026-04-08 13:00:00,travel
VISIT_04230,SYN_P_0473,LOC_0049,2025-12-22 23:00:00,residence
VISIT_04231,SYN_P_0766,LOC_0054,2024-02-24 01:00:00,delivery
VISIT_04232,SYN_P_0809,LOC_0063,2026-11-03 23:00:00,meeting
VISIT_04233,SYN_P_0358,LOC_0025,2026-10-18 09:00:00,residence
VISIT_04234,SYN_P_0185,LOC_0042,2025-09-22 12:00:00,travel
VISIT_04235,SYN_P_0936,LOC_0036,2025-07-05 20:00:00,residence
VISIT_04236,SYN_P_0835,LOC_0005,2024-07-20 18:00:00,delivery
VISIT_04237,SYN_P_0110,LOC_0063,2024-05-14 00:00:00,meeting
VISIT_04238,SYN_P_0161,LOC_0013,2026-07-12 17:00:00,residence
VISIT_04239,SYN_P_0086,LOC_0049,2025-01-29 10:00:00,meeting
VISIT_04240,SYN_P_0680,LOC_0064,2024-05-26 01:00:00,travel
VISIT_04241,SYN_P_1033,LOC_0069,2024-08-26 09:00:00,meeting
VISIT_04242,SYN_P_0419,LOC_0072,2026-06-30 10:00:00,business
VISIT_04243,SYN_P_0561,LOC_0068,2026-01-16 03:00:00,residence
VISIT_04244,SYN_P_0945,LOC_0060,2025-05-03 06:00:00,business
VISIT_04245,SYN_P_0004,LOC_0084,2024-09-12 17:00:00,business
VISIT_04246,SYN_P_1005,LOC_0078,2026-07-22 23:00:00,delivery
VISIT_04247,SYN_P_0184,LOC_0038,2026-02-19 10:00:00,residence
VISIT_04248,SYN_P_0674,LOC_0029,2025-08-07 16:00:00,business
VISIT_04249,SYN_P_0155,LOC_0075,2026-01-23 20:00:00,business
VISIT_04250,SYN_P_1032,LOC_0081,2024-09-06 20:00:00,business
VISIT_04251,SYN_P_0188,LOC_0011,2024-06-05 09:00:00,business
VISIT_04252,SYN_P_1024,LOC_0001,2026-01-16 20:00:00,delivery
VISIT_04253,SYN_P_0870,LOC_0022,2026-05-20 16:00:00,travel
VISIT_04254,SYN_P_0731,LOC_0059,2025-01-22 11:00:00,travel
VISIT_04255,SYN_P_0052,LOC_0031,2024-01-11 03:00:00,residence
VISIT_04256,SYN_P_0079,LOC_0073,2025-12-01 22:00:00,business
VISIT_04257,SYN_P_0785,LOC_0029,2026-08-21 04:00:00,meeting
VISIT_04258,SYN_P_0829,LOC_0028,2024-09-28 06:00:00,business
VISIT_04259,SYN_P_0184,LOC_0055,2024-08-04 12:00:00,meeting
VISIT_04260,SYN_P_0719,LOC_0044,2024-05-06 18:00:00,meeting
VISIT_04261,SYN_P_0770,LOC_0019,2024-02-22 10:00:00,delivery
VISIT_04262,SYN_P_0920,LOC_0009,2026-08-18 21:00:00,travel
VISIT_04263,SYN_P_0977,LOC_0078,2025-05-11 16:00:00,residence
VISIT_04264,SYN_P_0372,LOC_0044,2025-12-25 23:00:00,meeting
VISIT_04265,SYN_P_0860,LOC_0012,2024-03-27 05:00:00,residence
VISIT_04266,SYN_P_0207,LOC_0004,2025-07-09 07:00:00,travel
VISIT_04267,SYN_P_0760,LOC_0002,2025-10-04 15:00:00,residence
VISIT_04268,SYN_P_0207,LOC_0072,2024-04-06 14:00:00,business
VISIT_04269,SYN_P_0368,LOC_0003,2024-11-06 16:00:00,business
VISIT_04270,SYN_P_0555,LOC_0055,2024-01-25 08:00:00,delivery
VISIT_04271,SYN_P_0436,LOC_0057,2026-02-15 10:00:00,travel
VISIT_04272,SYN_P_1020,LOC_0020,2025-11-06 20:00:00,residence
VISIT_04273,SYN_P_0967,LOC_0078,2024-02-25 10:00:00,delivery
VISIT_04274,SYN_P_0302,LOC_0026,2025-07-10 14:00:00,delivery
VISIT_04275,SYN_P_0051,LOC_0007,2026-03-10 20:00:00,business
VISIT_04276,SYN_P_0565,LOC_0062,2024-09-11 22:00:00,business
VISIT_04277,SYN_P_0930,LOC_0046,2024-05-03 00:00:00,meeting
VISIT_04278,SYN_P_0596,LOC_0077,2025-08-30 08:00:00,residence
VISIT_04279,SYN_P_0378,LOC_0066,2024-01-08 06:00:00,delivery
VISIT_04280,SYN_P_0063,LOC_0007,2025-10-20 14:00:00,delivery
VISIT_04281,SYN_P_0203,LOC_0069,2024-06-08 16:00:00,residence
VISIT_04282,SYN_P_0865,LOC_0010,2026-10-31 06:00:00,business
VISIT_04283,SYN_P_0604,LOC_0009,2024-05-20 03:00:00,delivery
VISIT_04284,SYN_P_0906,LOC_0015,2026-04-03 11:00:00,meeting
VISIT_04285,SYN_P_0253,LOC_0013,2025-06-08 08:00:00,delivery
VISIT_04286,SYN_P_0532,LOC_0033,2024-07-13 08:00:00,business
VISIT_04287,SYN_P_0381,LOC_0051,2024-07-17 06:00:00,meeting
VISIT_04288,SYN_P_0813,LOC_0063,2026-01-04 09:00:00,business
VISIT_04289,SYN_P_1027,LOC_0049,2024-08-28 07:00:00,business
VISIT_04290,SYN_P_0184,LOC_0024,2024-08-08 17:00:00,business
VISIT_04291,SYN_P_0463,LOC_0044,2025-01-04 03:00:00,delivery
VISIT_04292,SYN_P_0503,LOC_0058,2026-08-18 19:00:00,residence
VISIT_04293,SYN_P_0113,LOC_0075,2025-07-19 16:00:00,delivery
VISIT_04294,SYN_P_0967,LOC_0062,2026-03-06 19:00:00,residence
VISIT_04295,SYN_P_0549,LOC_0024,2024-06-09 01:00:00,delivery
VISIT_04296,SYN_P_0332,LOC_0079,2026-10-23 11:00:00,delivery
VISIT_04297,SYN_P_0548,LOC_0060,2026-01-06 16:00:00,travel
VISIT_04298,SYN_P_0931,LOC_0070,2026-02-10 03:00:00,business
VISIT_04299,SYN_P_0630,LOC_0051,2025-08-26 03:00:00,travel
VISIT_04300,SYN_P_0862,LOC_0028,2025-04-13 18:00:00,business
VISIT_04301,SYN_P_0943,LOC_0010,2026-04-05 19:00:00,delivery
VISIT_04302,SYN_P_0045,LOC_0015,2024-10-23 17:00:00,business
VISIT_04303,SYN_P_0747,LOC_0062,2025-02-25 16:00:00,business
VISIT_04304,SYN_P_0390,LOC_0080,2026-08-23 06:00:00,business
VISIT_04305,SYN_P_0204,LOC_0048,2026-09-26 12:00:00,travel
VISIT_04306,SYN_P_0756,LOC_0010,2026-08-27 09:00:00,meeting
VISIT_04307,SYN_P_0777,LOC_0013,2025-11-02 03:00:00,travel
VISIT_04308,SYN_P_0927,LOC_0020,2024-09-15 04:00:00,travel
VISIT_04309,SYN_P_0088,LOC_0024,2025-01-13 06:00:00,meeting
VISIT_04310,SYN_P_0288,LOC_0078,2024-10-15 08:00:00,meeting
VISIT_04311,SYN_P_0006,LOC_0057,2026-08-08 21:00:00,meeting
VISIT_04312,SYN_P_0162,LOC_0004,2025-12-12 18:00:00,meeting
VISIT_04313,SYN_P_0965,LOC_0007,2024-07-10 21:00:00,meeting
VISIT_04314,SYN_P_0899,LOC_0053,2024-04-19 23:00:00,travel
VISIT_04315,SYN_P_0827,LOC_0083,2026-09-24 07:00:00,travel
VISIT_04316,SYN_P_0884,LOC_0040,2024-12-21 19:00:00,business
VISIT_04317,SYN_P_0020,LOC_0050,2026-07-22 16:00:00,delivery
VISIT_04318,SYN_P_0952,LOC_0017,2024-06-20 12:00:00,delivery
VISIT_04319,SYN_P_0345,LOC_0007,2024-01-27 09:00:00,residence
VISIT_04320,SYN_P_0763,LOC_0058,2025-02-25 22:00:00,business
VISIT_04321,SYN_P_0077,LOC_0054,2026-01-31 16:00:00,travel
VISIT_04322,SYN_P_0614,LOC_0043,2026-03-11 15:00:00,residence
VISIT_04323,SYN_P_0174,LOC_0034,2024-07-05 19:00:00,residence
VISIT_04324,SYN_P_0937,LOC_0069,2026-09-02 11:00:00,meeting
VISIT_04325,SYN_P_0689,LOC_0078,2026-07-10 00:00:00,meeting
VISIT_04326,SYN_P_0810,LOC_0035,2024-06-02 03:00:00,residence
VISIT_04327,SYN_P_0605,LOC_0007,2024-12-15 18:00:00,travel
VISIT_04328,SYN_P_0504,LOC_0057,2024-05-15 15:00:00,travel
VISIT_04329,SYN_P_0143,LOC_0045,2026-07-06 18:00:00,business
VISIT_04330,SYN_P_0599,LOC_0043,2024-04-30 09:00:00,travel
VISIT_04331,SYN_P_0721,LOC_0043,2025-04-02 05:00:00,meeting
VISIT_04332,SYN_P_0212,LOC_0013,2026-01-01 23:00:00,meeting
VISIT_04333,SYN_P_0582,LOC_0037,2026-02-06 16:00:00,travel
VISIT_04334,SYN_P_0490,LOC_0018,2026-02-14 12:00:00,residence
VISIT_04335,SYN_P_0618,LOC_0006,2024-07-23 16:00:00,meeting
VISIT_04336,SYN_P_0355,LOC_0067,2024-05-25 05:00:00,meeting
VISIT_04337,SYN_P_0313,LOC_0062,2025-12-09 10:00:00,delivery
VISIT_04338,SYN_P_0929,LOC_0001,2026-07-05 06:00:00,business
VISIT_04339,SYN_P_0278,LOC_0010,2026-01-14 10:00:00,travel
VISIT_04340,SYN_P_1035,LOC_0064,2025-10-18 14:00:00,travel
VISIT_04341,SYN_P_0145,LOC_0010,2024-10-02 01:00:00,meeting
VISIT_04342,SYN_P_0051,LOC_0026,2024-06-01 23:00:00,residence
VISIT_04343,SYN_P_0120,LOC_0035,2025-06-05 21:00:00,travel
VISIT_04344,SYN_P_0109,LOC_0076,2024-12-25 02:00:00,travel
VISIT_04345,SYN_P_1019,LOC_0014,2025-09-08 10:00:00,residence
VISIT_04346,SYN_P_0149,LOC_0042,2025-05-21 17:00:00,delivery
VISIT_04347,SYN_P_0979,LOC_0066,2024-06-13 07:00:00,residence
VISIT_04348,SYN_P_0027,LOC_0064,2024-05-09 22:00:00,delivery
VISIT_04349,SYN_P_0102,LOC_0084,2025-05-24 03:00:00,travel
VISIT_04350,SYN_P_0118,LOC_0022,2026-11-03 05:00:00,travel
VISIT_04351,SYN_P_0052,LOC_0022,2024-04-05 14:00:00,business
VISIT_04352,SYN_P_0397,LOC_0033,2025-11-07 12:00:00,delivery
VISIT_04353,SYN_P_0836,LOC_0009,2025-12-24 19:00:00,delivery
VISIT_04354,SYN_P_0897,LOC_0078,2025-11-19 11:00:00,delivery
VISIT_04355,SYN_P_0470,LOC_0056,2024-01-18 21:00:00,meeting
VISIT_04356,SYN_P_0170,LOC_0064,2025-03-13 19:00:00,delivery
VISIT_04357,SYN_P_0428,LOC_0026,2025-06-10 19:00:00,business
VISIT_04358,SYN_P_0321,LOC_0032,2024-08-29 21:00:00,residence
VISIT_04359,SYN_P_0107,LOC_0073,2025-04-23 17:00:00,delivery
VISIT_04360,SYN_P_0161,LOC_0079,2025-10-02 07:00:00,residence
VISIT_04361,SYN_P_0561,LOC_0019,2025-11-08 10:00:00,residence
VISIT_04362,SYN_P_0468,LOC_0036,2025-06-16 01:00:00,residence
VISIT_04363,SYN_P_0726,LOC_0055,2024-03-13 15:00:00,travel
VISIT_04364,SYN_P_0363,LOC_0056,2025-12-25 19:00:00,delivery
VISIT_04365,SYN_P_0054,LOC_0038,2026-07-06 07:00:00,travel
VISIT_04366,SYN_P_0255,LOC_0048,2026-01-01 06:00:00,meeting
VISIT_04367,SYN_P_0384,LOC_0022,2025-03-09 23:00:00,travel
VISIT_04368,SYN_P_0708,LOC_0029,2024-04-09 16:00:00,residence
VISIT_04369,SYN_P_0569,LOC_0055,2025-02-01 20:00:00,residence
VISIT_04370,SYN_P_0112,LOC_0069,2025-09-18 20:00:00,travel
VISIT_04371,SYN_P_0763,LOC_0053,2026-07-12 23:00:00,travel
VISIT_04372,SYN_P_0830,LOC_0082,2025-02-22 17:00:00,delivery
VISIT_04373,SYN_P_0018,LOC_0047,2025-08-05 03:00:00,travel
VISIT_04374,SYN_P_0889,LOC_0010,2026-04-09 01:00:00,residence
VISIT_04375,SYN_P_0308,LOC_0082,2025-11-25 23:00:00,travel
VISIT_04376,SYN_P_0963,LOC_0060,2024-01-28 03:00:00,residence
VISIT_04377,SYN_P_0475,LOC_0063,2024-03-15 21:00:00,residence
VISIT_04378,SYN_P_0402,LOC_0053,2026-07-11 07:00:00,residence
VISIT_04379,SYN_P_0189,LOC_0056,2026-07-23 07:00:00,residence
VISIT_04380,SYN_P_1035,LOC_0051,2024-10-03 10:00:00,residence
VISIT_04381,SYN_P_0681,LOC_0028,2025-10-03 06:00:00,travel
VISIT_04382,SYN_P_0615,LOC_0084,2025-09-03 18:00:00,delivery
VISIT_04383,SYN_P_0605,LOC_0003,2026-11-02 02:00:00,travel
VISIT_04384,SYN_P_0298,LOC_0010,2024-11-28 15:00:00,delivery
VISIT_04385,SYN_P_0049,LOC_0029,2025-04-29 08:00:00,delivery
VISIT_04386,SYN_P_0105,LOC_0012,2026-09-19 12:00:00,residence
VISIT_04387,SYN_P_0019,LOC_0001,2025-02-27 09:00:00,business
VISIT_04388,SYN_P_0980,LOC_0024,2024-08-21 07:00:00,residence
VISIT_04389,SYN_P_0099,LOC_0068,2025-09-22 06:00:00,business
VISIT_04390,SYN_P_0198,LOC_0026,2024-06-03 02:00:00,travel
VISIT_04391,SYN_P_0097,LOC_0033,2025-04-07 03:00:00,business
VISIT_04392,SYN_P_0888,LOC_0060,2024-03-11 11:00:00,residence
VISIT_04393,SYN_P_0471,LOC_0070,2026-10-01 11:00:00,residence
VISIT_04394,SYN_P_0808,LOC_0023,2024-02-10 14:00:00,travel
VISIT_04395,SYN_P_0716,LOC_0059,2024-01-09 21:00:00,delivery
VISIT_04396,SYN_P_0169,LOC_0058,2024-07-31 06:00:00,business
VISIT_04397,SYN_P_0962,LOC_0084,2024-11-27 19:00:00,travel
VISIT_04398,SYN_P_0348,LOC_0067,2025-03-23 15:00:00,meeting
VISIT_04399,SYN_P_0561,LOC_0073,2025-03-22 01:00:00,meeting
VISIT_04400,SYN_P_0883,LOC_0064,2025-07-28 23:00:00,residence
VISIT_04401,SYN_P_0980,LOC_0005,2025-08-08 19:00:00,business
VISIT_04402,SYN_P_0023,LOC_0004,2025-11-20 06:00:00,business
VISIT_04403,SYN_P_0199,LOC_0036,2025-09-10 09:00:00,delivery
VISIT_04404,SYN_P_0031,LOC_0063,2024-12-26 21:00:00,travel
VISIT_04405,SYN_P_0863,LOC_0075,2025-08-24 07:00:00,travel
VISIT_04406,SYN_P_0177,LOC_0082,2024-07-13 08:00:00,meeting
VISIT_04407,SYN_P_0183,LOC_0010,2025-12-18 08:00:00,business
VISIT_04408,SYN_P_0416,LOC_0017,2024-02-10 07:00:00,residence
VISIT_04409,SYN_P_1004,LOC_0038,2024-04-18 22:00:00,travel
VISIT_04410,SYN_P_0206,LOC_0021,2025-07-09 23:00:00,business
VISIT_04411,SYN_P_0980,LOC_0075,2025-04-02 06:00:00,travel
VISIT_04412,SYN_P_0809,LOC_0043,2026-11-06 10:00:00,business
VISIT_04413,SYN_P_0107,LOC_0035,2025-03-30 15:00:00,delivery
VISIT_04414,SYN_P_0948,LOC_0078,2024-06-26 22:00:00,meeting
VISIT_04415,SYN_P_0560,LOC_0023,2026-02-27 01:00:00,delivery
VISIT_04416,SYN_P_0571,LOC_0048,2024-11-16 21:00:00,travel
VISIT_04417,SYN_P_0545,LOC_0021,2024-04-14 13:00:00,residence
VISIT_04418,SYN_P_0118,LOC_0015,2024-05-29 07:00:00,travel
VISIT_04419,SYN_P_0016,LOC_0065,2025-05-19 19:00:00,delivery
VISIT_04420,SYN_P_0023,LOC_0020,2024-05-22 01:00:00,travel
VISIT_04421,SYN_P_0016,LOC_0010,2024-02-05 19:00:00,travel
VISIT_04422,SYN_P_1025,LOC_0059,2025-07-12 19:00:00,business
VISIT_04423,SYN_P_0842,LOC_0019,2025-06-27 01:00:00,delivery
VISIT_04424,SYN_P_0013,LOC_0045,2025-09-13 15:00:00,travel
VISIT_04425,SYN_P_0297,LOC_0061,2024-09-03 12:00:00,business
VISIT_04426,SYN_P_0953,LOC_0031,2024-02-14 16:00:00,delivery
VISIT_04427,SYN_P_0286,LOC_0076,2026-06-22 16:00:00,business
VISIT_04428,SYN_P_0021,LOC_0002,2025-11-14 13:00:00,business
VISIT_04429,SYN_P_0275,LOC_0051,2024-06-27 23:00:00,delivery
VISIT_04430,SYN_P_0587,LOC_0011,2024-02-13 13:00:00,business
VISIT_04431,SYN_P_0122,LOC_0034,2025-05-11 20:00:00,residence
VISIT_04432,SYN_P_0510,LOC_0029,2026-06-05 16:00:00,residence
VISIT_04433,SYN_P_0553,LOC_0020,2025-08-19 23:00:00,meeting
VISIT_04434,SYN_P_0812,LOC_0077,2024-02-24 15:00:00,business
VISIT_04435,SYN_P_1033,LOC_0084,2026-08-18 05:00:00,business
VISIT_04436,SYN_P_1006,LOC_0073,2026-10-25 06:00:00,delivery
VISIT_04437,SYN_P_0129,LOC_0015,2026-05-14 22:00:00,business
VISIT_04438,SYN_P_0781,LOC_0065,2025-10-10 09:00:00,meeting
VISIT_04439,SYN_P_0839,LOC_0041,2025-09-15 06:00:00,delivery
VISIT_04440,SYN_P_0470,LOC_0024,2025-03-17 15:00:00,travel
VISIT_04441,SYN_P_0013,LOC_0033,2025-05-18 09:00:00,travel
VISIT_04442,SYN_P_0226,LOC_0032,2025-02-18 22:00:00,travel
VISIT_04443,SYN_P_0240,LOC_0060,2026-04-26 09:00:00,residence
VISIT_04444,SYN_P_0287,LOC_0082,2024-03-29 04:00:00,meeting
VISIT_04445,SYN_P_0159,LOC_0011,2024-05-24 04:00:00,residence
VISIT_04446,SYN_P_0844,LOC_0072,2025-07-24 17:00:00,travel
VISIT_04447,SYN_P_0548,LOC_0035,2026-04-28 02:00:00,travel
VISIT_04448,SYN_P_0191,LOC_0078,2024-06-27 06:00:00,meeting
VISIT_04449,SYN_P_0219,LOC_0066,2025-02-16 18:00:00,meeting
VISIT_04450,SYN_P_0207,LOC_0079,2025-08-30 17:00:00,business
VISIT_04451,SYN_P_0712,LOC_0080,2026-07-16 21:00:00,business
VISIT_04452,SYN_P_0622,LOC_0081,2026-05-18 04:00:00,travel
VISIT_04453,SYN_P_0464,LOC_0059,2026-01-04 22:00:00,residence
VISIT_04454,SYN_P_0771,LOC_0058,2026-06-27 07:00:00,delivery
VISIT_04455,SYN_P_0424,LOC_0010,2024-10-02 17:00:00,residence
VISIT_04456,SYN_P_0044,LOC_0055,2026-01-20 14:00:00,residence
VISIT_04457,SYN_P_0669,LOC_0001,2024-07-13 23:00:00,business
VISIT_04458,SYN_P_0025,LOC_0077,2026-09-23 07:00:00,travel
VISIT_04459,SYN_P_0767,LOC_0014,2026-06-09 23:00:00,residence
VISIT_04460,SYN_P_0239,LOC_0036,2024-01-19 23:00:00,residence
VISIT_04461,SYN_P_1000,LOC_0007,2025-05-26 22:00:00,meeting
VISIT_04462,SYN_P_0965,LOC_0047,2024-11-08 05:00:00,travel
VISIT_04463,SYN_P_0268,LOC_0032,2024-04-02 11:00:00,delivery
VISIT_04464,SYN_P_0312,LOC_0041,2025-10-31 09:00:00,residence
VISIT_04465,SYN_P_0589,LOC_0044,2025-07-14 04:00:00,meeting
VISIT_04466,SYN_P_0986,LOC_0081,2025-01-14 07:00:00,residence
VISIT_04467,SYN_P_0743,LOC_0041,2024-03-15 03:00:00,travel
VISIT_04468,SYN_P_0945,LOC_0026,2024-05-04 10:00:00,travel
VISIT_04469,SYN_P_0698,LOC_0019,2025-05-29 17:00:00,business
VISIT_04470,SYN_P_0706,LOC_0025,2026-03-04 00:00:00,travel
VISIT_04471,SYN_P_0939,LOC_0029,2026-06-14 03:00:00,business
VISIT_04472,SYN_P_0218,LOC_0057,2025-10-14 11:00:00,travel
VISIT_04473,SYN_P_0306,LOC_0059,2025-10-20 07:00:00,business
VISIT_04474,SYN_P_0399,LOC_0028,2025-06-01 20:00:00,meeting
VISIT_04475,SYN_P_0613,LOC_0064,2025-05-06 15:00:00,delivery
VISIT_04476,SYN_P_0952,LOC_0080,2026-10-16 16:00:00,meeting
VISIT_04477,SYN_P_0031,LOC_0039,2025-11-19 21:00:00,business
VISIT_04478,SYN_P_0033,LOC_0014,2026-05-27 14:00:00,travel
VISIT_04479,SYN_P_0263,LOC_0029,2024-07-14 04:00:00,meeting
VISIT_04480,SYN_P_0799,LOC_0043,2024-04-10 07:00:00,business
VISIT_04481,SYN_P_0891,LOC_0046,2026-07-10 19:00:00,meeting
VISIT_04482,SYN_P_1035,LOC_0029,2024-12-07 10:00:00,meeting
VISIT_04483,SYN_P_0344,LOC_0013,2026-05-28 19:00:00,delivery
VISIT_04484,SYN_P_0983,LOC_0037,2025-04-14 02:00:00,business
VISIT_04485,SYN_P_0679,LOC_0075,2026-04-13 00:00:00,residence
VISIT_04486,SYN_P_0201,LOC_0066,2025-05-08 21:00:00,delivery
VISIT_04487,SYN_P_0609,LOC_0048,2026-08-07 11:00:00,business
VISIT_04488,SYN_P_0284,LOC_0056,2026-05-24 19:00:00,delivery
VISIT_04489,SYN_P_0437,LOC_0064,2026-05-20 17:00:00,meeting
VISIT_04490,SYN_P_0276,LOC_0084,2024-09-15 04:00:00,business
VISIT_04491,SYN_P_1007,LOC_0067,2025-12-23 12:00:00,meeting
VISIT_04492,SYN_P_0785,LOC_0040,2024-05-13 16:00:00,residence
VISIT_04493,SYN_P_0121,LOC_0049,2026-04-16 06:00:00,residence
VISIT_04494,SYN_P_0152,LOC_0018,2025-03-24 02:00:00,travel
VISIT_04495,SYN_P_1005,LOC_0029,2026-10-09 04:00:00,residence
VISIT_04496,SYN_P_0521,LOC_0065,2026-08-05 20:00:00,delivery
VISIT_04497,SYN_P_0457,LOC_0031,2026-01-16 20:00:00,business
VISIT_04498,SYN_P_0952,LOC_0084,2025-06-16 00:00:00,residence
VISIT_04499,SYN_P_1019,LOC_0066,2025-12-06 02:00:00,meeting
VISIT_04500,SYN_P_0514,LOC_0051,2026-01-21 08:00:00,travel
VISIT_04501,SYN_P_0961,LOC_0041,2024-10-08 18:00:00,travel
VISIT_04502,SYN_P_0620,LOC_0009,2026-08-08 03:00:00,delivery
VISIT_04503,SYN_P_0699,LOC_0024,2026-01-02 00:00:00,travel
VISIT_04504,SYN_P_0177,LOC_0070,2025-09-24 23:00:00,travel
VISIT_04505,SYN_P_0333,LOC_0030,2025-06-13 01:00:00,delivery
VISIT_04506,SYN_P_1026,LOC_0034,2025-08-10 16:00:00,delivery
VISIT_04507,SYN_P_0829,LOC_0040,2024-07-25 14:00:00,delivery
VISIT_04508,SYN_P_0212,LOC_0071,2024-01-25 12:00:00,delivery
VISIT_04509,SYN_P_0155,LOC_0075,2026-09-20 15:00:00,business
VISIT_04510,SYN_P_1032,LOC_0073,2026-10-02 15:00:00,residence
VISIT_04511,SYN_P_0530,LOC_0023,2025-08-28 15:00:00,business
VISIT_04512,SYN_P_0421,LOC_0034,2024-08-29 04:00:00,business
VISIT_04513,SYN_P_0139,LOC_0012,2024-05-31 11:00:00,travel
VISIT_04514,SYN_P_0451,LOC_0013,2026-06-21 15:00:00,delivery
VISIT_04515,SYN_P_0173,LOC_0011,2025-04-24 11:00:00,residence
VISIT_04516,SYN_P_0650,LOC_0036,2026-05-26 13:00:00,meeting
VISIT_04517,SYN_P_0457,LOC_0036,2024-05-03 00:00:00,residence
VISIT_04518,SYN_P_0165,LOC_0027,2026-04-27 03:00:00,business
VISIT_04519,SYN_P_0793,LOC_0051,2025-10-22 10:00:00,residence
VISIT_04520,SYN_P_0221,LOC_0056,2026-09-05 01:00:00,meeting
VISIT_04521,SYN_P_0478,LOC_0032,2024-01-04 02:00:00,residence
VISIT_04522,SYN_P_0306,LOC_0082,2024-08-02 21:00:00,meeting
VISIT_04523,SYN_P_0597,LOC_0038,2025-09-13 10:00:00,business
VISIT_04524,SYN_P_0269,LOC_0078,2026-04-08 09:00:00,business
VISIT_04525,SYN_P_0554,LOC_0044,2024-08-31 07:00:00,delivery
VISIT_04526,SYN_P_0002,LOC_0040,2025-10-06 01:00:00,business
VISIT_04527,SYN_P_0344,LOC_0003,2026-01-21 12:00:00,delivery
VISIT_04528,SYN_P_0752,LOC_0066,2025-04-25 11:00:00,residence
VISIT_04529,SYN_P_0479,LOC_0004,2025-01-01 20:00:00,business
VISIT_04530,SYN_P_0665,LOC_0075,2026-09-13 16:00:00,residence
VISIT_04531,SYN_P_0677,LOC_0033,2025-07-25 06:00:00,travel
VISIT_04532,SYN_P_0541,LOC_0020,2026-01-10 08:00:00,delivery
VISIT_04533,SYN_P_0291,LOC_0051,2024-07-28 19:00:00,travel
VISIT_04534,SYN_P_0771,LOC_0031,2024-03-26 04:00:00,travel
VISIT_04535,SYN_P_0629,LOC_0002,2024-01-21 21:00:00,travel
VISIT_04536,SYN_P_0076,LOC_0078,2024-07-25 16:00:00,delivery
VISIT_04537,SYN_P_0531,LOC_0006,2024-07-06 23:00:00,meeting
VISIT_04538,SYN_P_0218,LOC_0028,2024-06-27 19:00:00,residence
VISIT_04539,SYN_P_0176,LOC_0070,2024-02-10 10:00:00,travel
VISIT_04540,SYN_P_1006,LOC_0068,2026-10-11 23:00:00,travel
VISIT_04541,SYN_P_0325,LOC_0020,2025-03-09 17:00:00,delivery
VISIT_04542,SYN_P_0801,LOC_0060,2024-04-23 14:00:00,delivery
VISIT_04543,SYN_P_0671,LOC_0063,2024-03-20 13:00:00,travel
VISIT_04544,SYN_P_0812,LOC_0028,2025-09-05 02:00:00,delivery
VISIT_04545,SYN_P_0069,LOC_0073,2026-10-02 23:00:00,business
VISIT_04546,SYN_P_0942,LOC_0018,2025-08-06 14:00:00,business
VISIT_04547,SYN_P_0513,LOC_0019,2025-01-14 15:00:00,travel
VISIT_04548,SYN_P_0809,LOC_0013,2025-07-30 07:00:00,travel
VISIT_04549,SYN_P_0587,LOC_0001,2024-10-20 18:00:00,residence
VISIT_04550,SYN_P_0852,LOC_0017,2024-11-25 05:00:00,delivery
VISIT_04551,SYN_P_0642,LOC_0035,2025-11-01 00:00:00,travel
VISIT_04552,SYN_P_0335,LOC_0054,2026-07-09 06:00:00,residence
VISIT_04553,SYN_P_0709,LOC_0012,2024-06-20 17:00:00,residence
VISIT_04554,SYN_P_0765,LOC_0025,2024-08-25 12:00:00,residence
VISIT_04555,SYN_P_0974,LOC_0045,2025-02-11 05:00:00,travel
VISIT_04556,SYN_P_0635,LOC_0084,2025-01-27 07:00:00,travel
VISIT_04557,SYN_P_0781,LOC_0079,2026-06-25 01:00:00,travel
VISIT_04558,SYN_P_0036,LOC_0036,2026-08-08 12:00:00,delivery
VISIT_04559,SYN_P_0581,LOC_0072,2026-01-24 17:00:00,residence
VISIT_04560,SYN_P_0691,LOC_0017,2024-12-01 11:00:00,travel
VISIT_04561,SYN_P_0065,LOC_0010,2024-09-12 18:00:00,residence
VISIT_04562,SYN_P_0209,LOC_0083,2026-08-17 13:00:00,delivery
VISIT_04563,SYN_P_0974,LOC_0061,2025-03-20 08:00:00,travel
VISIT_04564,SYN_P_0445,LOC_0079,2026-04-24 16:00:00,meeting
VISIT_04565,SYN_P_0532,LOC_0065,2025-11-17 09:00:00,delivery
VISIT_04566,SYN_P_0895,LOC_0035,2025-05-02 12:00:00,business
VISIT_04567,SYN_P_0723,LOC_0034,2025-09-09 14:00:00,business
VISIT_04568,SYN_P_0461,LOC_0057,2024-05-04 14:00:00,meeting
VISIT_04569,SYN_P_0271,LOC_0008,2025-09-28 23:00:00,residence
VISIT_04570,SYN_P_0821,LOC_0042,2026-03-17 03:00:00,travel
VISIT_04571,SYN_P_0944,LOC_0046,2026-07-22 08:00:00,delivery
VISIT_04572,SYN_P_0539,LOC_0079,2025-03-29 16:00:00,business
VISIT_04573,SYN_P_0874,LOC_0055,2026-05-20 11:00:00,residence
VISIT_04574,SYN_P_0098,LOC_0041,2025-06-29 20:00:00,delivery
VISIT_04575,SYN_P_0915,LOC_0007,2024-12-26 10:00:00,residence
VISIT_04576,SYN_P_0999,LOC_0035,2026-09-25 09:00:00,business
VISIT_04577,SYN_P_1029,LOC_0072,2024-04-06 06:00:00,residence
VISIT_04578,SYN_P_0886,LOC_0041,2024-06-04 12:00:00,business
VISIT_04579,SYN_P_0271,LOC_0077,2024-03-27 09:00:00,meeting
VISIT_04580,SYN_P_0575,LOC_0020,2025-10-14 17:00:00,delivery
VISIT_04581,SYN_P_0382,LOC_0024,2025-03-23 23:00:00,travel
VISIT_04582,SYN_P_0975,LOC_0013,2025-07-25 01:00:00,meeting
VISIT_04583,SYN_P_0472,LOC_0054,2026-11-05 12:00:00,delivery
VISIT_04584,SYN_P_0213,LOC_0013,2024-10-25 20:00:00,business
VISIT_04585,SYN_P_0951,LOC_0030,2025-07-08 21:00:00,travel
VISIT_04586,SYN_P_0063,LOC_0019,2024-05-30 13:00:00,delivery
VISIT_04587,SYN_P_0758,LOC_0008,2026-08-22 17:00:00,delivery
VISIT_04588,SYN_P_0530,LOC_0037,2026-07-01 17:00:00,delivery
VISIT_04589,SYN_P_0157,LOC_0044,2025-05-15 15:00:00,delivery
VISIT_04590,SYN_P_0596,LOC_0029,2026-09-27 14:00:00,travel
VISIT_04591,SYN_P_1033,LOC_0061,2024-02-14 09:00:00,meeting
VISIT_04592,SYN_P_0708,LOC_0057,2026-04-08 23:00:00,travel
VISIT_04593,SYN_P_0294,LOC_0032,2025-06-09 01:00:00,travel
VISIT_04594,SYN_P_0488,LOC_0079,2026-02-25 10:00:00,travel
VISIT_04595,SYN_P_0993,LOC_0043,2024-09-23 03:00:00,travel
VISIT_04596,SYN_P_0078,LOC_0028,2026-10-29 09:00:00,delivery
VISIT_04597,SYN_P_0605,LOC_0048,2026-03-17 01:00:00,residence
VISIT_04598,SYN_P_0860,LOC_0082,2025-09-05 03:00:00,delivery
VISIT_04599,SYN_P_0906,LOC_0010,2024-06-26 10:00:00,residence
VISIT_04600,SYN_P_1006,LOC_0064,2024-05-16 13:00:00,meeting
VISIT_04601,SYN_P_0852,LOC_0030,2025-12-14 06:00:00,travel
VISIT_04602,SYN_P_0398,LOC_0006,2025-07-31 07:00:00,delivery
VISIT_04603,SYN_P_0540,LOC_0065,2024-11-26 02:00:00,business
VISIT_04604,SYN_P_0418,LOC_0047,2024-03-31 00:00:00,business
VISIT_04605,SYN_P_0206,LOC_0030,2024-11-05 06:00:00,delivery
VISIT_04606,SYN_P_0687,LOC_0004,2026-03-16 08:00:00,business
VISIT_04607,SYN_P_0351,LOC_0002,2025-07-16 12:00:00,travel
VISIT_04608,SYN_P_0216,LOC_0079,2025-12-13 23:00:00,delivery
VISIT_04609,SYN_P_0784,LOC_0074,2025-11-29 03:00:00,meeting
VISIT_04610,SYN_P_0300,LOC_0007,2024-12-07 05:00:00,residence
VISIT_04611,SYN_P_0111,LOC_0048,2024-12-21 23:00:00,business
VISIT_04612,SYN_P_0583,LOC_0024,2026-10-08 11:00:00,delivery
VISIT_04613,SYN_P_0669,LOC_0075,2026-03-21 17:00:00,business
VISIT_04614,SYN_P_0991,LOC_0004,2025-04-01 16:00:00,residence
VISIT_04615,SYN_P_0225,LOC_0035,2025-12-22 22:00:00,residence
VISIT_04616,SYN_P_0504,LOC_0029,2024-04-05 22:00:00,meeting
VISIT_04617,SYN_P_0189,LOC_0064,2025-03-17 09:00:00,residence
VISIT_04618,SYN_P_0943,LOC_0001,2025-09-15 08:00:00,travel
VISIT_04619,SYN_P_0275,LOC_0011,2025-06-10 23:00:00,travel
VISIT_04620,SYN_P_0821,LOC_0062,2026-02-28 21:00:00,meeting
VISIT_04621,SYN_P_1021,LOC_0049,2024-10-05 17:00:00,business
VISIT_04622,SYN_P_0388,LOC_0059,2026-08-20 15:00:00,residence
VISIT_04623,SYN_P_0109,LOC_0047,2025-02-09 20:00:00,delivery
VISIT_04624,SYN_P_0219,LOC_0067,2024-06-10 12:00:00,delivery
VISIT_04625,SYN_P_0169,LOC_0028,2024-02-17 19:00:00,residence
VISIT_04626,SYN_P_0928,LOC_0022,2026-01-22 02:00:00,meeting
VISIT_04627,SYN_P_0416,LOC_0048,2025-04-07 13:00:00,travel
VISIT_04628,SYN_P_0153,LOC_0072,2026-08-27 13:00:00,meeting
VISIT_04629,SYN_P_0318,LOC_0045,2025-08-14 07:00:00,business
VISIT_04630,SYN_P_0620,LOC_0079,2024-11-28 19:00:00,meeting
VISIT_04631,SYN_P_0709,LOC_0076,2025-06-21 00:00:00,residence
VISIT_04632,SYN_P_0597,LOC_0082,2024-06-08 21:00:00,meeting
VISIT_04633,SYN_P_0699,LOC_0077,2025-10-18 22:00:00,residence
VISIT_04634,SYN_P_0764,LOC_0008,2025-08-14 17:00:00,residence
VISIT_04635,SYN_P_0882,LOC_0052,2025-12-20 09:00:00,business
VISIT_04636,SYN_P_0984,LOC_0015,2024-09-24 10:00:00,delivery
VISIT_04637,SYN_P_0889,LOC_0027,2024-05-16 11:00:00,residence
VISIT_04638,SYN_P_0057,LOC_0001,2024-04-11 05:00:00,meeting
VISIT_04639,SYN_P_0832,LOC_0034,2026-06-03 22:00:00,business
VISIT_04640,SYN_P_0473,LOC_0061,2025-06-16 15:00:00,meeting
VISIT_04641,SYN_P_0243,LOC_0067,2024-11-30 08:00:00,delivery
VISIT_04642,SYN_P_0958,LOC_0073,2025-11-01 04:00:00,delivery
VISIT_04643,SYN_P_0256,LOC_0078,2025-07-04 05:00:00,residence
VISIT_04644,SYN_P_0694,LOC_0055,2025-03-26 03:00:00,residence
VISIT_04645,SYN_P_0032,LOC_0012,2026-08-20 15:00:00,travel
VISIT_04646,SYN_P_0777,LOC_0001,2026-07-01 19:00:00,business
VISIT_04647,SYN_P_0354,LOC_0053,2024-04-11 20:00:00,meeting
VISIT_04648,SYN_P_0139,LOC_0073,2024-05-12 19:00:00,business
VISIT_04649,SYN_P_0150,LOC_0046,2026-04-06 23:00:00,residence
VISIT_04650,SYN_P_0936,LOC_0063,2025-07-01 09:00:00,residence
VISIT_04651,SYN_P_0569,LOC_0081,2025-10-08 11:00:00,travel
VISIT_04652,SYN_P_0281,LOC_0052,2025-02-14 22:00:00,travel
VISIT_04653,SYN_P_0496,LOC_0014,2025-05-06 15:00:00,residence
VISIT_04654,SYN_P_0292,LOC_0082,2024-07-25 17:00:00,travel
VISIT_04655,SYN_P_0552,LOC_0050,2026-04-22 02:00:00,travel
VISIT_04656,SYN_P_0103,LOC_0042,2025-06-04 07:00:00,business
VISIT_04657,SYN_P_1010,LOC_0036,2026-02-28 14:00:00,travel
VISIT_04658,SYN_P_0478,LOC_0059,2026-04-07 02:00:00,travel
VISIT_04659,SYN_P_0426,LOC_0005,2026-07-19 18:00:00,delivery
VISIT_04660,SYN_P_0666,LOC_0061,2026-10-03 01:00:00,meeting
VISIT_04661,SYN_P_0641,LOC_0044,2024-05-20 10:00:00,delivery
VISIT_04662,SYN_P_0596,LOC_0013,2024-05-22 18:00:00,travel
VISIT_04663,SYN_P_0373,LOC_0075,2024-05-17 01:00:00,delivery
VISIT_04664,SYN_P_0935,LOC_0006,2024-04-29 15:00:00,travel
VISIT_04665,SYN_P_0995,LOC_0047,2024-04-18 01:00:00,travel
VISIT_04666,SYN_P_0453,LOC_0047,2026-01-27 22:00:00,delivery
VISIT_04667,SYN_P_0860,LOC_0080,2024-10-17 09:00:00,travel
VISIT_04668,SYN_P_0932,LOC_0019,2025-10-25 11:00:00,delivery
VISIT_04669,SYN_P_0670,LOC_0049,2024-10-20 02:00:00,delivery
VISIT_04670,SYN_P_0657,LOC_0004,2024-03-14 23:00:00,travel
VISIT_04671,SYN_P_0640,LOC_0043,2026-05-10 15:00:00,meeting
VISIT_04672,SYN_P_0657,LOC_0065,2024-04-27 02:00:00,residence
VISIT_04673,SYN_P_0350,LOC_0049,2024-08-14 05:00:00,meeting
VISIT_04674,SYN_P_0974,LOC_0050,2025-11-24 23:00:00,meeting
VISIT_04675,SYN_P_0841,LOC_0001,2025-06-14 04:00:00,delivery
VISIT_04676,SYN_P_0995,LOC_0028,2024-08-22 02:00:00,delivery
VISIT_04677,SYN_P_0094,LOC_0045,2025-10-01 01:00:00,delivery
VISIT_04678,SYN_P_0284,LOC_0026,2025-08-12 01:00:00,travel
VISIT_04679,SYN_P_0835,LOC_0080,2024-06-13 20:00:00,residence
VISIT_04680,SYN_P_0979,LOC_0051,2026-01-01 08:00:00,business
VISIT_04681,SYN_P_0587,LOC_0077,2024-12-21 17:00:00,travel
VISIT_04682,SYN_P_0577,LOC_0038,2026-04-08 16:00:00,travel
VISIT_04683,SYN_P_0150,LOC_0062,2024-06-21 22:00:00,travel
VISIT_04684,SYN_P_0278,LOC_0039,2025-06-18 08:00:00,travel
VISIT_04685,SYN_P_0963,LOC_0050,2025-06-15 04:00:00,residence
VISIT_04686,SYN_P_0492,LOC_0069,2026-03-06 06:00:00,delivery
VISIT_04687,SYN_P_0810,LOC_0005,2025-08-21 04:00:00,residence
VISIT_04688,SYN_P_0179,LOC_0030,2024-07-21 01:00:00,travel
VISIT_04689,SYN_P_0496,LOC_0047,2026-01-14 04:00:00,residence
VISIT_04690,SYN_P_0168,LOC_0083,2026-01-17 11:00:00,meeting
VISIT_04691,SYN_P_0865,LOC_0081,2024-07-17 10:00:00,business
VISIT_04692,SYN_P_0119,LOC_0043,2024-05-24 05:00:00,delivery
VISIT_04693,SYN_P_0379,LOC_0079,2026-01-15 13:00:00,travel
VISIT_04694,SYN_P_0602,LOC_0083,2024-10-03 13:00:00,travel
VISIT_04695,SYN_P_0940,LOC_0077,2025-04-09 21:00:00,meeting
VISIT_04696,SYN_P_0086,LOC_0017,2025-09-10 11:00:00,travel
VISIT_04697,SYN_P_0113,LOC_0052,2024-03-05 09:00:00,meeting
VISIT_04698,SYN_P_0337,LOC_0018,2025-12-16 11:00:00,residence
VISIT_04699,SYN_P_1018,LOC_0028,2024-03-08 16:00:00,delivery
VISIT_04700,SYN_P_0305,LOC_0038,2025-08-18 14:00:00,meeting
VISIT_04701,SYN_P_0784,LOC_0083,2026-07-27 14:00:00,meeting
VISIT_04702,SYN_P_0348,LOC_0036,2024-06-06 22:00:00,residence
VISIT_04703,SYN_P_0736,LOC_0010,2024-03-31 02:00:00,meeting
VISIT_04704,SYN_P_0112,LOC_0041,2024-05-28 04:00:00,residence
VISIT_04705,SYN_P_0636,LOC_0040,2025-02-05 19:00:00,business
VISIT_04706,SYN_P_0734,LOC_0027,2025-02-23 09:00:00,travel
VISIT_04707,SYN_P_0712,LOC_0052,2025-10-14 20:00:00,meeting
VISIT_04708,SYN_P_0394,LOC_0019,2025-09-01 21:00:00,meeting
VISIT_04709,SYN_P_0782,LOC_0066,2026-09-05 17:00:00,delivery
VISIT_04710,SYN_P_0837,LOC_0073,2025-11-13 05:00:00,residence
VISIT_04711,SYN_P_0052,LOC_0066,2025-12-06 19:00:00,travel
VISIT_04712,SYN_P_0049,LOC_0006,2025-09-02 21:00:00,delivery
VISIT_04713,SYN_P_0303,LOC_0002,2024-05-09 15:00:00,business
VISIT_04714,SYN_P_0946,LOC_0066,2024-08-27 23:00:00,travel
VISIT_04715,SYN_P_0769,LOC_0064,2025-01-06 09:00:00,travel
VISIT_04716,SYN_P_0802,LOC_0068,2026-02-10 22:00:00,residence
VISIT_04717,SYN_P_0464,LOC_0022,2024-07-29 10:00:00,delivery
VISIT_04718,SYN_P_0160,LOC_0080,2026-09-25 13:00:00,meeting
VISIT_04719,SYN_P_0939,LOC_0004,2025-05-18 23:00:00,travel
VISIT_04720,SYN_P_0662,LOC_0075,2026-10-17 15:00:00,residence
VISIT_04721,SYN_P_0230,LOC_0039,2026-02-01 08:00:00,travel
VISIT_04722,SYN_P_0496,LOC_0040,2025-05-05 23:00:00,meeting
VISIT_04723,SYN_P_0651,LOC_0034,2025-02-21 09:00:00,delivery
VISIT_04724,SYN_P_0696,LOC_0079,2025-05-09 06:00:00,residence
VISIT_04725,SYN_P_0394,LOC_0014,2024-11-16 06:00:00,travel
VISIT_04726,SYN_P_0326,LOC_0060,2026-06-16 01:00:00,travel
VISIT_04727,SYN_P_0687,LOC_0020,2026-07-22 02:00:00,travel
VISIT_04728,SYN_P_0164,LOC_0050,2024-04-25 00:00:00,residence
VISIT_04729,SYN_P_0199,LOC_0072,2025-07-16 01:00:00,business
VISIT_04730,SYN_P_0067,LOC_0061,2024-07-21 00:00:00,business
VISIT_04731,SYN_P_0597,LOC_0050,2024-12-13 19:00:00,business
VISIT_04732,SYN_P_0107,LOC_0070,2025-10-10 08:00:00,business
VISIT_04733,SYN_P_1004,LOC_0016,2026-10-09 10:00:00,business
VISIT_04734,SYN_P_0212,LOC_0068,2026-10-03 22:00:00,delivery
VISIT_04735,SYN_P_0297,LOC_0083,2025-02-25 11:00:00,travel
VISIT_04736,SYN_P_0439,LOC_0014,2026-05-07 11:00:00,residence
VISIT_04737,SYN_P_0400,LOC_0026,2026-03-08 06:00:00,delivery
VISIT_04738,SYN_P_0311,LOC_0063,2025-02-03 22:00:00,business
VISIT_04739,SYN_P_0073,LOC_0058,2025-08-17 17:00:00,business
VISIT_04740,SYN_P_0768,LOC_0070,2026-02-24 02:00:00,delivery
VISIT_04741,SYN_P_0691,LOC_0019,2026-07-16 05:00:00,residence
VISIT_04742,SYN_P_0307,LOC_0009,2025-12-03 09:00:00,delivery
VISIT_04743,SYN_P_0521,LOC_0076,2025-07-12 18:00:00,meeting
VISIT_04744,SYN_P_0887,LOC_0023,2024-04-24 13:00:00,business
VISIT_04745,SYN_P_0966,LOC_0049,2024-08-12 07:00:00,travel
VISIT_04746,SYN_P_0363,LOC_0077,2024-11-04 21:00:00,residence
VISIT_04747,SYN_P_0411,LOC_0014,2026-02-22 17:00:00,travel
VISIT_04748,SYN_P_0604,LOC_0059,2026-07-31 16:00:00,travel
VISIT_04749,SYN_P_0591,LOC_0047,2025-11-10 22:00:00,business
VISIT_04750,SYN_P_0723,LOC_0079,2024-01-06 22:00:00,meeting
VISIT_04751,SYN_P_0771,LOC_0023,2024-02-19 07:00:00,business
VISIT_04752,SYN_P_0473,LOC_0018,2026-02-03 12:00:00,business
VISIT_04753,SYN_P_0663,LOC_0036,2026-01-05 14:00:00,meeting
VISIT_04754,SYN_P_1033,LOC_0084,2026-03-08 06:00:00,delivery
VISIT_04755,SYN_P_0750,LOC_0068,2024-06-02 23:00:00,travel
VISIT_04756,SYN_P_0205,LOC_0011,2026-09-21 19:00:00,travel
VISIT_04757,SYN_P_0640,LOC_0014,2024-10-19 04:00:00,meeting
VISIT_04758,SYN_P_0356,LOC_0042,2026-03-08 16:00:00,business
VISIT_04759,SYN_P_0112,LOC_0012,2024-12-24 14:00:00,meeting
VISIT_04760,SYN_P_0750,LOC_0037,2026-10-17 14:00:00,delivery
VISIT_04761,SYN_P_0868,LOC_0004,2026-06-06 06:00:00,meeting
VISIT_04762,SYN_P_0382,LOC_0006,2024-12-27 14:00:00,meeting
VISIT_04763,SYN_P_0830,LOC_0067,2026-03-04 05:00:00,business
VISIT_04764,SYN_P_0265,LOC_0079,2025-03-15 09:00:00,travel
VISIT_04765,SYN_P_0850,LOC_0051,2026-10-29 20:00:00,travel
VISIT_04766,SYN_P_0046,LOC_0065,2024-07-29 18:00:00,delivery
VISIT_04767,SYN_P_0310,LOC_0021,2025-08-03 14:00:00,travel
VISIT_04768,SYN_P_0668,LOC_0076,2024-03-13 00:00:00,meeting
VISIT_04769,SYN_P_0134,LOC_0069,2024-04-24 02:00:00,meeting
VISIT_04770,SYN_P_0047,LOC_0011,2024-01-07 16:00:00,residence
VISIT_04771,SYN_P_0645,LOC_0001,2025-03-15 16:00:00,delivery
VISIT_04772,SYN_P_0410,LOC_0028,2025-01-08 08:00:00,residence
VISIT_04773,SYN_P_0251,LOC_0038,2026-05-13 14:00:00,travel
VISIT_04774,SYN_P_0201,LOC_0069,2024-05-28 20:00:00,meeting
VISIT_04775,SYN_P_0058,LOC_0006,2025-08-14 17:00:00,meeting
VISIT_04776,SYN_P_0626,LOC_0016,2025-03-10 11:00:00,travel
VISIT_04777,SYN_P_0215,LOC_0051,2026-09-22 16:00:00,business
VISIT_04778,SYN_P_0750,LOC_0001,2024-08-16 10:00:00,delivery
VISIT_04779,SYN_P_0634,LOC_0074,2025-11-23 20:00:00,delivery
VISIT_04780,SYN_P_0713,LOC_0049,2025-04-30 10:00:00,residence
VISIT_04781,SYN_P_0709,LOC_0004,2025-06-25 15:00:00,meeting
VISIT_04782,SYN_P_0572,LOC_0019,2024-01-24 16:00:00,residence
VISIT_04783,SYN_P_0242,LOC_0082,2024-02-24 17:00:00,meeting
VISIT_04784,SYN_P_0790,LOC_0058,2024-09-02 02:00:00,delivery
VISIT_04785,SYN_P_0910,LOC_0043,2024-05-30 21:00:00,meeting
VISIT_04786,SYN_P_0812,LOC_0045,2026-01-15 23:00:00,travel
VISIT_04787,SYN_P_0126,LOC_0059,2026-09-02 04:00:00,travel
VISIT_04788,SYN_P_0954,LOC_0068,2025-11-29 16:00:00,residence
VISIT_04789,SYN_P_0063,LOC_0069,2024-11-28 23:00:00,meeting
VISIT_04790,SYN_P_0674,LOC_0061,2025-12-14 16:00:00,meeting
VISIT_04791,SYN_P_1031,LOC_0004,2024-12-03 10:00:00,delivery
VISIT_04792,SYN_P_0576,LOC_0010,2024-08-22 11:00:00,business
VISIT_04793,SYN_P_0967,LOC_0034,2024-03-09 00:00:00,meeting
VISIT_04794,SYN_P_0858,LOC_0073,2025-01-20 12:00:00,meeting
VISIT_04795,SYN_P_0029,LOC_0005,2026-03-23 06:00:00,travel
VISIT_04796,SYN_P_0587,LOC_0012,2025-04-26 18:00:00,travel
VISIT_04797,SYN_P_1034,LOC_0083,2025-09-24 19:00:00,travel
VISIT_04798,SYN_P_0071,LOC_0049,2026-10-10 04:00:00,residence
VISIT_04799,SYN_P_0039,LOC_0051,2025-04-29 12:00:00,meeting
VISIT_04800,SYN_P_0211,LOC_0037,2024-01-13 22:00:00,meeting
VISIT_04801,SYN_P_0648,LOC_0018,2025-11-27 00:00:00,travel
VISIT_04802,SYN_P_0823,LOC_0002,2026-03-28 22:00:00,business
VISIT_04803,SYN_P_0682,LOC_0055,2026-04-27 13:00:00,meeting
VISIT_04804,SYN_P_0157,LOC_0069,2025-12-28 17:00:00,travel
VISIT_04805,SYN_P_0678,LOC_0083,2025-11-23 15:00:00,meeting
VISIT_04806,SYN_P_0743,LOC_0021,2024-11-23 08:00:00,travel
VISIT_04807,SYN_P_0550,LOC_0013,2024-06-21 13:00:00,business
VISIT_04808,SYN_P_0427,LOC_0077,2025-05-25 08:00:00,travel
VISIT_04809,SYN_P_0953,LOC_0064,2025-02-16 19:00:00,delivery
VISIT_04810,SYN_P_0912,LOC_0066,2026-05-28 08:00:00,residence
VISIT_04811,SYN_P_0037,LOC_0012,2024-05-07 08:00:00,residence
VISIT_04812,SYN_P_0464,LOC_0054,2026-09-11 15:00:00,travel
VISIT_04813,SYN_P_0129,LOC_0028,2024-11-13 22:00:00,business
VISIT_04814,SYN_P_0950,LOC_0066,2026-09-19 10:00:00,residence
VISIT_04815,SYN_P_0759,LOC_0002,2024-06-27 13:00:00,meeting
VISIT_04816,SYN_P_0247,LOC_0023,2025-01-14 03:00:00,meeting
VISIT_04817,SYN_P_0616,LOC_0021,2024-07-25 06:00:00,residence
VISIT_04818,SYN_P_0951,LOC_0068,2026-07-14 04:00:00,meeting
VISIT_04819,SYN_P_0963,LOC_0033,2024-03-02 17:00:00,delivery
VISIT_04820,SYN_P_0376,LOC_0022,2024-03-29 09:00:00,meeting
VISIT_04821,SYN_P_0558,LOC_0035,2026-06-04 23:00:00,residence
VISIT_04822,SYN_P_0228,LOC_0058,2024-11-03 17:00:00,meeting
VISIT_04823,SYN_P_1033,LOC_0023,2025-06-25 05:00:00,travel
VISIT_04824,SYN_P_0553,LOC_0015,2024-08-18 22:00:00,travel
VISIT_04825,SYN_P_0382,LOC_0054,2024-09-21 00:00:00,meeting
VISIT_04826,SYN_P_0580,LOC_0084,2024-03-19 15:00:00,business
VISIT_04827,SYN_P_0534,LOC_0017,2024-04-13 04:00:00,business
VISIT_04828,SYN_P_0059,LOC_0049,2026-07-27 01:00:00,residence
VISIT_04829,SYN_P_0275,LOC_0007,2024-04-01 01:00:00,travel
VISIT_04830,SYN_P_0950,LOC_0013,2024-10-26 00:00:00,residence
VISIT_04831,SYN_P_0612,LOC_0056,2026-08-07 18:00:00,meeting
VISIT_04832,SYN_P_0598,LOC_0077,2024-11-20 02:00:00,meeting
VISIT_04833,SYN_P_0285,LOC_0021,2026-07-04 12:00:00,delivery
VISIT_04834,SYN_P_1032,LOC_0076,2025-01-22 00:00:00,travel
VISIT_04835,SYN_P_0349,LOC_0030,2025-05-12 18:00:00,delivery
VISIT_04836,SYN_P_0915,LOC_0056,2026-01-06 10:00:00,business
VISIT_04837,SYN_P_0732,LOC_0010,2025-07-09 16:00:00,residence
VISIT_04838,SYN_P_0658,LOC_0077,2024-05-21 04:00:00,delivery
VISIT_04839,SYN_P_0529,LOC_0007,2025-01-24 18:00:00,meeting
VISIT_04840,SYN_P_0152,LOC_0062,2025-10-29 22:00:00,travel
VISIT_04841,SYN_P_0174,LOC_0061,2025-09-29 05:00:00,meeting
VISIT_04842,SYN_P_0888,LOC_0025,2026-04-25 18:00:00,residence
VISIT_04843,SYN_P_0987,LOC_0023,2026-05-31 01:00:00,meeting
VISIT_04844,SYN_P_0869,LOC_0031,2024-03-09 01:00:00,travel
VISIT_04845,SYN_P_0972,LOC_0026,2025-04-26 19:00:00,meeting
VISIT_04846,SYN_P_0809,LOC_0036,2025-02-13 12:00:00,travel
VISIT_04847,SYN_P_0991,LOC_0080,2024-10-27 14:00:00,delivery
VISIT_04848,SYN_P_0581,LOC_0061,2024-05-22 20:00:00,travel
VISIT_04849,SYN_P_0423,LOC_0021,2024-09-30 09:00:00,business
VISIT_04850,SYN_P_0941,LOC_0004,2024-01-14 00:00:00,travel
VISIT_04851,SYN_P_0554,LOC_0046,2024-01-03 02:00:00,residence
VISIT_04852,SYN_P_0683,LOC_0021,2025-08-20 13:00:00,meeting
VISIT_04853,SYN_P_0762,LOC_0060,2025-06-19 03:00:00,business
VISIT_04854,SYN_P_0434,LOC_0060,2025-03-15 03:00:00,meeting
VISIT_04855,SYN_P_0897,LOC_0036,2025-04-04 04:00:00,meeting
VISIT_04856,SYN_P_0084,LOC_0015,2026-06-18 17:00:00,residence
VISIT_04857,SYN_P_0506,LOC_0062,2025-01-16 20:00:00,delivery
VISIT_04858,SYN_P_0022,LOC_0001,2024-07-30 21:00:00,travel
VISIT_04859,SYN_P_0920,LOC_0013,2026-04-20 18:00:00,meeting
VISIT_04860,SYN_P_0457,LOC_0036,2026-06-26 02:00:00,business
VISIT_04861,SYN_P_0427,LOC_0038,2026-04-08 23:00:00,delivery
VISIT_04862,SYN_P_0751,LOC_0025,2026-09-12 20:00:00,meeting
VISIT_04863,SYN_P_0286,LOC_0040,2026-05-28 04:00:00,meeting
VISIT_04864,SYN_P_1022,LOC_0083,2024-04-26 16:00:00,delivery
VISIT_04865,SYN_P_1008,LOC_0075,2025-06-09 06:00:00,travel
VISIT_04866,SYN_P_0794,LOC_0025,2024-06-28 08:00:00,travel
VISIT_04867,SYN_P_0651,LOC_0038,2024-01-20 07:00:00,travel
VISIT_04868,SYN_P_0678,LOC_0002,2024-11-21 18:00:00,business
VISIT_04869,SYN_P_0021,LOC_0083,2025-11-17 19:00:00,travel
VISIT_04870,SYN_P_0755,LOC_0010,2024-12-27 19:00:00,travel
VISIT_04871,SYN_P_0901,LOC_0014,2024-12-12 00:00:00,travel
VISIT_04872,SYN_P_0940,LOC_0067,2025-07-04 22:00:00,residence
VISIT_04873,SYN_P_0944,LOC_0070,2025-08-27 02:00:00,travel
VISIT_04874,SYN_P_0245,LOC_0047,2025-08-27 14:00:00,delivery
VISIT_04875,SYN_P_0995,LOC_0016,2025-08-09 21:00:00,meeting
VISIT_04876,SYN_P_0020,LOC_0001,2026-01-30 09:00:00,delivery
VISIT_04877,SYN_P_0603,LOC_0037,2024-07-03 08:00:00,business
VISIT_04878,SYN_P_0539,LOC_0077,2026-10-25 03:00:00,residence
VISIT_04879,SYN_P_0138,LOC_0051,2024-12-12 07:00:00,delivery
VISIT_04880,SYN_P_0269,LOC_0002,2026-02-10 01:00:00,meeting
VISIT_04881,SYN_P_0839,LOC_0068,2025-03-18 15:00:00,meeting
VISIT_04882,SYN_P_0334,LOC_0055,2025-11-29 03:00:00,residence
VISIT_04883,SYN_P_0754,LOC_0015,2024-03-21 23:00:00,delivery
VISIT_04884,SYN_P_0404,LOC_0034,2024-05-28 04:00:00,meeting
VISIT_04885,SYN_P_0038,LOC_0034,2025-10-05 04:00:00,meeting
VISIT_04886,SYN_P_0988,LOC_0021,2025-05-07 09:00:00,business
VISIT_04887,SYN_P_0283,LOC_0036,2026-01-02 14:00:00,travel
VISIT_04888,SYN_P_0955,LOC_0022,2025-10-15 06:00:00,business
VISIT_04889,SYN_P_0289,LOC_0019,2025-07-03 04:00:00,business
VISIT_04890,SYN_P_0081,LOC_0006,2024-12-02 12:00:00,residence
VISIT_04891,SYN_P_0001,LOC_0079,2026-07-04 16:00:00,travel
VISIT_04892,SYN_P_0708,LOC_0057,2024-05-23 17:00:00,business
VISIT_04893,SYN_P_0251,LOC_0068,2024-07-11 13:00:00,residence
VISIT_04894,SYN_P_0812,LOC_0007,2026-08-10 02:00:00,residence
VISIT_04895,SYN_P_0936,LOC_0033,2026-04-05 04:00:00,travel
VISIT_04896,SYN_P_0471,LOC_0001,2026-07-12 16:00:00,meeting
VISIT_04897,SYN_P_0429,LOC_0028,2025-01-28 14:00:00,business
VISIT_04898,SYN_P_0217,LOC_0058,2024-11-09 16:00:00,travel
VISIT_04899,SYN_P_0835,LOC_0060,2026-02-06 01:00:00,business
VISIT_04900,SYN_P_0997,LOC_0056,2026-01-28 21:00:00,delivery
VISIT_04901,SYN_P_0923,LOC_0062,2025-11-30 07:00:00,delivery
VISIT_04902,SYN_P_0844,LOC_0075,2024-09-08 03:00:00,delivery
VISIT_04903,SYN_P_0638,LOC_0017,2025-09-10 07:00:00,meeting
VISIT_04904,SYN_P_0785,LOC_0038,2025-08-27 00:00:00,residence
VISIT_04905,SYN_P_0622,LOC_0032,2026-01-23 08:00:00,meeting
VISIT_04906,SYN_P_0392,LOC_0035,2026-08-03 01:00:00,business
VISIT_04907,SYN_P_0739,LOC_0060,2025-09-24 14:00:00,travel
VISIT_04908,SYN_P_0257,LOC_0065,2026-03-22 11:00:00,travel
VISIT_04909,SYN_P_0719,LOC_0052,2025-09-26 00:00:00,business
VISIT_04910,SYN_P_0504,LOC_0002,2026-10-07 09:00:00,residence
VISIT_04911,SYN_P_0943,LOC_0072,2025-05-28 17:00:00,residence
VISIT_04912,SYN_P_0706,LOC_0025,2024-10-10 22:00:00,travel
VISIT_04913,SYN_P_0644,LOC_0019,2025-08-28 20:00:00,business
VISIT_04914,SYN_P_0291,LOC_0019,2025-05-23 08:00:00,delivery
VISIT_04915,SYN_P_0798,LOC_0065,2025-05-11 05:00:00,meeting
VISIT_04916,SYN_P_0967,LOC_0002,2024-03-17 08:00:00,delivery
VISIT_04917,SYN_P_0061,LOC_0080,2026-05-19 18:00:00,travel
VISIT_04918,SYN_P_0436,LOC_0017,2025-04-21 11:00:00,delivery
VISIT_04919,SYN_P_0798,LOC_0016,2025-02-24 23:00:00,meeting
VISIT_04920,SYN_P_0501,LOC_0053,2025-08-24 20:00:00,business
VISIT_04921,SYN_P_0278,LOC_0054,2025-03-20 04:00:00,travel
VISIT_04922,SYN_P_1005,LOC_0063,2024-04-10 14:00:00,meeting
VISIT_04923,SYN_P_0062,LOC_0039,2026-09-27 18:00:00,meeting
VISIT_04924,SYN_P_0858,LOC_0012,2025-02-16 16:00:00,delivery
VISIT_04925,SYN_P_0506,LOC_0012,2026-01-13 21:00:00,travel
VISIT_04926,SYN_P_0851,LOC_0076,2025-12-05 09:00:00,delivery
VISIT_04927,SYN_P_0697,LOC_0037,2024-10-03 08:00:00,meeting
VISIT_04928,SYN_P_0730,LOC_0012,2025-12-13 07:00:00,residence
VISIT_04929,SYN_P_0944,LOC_0080,2026-07-05 02:00:00,delivery
VISIT_04930,SYN_P_0577,LOC_0027,2026-05-06 15:00:00,travel
VISIT_04931,SYN_P_0048,LOC_0010,2025-09-22 18:00:00,meeting
VISIT_04932,SYN_P_0102,LOC_0027,2026-01-27 04:00:00,travel
VISIT_04933,SYN_P_0913,LOC_0066,2025-12-09 06:00:00,business
VISIT_04934,SYN_P_0501,LOC_0012,2025-01-20 11:00:00,business
VISIT_04935,SYN_P_0516,LOC_0038,2025-05-08 11:00:00,travel
VISIT_04936,SYN_P_0451,LOC_0064,2024-12-24 23:00:00,delivery
VISIT_04937,SYN_P_0151,LOC_0058,2024-06-09 06:00:00,meeting
VISIT_04938,SYN_P_0607,LOC_0029,2026-05-19 00:00:00,delivery
VISIT_04939,SYN_P_0347,LOC_0068,2024-07-31 18:00:00,residence
VISIT_04940,SYN_P_0877,LOC_0011,2024-11-29 19:00:00,travel
VISIT_04941,SYN_P_0478,LOC_0050,2024-05-06 02:00:00,delivery
VISIT_04942,SYN_P_0071,LOC_0053,2024-05-12 18:00:00,meeting
VISIT_04943,SYN_P_0629,LOC_0079,2024-09-07 13:00:00,delivery
VISIT_04944,SYN_P_1022,LOC_0063,2024-02-16 14:00:00,travel
VISIT_04945,SYN_P_1034,LOC_0070,2025-05-28 05:00:00,meeting
VISIT_04946,SYN_P_0757,LOC_0010,2026-05-24 22:00:00,delivery
VISIT_04947,SYN_P_0496,LOC_0034,2025-02-20 07:00:00,delivery
VISIT_04948,SYN_P_0701,LOC_0067,2024-03-01 13:00:00,delivery
VISIT_04949,SYN_P_0305,LOC_0052,2024-05-07 09:00:00,meeting
VISIT_04950,SYN_P_0790,LOC_0008,2025-12-07 17:00:00,meeting
VISIT_04951,SYN_P_0039,LOC_0069,2026-01-22 04:00:00,delivery
VISIT_04952,SYN_P_0409,LOC_0042,2026-02-21 15:00:00,business
VISIT_04953,SYN_P_0728,LOC_0006,2025-01-09 01:00:00,meeting
VISIT_04954,SYN_P_0334,LOC_0041,2025-11-13 12:00:00,travel
VISIT_04955,SYN_P_0883,LOC_0027,2024-01-25 08:00:00,business
VISIT_04956,SYN_P_0300,LOC_0036,2024-05-10 12:00:00,residence
VISIT_04957,SYN_P_0508,LOC_0004,2024-08-14 12:00:00,business
VISIT_04958,SYN_P_0828,LOC_0040,2025-01-18 03:00:00,meeting
VISIT_04959,SYN_P_0203,LOC_0024,2026-08-14 08:00:00,delivery
VISIT_04960,SYN_P_0278,LOC_0051,2025-11-08 06:00:00,meeting
VISIT_04961,SYN_P_0595,LOC_0050,2026-08-06 18:00:00,travel
VISIT_04962,SYN_P_0550,LOC_0013,2026-10-14 03:00:00,travel
VISIT_04963,SYN_P_0282,LOC_0079,2025-01-11 18:00:00,travel
VISIT_04964,SYN_P_0377,LOC_0016,2025-12-10 12:00:00,travel
VISIT_04965,SYN_P_0570,LOC_0053,2026-08-27 09:00:00,travel
VISIT_04966,SYN_P_0960,LOC_0062,2025-01-27 18:00:00,residence
VISIT_04967,SYN_P_1015,LOC_0079,2025-11-01 02:00:00,residence
VISIT_04968,SYN_P_0200,LOC_0074,2025-10-25 21:00:00,meeting
VISIT_04969,SYN_P_0599,LOC_0048,2025-11-07 07:00:00,residence
VISIT_04970,SYN_P_0298,LOC_0076,2026-02-04 21:00:00,travel
VISIT_04971,SYN_P_0220,LOC_0006,2024-09-10 11:00:00,business
VISIT_04972,SYN_P_0810,LOC_0023,2025-12-29 10:00:00,delivery
VISIT_04973,SYN_P_0875,LOC_0057,2026-04-23 09:00:00,delivery
VISIT_04974,SYN_P_0841,LOC_0054,2024-07-08 19:00:00,delivery
VISIT_04975,SYN_P_0523,LOC_0055,2024-06-05 13:00:00,residence
VISIT_04976,SYN_P_0710,LOC_0024,2026-08-22 22:00:00,travel
VISIT_04977,SYN_P_0209,LOC_0029,2024-09-25 00:00:00,business
VISIT_04978,SYN_P_0492,LOC_0079,2024-06-24 07:00:00,travel
VISIT_04979,SYN_P_0621,LOC_0053,2025-01-18 15:00:00,meeting
VISIT_04980,SYN_P_0099,LOC_0030,2025-06-11 05:00:00,meeting
VISIT_04981,SYN_P_0981,LOC_0050,2026-11-03 11:00:00,meeting
VISIT_04982,SYN_P_0662,LOC_0060,2024-06-13 22:00:00,travel
VISIT_04983,SYN_P_0141,LOC_0076,2024-12-07 08:00:00,travel
VISIT_04984,SYN_P_0587,LOC_0079,2025-11-08 13:00:00,residence
VISIT_04985,SYN_P_0146,LOC_0058,2024-05-03 23:00:00,travel
VISIT_04986,SYN_P_0752,LOC_0010,2025-01-07 14:00:00,business
VISIT_04987,SYN_P_0138,LOC_0012,2025-12-16 22:00:00,meeting
VISIT_04988,SYN_P_0140,LOC_0059,2025-03-21 09:00:00,delivery
VISIT_04989,SYN_P_0652,LOC_0077,2025-02-15 21:00:00,residence
VISIT_04990,SYN_P_0789,LOC_0009,2026-09-06 08:00:00,residence
VISIT_04991,SYN_P_0621,LOC_0004,2025-06-22 11:00:00,meeting
VISIT_04992,SYN_P_0906,LOC_0010,2025-09-23 19:00:00,meeting
VISIT_04993,SYN_P_0203,LOC_0056,2024-07-25 01:00:00,delivery
VISIT_04994,SYN_P_0423,LOC_0083,2025-06-12 11:00:00,residence
VISIT_04995,SYN_P_0009,LOC_0029,2024-02-09 19:00:00,residence
VISIT_04996,SYN_P_0360,LOC_0035,2026-03-15 17:00:00,travel
VISIT_04997,SYN_P_0246,LOC_0067,2025-12-10 02:00:00,residence
VISIT_04998,SYN_P_0722,LOC_0037,2026-07-30 10:00:00,business
VISIT_04999,SYN_P_0628,LOC_0047,2025-09-17 19:00:00,delivery
VISIT_05000,SYN_P_0342,LOC_0062,2024-07-06 06:00:00,residence
VISIT_05001,SYN_P_0223,LOC_0047,2024-02-22 16:00:00,delivery
VISIT_05002,SYN_P_0557,LOC_0060,2026-06-26 10:00:00,business
VISIT_05003,SYN_P_0943,LOC_0074,2026-04-10 09:00:00,meeting
VISIT_05004,SYN_P_0737,LOC_0057,2025-08-12 20:00:00,business
VISIT_05005,SYN_P_0541,LOC_0039,2024-11-08 12:00:00,business
VISIT_05006,SYN_P_0433,LOC_0061,2026-05-27 09:00:00,business
VISIT_05007,SYN_P_0263,LOC_0070,2024-12-24 06:00:00,travel
VISIT_05008,SYN_P_0719,LOC_0036,2025-06-30 20:00:00,meeting
VISIT_05009,SYN_P_0077,LOC_0035,2024-09-13 16:00:00,delivery
VISIT_05010,SYN_P_0305,LOC_0017,2024-08-10 16:00:00,meeting
VISIT_05011,SYN_P_0280,LOC_0019,2026-08-13 14:00:00,meeting
VISIT_05012,SYN_P_0691,LOC_0024,2026-06-06 09:00:00,residence
VISIT_05013,SYN_P_0754,LOC_0013,2024-03-29 21:00:00,business
VISIT_05014,SYN_P_0555,LOC_0055,2026-05-14 11:00:00,meeting
VISIT_05015,SYN_P_0147,LOC_0061,2024-10-31 03:00:00,delivery
VISIT_05016,SYN_P_0239,LOC_0007,2024-04-17 07:00:00,business
VISIT_05017,SYN_P_0863,LOC_0050,2025-11-10 14:00:00,residence
VISIT_05018,SYN_P_0473,LOC_0009,2025-02-22 17:00:00,business
VISIT_05019,SYN_P_0358,LOC_0005,2025-12-31 15:00:00,delivery
VISIT_05020,SYN_P_0799,LOC_0070,2026-04-08 22:00:00,delivery
VISIT_05021,SYN_P_0422,LOC_0048,2026-03-22 17:00:00,business
VISIT_05022,SYN_P_0897,LOC_0032,2025-07-24 21:00:00,meeting
VISIT_05023,SYN_P_0538,LOC_0067,2024-01-17 11:00:00,delivery
VISIT_05024,SYN_P_0198,LOC_0029,2024-03-15 06:00:00,business
VISIT_05025,SYN_P_0367,LOC_0063,2024-08-08 17:00:00,business
VISIT_05026,SYN_P_0848,LOC_0036,2024-10-31 07:00:00,meeting
VISIT_05027,SYN_P_0049,LOC_0011,2026-09-14 06:00:00,residence
VISIT_05028,SYN_P_0321,LOC_0082,2026-01-22 04:00:00,delivery
VISIT_05029,SYN_P_0025,LOC_0014,2026-01-20 06:00:00,travel
VISIT_05030,SYN_P_0318,LOC_0075,2024-03-29 13:00:00,residence
VISIT_05031,SYN_P_0741,LOC_0029,2026-06-18 14:00:00,business
VISIT_05032,SYN_P_0269,LOC_0010,2024-02-19 20:00:00,travel
VISIT_05033,SYN_P_0428,LOC_0062,2026-10-27 13:00:00,business
VISIT_05034,SYN_P_0364,LOC_0082,2024-05-23 22:00:00,travel
VISIT_05035,SYN_P_0976,LOC_0057,2026-07-04 12:00:00,delivery
VISIT_05036,SYN_P_0674,LOC_0054,2024-12-22 09:00:00,meeting
VISIT_05037,SYN_P_0861,LOC_0041,2026-05-04 10:00:00,delivery
VISIT_05038,SYN_P_0299,LOC_0075,2025-11-17 12:00:00,meeting
VISIT_05039,SYN_P_0956,LOC_0059,2024-11-24 07:00:00,travel
VISIT_05040,SYN_P_1019,LOC_0071,2025-12-25 10:00:00,delivery
VISIT_05041,SYN_P_0210,LOC_0060,2024-03-11 18:00:00,travel
VISIT_05042,SYN_P_0742,LOC_0012,2024-05-29 20:00:00,meeting
VISIT_05043,SYN_P_0923,LOC_0073,2026-09-02 16:00:00,delivery
VISIT_05044,SYN_P_1000,LOC_0073,2025-10-02 06:00:00,meeting
VISIT_05045,SYN_P_0746,LOC_0079,2026-06-18 17:00:00,meeting
VISIT_05046,SYN_P_0915,LOC_0015,2026-08-06 00:00:00,business
VISIT_05047,SYN_P_0478,LOC_0071,2026-02-23 04:00:00,travel
VISIT_05048,SYN_P_0736,LOC_0042,2025-01-28 00:00:00,residence
VISIT_05049,SYN_P_0400,LOC_0072,2026-03-27 19:00:00,business
VISIT_05050,SYN_P_0575,LOC_0081,2026-06-01 16:00:00,residence
VISIT_05051,SYN_P_0352,LOC_0061,2025-01-17 02:00:00,delivery
VISIT_05052,SYN_P_0741,LOC_0023,2025-06-11 10:00:00,delivery
VISIT_05053,SYN_P_0240,LOC_0047,2025-12-31 11:00:00,travel
VISIT_05054,SYN_P_0993,LOC_0039,2025-03-06 06:00:00,business
VISIT_05055,SYN_P_0601,LOC_0075,2025-11-21 21:00:00,delivery
VISIT_05056,SYN_P_0011,LOC_0020,2024-08-27 08:00:00,residence
VISIT_05057,SYN_P_0678,LOC_0013,2025-07-07 01:00:00,travel
VISIT_05058,SYN_P_0491,LOC_0064,2026-02-21 20:00:00,travel
VISIT_05059,SYN_P_0025,LOC_0012,2024-02-08 16:00:00,meeting
VISIT_05060,SYN_P_0376,LOC_0060,2026-07-02 06:00:00,delivery
VISIT_05061,SYN_P_0344,LOC_0015,2024-09-19 23:00:00,travel
VISIT_05062,SYN_P_0125,LOC_0013,2025-05-16 22:00:00,residence
VISIT_05063,SYN_P_1025,LOC_0041,2025-07-02 18:00:00,travel
VISIT_05064,SYN_P_0564,LOC_0034,2024-10-27 17:00:00,business
VISIT_05065,SYN_P_1012,LOC_0046,2024-07-15 23:00:00,delivery
VISIT_05066,SYN_P_0291,LOC_0056,2024-11-22 09:00:00,delivery
VISIT_05067,SYN_P_0597,LOC_0016,2025-03-15 13:00:00,residence
VISIT_05068,SYN_P_0977,LOC_0017,2024-04-20 18:00:00,travel
VISIT_05069,SYN_P_0099,LOC_0073,2024-01-09 11:00:00,residence
VISIT_05070,SYN_P_0314,LOC_0073,2026-02-05 17:00:00,delivery
VISIT_05071,SYN_P_0186,LOC_0039,2025-11-11 14:00:00,residence
VISIT_05072,SYN_P_0849,LOC_0021,2024-07-01 19:00:00,delivery
VISIT_05073,SYN_P_0886,LOC_0004,2024-06-25 04:00:00,meeting
VISIT_05074,SYN_P_0456,LOC_0072,2024-01-18 02:00:00,residence
VISIT_05075,SYN_P_0413,LOC_0001,2025-10-17 09:00:00,delivery
VISIT_05076,SYN_P_0111,LOC_0034,2025-05-17 09:00:00,meeting
VISIT_05077,SYN_P_0145,LOC_0042,2024-06-19 18:00:00,residence
VISIT_05078,SYN_P_0566,LOC_0059,2026-08-09 05:00:00,residence
VISIT_05079,SYN_P_0788,LOC_0075,2024-04-23 08:00:00,residence
VISIT_05080,SYN_P_0798,LOC_0004,2024-01-02 05:00:00,residence
VISIT_05081,SYN_P_0787,LOC_0074,2024-06-17 09:00:00,travel
VISIT_05082,SYN_P_0100,LOC_0073,2025-06-28 07:00:00,residence
VISIT_05083,SYN_P_0306,LOC_0054,2025-11-24 11:00:00,meeting
VISIT_05084,SYN_P_0375,LOC_0001,2024-11-03 07:00:00,delivery
VISIT_05085,SYN_P_0377,LOC_0029,2026-04-20 07:00:00,meeting
VISIT_05086,SYN_P_0382,LOC_0047,2026-08-01 23:00:00,delivery
VISIT_05087,SYN_P_0116,LOC_0051,2024-02-02 12:00:00,meeting
VISIT_05088,SYN_P_1030,LOC_0074,2026-03-21 21:00:00,travel
VISIT_05089,SYN_P_0689,LOC_0080,2024-05-22 21:00:00,business
VISIT_05090,SYN_P_0675,LOC_0067,2026-07-27 04:00:00,meeting
VISIT_05091,SYN_P_0188,LOC_0066,2025-12-20 19:00:00,delivery
VISIT_05092,SYN_P_0204,LOC_0078,2024-04-04 02:00:00,meeting
VISIT_05093,SYN_P_0658,LOC_0030,2025-11-25 11:00:00,residence
VISIT_05094,SYN_P_0540,LOC_0002,2025-05-11 15:00:00,business
VISIT_05095,SYN_P_0138,LOC_0017,2024-07-30 22:00:00,residence
VISIT_05096,SYN_P_0227,LOC_0020,2025-12-18 09:00:00,residence
VISIT_05097,SYN_P_0191,LOC_0066,2025-07-14 13:00:00,delivery
VISIT_05098,SYN_P_0316,LOC_0084,2026-10-31 16:00:00,delivery
VISIT_05099,SYN_P_0523,LOC_0023,2024-05-11 22:00:00,meeting
VISIT_05100,SYN_P_0323,LOC_0035,2025-12-20 03:00:00,delivery
VISIT_05101,SYN_P_0006,LOC_0013,2026-06-23 02:00:00,residence
VISIT_05102,SYN_P_0011,LOC_0028,2026-01-24 05:00:00,travel
VISIT_05103,SYN_P_0574,LOC_0038,2025-03-28 21:00:00,meeting
VISIT_05104,SYN_P_0082,LOC_0080,2026-04-13 08:00:00,business
VISIT_05105,SYN_P_0599,LOC_0083,2024-03-25 02:00:00,residence
VISIT_05106,SYN_P_0896,LOC_0071,2025-07-10 08:00:00,business
VISIT_05107,SYN_P_0684,LOC_0063,2026-07-09 11:00:00,meeting
VISIT_05108,SYN_P_0343,LOC_0023,2025-03-15 11:00:00,meeting
VISIT_05109,SYN_P_0835,LOC_0038,2024-03-31 11:00:00,travel
VISIT_05110,SYN_P_0969,LOC_0055,2025-09-11 15:00:00,residence
VISIT_05111,SYN_P_0597,LOC_0030,2024-02-29 15:00:00,travel
VISIT_05112,SYN_P_0593,LOC_0019,2026-07-05 01:00:00,travel
VISIT_05113,SYN_P_0454,LOC_0006,2025-05-12 12:00:00,residence
VISIT_05114,SYN_P_0361,LOC_0038,2026-10-04 13:00:00,travel
VISIT_05115,SYN_P_0201,LOC_0069,2025-01-04 09:00:00,delivery
VISIT_05116,SYN_P_0463,LOC_0008,2025-02-04 11:00:00,meeting
VISIT_05117,SYN_P_0984,LOC_0049,2026-07-28 04:00:00,residence
VISIT_05118,SYN_P_0627,LOC_0037,2025-04-02 09:00:00,business
VISIT_05119,SYN_P_0016,LOC_0064,2024-11-08 20:00:00,travel
VISIT_05120,SYN_P_0141,LOC_0047,2026-05-26 05:00:00,delivery
VISIT_05121,SYN_P_0312,LOC_0079,2025-11-05 23:00:00,business
VISIT_05122,SYN_P_0480,LOC_0077,2026-01-26 23:00:00,residence
VISIT_05123,SYN_P_0029,LOC_0065,2024-09-30 08:00:00,business
VISIT_05124,SYN_P_0608,LOC_0038,2025-12-13 00:00:00,residence
VISIT_05125,SYN_P_1014,LOC_0060,2024-11-01 14:00:00,meeting
VISIT_05126,SYN_P_0529,LOC_0078,2026-03-13 11:00:00,business
VISIT_05127,SYN_P_1010,LOC_0077,2025-07-09 07:00:00,residence
VISIT_05128,SYN_P_0890,LOC_0069,2025-10-11 14:00:00,travel
VISIT_05129,SYN_P_0497,LOC_0050,2024-11-26 22:00:00,delivery
VISIT_05130,SYN_P_0876,LOC_0039,2026-10-03 02:00:00,business
VISIT_05131,SYN_P_0621,LOC_0007,2024-02-16 00:00:00,travel
VISIT_05132,SYN_P_0071,LOC_0025,2025-12-11 10:00:00,meeting
VISIT_05133,SYN_P_0279,LOC_0013,2025-03-02 17:00:00,meeting
VISIT_05134,SYN_P_0174,LOC_0045,2026-03-07 05:00:00,business
VISIT_05135,SYN_P_0998,LOC_0070,2026-03-09 00:00:00,delivery
VISIT_05136,SYN_P_0209,LOC_0011,2024-07-17 12:00:00,delivery
VISIT_05137,SYN_P_0806,LOC_0014,2025-09-04 01:00:00,travel
VISIT_05138,SYN_P_0588,LOC_0003,2025-02-23 09:00:00,meeting
VISIT_05139,SYN_P_0225,LOC_0084,2025-07-22 20:00:00,residence
VISIT_05140,SYN_P_0689,LOC_0040,2026-08-21 23:00:00,travel
VISIT_05141,SYN_P_0851,LOC_0069,2026-02-11 07:00:00,meeting
VISIT_05142,SYN_P_0064,LOC_0014,2024-04-14 13:00:00,residence
VISIT_05143,SYN_P_0894,LOC_0035,2024-12-13 08:00:00,business
VISIT_05144,SYN_P_0253,LOC_0070,2025-02-22 21:00:00,meeting
VISIT_05145,SYN_P_0726,LOC_0004,2026-02-27 08:00:00,business
VISIT_05146,SYN_P_0479,LOC_0047,2024-09-25 18:00:00,business
VISIT_05147,SYN_P_0694,LOC_0050,2024-10-08 07:00:00,travel
VISIT_05148,SYN_P_0484,LOC_0019,2026-03-02 04:00:00,meeting
VISIT_05149,SYN_P_0925,LOC_0044,2024-11-10 11:00:00,residence
VISIT_05150,SYN_P_0077,LOC_0032,2024-07-29 08:00:00,meeting
VISIT_05151,SYN_P_0026,LOC_0071,2025-11-28 05:00:00,travel
VISIT_05152,SYN_P_0108,LOC_0002,2024-04-03 04:00:00,delivery
VISIT_05153,SYN_P_0043,LOC_0005,2024-05-18 15:00:00,delivery
VISIT_05154,SYN_P_0265,LOC_0025,2025-01-29 18:00:00,business
VISIT_05155,SYN_P_0951,LOC_0015,2026-10-02 01:00:00,meeting
VISIT_05156,SYN_P_0333,LOC_0019,2025-06-12 02:00:00,business
VISIT_05157,SYN_P_0714,LOC_0082,2025-06-17 07:00:00,delivery
VISIT_05158,SYN_P_0665,LOC_0035,2025-02-27 03:00:00,business
VISIT_05159,SYN_P_0403,LOC_0018,2024-04-14 00:00:00,delivery
VISIT_05160,SYN_P_0622,LOC_0045,2026-09-04 19:00:00,meeting
VISIT_05161,SYN_P_0104,LOC_0014,2024-03-17 02:00:00,delivery
VISIT_05162,SYN_P_0818,LOC_0057,2025-05-25 09:00:00,business
VISIT_05163,SYN_P_0849,LOC_0064,2025-08-12 12:00:00,residence
VISIT_05164,SYN_P_1020,LOC_0066,2024-08-18 14:00:00,residence
VISIT_05165,SYN_P_0295,LOC_0027,2025-07-25 14:00:00,delivery
VISIT_05166,SYN_P_0571,LOC_0074,2026-02-07 14:00:00,business
VISIT_05167,SYN_P_0149,LOC_0073,2024-07-09 07:00:00,business
VISIT_05168,SYN_P_0898,LOC_0020,2024-04-11 01:00:00,meeting
VISIT_05169,SYN_P_0761,LOC_0082,2026-04-28 03:00:00,travel
VISIT_05170,SYN_P_1034,LOC_0016,2024-12-21 13:00:00,meeting
VISIT_05171,SYN_P_1018,LOC_0080,2025-09-06 04:00:00,travel
VISIT_05172,SYN_P_0682,LOC_0010,2024-10-26 08:00:00,residence
VISIT_05173,SYN_P_0746,LOC_0064,2025-01-14 07:00:00,meeting
VISIT_05174,SYN_P_0119,LOC_0075,2026-01-28 16:00:00,travel
VISIT_05175,SYN_P_0673,LOC_0071,2026-09-19 18:00:00,residence
VISIT_05176,SYN_P_0398,LOC_0017,2025-10-28 20:00:00,business
VISIT_05177,SYN_P_0191,LOC_0081,2024-03-03 19:00:00,residence
VISIT_05178,SYN_P_0906,LOC_0057,2024-02-19 23:00:00,business
VISIT_05179,SYN_P_0080,LOC_0064,2025-06-08 12:00:00,travel
VISIT_05180,SYN_P_0094,LOC_0056,2025-07-19 19:00:00,travel
VISIT_05181,SYN_P_0722,LOC_0035,2024-04-24 11:00:00,meeting
VISIT_05182,SYN_P_0937,LOC_0015,2025-06-02 11:00:00,delivery
VISIT_05183,SYN_P_0439,LOC_0013,2025-07-29 09:00:00,business
VISIT_05184,SYN_P_0863,LOC_0024,2024-04-11 04:00:00,travel
VISIT_05185,SYN_P_0539,LOC_0032,2025-02-08 16:00:00,delivery
VISIT_05186,SYN_P_0471,LOC_0012,2025-08-14 12:00:00,residence
VISIT_05187,SYN_P_0228,LOC_0031,2025-10-13 08:00:00,delivery
VISIT_05188,SYN_P_0903,LOC_0007,2025-12-29 16:00:00,meeting
VISIT_05189,SYN_P_0860,LOC_0049,2025-07-22 14:00:00,meeting
VISIT_05190,SYN_P_0386,LOC_0054,2026-01-30 12:00:00,delivery
VISIT_05191,SYN_P_0942,LOC_0071,2024-02-04 00:00:00,delivery
VISIT_05192,SYN_P_0273,LOC_0026,2025-08-06 01:00:00,delivery
VISIT_05193,SYN_P_0675,LOC_0012,2026-09-25 09:00:00,residence
VISIT_05194,SYN_P_0039,LOC_0010,2024-09-15 03:00:00,travel
VISIT_05195,SYN_P_0115,LOC_0027,2025-05-16 20:00:00,delivery
VISIT_05196,SYN_P_0390,LOC_0027,2026-10-18 19:00:00,business
VISIT_05197,SYN_P_0534,LOC_0077,2025-08-24 07:00:00,travel
VISIT_05198,SYN_P_0997,LOC_0070,2026-07-16 14:00:00,travel
VISIT_05199,SYN_P_0420,LOC_0056,2026-05-15 20:00:00,residence
VISIT_05200,SYN_P_0871,LOC_0002,2025-05-10 07:00:00,residence
VISIT_05201,SYN_P_0281,LOC_0065,2025-09-16 17:00:00,travel
VISIT_05202,SYN_P_0747,LOC_0035,2024-08-25 05:00:00,delivery
VISIT_05203,SYN_P_0220,LOC_0009,2025-11-03 02:00:00,business
VISIT_05204,SYN_P_0503,LOC_0046,2024-03-19 10:00:00,business
VISIT_05205,SYN_P_0114,LOC_0001,2025-01-10 10:00:00,delivery
VISIT_05206,SYN_P_0528,LOC_0016,2024-11-12 12:00:00,delivery
VISIT_05207,SYN_P_0483,LOC_0040,2025-03-03 05:00:00,delivery
VISIT_05208,SYN_P_0693,LOC_0005,2024-03-11 20:00:00,residence
VISIT_05209,SYN_P_0550,LOC_0030,2026-02-01 06:00:00,delivery
VISIT_05210,SYN_P_0804,LOC_0074,2025-01-25 08:00:00,delivery
VISIT_05211,SYN_P_0194,LOC_0059,2024-07-01 15:00:00,delivery
VISIT_05212,SYN_P_1013,LOC_0010,2025-06-08 00:00:00,business
VISIT_05213,SYN_P_0196,LOC_0078,2025-10-30 07:00:00,residence
VISIT_05214,SYN_P_0936,LOC_0073,2024-12-11 11:00:00,travel
VISIT_05215,SYN_P_0967,LOC_0061,2024-01-07 13:00:00,travel
VISIT_05216,SYN_P_0031,LOC_0050,2025-11-06 13:00:00,delivery
VISIT_05217,SYN_P_0846,LOC_0052,2024-05-05 16:00:00,business
VISIT_05218,SYN_P_0125,LOC_0036,2024-05-11 19:00:00,business
VISIT_05219,SYN_P_0273,LOC_0024,2025-03-24 16:00:00,business
VISIT_05220,SYN_P_0479,LOC_0057,2024-07-04 07:00:00,travel
VISIT_05221,SYN_P_0649,LOC_0038,2024-09-02 05:00:00,meeting
VISIT_05222,SYN_P_0581,LOC_0028,2024-09-27 09:00:00,residence
VISIT_05223,SYN_P_0557,LOC_0011,2026-03-10 22:00:00,business
VISIT_05224,SYN_P_0966,LOC_0001,2025-08-26 12:00:00,delivery
VISIT_05225,SYN_P_0683,LOC_0049,2025-05-09 14:00:00,residence
VISIT_05226,SYN_P_0292,LOC_0046,2024-09-27 07:00:00,business
VISIT_05227,SYN_P_0835,LOC_0051,2025-04-30 07:00:00,travel
VISIT_05228,SYN_P_0701,LOC_0058,2024-05-19 02:00:00,business
VISIT_05229,SYN_P_0285,LOC_0044,2026-09-06 13:00:00,delivery
VISIT_05230,SYN_P_0895,LOC_0060,2025-12-16 02:00:00,travel
VISIT_05231,SYN_P_0308,LOC_0001,2025-04-08 13:00:00,travel
VISIT_05232,SYN_P_0791,LOC_0039,2024-11-23 17:00:00,delivery
VISIT_05233,SYN_P_0314,LOC_0041,2024-10-27 07:00:00,travel
VISIT_05234,SYN_P_0692,LOC_0018,2025-09-12 05:00:00,business
VISIT_05235,SYN_P_0384,LOC_0023,2026-07-16 02:00:00,meeting
VISIT_05236,SYN_P_0655,LOC_0041,2025-07-26 04:00:00,delivery
VISIT_05237,SYN_P_0489,LOC_0048,2026-07-14 16:00:00,meeting
VISIT_05238,SYN_P_0752,LOC_0081,2026-03-03 13:00:00,travel
VISIT_05239,SYN_P_0413,LOC_0083,2026-03-05 23:00:00,travel
VISIT_05240,SYN_P_0230,LOC_0077,2024-05-09 02:00:00,business
VISIT_05241,SYN_P_0010,LOC_0006,2024-01-06 23:00:00,business
VISIT_05242,SYN_P_0682,LOC_0008,2025-10-11 04:00:00,meeting
VISIT_05243,SYN_P_0085,LOC_0014,2024-08-21 23:00:00,travel
VISIT_05244,SYN_P_0734,LOC_0080,2024-01-05 11:00:00,meeting
VISIT_05245,SYN_P_0940,LOC_0024,2024-08-20 02:00:00,delivery
VISIT_05246,SYN_P_0280,LOC_0084,2024-08-10 03:00:00,delivery
VISIT_05247,SYN_P_0801,LOC_0029,2025-06-25 21:00:00,delivery
VISIT_05248,SYN_P_0416,LOC_0006,2024-04-11 17:00:00,delivery
VISIT_05249,SYN_P_0014,LOC_0062,2026-04-27 14:00:00,business
VISIT_05250,SYN_P_0282,LOC_0003,2024-03-03 20:00:00,business
VISIT_05251,SYN_P_0606,LOC_0039,2026-06-11 17:00:00,travel
VISIT_05252,SYN_P_1013,LOC_0010,2025-09-08 00:00:00,delivery
VISIT_05253,SYN_P_1039,LOC_0045,2025-02-24 19:00:00,residence
VISIT_05254,SYN_P_0010,LOC_0041,2026-06-14 13:00:00,delivery
VISIT_05255,SYN_P_0418,LOC_0023,2026-04-20 17:00:00,meeting
VISIT_05256,SYN_P_0671,LOC_0019,2025-05-11 16:00:00,business
VISIT_05257,SYN_P_0090,LOC_0024,2025-08-23 11:00:00,travel
VISIT_05258,SYN_P_0957,LOC_0052,2026-01-05 05:00:00,meeting
VISIT_05259,SYN_P_0602,LOC_0032,2024-02-05 14:00:00,residence
VISIT_05260,SYN_P_0954,LOC_0014,2024-09-28 11:00:00,travel
VISIT_05261,SYN_P_0537,LOC_0084,2025-01-01 16:00:00,travel
VISIT_05262,SYN_P_0623,LOC_0016,2024-02-04 17:00:00,business
VISIT_05263,SYN_P_0319,LOC_0071,2024-06-27 05:00:00,meeting
VISIT_05264,SYN_P_0153,LOC_0079,2025-10-15 22:00:00,business
VISIT_05265,SYN_P_0807,LOC_0034,2026-06-11 12:00:00,meeting
VISIT_05266,SYN_P_0037,LOC_0062,2026-06-21 04:00:00,meeting
VISIT_05267,SYN_P_0875,LOC_0046,2024-10-30 01:00:00,travel
VISIT_05268,SYN_P_0728,LOC_0065,2024-10-13 16:00:00,delivery
VISIT_05269,SYN_P_0307,LOC_0040,2024-03-27 09:00:00,business
VISIT_05270,SYN_P_0551,LOC_0043,2026-02-22 13:00:00,residence
VISIT_05271,SYN_P_0259,LOC_0071,2025-06-09 23:00:00,residence
VISIT_05272,SYN_P_0179,LOC_0054,2025-04-04 00:00:00,travel
VISIT_05273,SYN_P_0205,LOC_0022,2026-04-08 12:00:00,residence
VISIT_05274,SYN_P_0072,LOC_0059,2025-06-16 11:00:00,residence
VISIT_05275,SYN_P_0560,LOC_0041,2026-03-20 04:00:00,meeting
VISIT_05276,SYN_P_0738,LOC_0049,2025-10-17 04:00:00,travel
VISIT_05277,SYN_P_0245,LOC_0020,2025-08-18 07:00:00,residence
VISIT_05278,SYN_P_1005,LOC_0031,2025-03-20 01:00:00,travel
VISIT_05279,SYN_P_0231,LOC_0005,2024-10-02 12:00:00,residence
VISIT_05280,SYN_P_0981,LOC_0074,2024-10-16 06:00:00,residence
VISIT_05281,SYN_P_0921,LOC_0022,2024-01-17 19:00:00,residence
VISIT_05282,SYN_P_0368,LOC_0048,2026-06-01 02:00:00,travel
VISIT_05283,SYN_P_0601,LOC_0055,2025-08-27 11:00:00,travel
VISIT_05284,SYN_P_0740,LOC_0027,2026-05-13 05:00:00,delivery
VISIT_05285,SYN_P_0319,LOC_0040,2025-02-20 07:00:00,business
VISIT_05286,SYN_P_0856,LOC_0069,2026-08-02 03:00:00,residence
VISIT_05287,SYN_P_0181,LOC_0079,2026-02-07 16:00:00,business
VISIT_05288,SYN_P_0256,LOC_0046,2025-10-14 01:00:00,business
VISIT_05289,SYN_P_0580,LOC_0020,2026-08-14 15:00:00,business
VISIT_05290,SYN_P_0301,LOC_0057,2025-12-31 18:00:00,travel
VISIT_05291,SYN_P_0885,LOC_0016,2025-08-28 19:00:00,delivery
VISIT_05292,SYN_P_0265,LOC_0074,2025-11-28 00:00:00,residence
VISIT_05293,SYN_P_0411,LOC_0025,2024-07-10 22:00:00,meeting
VISIT_05294,SYN_P_0046,LOC_0064,2025-01-21 11:00:00,residence
VISIT_05295,SYN_P_0511,LOC_0051,2024-05-16 03:00:00,travel
VISIT_05296,SYN_P_0392,LOC_0061,2025-11-29 02:00:00,meeting
VISIT_05297,SYN_P_0543,LOC_0001,2024-12-07 23:00:00,travel
VISIT_05298,SYN_P_0078,LOC_0051,2025-11-17 04:00:00,travel
VISIT_05299,SYN_P_0481,LOC_0017,2026-02-28 03:00:00,meeting
VISIT_05300,SYN_P_0773,LOC_0066,2026-02-11 10:00:00,residence
VISIT_05301,SYN_P_0301,LOC_0051,2025-12-22 00:00:00,residence
VISIT_05302,SYN_P_0515,LOC_0014,2024-10-26 11:00:00,delivery
VISIT_05303,SYN_P_0037,LOC_0043,2026-01-17 15:00:00,delivery
VISIT_05304,SYN_P_0081,LOC_0047,2025-07-22 19:00:00,meeting
VISIT_05305,SYN_P_0753,LOC_0079,2025-03-03 15:00:00,travel
VISIT_05306,SYN_P_0462,LOC_0044,2025-03-07 06:00:00,delivery
VISIT_05307,SYN_P_0180,LOC_0069,2025-03-21 05:00:00,residence
VISIT_05308,SYN_P_0140,LOC_0029,2026-03-31 20:00:00,residence
VISIT_05309,SYN_P_0696,LOC_0046,2024-06-01 22:00:00,residence
VISIT_05310,SYN_P_0607,LOC_0025,2026-07-31 08:00:00,travel
VISIT_05311,SYN_P_0749,LOC_0059,2024-07-12 09:00:00,business
VISIT_05312,SYN_P_0830,LOC_0025,2026-08-07 03:00:00,meeting
VISIT_05313,SYN_P_1007,LOC_0052,2025-01-11 00:00:00,delivery
VISIT_05314,SYN_P_0863,LOC_0004,2025-05-27 23:00:00,residence
VISIT_05315,SYN_P_0955,LOC_0042,2026-08-08 17:00:00,delivery
VISIT_05316,SYN_P_0762,LOC_0036,2026-05-21 10:00:00,residence
VISIT_05317,SYN_P_0656,LOC_0036,2026-10-02 01:00:00,travel
VISIT_05318,SYN_P_0696,LOC_0077,2025-09-10 14:00:00,delivery
VISIT_05319,SYN_P_0162,LOC_0022,2024-02-21 13:00:00,residence
VISIT_05320,SYN_P_0085,LOC_0018,2026-09-08 02:00:00,business
VISIT_05321,SYN_P_0215,LOC_0016,2026-08-08 19:00:00,residence
VISIT_05322,SYN_P_0147,LOC_0076,2026-07-20 15:00:00,business
VISIT_05323,SYN_P_0734,LOC_0021,2024-06-15 02:00:00,residence
VISIT_05324,SYN_P_0198,LOC_0009,2025-12-31 02:00:00,business
VISIT_05325,SYN_P_0851,LOC_0075,2025-03-14 10:00:00,residence
VISIT_05326,SYN_P_0784,LOC_0006,2026-04-22 19:00:00,business
VISIT_05327,SYN_P_0126,LOC_0042,2024-08-12 06:00:00,business
VISIT_05328,SYN_P_0295,LOC_0016,2025-07-24 18:00:00,travel
VISIT_05329,SYN_P_1002,LOC_0057,2026-05-06 18:00:00,meeting
VISIT_05330,SYN_P_0867,LOC_0010,2024-04-28 06:00:00,residence
VISIT_05331,SYN_P_0541,LOC_0039,2024-08-23 18:00:00,meeting
VISIT_05332,SYN_P_0478,LOC_0036,2026-01-22 11:00:00,residence
VISIT_05333,SYN_P_0817,LOC_0059,2026-04-13 18:00:00,residence
VISIT_05334,SYN_P_0037,LOC_0066,2025-05-12 20:00:00,travel
VISIT_05335,SYN_P_1029,LOC_0045,2025-04-11 22:00:00,meeting
VISIT_05336,SYN_P_0982,LOC_0038,2026-05-19 09:00:00,delivery
VISIT_05337,SYN_P_0283,LOC_0053,2024-08-28 16:00:00,business
VISIT_05338,SYN_P_0071,LOC_0030,2024-09-11 04:00:00,delivery
VISIT_05339,SYN_P_0893,LOC_0020,2025-06-07 10:00:00,travel
VISIT_05340,SYN_P_0672,LOC_0051,2024-08-19 12:00:00,travel
VISIT_05341,SYN_P_0765,LOC_0081,2024-07-15 00:00:00,business
VISIT_05342,SYN_P_0712,LOC_0008,2024-06-01 10:00:00,residence
VISIT_05343,SYN_P_0556,LOC_0030,2025-07-24 05:00:00,delivery
VISIT_05344,SYN_P_0862,LOC_0051,2026-10-30 04:00:00,travel
VISIT_05345,SYN_P_0924,LOC_0021,2026-11-02 01:00:00,business
VISIT_05346,SYN_P_0320,LOC_0019,2026-01-25 12:00:00,delivery
VISIT_05347,SYN_P_0597,LOC_0048,2025-01-01 02:00:00,residence
VISIT_05348,SYN_P_0398,LOC_0022,2024-09-12 11:00:00,residence
VISIT_05349,SYN_P_0585,LOC_0029,2026-09-29 12:00:00,meeting
VISIT_05350,SYN_P_0284,LOC_0008,2024-08-06 04:00:00,business
VISIT_05351,SYN_P_0948,LOC_0046,2026-09-24 15:00:00,business
VISIT_05352,SYN_P_0433,LOC_0050,2025-07-26 00:00:00,residence
VISIT_05353,SYN_P_0697,LOC_0042,2025-11-22 11:00:00,delivery
VISIT_05354,SYN_P_0034,LOC_0060,2025-01-31 16:00:00,travel
VISIT_05355,SYN_P_0110,LOC_0005,2025-11-21 20:00:00,travel
VISIT_05356,SYN_P_0165,LOC_0018,2024-12-10 13:00:00,business
VISIT_05357,SYN_P_0286,LOC_0073,2026-08-09 21:00:00,travel
VISIT_05358,SYN_P_0384,LOC_0024,2026-01-15 03:00:00,business
VISIT_05359,SYN_P_0130,LOC_0057,2024-11-05 15:00:00,meeting
VISIT_05360,SYN_P_0870,LOC_0056,2026-04-20 08:00:00,business
VISIT_05361,SYN_P_0797,LOC_0051,2026-10-23 12:00:00,meeting
VISIT_05362,SYN_P_0964,LOC_0059,2025-03-25 04:00:00,meeting
VISIT_05363,SYN_P_0933,LOC_0076,2025-08-09 21:00:00,residence
VISIT_05364,SYN_P_0668,LOC_0084,2026-02-20 05:00:00,travel
VISIT_05365,SYN_P_0997,LOC_0042,2024-03-01 12:00:00,travel
VISIT_05366,SYN_P_0536,LOC_0049,2024-04-12 23:00:00,delivery
VISIT_05367,SYN_P_0264,LOC_0084,2026-05-24 15:00:00,meeting
VISIT_05368,SYN_P_0961,LOC_0072,2024-03-02 13:00:00,travel
VISIT_05369,SYN_P_0566,LOC_0073,2024-03-28 11:00:00,business
VISIT_05370,SYN_P_0096,LOC_0032,2026-02-14 01:00:00,business
VISIT_05371,SYN_P_0273,LOC_0066,2024-06-24 11:00:00,meeting
VISIT_05372,SYN_P_0277,LOC_0017,2025-09-15 08:00:00,travel
VISIT_05373,SYN_P_0054,LOC_0029,2026-10-23 06:00:00,delivery
VISIT_05374,SYN_P_0767,LOC_0019,2026-04-21 17:00:00,meeting
VISIT_05375,SYN_P_0860,LOC_0082,2025-08-12 12:00:00,travel
VISIT_05376,SYN_P_0728,LOC_0066,2024-09-04 18:00:00,business
VISIT_05377,SYN_P_0951,LOC_0066,2026-08-26 05:00:00,travel
VISIT_05378,SYN_P_0668,LOC_0038,2026-07-11 13:00:00,travel
VISIT_05379,SYN_P_0354,LOC_0030,2024-04-02 23:00:00,delivery
VISIT_05380,SYN_P_0887,LOC_0062,2025-06-27 16:00:00,delivery
VISIT_05381,SYN_P_0212,LOC_0071,2024-06-10 06:00:00,residence
VISIT_05382,SYN_P_0875,LOC_0012,2024-01-03 02:00:00,meeting
VISIT_05383,SYN_P_0237,LOC_0006,2024-03-12 15:00:00,business
VISIT_05384,SYN_P_0198,LOC_0018,2025-12-22 03:00:00,business
VISIT_05385,SYN_P_0497,LOC_0023,2025-06-05 01:00:00,travel
VISIT_05386,SYN_P_0900,LOC_0075,2025-05-29 09:00:00,delivery
VISIT_05387,SYN_P_0509,LOC_0039,2026-06-26 09:00:00,residence
VISIT_05388,SYN_P_0496,LOC_0059,2025-11-12 16:00:00,business
VISIT_05389,SYN_P_0784,LOC_0061,2024-08-09 02:00:00,travel
VISIT_05390,SYN_P_0705,LOC_0043,2024-07-13 04:00:00,residence
VISIT_05391,SYN_P_0194,LOC_0012,2026-08-31 05:00:00,delivery
VISIT_05392,SYN_P_0750,LOC_0021,2024-01-13 16:00:00,travel
VISIT_05393,SYN_P_0690,LOC_0049,2025-11-26 20:00:00,business
VISIT_05394,SYN_P_0156,LOC_0045,2026-01-16 04:00:00,delivery
VISIT_05395,SYN_P_0052,LOC_0002,2024-02-09 22:00:00,travel
VISIT_05396,SYN_P_0080,LOC_0029,2024-01-23 11:00:00,travel
VISIT_05397,SYN_P_0622,LOC_0018,2024-06-20 04:00:00,meeting
VISIT_05398,SYN_P_0546,LOC_0068,2026-09-19 03:00:00,business
VISIT_05399,SYN_P_0029,LOC_0084,2024-01-05 12:00:00,business
VISIT_05400,SYN_P_0536,LOC_0079,2026-06-24 18:00:00,business
VISIT_05401,SYN_P_0166,LOC_0084,2025-02-26 22:00:00,delivery
VISIT_05402,SYN_P_0132,LOC_0016,2025-12-23 08:00:00,residence
VISIT_05403,SYN_P_0216,LOC_0072,2026-08-28 21:00:00,meeting
VISIT_05404,SYN_P_0439,LOC_0072,2025-05-23 06:00:00,meeting
VISIT_05405,SYN_P_0016,LOC_0065,2024-07-22 22:00:00,delivery
VISIT_05406,SYN_P_0504,LOC_0002,2026-03-05 13:00:00,travel
VISIT_05407,SYN_P_0903,LOC_0040,2026-07-11 00:00:00,travel
VISIT_05408,SYN_P_0084,LOC_0005,2024-04-27 22:00:00,delivery
VISIT_05409,SYN_P_0708,LOC_0079,2025-05-24 13:00:00,residence
VISIT_05410,SYN_P_0667,LOC_0024,2026-07-19 08:00:00,business
VISIT_05411,SYN_P_0998,LOC_0014,2025-07-30 16:00:00,residence
VISIT_05412,SYN_P_0786,LOC_0054,2026-03-08 18:00:00,meeting
VISIT_05413,SYN_P_0997,LOC_0080,2026-08-17 06:00:00,business
VISIT_05414,SYN_P_0169,LOC_0057,2025-06-03 05:00:00,meeting
VISIT_05415,SYN_P_0790,LOC_0006,2026-10-07 18:00:00,business
VISIT_05416,SYN_P_0857,LOC_0011,2025-04-20 03:00:00,residence
VISIT_05417,SYN_P_0219,LOC_0001,2026-09-26 05:00:00,meeting
VISIT_05418,SYN_P_0952,LOC_0036,2024-03-29 04:00:00,delivery
VISIT_05419,SYN_P_1005,LOC_0045,2026-01-17 07:00:00,meeting
VISIT_05420,SYN_P_0259,LOC_0014,2025-03-09 11:00:00,meeting
VISIT_05421,SYN_P_0332,LOC_0061,2026-10-08 00:00:00,meeting
VISIT_05422,SYN_P_0998,LOC_0053,2026-04-23 17:00:00,residence
VISIT_05423,SYN_P_0747,LOC_0031,2026-02-19 23:00:00,delivery
VISIT_05424,SYN_P_0412,LOC_0008,2026-11-06 10:00:00,residence
VISIT_05425,SYN_P_0850,LOC_0020,2026-04-30 15:00:00,delivery
VISIT_05426,SYN_P_1001,LOC_0016,2025-01-29 16:00:00,meeting
VISIT_05427,SYN_P_0460,LOC_0009,2025-04-30 10:00:00,residence
VISIT_05428,SYN_P_0441,LOC_0002,2025-08-12 13:00:00,business
VISIT_05429,SYN_P_0976,LOC_0076,2026-04-10 16:00:00,travel
VISIT_05430,SYN_P_0881,LOC_0024,2025-05-28 08:00:00,business
VISIT_05431,SYN_P_0954,LOC_0051,2025-12-07 03:00:00,delivery
VISIT_05432,SYN_P_0860,LOC_0040,2024-02-26 20:00:00,business
VISIT_05433,SYN_P_0584,LOC_0054,2024-12-22 10:00:00,delivery
VISIT_05434,SYN_P_0166,LOC_0048,2026-05-27 11:00:00,business
VISIT_05435,SYN_P_0686,LOC_0021,2026-09-06 05:00:00,residence
VISIT_05436,SYN_P_0542,LOC_0011,2024-05-05 03:00:00,delivery
VISIT_05437,SYN_P_0867,LOC_0083,2025-10-09 19:00:00,delivery
VISIT_05438,SYN_P_0939,LOC_0082,2025-06-03 23:00:00,business
VISIT_05439,SYN_P_0526,LOC_0047,2025-11-24 10:00:00,meeting
VISIT_05440,SYN_P_0895,LOC_0012,2025-06-25 14:00:00,travel
VISIT_05441,SYN_P_0688,LOC_0068,2026-05-08 11:00:00,residence
VISIT_05442,SYN_P_0608,LOC_0072,2026-08-01 06:00:00,business
VISIT_05443,SYN_P_0463,LOC_0082,2026-09-10 19:00:00,delivery
VISIT_05444,SYN_P_0727,LOC_0078,2024-11-28 23:00:00,delivery
VISIT_05445,SYN_P_0398,LOC_0013,2026-02-05 23:00:00,residence
VISIT_05446,SYN_P_0103,LOC_0063,2025-08-01 00:00:00,travel
VISIT_05447,SYN_P_0705,LOC_0074,2024-08-28 02:00:00,delivery
VISIT_05448,SYN_P_0267,LOC_0042,2024-06-03 22:00:00,travel
VISIT_05449,SYN_P_0358,LOC_0074,2025-07-30 20:00:00,business
VISIT_05450,SYN_P_0113,LOC_0058,2025-01-06 20:00:00,residence
VISIT_05451,SYN_P_0359,LOC_0047,2025-11-19 08:00:00,delivery
VISIT_05452,SYN_P_0746,LOC_0071,2024-06-01 01:00:00,business
VISIT_05453,SYN_P_0158,LOC_0068,2024-01-27 12:00:00,residence
VISIT_05454,SYN_P_0183,LOC_0005,2026-11-01 09:00:00,delivery
VISIT_05455,SYN_P_0133,LOC_0083,2024-05-29 15:00:00,residence
VISIT_05456,SYN_P_0935,LOC_0005,2026-01-09 22:00:00,delivery
VISIT_05457,SYN_P_0955,LOC_0051,2024-08-17 21:00:00,residence
VISIT_05458,SYN_P_0742,LOC_0058,2025-09-21 11:00:00,travel
VISIT_05459,SYN_P_0656,LOC_0003,2024-09-04 07:00:00,business
VISIT_05460,SYN_P_0667,LOC_0084,2026-06-26 14:00:00,residence
VISIT_05461,SYN_P_0626,LOC_0037,2025-01-17 09:00:00,residence
VISIT_05462,SYN_P_0988,LOC_0065,2026-09-05 12:00:00,business
VISIT_05463,SYN_P_0985,LOC_0053,2025-11-23 06:00:00,residence
VISIT_05464,SYN_P_0421,LOC_0022,2024-11-06 18:00:00,delivery
VISIT_05465,SYN_P_0610,LOC_0077,2024-04-15 10:00:00,business
VISIT_05466,SYN_P_0171,LOC_0028,2024-09-11 00:00:00,delivery
VISIT_05467,SYN_P_0060,LOC_0064,2024-10-29 21:00:00,business
VISIT_05468,SYN_P_0666,LOC_0080,2026-07-22 00:00:00,delivery
VISIT_05469,SYN_P_0407,LOC_0043,2024-12-28 02:00:00,residence
VISIT_05470,SYN_P_0863,LOC_0079,2026-02-24 20:00:00,delivery
VISIT_05471,SYN_P_0395,LOC_0073,2025-08-03 20:00:00,delivery
VISIT_05472,SYN_P_1001,LOC_0081,2026-09-19 14:00:00,meeting
VISIT_05473,SYN_P_0248,LOC_0042,2026-01-19 00:00:00,delivery
VISIT_05474,SYN_P_0254,LOC_0026,2026-03-20 20:00:00,business
VISIT_05475,SYN_P_1029,LOC_0084,2025-11-20 12:00:00,residence
VISIT_05476,SYN_P_1015,LOC_0055,2024-02-07 03:00:00,travel
VISIT_05477,SYN_P_0820,LOC_0077,2025-05-02 02:00:00,delivery
VISIT_05478,SYN_P_0513,LOC_0002,2026-04-03 02:00:00,delivery
VISIT_05479,SYN_P_0651,LOC_0019,2024-01-25 12:00:00,travel
VISIT_05480,SYN_P_0297,LOC_0079,2026-06-20 22:00:00,meeting
VISIT_05481,SYN_P_0697,LOC_0080,2024-03-03 06:00:00,delivery
VISIT_05482,SYN_P_0376,LOC_0055,2026-01-17 20:00:00,residence
VISIT_05483,SYN_P_0100,LOC_0081,2024-04-23 01:00:00,meeting
VISIT_05484,SYN_P_1005,LOC_0052,2026-09-19 13:00:00,business
VISIT_05485,SYN_P_0596,LOC_0050,2025-11-05 18:00:00,delivery
VISIT_05486,SYN_P_0968,LOC_0027,2026-08-19 10:00:00,travel
VISIT_05487,SYN_P_0932,LOC_0044,2026-02-19 08:00:00,business
VISIT_05488,SYN_P_0984,LOC_0054,2026-10-20 00:00:00,residence
VISIT_05489,SYN_P_0276,LOC_0041,2025-11-07 02:00:00,travel
VISIT_05490,SYN_P_0266,LOC_0041,2024-05-08 20:00:00,residence
VISIT_05491,SYN_P_0727,LOC_0056,2024-10-15 13:00:00,meeting
VISIT_05492,SYN_P_0225,LOC_0069,2024-03-14 21:00:00,business
VISIT_05493,SYN_P_0246,LOC_0001,2024-03-27 11:00:00,residence
VISIT_05494,SYN_P_0492,LOC_0008,2024-04-29 00:00:00,delivery
VISIT_05495,SYN_P_0350,LOC_0066,2026-09-07 11:00:00,travel
VISIT_05496,SYN_P_0103,LOC_0062,2025-06-20 07:00:00,residence
VISIT_05497,SYN_P_0879,LOC_0037,2024-10-18 22:00:00,meeting
VISIT_05498,SYN_P_0119,LOC_0010,2025-10-21 06:00:00,residence
VISIT_05499,SYN_P_0896,LOC_0022,2026-09-20 15:00:00,meeting
VISIT_05500,SYN_P_0087,LOC_0002,2024-09-01 16:00:00,delivery
VISIT_05501,SYN_P_0747,LOC_0002,2024-07-24 22:00:00,travel
VISIT_05502,SYN_P_0672,LOC_0010,2025-03-13 14:00:00,business
VISIT_05503,SYN_P_0280,LOC_0053,2025-02-20 13:00:00,business
VISIT_05504,SYN_P_0566,LOC_0075,2026-08-22 07:00:00,delivery
VISIT_05505,SYN_P_0267,LOC_0029,2026-07-21 16:00:00,business
VISIT_05506,SYN_P_0023,LOC_0050,2026-09-02 18:00:00,residence
VISIT_05507,SYN_P_0529,LOC_0066,2025-03-13 03:00:00,travel
VISIT_05508,SYN_P_0502,LOC_0027,2026-02-09 23:00:00,residence
VISIT_05509,SYN_P_0509,LOC_0022,2024-10-15 12:00:00,residence
VISIT_05510,SYN_P_0399,LOC_0047,2026-05-01 03:00:00,business
VISIT_05511,SYN_P_0758,LOC_0029,2026-04-27 17:00:00,residence
VISIT_05512,SYN_P_0200,LOC_0023,2025-02-27 21:00:00,residence
VISIT_05513,SYN_P_0158,LOC_0052,2024-11-30 22:00:00,residence
VISIT_05514,SYN_P_0081,LOC_0027,2025-04-02 12:00:00,residence
VISIT_05515,SYN_P_0425,LOC_0042,2025-09-19 00:00:00,meeting
VISIT_05516,SYN_P_0502,LOC_0020,2025-03-26 11:00:00,travel
VISIT_05517,SYN_P_0204,LOC_0077,2025-06-25 18:00:00,business
VISIT_05518,SYN_P_0507,LOC_0035,2026-07-18 00:00:00,meeting
VISIT_05519,SYN_P_0609,LOC_0067,2026-01-10 18:00:00,delivery
VISIT_05520,SYN_P_0401,LOC_0081,2026-10-15 18:00:00,travel
VISIT_05521,SYN_P_0446,LOC_0004,2026-08-08 21:00:00,residence
VISIT_05522,SYN_P_0420,LOC_0078,2024-09-23 10:00:00,business
VISIT_05523,SYN_P_0889,LOC_0035,2024-05-31 20:00:00,travel
VISIT_05524,SYN_P_0766,LOC_0073,2024-03-07 07:00:00,meeting
VISIT_05525,SYN_P_1020,LOC_0012,2024-11-24 03:00:00,meeting
VISIT_05526,SYN_P_0749,LOC_0071,2025-02-07 22:00:00,business
VISIT_05527,SYN_P_0390,LOC_0048,2026-03-30 14:00:00,delivery
VISIT_05528,SYN_P_0138,LOC_0035,2024-03-11 13:00:00,business
VISIT_05529,SYN_P_0713,LOC_0064,2024-09-11 21:00:00,business
VISIT_05530,SYN_P_0085,LOC_0031,2024-11-12 20:00:00,travel
VISIT_05531,SYN_P_0098,LOC_0041,2024-01-17 08:00:00,travel
VISIT_05532,SYN_P_0618,LOC_0037,2026-05-22 22:00:00,business
VISIT_05533,SYN_P_0519,LOC_0018,2025-08-28 22:00:00,travel
VISIT_05534,SYN_P_0850,LOC_0069,2024-12-10 00:00:00,meeting
VISIT_05535,SYN_P_0666,LOC_0012,2025-01-08 13:00:00,meeting
VISIT_05536,SYN_P_0452,LOC_0026,2025-01-11 11:00:00,travel
VISIT_05537,SYN_P_0456,LOC_0022,2024-04-06 07:00:00,business
VISIT_05538,SYN_P_0987,LOC_0026,2025-06-16 06:00:00,business
VISIT_05539,SYN_P_0677,LOC_0004,2024-02-04 12:00:00,residence
VISIT_05540,SYN_P_0858,LOC_0028,2025-06-23 18:00:00,meeting
VISIT_05541,SYN_P_1006,LOC_0050,2025-10-24 19:00:00,business
VISIT_05542,SYN_P_0728,LOC_0008,2024-05-05 15:00:00,delivery
VISIT_05543,SYN_P_0511,LOC_0029,2024-11-07 21:00:00,delivery
VISIT_05544,SYN_P_0305,LOC_0041,2026-09-12 07:00:00,business
VISIT_05545,SYN_P_0337,LOC_0077,2024-11-29 08:00:00,delivery
VISIT_05546,SYN_P_0091,LOC_0065,2026-06-17 00:00:00,delivery
VISIT_05547,SYN_P_0280,LOC_0030,2024-04-19 14:00:00,delivery
VISIT_05548,SYN_P_0912,LOC_0084,2025-06-21 21:00:00,delivery
VISIT_05549,SYN_P_0281,LOC_0042,2026-01-05 02:00:00,residence
VISIT_05550,SYN_P_0851,LOC_0049,2024-03-06 15:00:00,business
VISIT_05551,SYN_P_0539,LOC_0074,2025-10-03 19:00:00,business
VISIT_05552,SYN_P_0553,LOC_0060,2025-12-29 14:00:00,delivery
VISIT_05553,SYN_P_0241,LOC_0080,2024-07-26 09:00:00,business
VISIT_05554,SYN_P_0984,LOC_0045,2024-04-29 23:00:00,business
VISIT_05555,SYN_P_0722,LOC_0048,2026-10-10 07:00:00,delivery
VISIT_05556,SYN_P_0825,LOC_0069,2024-10-10 06:00:00,travel
VISIT_05557,SYN_P_0910,LOC_0049,2026-07-27 10:00:00,business
VISIT_05558,SYN_P_0205,LOC_0053,2025-01-08 07:00:00,delivery
VISIT_05559,SYN_P_0908,LOC_0049,2026-10-15 05:00:00,meeting
VISIT_05560,SYN_P_0758,LOC_0080,2024-12-12 03:00:00,travel
VISIT_05561,SYN_P_0230,LOC_0081,2025-09-06 00:00:00,residence
VISIT_05562,SYN_P_0009,LOC_0046,2026-07-11 23:00:00,travel
VISIT_05563,SYN_P_0422,LOC_0078,2025-05-17 09:00:00,meeting
VISIT_05564,SYN_P_0324,LOC_0004,2024-08-18 09:00:00,business
VISIT_05565,SYN_P_0321,LOC_0073,2026-05-18 13:00:00,travel
VISIT_05566,SYN_P_0449,LOC_0017,2024-04-28 12:00:00,residence
VISIT_05567,SYN_P_0306,LOC_0003,2026-10-29 22:00:00,business
VISIT_05568,SYN_P_0800,LOC_0037,2025-07-03 20:00:00,meeting
VISIT_05569,SYN_P_0199,LOC_0028,2026-11-03 12:00:00,business
VISIT_05570,SYN_P_0651,LOC_0059,2026-02-10 23:00:00,delivery
VISIT_05571,SYN_P_0818,LOC_0057,2026-03-31 16:00:00,residence
VISIT_05572,SYN_P_0023,LOC_0069,2024-09-25 09:00:00,business
VISIT_05573,SYN_P_0114,LOC_0058,2026-04-09 17:00:00,meeting
VISIT_05574,SYN_P_0392,LOC_0006,2024-05-08 04:00:00,meeting
VISIT_05575,SYN_P_0791,LOC_0009,2025-11-14 12:00:00,travel
VISIT_05576,SYN_P_0533,LOC_0012,2026-09-03 01:00:00,delivery
VISIT_05577,SYN_P_0509,LOC_0055,2026-05-01 12:00:00,travel
VISIT_05578,SYN_P_0175,LOC_0071,2024-11-28 12:00:00,travel
VISIT_05579,SYN_P_0324,LOC_0030,2026-07-06 09:00:00,meeting
VISIT_05580,SYN_P_0501,LOC_0052,2025-12-07 02:00:00,delivery
VISIT_05581,SYN_P_0323,LOC_0029,2025-12-01 13:00:00,travel
VISIT_05582,SYN_P_0558,LOC_0005,2025-05-27 16:00:00,travel
VISIT_05583,SYN_P_0912,LOC_0003,2024-11-29 21:00:00,delivery
VISIT_05584,SYN_P_0466,LOC_0009,2025-02-07 19:00:00,travel
VISIT_05585,SYN_P_0701,LOC_0050,2024-04-09 10:00:00,residence
VISIT_05586,SYN_P_0028,LOC_0001,2024-06-15 02:00:00,meeting
VISIT_05587,SYN_P_0649,LOC_0004,2025-10-22 22:00:00,residence
VISIT_05588,SYN_P_0871,LOC_0083,2026-01-10 07:00:00,delivery
VISIT_05589,SYN_P_0240,LOC_0006,2025-08-08 12:00:00,business
VISIT_05590,SYN_P_0800,LOC_0029,2025-02-16 14:00:00,business
VISIT_05591,SYN_P_0128,LOC_0039,2024-03-14 08:00:00,delivery
VISIT_05592,SYN_P_0482,LOC_0079,2026-08-22 09:00:00,residence
VISIT_05593,SYN_P_0654,LOC_0008,2026-03-09 19:00:00,meeting
VISIT_05594,SYN_P_0926,LOC_0070,2026-01-03 07:00:00,residence
VISIT_05595,SYN_P_0958,LOC_0025,2026-04-03 11:00:00,business
VISIT_05596,SYN_P_0259,LOC_0064,2025-06-10 19:00:00,delivery
VISIT_05597,SYN_P_0001,LOC_0015,2024-07-02 12:00:00,business
VISIT_05598,SYN_P_0010,LOC_0011,2025-05-07 17:00:00,business
VISIT_05599,SYN_P_0129,LOC_0076,2024-12-31 00:00:00,travel
VISIT_05600,SYN_P_0269,LOC_0023,2025-07-21 04:00:00,residence
VISIT_05601,SYN_P_0303,LOC_0048,2025-11-21 22:00:00,residence
VISIT_05602,SYN_P_0158,LOC_0015,2026-02-21 20:00:00,travel
VISIT_05603,SYN_P_0106,LOC_0072,2026-06-15 05:00:00,meeting
VISIT_05604,SYN_P_0508,LOC_0021,2026-06-19 10:00:00,business
VISIT_05605,SYN_P_0048,LOC_0038,2025-08-27 14:00:00,business
VISIT_05606,SYN_P_0262,LOC_0037,2026-06-21 06:00:00,meeting
VISIT_05607,SYN_P_1038,LOC_0060,2024-06-29 06:00:00,travel
VISIT_05608,SYN_P_0881,LOC_0021,2024-11-06 01:00:00,business
VISIT_05609,SYN_P_0993,LOC_0071,2025-03-19 08:00:00,residence
VISIT_05610,SYN_P_0975,LOC_0018,2024-05-10 19:00:00,travel
VISIT_05611,SYN_P_0028,LOC_0067,2024-01-03 03:00:00,travel
VISIT_05612,SYN_P_0968,LOC_0044,2025-01-22 22:00:00,delivery
VISIT_05613,SYN_P_0366,LOC_0066,2024-09-28 22:00:00,meeting
VISIT_05614,SYN_P_0197,LOC_0052,2024-02-15 18:00:00,travel
VISIT_05615,SYN_P_0054,LOC_0013,2024-08-15 02:00:00,delivery
VISIT_05616,SYN_P_0914,LOC_0033,2025-03-11 01:00:00,meeting
VISIT_05617,SYN_P_0903,LOC_0024,2025-06-02 11:00:00,business
VISIT_05618,SYN_P_1018,LOC_0075,2024-12-11 13:00:00,business
VISIT_05619,SYN_P_0749,LOC_0003,2025-08-26 07:00:00,delivery
VISIT_05620,SYN_P_1015,LOC_0047,2025-01-31 02:00:00,delivery
VISIT_05621,SYN_P_0788,LOC_0001,2026-09-09 11:00:00,residence
VISIT_05622,SYN_P_0983,LOC_0009,2026-10-26 16:00:00,business
VISIT_05623,SYN_P_1003,LOC_0046,2025-12-07 14:00:00,residence
VISIT_05624,SYN_P_0476,LOC_0028,2025-12-01 10:00:00,residence
VISIT_05625,SYN_P_0972,LOC_0037,2024-04-22 20:00:00,business
VISIT_05626,SYN_P_0104,LOC_0021,2026-05-30 21:00:00,travel
VISIT_05627,SYN_P_0386,LOC_0010,2025-01-17 00:00:00,residence
VISIT_05628,SYN_P_0695,LOC_0035,2025-01-24 01:00:00,delivery
VISIT_05629,SYN_P_0132,LOC_0020,2024-02-24 11:00:00,delivery
VISIT_05630,SYN_P_0995,LOC_0054,2024-07-25 15:00:00,delivery
VISIT_05631,SYN_P_1003,LOC_0049,2025-11-27 01:00:00,delivery
VISIT_05632,SYN_P_0990,LOC_0027,2024-10-18 17:00:00,residence
VISIT_05633,SYN_P_1018,LOC_0035,2026-05-29 09:00:00,delivery
VISIT_05634,SYN_P_0934,LOC_0021,2025-09-22 21:00:00,business
VISIT_05635,SYN_P_0471,LOC_0051,2024-04-28 16:00:00,meeting
VISIT_05636,SYN_P_0003,LOC_0034,2025-07-16 02:00:00,delivery
VISIT_05637,SYN_P_0860,LOC_0072,2024-05-28 11:00:00,business
VISIT_05638,SYN_P_0567,LOC_0058,2026-09-10 23:00:00,residence
VISIT_05639,SYN_P_0932,LOC_0023,2024-10-02 08:00:00,meeting
VISIT_05640,SYN_P_0977,LOC_0082,2026-07-12 19:00:00,delivery
VISIT_05641,SYN_P_0741,LOC_0020,2024-12-02 11:00:00,delivery
VISIT_05642,SYN_P_0858,LOC_0045,2024-01-17 01:00:00,delivery
VISIT_05643,SYN_P_0247,LOC_0019,2024-06-24 09:00:00,travel
VISIT_05644,SYN_P_0578,LOC_0004,2026-01-17 02:00:00,delivery
VISIT_05645,SYN_P_0657,LOC_0083,2026-02-05 03:00:00,travel
VISIT_05646,SYN_P_0897,LOC_0016,2024-12-11 22:00:00,travel
VISIT_05647,SYN_P_0944,LOC_0009,2025-12-19 16:00:00,residence
VISIT_05648,SYN_P_0107,LOC_0066,2025-03-12 15:00:00,delivery
VISIT_05649,SYN_P_0102,LOC_0080,2024-10-29 16:00:00,meeting
VISIT_05650,SYN_P_0180,LOC_0023,2026-09-18 22:00:00,travel
VISIT_05651,SYN_P_0204,LOC_0081,2026-01-20 19:00:00,meeting
VISIT_05652,SYN_P_0772,LOC_0012,2025-04-12 22:00:00,travel
VISIT_05653,SYN_P_0746,LOC_0044,2024-12-27 12:00:00,residence
VISIT_05654,SYN_P_0280,LOC_0018,2026-01-09 11:00:00,delivery
VISIT_05655,SYN_P_0708,LOC_0041,2024-11-08 00:00:00,delivery
VISIT_05656,SYN_P_0555,LOC_0038,2025-05-05 06:00:00,delivery
VISIT_05657,SYN_P_0154,LOC_0014,2024-09-19 01:00:00,meeting
VISIT_05658,SYN_P_0219,LOC_0082,2025-04-11 16:00:00,delivery
VISIT_05659,SYN_P_0327,LOC_0081,2025-01-11 07:00:00,business
VISIT_05660,SYN_P_0291,LOC_0070,2026-06-26 12:00:00,residence
VISIT_05661,SYN_P_0141,LOC_0044,2026-09-05 21:00:00,meeting
VISIT_05662,SYN_P_0510,LOC_0010,2025-11-09 03:00:00,business
VISIT_05663,SYN_P_0183,LOC_0019,2024-10-18 11:00:00,delivery
VISIT_05664,SYN_P_0639,LOC_0025,2026-02-27 20:00:00,travel
VISIT_05665,SYN_P_0915,LOC_0074,2025-10-26 11:00:00,residence
VISIT_05666,SYN_P_0329,LOC_0006,2026-02-09 15:00:00,residence
VISIT_05667,SYN_P_0765,LOC_0051,2024-08-17 16:00:00,travel
VISIT_05668,SYN_P_0111,LOC_0006,2025-12-06 01:00:00,meeting
VISIT_05669,SYN_P_0635,LOC_0023,2026-04-09 19:00:00,residence
VISIT_05670,SYN_P_0804,LOC_0028,2024-10-25 15:00:00,delivery
VISIT_05671,SYN_P_0714,LOC_0023,2024-04-15 18:00:00,meeting
VISIT_05672,SYN_P_0310,LOC_0034,2024-08-22 15:00:00,delivery
VISIT_05673,SYN_P_0240,LOC_0082,2025-10-30 13:00:00,travel
VISIT_05674,SYN_P_0703,LOC_0072,2026-09-13 10:00:00,travel
VISIT_05675,SYN_P_0732,LOC_0017,2026-03-02 18:00:00,delivery
VISIT_05676,SYN_P_0791,LOC_0074,2024-04-20 08:00:00,travel
VISIT_05677,SYN_P_0021,LOC_0045,2025-10-24 02:00:00,delivery
VISIT_05678,SYN_P_0899,LOC_0032,2026-05-07 07:00:00,business
VISIT_05679,SYN_P_1019,LOC_0080,2026-07-13 08:00:00,travel
VISIT_05680,SYN_P_0227,LOC_0059,2025-06-25 06:00:00,delivery
VISIT_05681,SYN_P_0485,LOC_0011,2026-03-01 12:00:00,delivery
VISIT_05682,SYN_P_0316,LOC_0077,2025-01-10 17:00:00,meeting
VISIT_05683,SYN_P_0187,LOC_0073,2025-03-28 23:00:00,meeting
VISIT_05684,SYN_P_0101,LOC_0037,2025-11-17 15:00:00,travel
VISIT_05685,SYN_P_0066,LOC_0033,2026-04-24 17:00:00,business
VISIT_05686,SYN_P_0099,LOC_0059,2026-02-09 09:00:00,delivery
VISIT_05687,SYN_P_0275,LOC_0053,2025-05-04 18:00:00,residence
VISIT_05688,SYN_P_0058,LOC_0057,2024-03-06 06:00:00,meeting
VISIT_05689,SYN_P_0128,LOC_0053,2026-01-03 07:00:00,business
VISIT_05690,SYN_P_0388,LOC_0084,2024-03-14 19:00:00,residence
VISIT_05691,SYN_P_0096,LOC_0079,2026-05-29 02:00:00,residence
VISIT_05692,SYN_P_0717,LOC_0082,2026-04-29 03:00:00,residence
VISIT_05693,SYN_P_0302,LOC_0034,2025-01-25 09:00:00,delivery
VISIT_05694,SYN_P_1000,LOC_0083,2026-05-17 03:00:00,travel
VISIT_05695,SYN_P_0591,LOC_0038,2024-11-01 00:00:00,delivery
VISIT_05696,SYN_P_0472,LOC_0066,2026-01-20 04:00:00,meeting
VISIT_05697,SYN_P_0711,LOC_0053,2026-08-15 08:00:00,meeting
VISIT_05698,SYN_P_0389,LOC_0059,2024-10-22 11:00:00,business
VISIT_05699,SYN_P_0713,LOC_0036,2026-01-24 05:00:00,meeting
VISIT_05700,SYN_P_0822,LOC_0045,2026-08-22 22:00:00,meeting
VISIT_05701,SYN_P_0631,LOC_0058,2024-09-24 18:00:00,residence
VISIT_05702,SYN_P_0884,LOC_0032,2025-11-07 13:00:00,business
VISIT_05703,SYN_P_0899,LOC_0022,2024-07-09 22:00:00,residence
VISIT_05704,SYN_P_0644,LOC_0006,2024-07-02 10:00:00,business
VISIT_05705,SYN_P_0047,LOC_0020,2024-06-22 19:00:00,travel
VISIT_05706,SYN_P_0246,LOC_0001,2024-12-08 08:00:00,business
VISIT_05707,SYN_P_0495,LOC_0028,2025-11-16 00:00:00,residence
VISIT_05708,SYN_P_0555,LOC_0073,2025-09-06 06:00:00,meeting
VISIT_05709,SYN_P_0201,LOC_0008,2024-01-04 12:00:00,residence
VISIT_05710,SYN_P_0568,LOC_0049,2026-05-16 02:00:00,travel
VISIT_05711,SYN_P_0448,LOC_0014,2026-02-05 14:00:00,meeting
VISIT_05712,SYN_P_0673,LOC_0046,2024-12-18 11:00:00,business
VISIT_05713,SYN_P_0200,LOC_0018,2025-09-03 04:00:00,travel
VISIT_05714,SYN_P_0235,LOC_0008,2025-10-22 01:00:00,business
VISIT_05715,SYN_P_0006,LOC_0040,2024-01-25 23:00:00,residence
VISIT_05716,SYN_P_0038,LOC_0057,2026-06-12 04:00:00,delivery
VISIT_05717,SYN_P_0739,LOC_0051,2025-09-30 13:00:00,delivery
VISIT_05718,SYN_P_0152,LOC_0020,2024-06-27 20:00:00,delivery
VISIT_05719,SYN_P_1029,LOC_0026,2024-08-26 00:00:00,residence
VISIT_05720,SYN_P_0413,LOC_0035,2026-09-29 09:00:00,delivery
VISIT_05721,SYN_P_0949,LOC_0036,2026-08-06 10:00:00,meeting
VISIT_05722,SYN_P_0476,LOC_0044,2026-07-19 01:00:00,business
VISIT_05723,SYN_P_0669,LOC_0018,2026-07-28 10:00:00,business
VISIT_05724,SYN_P_0042,LOC_0026,2025-01-08 10:00:00,meeting
VISIT_05725,SYN_P_0001,LOC_0044,2024-03-10 11:00:00,delivery
VISIT_05726,SYN_P_0149,LOC_0035,2025-10-29 11:00:00,travel
VISIT_05727,SYN_P_1023,LOC_0065,2026-02-22 15:00:00,meeting
VISIT_05728,SYN_P_0233,LOC_0035,2024-03-18 07:00:00,travel
VISIT_05729,SYN_P_0483,LOC_0041,2026-07-30 12:00:00,delivery
VISIT_05730,SYN_P_0975,LOC_0079,2026-03-12 11:00:00,travel
VISIT_05731,SYN_P_0284,LOC_0035,2025-12-05 12:00:00,meeting
VISIT_05732,SYN_P_1023,LOC_0057,2026-08-10 15:00:00,delivery
VISIT_05733,SYN_P_0087,LOC_0064,2024-11-03 19:00:00,business
VISIT_05734,SYN_P_0814,LOC_0057,2024-02-13 13:00:00,meeting
VISIT_05735,SYN_P_0928,LOC_0043,2025-01-09 07:00:00,travel
VISIT_05736,SYN_P_0717,LOC_0063,2026-09-20 12:00:00,business
VISIT_05737,SYN_P_0285,LOC_0013,2026-07-24 15:00:00,delivery
VISIT_05738,SYN_P_0565,LOC_0035,2025-11-18 02:00:00,meeting
VISIT_05739,SYN_P_0404,LOC_0047,2024-03-31 02:00:00,travel
VISIT_05740,SYN_P_0600,LOC_0063,2025-09-19 13:00:00,delivery
VISIT_05741,SYN_P_0916,LOC_0023,2024-12-20 13:00:00,residence
VISIT_05742,SYN_P_0228,LOC_0053,2026-09-19 23:00:00,residence
VISIT_05743,SYN_P_0502,LOC_0021,2026-09-12 06:00:00,travel
VISIT_05744,SYN_P_0478,LOC_0044,2026-03-17 10:00:00,business
VISIT_05745,SYN_P_0397,LOC_0052,2025-09-03 01:00:00,delivery
VISIT_05746,SYN_P_0906,LOC_0043,2024-08-07 10:00:00,travel
VISIT_05747,SYN_P_0128,LOC_0078,2026-04-25 03:00:00,business
VISIT_05748,SYN_P_0051,LOC_0009,2026-04-22 20:00:00,travel
VISIT_05749,SYN_P_0313,LOC_0013,2025-03-14 02:00:00,delivery
VISIT_05750,SYN_P_0335,LOC_0051,2026-10-31 08:00:00,business
VISIT_05751,SYN_P_0387,LOC_0049,2026-07-09 20:00:00,business
VISIT_05752,SYN_P_0288,LOC_0077,2025-07-12 12:00:00,delivery
VISIT_05753,SYN_P_0254,LOC_0079,2024-04-08 14:00:00,delivery
VISIT_05754,SYN_P_0482,LOC_0046,2024-10-18 08:00:00,travel
VISIT_05755,SYN_P_0013,LOC_0075,2026-08-15 02:00:00,business
VISIT_05756,SYN_P_0602,LOC_0010,2025-02-05 08:00:00,meeting
VISIT_05757,SYN_P_0692,LOC_0020,2025-07-14 04:00:00,residence
VISIT_05758,SYN_P_0364,LOC_0043,2025-01-29 19:00:00,meeting
VISIT_05759,SYN_P_0777,LOC_0040,2024-11-12 09:00:00,travel
VISIT_05760,SYN_P_0792,LOC_0039,2024-04-29 15:00:00,travel
VISIT_05761,SYN_P_0098,LOC_0019,2025-05-05 00:00:00,business
VISIT_05762,SYN_P_0528,LOC_0002,2024-03-14 21:00:00,meeting
VISIT_05763,SYN_P_0346,LOC_0014,2024-04-05 04:00:00,delivery
VISIT_05764,SYN_P_0836,LOC_0079,2024-05-03 19:00:00,meeting
VISIT_05765,SYN_P_0476,LOC_0047,2025-11-13 00:00:00,delivery
VISIT_05766,SYN_P_0591,LOC_0002,2026-02-08 20:00:00,delivery
VISIT_05767,SYN_P_0522,LOC_0019,2024-10-31 00:00:00,meeting
VISIT_05768,SYN_P_0309,LOC_0077,2025-08-12 22:00:00,business
VISIT_05769,SYN_P_1029,LOC_0015,2026-03-11 12:00:00,residence
VISIT_05770,SYN_P_0354,LOC_0008,2024-09-17 07:00:00,delivery
VISIT_05771,SYN_P_0658,LOC_0040,2025-06-23 02:00:00,delivery
VISIT_05772,SYN_P_0841,LOC_0079,2025-02-04 12:00:00,travel
VISIT_05773,SYN_P_0843,LOC_0077,2025-10-20 09:00:00,meeting
VISIT_05774,SYN_P_0764,LOC_0084,2025-01-04 08:00:00,meeting
VISIT_05775,SYN_P_0588,LOC_0049,2024-01-13 18:00:00,business
VISIT_05776,SYN_P_0543,LOC_0072,2026-02-28 10:00:00,meeting
VISIT_05777,SYN_P_0443,LOC_0014,2026-02-12 19:00:00,delivery
VISIT_05778,SYN_P_0131,LOC_0068,2024-08-13 13:00:00,business
VISIT_05779,SYN_P_0781,LOC_0078,2026-08-07 08:00:00,residence
VISIT_05780,SYN_P_0036,LOC_0011,2025-01-06 14:00:00,delivery
VISIT_05781,SYN_P_0289,LOC_0007,2026-07-08 19:00:00,meeting
VISIT_05782,SYN_P_0998,LOC_0018,2025-03-11 17:00:00,travel
VISIT_05783,SYN_P_0230,LOC_0021,2025-03-05 05:00:00,residence
VISIT_05784,SYN_P_0284,LOC_0041,2025-12-08 17:00:00,business
VISIT_05785,SYN_P_0816,LOC_0031,2025-01-19 22:00:00,residence
VISIT_05786,SYN_P_0267,LOC_0005,2024-08-24 11:00:00,business
VISIT_05787,SYN_P_0982,LOC_0032,2026-07-23 04:00:00,residence
VISIT_05788,SYN_P_0261,LOC_0046,2025-07-19 08:00:00,travel
VISIT_05789,SYN_P_0283,LOC_0068,2026-07-11 03:00:00,delivery
VISIT_05790,SYN_P_0139,LOC_0027,2024-09-05 01:00:00,meeting
VISIT_05791,SYN_P_0124,LOC_0083,2024-06-03 06:00:00,travel
VISIT_05792,SYN_P_0298,LOC_0060,2024-07-08 10:00:00,meeting
VISIT_05793,SYN_P_0534,LOC_0034,2024-08-28 02:00:00,meeting
VISIT_05794,SYN_P_0895,LOC_0073,2024-05-18 10:00:00,travel
VISIT_05795,SYN_P_0917,LOC_0042,2025-09-05 01:00:00,residence
VISIT_05796,SYN_P_0435,LOC_0015,2024-01-03 08:00:00,residence
VISIT_05797,SYN_P_0012,LOC_0052,2026-02-03 04:00:00,business
VISIT_05798,SYN_P_0551,LOC_0027,2024-04-06 04:00:00,business
VISIT_05799,SYN_P_0498,LOC_0022,2025-10-24 16:00:00,residence
VISIT_05800,SYN_P_0298,LOC_0048,2025-05-15 02:00:00,residence
VISIT_05801,SYN_P_0459,LOC_0072,2024-11-01 14:00:00,travel
VISIT_05802,SYN_P_0833,LOC_0018,2026-09-12 22:00:00,meeting
VISIT_05803,SYN_P_0036,LOC_0028,2026-09-25 17:00:00,business
VISIT_05804,SYN_P_0400,LOC_0051,2026-08-13 06:00:00,residence
VISIT_05805,SYN_P_0753,LOC_0026,2024-05-29 17:00:00,residence
VISIT_05806,SYN_P_0391,LOC_0082,2024-01-15 09:00:00,residence
VISIT_05807,SYN_P_0802,LOC_0079,2024-12-31 10:00:00,travel
VISIT_05808,SYN_P_0648,LOC_0064,2024-12-20 19:00:00,travel
VISIT_05809,SYN_P_0900,LOC_0063,2025-11-05 03:00:00,meeting
VISIT_05810,SYN_P_0219,LOC_0023,2024-06-14 17:00:00,business
VISIT_05811,SYN_P_0583,LOC_0008,2024-12-09 07:00:00,travel
VISIT_05812,SYN_P_0163,LOC_0063,2025-02-05 07:00:00,residence
VISIT_05813,SYN_P_0578,LOC_0066,2026-05-23 11:00:00,residence
VISIT_05814,SYN_P_0400,LOC_0022,2024-05-01 23:00:00,business
VISIT_05815,SYN_P_0879,LOC_0045,2025-04-05 11:00:00,travel
VISIT_05816,SYN_P_0375,LOC_0040,2026-02-19 21:00:00,residence
VISIT_05817,SYN_P_0955,LOC_0007,2025-01-11 09:00:00,delivery
VISIT_05818,SYN_P_0712,LOC_0006,2025-09-05 16:00:00,delivery
VISIT_05819,SYN_P_0569,LOC_0008,2024-03-07 04:00:00,meeting
VISIT_05820,SYN_P_0747,LOC_0031,2024-07-20 18:00:00,meeting
VISIT_05821,SYN_P_0058,LOC_0047,2024-05-23 19:00:00,delivery
VISIT_05822,SYN_P_0651,LOC_0043,2025-05-05 05:00:00,delivery
VISIT_05823,SYN_P_0948,LOC_0044,2024-11-16 22:00:00,travel
VISIT_05824,SYN_P_0383,LOC_0028,2025-07-03 02:00:00,residence
VISIT_05825,SYN_P_0435,LOC_0044,2024-09-13 10:00:00,meeting
VISIT_05826,SYN_P_0277,LOC_0044,2024-12-30 19:00:00,delivery
VISIT_05827,SYN_P_0187,LOC_0010,2024-07-01 21:00:00,travel
VISIT_05828,SYN_P_0896,LOC_0009,2025-07-23 19:00:00,business
VISIT_05829,SYN_P_0780,LOC_0003,2024-02-24 09:00:00,business
VISIT_05830,SYN_P_0260,LOC_0024,2025-06-21 08:00:00,business
VISIT_05831,SYN_P_0820,LOC_0062,2026-10-09 08:00:00,delivery
VISIT_05832,SYN_P_0377,LOC_0076,2024-07-10 23:00:00,meeting
VISIT_05833,SYN_P_0169,LOC_0020,2024-04-29 15:00:00,business
VISIT_05834,SYN_P_0479,LOC_0044,2025-05-24 12:00:00,business
VISIT_05835,SYN_P_0038,LOC_0019,2026-05-23 11:00:00,business
VISIT_05836,SYN_P_0860,LOC_0081,2024-08-22 15:00:00,meeting
VISIT_05837,SYN_P_0771,LOC_0028,2024-05-27 19:00:00,delivery
VISIT_05838,SYN_P_1032,LOC_0045,2025-12-13 03:00:00,business
VISIT_05839,SYN_P_0295,LOC_0009,2025-12-12 13:00:00,residence
VISIT_05840,SYN_P_0976,LOC_0003,2024-02-28 13:00:00,business
VISIT_05841,SYN_P_0990,LOC_0081,2026-10-17 09:00:00,travel
VISIT_05842,SYN_P_0472,LOC_0026,2025-11-28 20:00:00,travel
VISIT_05843,SYN_P_0750,LOC_0073,2026-04-18 21:00:00,meeting
VISIT_05844,SYN_P_0149,LOC_0016,2024-03-21 10:00:00,meeting
VISIT_05845,SYN_P_0269,LOC_0076,2026-08-27 20:00:00,residence
VISIT_05846,SYN_P_0477,LOC_0043,2025-01-28 05:00:00,business
VISIT_05847,SYN_P_0983,LOC_0043,2024-03-13 22:00:00,residence
VISIT_05848,SYN_P_0609,LOC_0076,2026-09-04 23:00:00,business
VISIT_05849,SYN_P_0126,LOC_0006,2026-10-29 19:00:00,travel
VISIT_05850,SYN_P_0886,LOC_0067,2026-06-22 03:00:00,business
VISIT_05851,SYN_P_0180,LOC_0059,2024-06-17 18:00:00,delivery
VISIT_05852,SYN_P_0795,LOC_0015,2025-06-18 16:00:00,delivery
VISIT_05853,SYN_P_0756,LOC_0081,2024-08-11 17:00:00,meeting
VISIT_05854,SYN_P_0827,LOC_0030,2024-04-05 07:00:00,residence
VISIT_05855,SYN_P_0830,LOC_0036,2024-06-13 11:00:00,meeting
VISIT_05856,SYN_P_0155,LOC_0044,2026-07-19 07:00:00,residence
VISIT_05857,SYN_P_1031,LOC_0020,2026-03-01 14:00:00,business
VISIT_05858,SYN_P_0993,LOC_0010,2026-02-14 09:00:00,residence
VISIT_05859,SYN_P_0939,LOC_0006,2024-05-17 22:00:00,business
VISIT_05860,SYN_P_0712,LOC_0013,2025-05-20 15:00:00,residence
VISIT_05861,SYN_P_0870,LOC_0064,2026-03-05 11:00:00,residence
VISIT_05862,SYN_P_0971,LOC_0083,2026-07-22 03:00:00,residence
VISIT_05863,SYN_P_0037,LOC_0028,2026-01-11 02:00:00,travel
VISIT_05864,SYN_P_0612,LOC_0047,2026-08-01 08:00:00,travel
VISIT_05865,SYN_P_0598,LOC_0008,2025-01-21 00:00:00,business
VISIT_05866,SYN_P_0179,LOC_0046,2025-01-24 05:00:00,business
VISIT_05867,SYN_P_0028,LOC_0001,2026-06-30 04:00:00,travel
VISIT_05868,SYN_P_0331,LOC_0075,2024-01-21 00:00:00,meeting
VISIT_05869,SYN_P_0622,LOC_0062,2025-06-21 08:00:00,meeting
VISIT_05870,SYN_P_0066,LOC_0031,2024-09-21 20:00:00,delivery
VISIT_05871,SYN_P_0651,LOC_0009,2024-02-22 13:00:00,business
VISIT_05872,SYN_P_0533,LOC_0030,2024-08-08 21:00:00,travel
VISIT_05873,SYN_P_0813,LOC_0022,2026-09-05 17:00:00,business
VISIT_05874,SYN_P_0192,LOC_0013,2026-07-09 14:00:00,travel
VISIT_05875,SYN_P_0710,LOC_0050,2026-03-28 04:00:00,travel
VISIT_05876,SYN_P_1022,LOC_0067,2025-06-17 08:00:00,travel
VISIT_05877,SYN_P_0789,LOC_0046,2024-09-21 00:00:00,residence
VISIT_05878,SYN_P_0031,LOC_0077,2024-11-02 02:00:00,residence
VISIT_05879,SYN_P_0077,LOC_0060,2026-10-05 16:00:00,business
VISIT_05880,SYN_P_0983,LOC_0042,2026-01-06 14:00:00,travel
VISIT_05881,SYN_P_0282,LOC_0074,2025-09-27 06:00:00,travel
VISIT_05882,SYN_P_0312,LOC_0041,2024-04-01 21:00:00,meeting
VISIT_05883,SYN_P_0392,LOC_0024,2025-10-25 05:00:00,residence
VISIT_05884,SYN_P_0913,LOC_0010,2025-01-27 00:00:00,travel
VISIT_05885,SYN_P_0719,LOC_0032,2026-03-23 12:00:00,residence
VISIT_05886,SYN_P_0430,LOC_0070,2026-06-29 05:00:00,residence
VISIT_05887,SYN_P_0218,LOC_0014,2025-04-09 19:00:00,meeting
VISIT_05888,SYN_P_0773,LOC_0008,2024-05-29 20:00:00,delivery
VISIT_05889,SYN_P_0217,LOC_0068,2024-01-05 21:00:00,delivery
VISIT_05890,SYN_P_0762,LOC_0035,2026-05-27 20:00:00,residence
VISIT_05891,SYN_P_0554,LOC_0033,2025-10-06 03:00:00,residence
VISIT_05892,SYN_P_0023,LOC_0021,2024-05-03 04:00:00,delivery
VISIT_05893,SYN_P_0908,LOC_0041,2025-02-24 22:00:00,business
VISIT_05894,SYN_P_0234,LOC_0027,2025-03-03 01:00:00,travel
VISIT_05895,SYN_P_0796,LOC_0042,2025-01-13 12:00:00,business
VISIT_05896,SYN_P_0918,LOC_0011,2026-09-19 13:00:00,delivery
VISIT_05897,SYN_P_0754,LOC_0067,2024-11-14 05:00:00,travel
VISIT_05898,SYN_P_0142,LOC_0068,2024-05-10 01:00:00,delivery
VISIT_05899,SYN_P_0016,LOC_0030,2024-07-30 15:00:00,delivery
VISIT_05900,SYN_P_0175,LOC_0063,2026-02-17 21:00:00,residence
VISIT_05901,SYN_P_0939,LOC_0052,2025-01-12 10:00:00,delivery
VISIT_05902,SYN_P_0976,LOC_0081,2026-06-04 11:00:00,meeting
VISIT_05903,SYN_P_0208,LOC_0024,2025-07-06 01:00:00,travel
VISIT_05904,SYN_P_0093,LOC_0043,2026-09-09 15:00:00,delivery
VISIT_05905,SYN_P_0924,LOC_0024,2025-10-23 02:00:00,delivery
VISIT_05906,SYN_P_0202,LOC_0021,2024-09-16 12:00:00,residence
VISIT_05907,SYN_P_0353,LOC_0048,2026-02-28 14:00:00,meeting
VISIT_05908,SYN_P_0009,LOC_0070,2026-04-23 00:00:00,residence
VISIT_05909,SYN_P_0633,LOC_0048,2026-09-26 09:00:00,residence
VISIT_05910,SYN_P_0966,LOC_0055,2026-05-04 11:00:00,meeting
VISIT_05911,SYN_P_0257,LOC_0044,2024-07-27 14:00:00,travel
VISIT_05912,SYN_P_0865,LOC_0068,2026-03-26 13:00:00,meeting
VISIT_05913,SYN_P_1015,LOC_0017,2024-09-21 03:00:00,delivery
VISIT_05914,SYN_P_0912,LOC_0053,2025-04-08 18:00:00,delivery
VISIT_05915,SYN_P_0374,LOC_0040,2025-12-21 00:00:00,delivery
VISIT_05916,SYN_P_0822,LOC_0078,2024-05-07 07:00:00,meeting
VISIT_05917,SYN_P_0569,LOC_0064,2024-03-14 11:00:00,residence
VISIT_05918,SYN_P_0717,LOC_0053,2025-01-06 22:00:00,residence
VISIT_05919,SYN_P_0290,LOC_0009,2024-07-02 19:00:00,residence
VISIT_05920,SYN_P_0705,LOC_0055,2024-06-09 10:00:00,delivery
VISIT_05921,SYN_P_0412,LOC_0027,2024-07-12 05:00:00,meeting
VISIT_05922,SYN_P_0252,LOC_0053,2026-07-22 14:00:00,delivery
VISIT_05923,SYN_P_0447,LOC_0026,2024-04-09 08:00:00,business
VISIT_05924,SYN_P_0326,LOC_0056,2026-09-09 12:00:00,travel
VISIT_05925,SYN_P_0432,LOC_0062,2026-10-23 11:00:00,meeting
VISIT_05926,SYN_P_0133,LOC_0038,2025-07-21 21:00:00,delivery
VISIT_05927,SYN_P_0108,LOC_0077,2024-10-12 14:00:00,meeting
VISIT_05928,SYN_P_0804,LOC_0055,2024-12-22 21:00:00,delivery
VISIT_05929,SYN_P_0618,LOC_0077,2024-03-03 04:00:00,residence
VISIT_05930,SYN_P_0204,LOC_0062,2024-10-27 00:00:00,meeting
VISIT_05931,SYN_P_0973,LOC_0015,2026-07-14 18:00:00,travel
VISIT_05932,SYN_P_0539,LOC_0014,2025-02-20 15:00:00,business
VISIT_05933,SYN_P_0552,LOC_0033,2025-03-31 00:00:00,delivery
VISIT_05934,SYN_P_1036,LOC_0005,2025-01-08 17:00:00,delivery
VISIT_05935,SYN_P_0876,LOC_0066,2026-04-02 19:00:00,residence
VISIT_05936,SYN_P_0257,LOC_0049,2025-06-12 13:00:00,delivery
VISIT_05937,SYN_P_0867,LOC_0044,2024-11-15 23:00:00,delivery
VISIT_05938,SYN_P_0196,LOC_0035,2024-05-01 10:00:00,meeting
VISIT_05939,SYN_P_0744,LOC_0076,2024-01-04 05:00:00,residence
VISIT_05940,SYN_P_0834,LOC_0034,2025-12-17 02:00:00,residence
VISIT_05941,SYN_P_0314,LOC_0052,2026-09-16 21:00:00,meeting
VISIT_05942,SYN_P_0795,LOC_0036,2025-09-05 20:00:00,travel
VISIT_05943,SYN_P_0408,LOC_0083,2026-01-03 19:00:00,travel
VISIT_05944,SYN_P_0662,LOC_0014,2026-08-18 17:00:00,travel
VISIT_05945,SYN_P_0100,LOC_0050,2024-01-26 15:00:00,delivery
VISIT_05946,SYN_P_0357,LOC_0055,2024-10-30 11:00:00,meeting
VISIT_05947,SYN_P_0596,LOC_0034,2024-07-19 07:00:00,residence
VISIT_05948,SYN_P_1015,LOC_0024,2026-06-06 06:00:00,delivery
VISIT_05949,SYN_P_0840,LOC_0040,2026-07-09 05:00:00,travel
VISIT_05950,SYN_P_0485,LOC_0016,2026-01-26 18:00:00,delivery
VISIT_05951,SYN_P_0026,LOC_0023,2025-08-10 10:00:00,business
VISIT_05952,SYN_P_0091,LOC_0045,2025-07-18 15:00:00,meeting
VISIT_05953,SYN_P_0696,LOC_0055,2026-04-14 02:00:00,business
VISIT_05954,SYN_P_0264,LOC_0025,2025-04-07 06:00:00,residence
VISIT_05955,SYN_P_0309,LOC_0065,2026-02-24 21:00:00,business
VISIT_05956,SYN_P_0929,LOC_0077,2025-02-06 09:00:00,delivery
VISIT_05957,SYN_P_0540,LOC_0057,2025-06-13 20:00:00,travel
VISIT_05958,SYN_P_0871,LOC_0053,2024-08-26 08:00:00,meeting
VISIT_05959,SYN_P_0169,LOC_0068,2024-04-09 10:00:00,delivery
VISIT_05960,SYN_P_0316,LOC_0081,2026-02-25 18:00:00,meeting
VISIT_05961,SYN_P_0418,LOC_0040,2024-04-17 18:00:00,delivery
VISIT_05962,SYN_P_0401,LOC_0079,2025-02-05 22:00:00,travel
VISIT_05963,SYN_P_0413,LOC_0029,2024-05-11 05:00:00,travel
VISIT_05964,SYN_P_0634,LOC_0008,2024-06-16 15:00:00,delivery
VISIT_05965,SYN_P_1027,LOC_0071,2025-06-20 23:00:00,meeting
VISIT_05966,SYN_P_0786,LOC_0029,2025-02-21 02:00:00,business
VISIT_05967,SYN_P_0552,LOC_0043,2026-08-01 19:00:00,residence
VISIT_05968,SYN_P_0528,LOC_0061,2026-02-26 20:00:00,meeting
VISIT_05969,SYN_P_0783,LOC_0065,2024-12-17 12:00:00,travel
VISIT_05970,SYN_P_0923,LOC_0004,2025-04-25 19:00:00,business
VISIT_05971,SYN_P_0239,LOC_0057,2025-01-26 11:00:00,meeting
VISIT_05972,SYN_P_0206,LOC_0018,2024-12-12 05:00:00,residence
VISIT_05973,SYN_P_0815,LOC_0012,2026-01-31 21:00:00,business
VISIT_05974,SYN_P_0611,LOC_0018,2024-08-01 10:00:00,delivery
VISIT_05975,SYN_P_0150,LOC_0073,2024-09-23 00:00:00,travel
VISIT_05976,SYN_P_0575,LOC_0029,2025-09-22 15:00:00,business
VISIT_05977,SYN_P_0397,LOC_0055,2024-02-20 14:00:00,business
VISIT_05978,SYN_P_0054,LOC_0079,2025-11-26 18:00:00,travel
VISIT_05979,SYN_P_0281,LOC_0037,2026-07-27 20:00:00,business
VISIT_05980,SYN_P_0258,LOC_0036,2025-11-06 01:00:00,meeting
VISIT_05981,SYN_P_0337,LOC_0047,2025-12-03 15:00:00,meeting
VISIT_05982,SYN_P_0002,LOC_0020,2024-08-20 19:00:00,meeting
VISIT_05983,SYN_P_0016,LOC_0069,2025-12-02 12:00:00,meeting
VISIT_05984,SYN_P_0753,LOC_0053,2025-05-28 16:00:00,residence
VISIT_05985,SYN_P_0448,LOC_0021,2024-06-22 08:00:00,residence
VISIT_05986,SYN_P_0384,LOC_0044,2026-01-06 11:00:00,travel
VISIT_05987,SYN_P_0839,LOC_0002,2026-06-06 20:00:00,delivery
VISIT_05988,SYN_P_0413,LOC_0043,2025-07-27 08:00:00,meeting
VISIT_05989,SYN_P_0072,LOC_0061,2026-01-21 21:00:00,travel
VISIT_05990,SYN_P_0205,LOC_0023,2025-09-02 16:00:00,delivery
VISIT_05991,SYN_P_0715,LOC_0009,2025-03-21 12:00:00,meeting
VISIT_05992,SYN_P_0033,LOC_0039,2025-09-19 01:00:00,residence
VISIT_05993,SYN_P_0850,LOC_0073,2025-08-04 11:00:00,delivery
VISIT_05994,SYN_P_0471,LOC_0049,2024-12-30 18:00:00,residence
VISIT_05995,SYN_P_0303,LOC_0026,2026-01-05 01:00:00,delivery
VISIT_05996,SYN_P_0511,LOC_0048,2026-01-08 04:00:00,travel
VISIT_05997,SYN_P_0533,LOC_0056,2024-12-17 05:00:00,travel
VISIT_05998,SYN_P_0234,LOC_0018,2025-09-02 05:00:00,delivery
VISIT_05999,SYN_P_0270,LOC_0032,2025-01-20 21:00:00,meeting
VISIT_06000,SYN_P_0356,LOC_0008,2024-03-12 06:00:00,meeting
VISIT_06001,SYN_P_0341,LOC_0057,2025-12-10 15:00:00,residence
VISIT_06002,SYN_P_0058,LOC_0056,2025-10-15 14:00:00,residence
VISIT_06003,SYN_P_0924,LOC_0055,2024-03-09 05:00:00,meeting
VISIT_06004,SYN_P_0840,LOC_0027,2026-10-03 18:00:00,meeting
VISIT_06005,SYN_P_0741,LOC_0054,2024-11-09 23:00:00,delivery
VISIT_06006,SYN_P_0198,LOC_0009,2025-02-15 16:00:00,residence
VISIT_06007,SYN_P_0529,LOC_0046,2025-11-08 00:00:00,meeting
VISIT_06008,SYN_P_0108,LOC_0057,2024-01-24 21:00:00,travel
VISIT_06009,SYN_P_0807,LOC_0024,2026-06-28 05:00:00,meeting
VISIT_06010,SYN_P_0499,LOC_0036,2026-08-19 21:00:00,business
VISIT_06011,SYN_P_0216,LOC_0080,2024-05-13 09:00:00,meeting
VISIT_06012,SYN_P_0009,LOC_0043,2024-11-04 09:00:00,meeting
VISIT_06013,SYN_P_0874,LOC_0030,2024-10-03 07:00:00,meeting
VISIT_06014,SYN_P_0367,LOC_0036,2025-08-08 16:00:00,meeting
VISIT_06015,SYN_P_0981,LOC_0038,2024-03-06 09:00:00,business
VISIT_06016,SYN_P_0360,LOC_0022,2025-04-10 16:00:00,business
VISIT_06017,SYN_P_0722,LOC_0041,2025-11-02 01:00:00,delivery
VISIT_06018,SYN_P_0095,LOC_0032,2024-04-17 02:00:00,travel
VISIT_06019,SYN_P_0585,LOC_0070,2026-08-08 22:00:00,residence
VISIT_06020,SYN_P_0449,LOC_0058,2025-09-30 20:00:00,residence
VISIT_06021,SYN_P_0243,LOC_0084,2026-03-18 00:00:00,residence
VISIT_06022,SYN_P_0786,LOC_0069,2025-03-15 15:00:00,business
VISIT_06023,SYN_P_0270,LOC_0011,2024-04-24 02:00:00,business
VISIT_06024,SYN_P_0056,LOC_0036,2025-12-06 03:00:00,travel
VISIT_06025,SYN_P_0100,LOC_0047,2025-07-12 18:00:00,travel
VISIT_06026,SYN_P_0252,LOC_0029,2026-10-10 02:00:00,travel
VISIT_06027,SYN_P_0461,LOC_0062,2026-04-27 14:00:00,meeting
VISIT_06028,SYN_P_0494,LOC_0072,2024-04-09 07:00:00,travel
VISIT_06029,SYN_P_0814,LOC_0010,2024-12-13 16:00:00,travel
VISIT_06030,SYN_P_0874,LOC_0082,2025-06-05 13:00:00,delivery
VISIT_06031,SYN_P_0582,LOC_0042,2025-06-12 11:00:00,delivery
VISIT_06032,SYN_P_0170,LOC_0071,2026-02-14 16:00:00,delivery
VISIT_06033,SYN_P_0605,LOC_0034,2024-07-31 21:00:00,business
VISIT_06034,SYN_P_0848,LOC_0069,2024-01-12 01:00:00,travel
VISIT_06035,SYN_P_0506,LOC_0064,2025-08-08 13:00:00,travel
VISIT_06036,SYN_P_0623,LOC_0058,2025-04-03 05:00:00,meeting
VISIT_06037,SYN_P_0177,LOC_0066,2026-10-26 00:00:00,residence
VISIT_06038,SYN_P_0919,LOC_0002,2026-09-09 02:00:00,residence
VISIT_06039,SYN_P_0681,LOC_0008,2026-02-16 02:00:00,residence
VISIT_06040,SYN_P_0778,LOC_0084,2024-06-19 07:00:00,delivery
VISIT_06041,SYN_P_0855,LOC_0016,2025-02-08 05:00:00,travel
VISIT_06042,SYN_P_0077,LOC_0057,2026-07-30 11:00:00,residence
VISIT_06043,SYN_P_0726,LOC_0030,2025-10-26 05:00:00,meeting
VISIT_06044,SYN_P_0824,LOC_0062,2025-07-29 12:00:00,residence
VISIT_06045,SYN_P_0901,LOC_0040,2026-10-28 14:00:00,business
VISIT_06046,SYN_P_0376,LOC_0051,2025-08-14 12:00:00,travel
VISIT_06047,SYN_P_0623,LOC_0021,2024-06-23 21:00:00,residence
VISIT_06048,SYN_P_1008,LOC_0066,2024-10-31 14:00:00,travel
VISIT_06049,SYN_P_0511,LOC_0056,2026-01-05 14:00:00,delivery
VISIT_06050,SYN_P_0027,LOC_0080,2025-07-21 23:00:00,business
VISIT_06051,SYN_P_0117,LOC_0064,2024-06-22 05:00:00,delivery
VISIT_06052,SYN_P_0552,LOC_0020,2025-02-13 09:00:00,delivery
VISIT_06053,SYN_P_0210,LOC_0008,2026-09-11 06:00:00,residence
VISIT_06054,SYN_P_0187,LOC_0072,2025-10-05 19:00:00,travel
VISIT_06055,SYN_P_0730,LOC_0028,2025-03-17 22:00:00,business
VISIT_06056,SYN_P_0162,LOC_0070,2026-04-12 04:00:00,residence
VISIT_06057,SYN_P_0950,LOC_0059,2026-03-02 01:00:00,meeting
VISIT_06058,SYN_P_0573,LOC_0080,2024-08-27 02:00:00,business
VISIT_06059,SYN_P_0578,LOC_0015,2025-03-08 22:00:00,delivery
VISIT_06060,SYN_P_0698,LOC_0078,2026-09-14 18:00:00,business
VISIT_06061,SYN_P_0082,LOC_0067,2025-11-07 06:00:00,travel
VISIT_06062,SYN_P_0859,LOC_0083,2024-11-22 04:00:00,meeting
VISIT_06063,SYN_P_1001,LOC_0045,2025-07-20 04:00:00,delivery
VISIT_06064,SYN_P_0613,LOC_0038,2025-07-04 17:00:00,travel
VISIT_06065,SYN_P_0380,LOC_0061,2025-03-21 08:00:00,business
VISIT_06066,SYN_P_0721,LOC_0080,2025-10-24 10:00:00,delivery
VISIT_06067,SYN_P_0108,LOC_0042,2024-09-14 05:00:00,residence
VISIT_06068,SYN_P_0293,LOC_0016,2026-02-11 10:00:00,travel
VISIT_06069,SYN_P_0702,LOC_0062,2025-08-27 17:00:00,delivery
VISIT_06070,SYN_P_0824,LOC_0028,2025-09-23 19:00:00,meeting
VISIT_06071,SYN_P_0263,LOC_0068,2024-12-28 13:00:00,business
VISIT_06072,SYN_P_0813,LOC_0020,2025-09-20 10:00:00,business
VISIT_06073,SYN_P_0038,LOC_0017,2026-09-10 18:00:00,business
VISIT_06074,SYN_P_0144,LOC_0006,2025-04-16 19:00:00,business
VISIT_06075,SYN_P_0717,LOC_0068,2024-09-17 09:00:00,residence
VISIT_06076,SYN_P_0063,LOC_0041,2026-11-07 10:00:00,residence
VISIT_06077,SYN_P_0042,LOC_0066,2024-02-01 16:00:00,business
VISIT_06078,SYN_P_0845,LOC_0022,2024-12-28 04:00:00,meeting
VISIT_06079,SYN_P_0532,LOC_0012,2026-06-20 09:00:00,business
VISIT_06080,SYN_P_1007,LOC_0029,2024-06-12 09:00:00,meeting
VISIT_06081,SYN_P_0537,LOC_0025,2024-08-25 22:00:00,delivery
VISIT_06082,SYN_P_0319,LOC_0055,2026-05-29 21:00:00,travel
VISIT_06083,SYN_P_0681,LOC_0022,2025-07-28 21:00:00,delivery
VISIT_06084,SYN_P_0792,LOC_0023,2026-10-05 23:00:00,business
VISIT_06085,SYN_P_0455,LOC_0069,2025-12-18 13:00:00,travel
VISIT_06086,SYN_P_0463,LOC_0084,2025-02-06 05:00:00,residence
VISIT_06087,SYN_P_0147,LOC_0035,2025-02-13 00:00:00,meeting
VISIT_06088,SYN_P_0276,LOC_0041,2024-04-08 10:00:00,business
VISIT_06089,SYN_P_0551,LOC_0031,2024-02-12 20:00:00,travel
VISIT_06090,SYN_P_0285,LOC_0076,2026-10-14 16:00:00,business
VISIT_06091,SYN_P_0264,LOC_0006,2026-09-11 09:00:00,residence
VISIT_06092,SYN_P_0187,LOC_0022,2024-11-18 19:00:00,delivery
VISIT_06093,SYN_P_0061,LOC_0006,2026-08-12 22:00:00,meeting
VISIT_06094,SYN_P_0757,LOC_0010,2025-03-23 21:00:00,meeting
VISIT_06095,SYN_P_0771,LOC_0023,2025-09-07 19:00:00,residence
VISIT_06096,SYN_P_0729,LOC_0060,2026-03-10 00:00:00,delivery
VISIT_06097,SYN_P_0460,LOC_0043,2024-07-25 20:00:00,travel
VISIT_06098,SYN_P_0190,LOC_0051,2024-05-29 03:00:00,travel
VISIT_06099,SYN_P_0014,LOC_0007,2026-07-10 14:00:00,meeting
VISIT_06100,SYN_P_0506,LOC_0028,2025-12-15 19:00:00,residence
VISIT_06101,SYN_P_0576,LOC_0060,2025-06-03 04:00:00,business
VISIT_06102,SYN_P_0014,LOC_0013,2026-07-10 12:00:00,travel
VISIT_06103,SYN_P_0436,LOC_0064,2025-07-13 07:00:00,residence
VISIT_06104,SYN_P_0156,LOC_0051,2025-12-29 09:00:00,delivery
VISIT_06105,SYN_P_1008,LOC_0046,2026-07-20 00:00:00,business
VISIT_06106,SYN_P_0318,LOC_0045,2025-05-06 06:00:00,residence
VISIT_06107,SYN_P_1008,LOC_0084,2024-10-03 12:00:00,meeting
VISIT_06108,SYN_P_0962,LOC_0002,2025-07-12 05:00:00,delivery
VISIT_06109,SYN_P_0356,LOC_0071,2025-09-15 05:00:00,residence
VISIT_06110,SYN_P_0414,LOC_0079,2025-10-07 06:00:00,travel
VISIT_06111,SYN_P_0846,LOC_0014,2025-05-23 20:00:00,delivery
VISIT_06112,SYN_P_0530,LOC_0068,2024-07-11 10:00:00,meeting
VISIT_06113,SYN_P_0728,LOC_0045,2025-10-13 05:00:00,delivery
VISIT_06114,SYN_P_0937,LOC_0036,2024-11-16 23:00:00,business
VISIT_06115,SYN_P_0403,LOC_0039,2024-04-09 17:00:00,travel
VISIT_06116,SYN_P_0656,LOC_0010,2026-09-18 12:00:00,meeting
VISIT_06117,SYN_P_0188,LOC_0013,2024-05-07 02:00:00,meeting
VISIT_06118,SYN_P_0188,LOC_0013,2026-01-05 12:00:00,meeting
VISIT_06119,SYN_P_0532,LOC_0084,2025-12-24 03:00:00,business
VISIT_06120,SYN_P_0202,LOC_0077,2025-07-13 13:00:00,delivery
VISIT_06121,SYN_P_0329,LOC_0022,2026-11-06 12:00:00,residence
VISIT_06122,SYN_P_0636,LOC_0071,2024-12-04 19:00:00,delivery
VISIT_06123,SYN_P_0482,LOC_0066,2024-02-11 07:00:00,meeting
VISIT_06124,SYN_P_0635,LOC_0012,2026-04-15 07:00:00,meeting
VISIT_06125,SYN_P_0484,LOC_0027,2026-04-21 01:00:00,travel
VISIT_06126,SYN_P_0088,LOC_0002,2025-05-29 14:00:00,delivery
VISIT_06127,SYN_P_0666,LOC_0023,2024-09-21 07:00:00,business
VISIT_06128,SYN_P_0745,LOC_0026,2024-01-17 02:00:00,residence
VISIT_06129,SYN_P_0523,LOC_0009,2024-04-18 10:00:00,delivery
VISIT_06130,SYN_P_0626,LOC_0005,2025-02-14 13:00:00,residence
VISIT_06131,SYN_P_0007,LOC_0041,2026-09-27 01:00:00,delivery
VISIT_06132,SYN_P_0240,LOC_0060,2024-10-28 07:00:00,travel
VISIT_06133,SYN_P_0881,LOC_0045,2024-01-18 05:00:00,business
VISIT_06134,SYN_P_0037,LOC_0020,2025-01-25 15:00:00,meeting
VISIT_06135,SYN_P_0414,LOC_0051,2024-06-16 17:00:00,delivery
VISIT_06136,SYN_P_0159,LOC_0014,2026-10-05 21:00:00,delivery
VISIT_06137,SYN_P_0835,LOC_0044,2026-05-07 23:00:00,meeting
VISIT_06138,SYN_P_0333,LOC_0019,2024-10-11 07:00:00,business
VISIT_06139,SYN_P_0540,LOC_0031,2026-01-02 00:00:00,business
VISIT_06140,SYN_P_0914,LOC_0083,2024-02-07 22:00:00,travel
VISIT_06141,SYN_P_0177,LOC_0013,2024-07-29 07:00:00,travel
VISIT_06142,SYN_P_0200,LOC_0075,2025-02-14 13:00:00,delivery
VISIT_06143,SYN_P_0690,LOC_0077,2026-08-10 03:00:00,business
VISIT_06144,SYN_P_0851,LOC_0080,2024-04-27 18:00:00,travel
VISIT_06145,SYN_P_0418,LOC_0031,2024-06-03 17:00:00,meeting
VISIT_06146,SYN_P_0228,LOC_0021,2025-03-05 01:00:00,delivery
VISIT_06147,SYN_P_0467,LOC_0043,2026-07-22 02:00:00,delivery
VISIT_06148,SYN_P_0357,LOC_0075,2024-02-01 22:00:00,delivery
VISIT_06149,SYN_P_0850,LOC_0062,2025-09-03 21:00:00,residence
VISIT_06150,SYN_P_0470,LOC_0074,2024-11-29 07:00:00,residence
VISIT_06151,SYN_P_0271,LOC_0072,2025-09-02 16:00:00,residence
VISIT_06152,SYN_P_0054,LOC_0051,2025-11-06 05:00:00,residence
VISIT_06153,SYN_P_0131,LOC_0070,2026-10-04 01:00:00,delivery
VISIT_06154,SYN_P_0737,LOC_0084,2025-07-28 10:00:00,residence
VISIT_06155,SYN_P_0286,LOC_0038,2024-04-12 13:00:00,meeting
VISIT_06156,SYN_P_0806,LOC_0023,2026-09-07 12:00:00,business
VISIT_06157,SYN_P_0387,LOC_0010,2024-05-14 00:00:00,meeting
VISIT_06158,SYN_P_0082,LOC_0026,2024-09-17 21:00:00,travel
VISIT_06159,SYN_P_0391,LOC_0044,2024-04-04 16:00:00,delivery
VISIT_06160,SYN_P_0252,LOC_0003,2025-05-06 05:00:00,residence
VISIT_06161,SYN_P_0465,LOC_0081,2024-09-25 14:00:00,meeting
VISIT_06162,SYN_P_0152,LOC_0080,2026-01-22 14:00:00,delivery
VISIT_06163,SYN_P_0654,LOC_0037,2024-11-22 11:00:00,business
VISIT_06164,SYN_P_0798,LOC_0081,2025-06-27 02:00:00,residence
VISIT_06165,SYN_P_0600,LOC_0078,2026-07-31 08:00:00,residence
VISIT_06166,SYN_P_0475,LOC_0006,2025-11-21 05:00:00,residence
VISIT_06167,SYN_P_0156,LOC_0045,2025-04-22 20:00:00,business
VISIT_06168,SYN_P_0473,LOC_0072,2025-11-05 18:00:00,business
VISIT_06169,SYN_P_1017,LOC_0058,2025-07-24 20:00:00,delivery
VISIT_06170,SYN_P_0538,LOC_0011,2026-05-07 15:00:00,travel
VISIT_06171,SYN_P_0323,LOC_0022,2025-05-21 13:00:00,meeting
VISIT_06172,SYN_P_0402,LOC_0058,2025-04-27 00:00:00,travel
VISIT_06173,SYN_P_0246,LOC_0081,2025-11-28 01:00:00,travel
VISIT_06174,SYN_P_0511,LOC_0033,2024-10-07 09:00:00,meeting
VISIT_06175,SYN_P_0366,LOC_0021,2026-04-22 17:00:00,delivery
VISIT_06176,SYN_P_0840,LOC_0074,2024-08-20 02:00:00,delivery
VISIT_06177,SYN_P_0920,LOC_0076,2025-01-26 13:00:00,residence
VISIT_06178,SYN_P_0432,LOC_0079,2025-02-02 06:00:00,business
VISIT_06179,SYN_P_0107,LOC_0005,2024-01-24 10:00:00,residence
VISIT_06180,SYN_P_0404,LOC_0022,2026-10-27 19:00:00,residence
VISIT_06181,SYN_P_0536,LOC_0038,2026-02-04 14:00:00,residence
VISIT_06182,SYN_P_0820,LOC_0074,2025-02-12 11:00:00,delivery
VISIT_06183,SYN_P_0182,LOC_0016,2026-09-26 11:00:00,travel
VISIT_06184,SYN_P_0587,LOC_0084,2024-07-12 11:00:00,business
VISIT_06185,SYN_P_1038,LOC_0071,2024-04-28 07:00:00,travel
VISIT_06186,SYN_P_0573,LOC_0040,2024-03-04 01:00:00,meeting
VISIT_06187,SYN_P_0736,LOC_0080,2026-05-11 22:00:00,meeting
VISIT_06188,SYN_P_0317,LOC_0040,2025-03-03 16:00:00,delivery
VISIT_06189,SYN_P_0275,LOC_0015,2025-10-01 18:00:00,business
VISIT_06190,SYN_P_0340,LOC_0038,2024-01-17 01:00:00,travel
VISIT_06191,SYN_P_0996,LOC_0055,2024-04-25 14:00:00,meeting
VISIT_06192,SYN_P_0982,LOC_0042,2026-07-21 00:00:00,travel
VISIT_06193,SYN_P_0545,LOC_0031,2024-09-09 00:00:00,business
VISIT_06194,SYN_P_0290,LOC_0047,2025-08-30 02:00:00,travel
VISIT_06195,SYN_P_1014,LOC_0003,2025-06-09 10:00:00,meeting
VISIT_06196,SYN_P_0607,LOC_0038,2024-09-29 05:00:00,travel
VISIT_06197,SYN_P_0726,LOC_0078,2025-08-15 04:00:00,residence
VISIT_06198,SYN_P_0552,LOC_0075,2025-05-24 14:00:00,meeting
VISIT_06199,SYN_P_0956,LOC_0011,2025-07-04 01:00:00,travel
VISIT_06200,SYN_P_0415,LOC_0034,2026-07-16 15:00:00,delivery
VISIT_06201,SYN_P_0149,LOC_0001,2025-07-30 19:00:00,travel
VISIT_06202,SYN_P_0470,LOC_0056,2024-12-30 23:00:00,residence
VISIT_06203,SYN_P_0338,LOC_0023,2025-08-02 13:00:00,travel
VISIT_06204,SYN_P_0904,LOC_0058,2025-08-12 15:00:00,residence
VISIT_06205,SYN_P_0317,LOC_0015,2025-05-31 19:00:00,business
VISIT_06206,SYN_P_0721,LOC_0078,2026-05-01 02:00:00,meeting
VISIT_06207,SYN_P_0772,LOC_0081,2026-09-25 20:00:00,travel
VISIT_06208,SYN_P_0719,LOC_0070,2026-08-02 00:00:00,business
VISIT_06209,SYN_P_0095,LOC_0021,2026-09-01 09:00:00,business
VISIT_06210,SYN_P_0610,LOC_0024,2025-03-21 01:00:00,travel
VISIT_06211,SYN_P_0918,LOC_0032,2025-04-09 15:00:00,meeting
VISIT_06212,SYN_P_0309,LOC_0004,2025-11-18 06:00:00,meeting
VISIT_06213,SYN_P_0392,LOC_0041,2024-05-19 19:00:00,travel
VISIT_06214,SYN_P_0517,LOC_0045,2025-01-25 16:00:00,delivery
VISIT_06215,SYN_P_0703,LOC_0003,2025-11-20 18:00:00,delivery
VISIT_06216,SYN_P_0798,LOC_0032,2024-03-01 22:00:00,residence
VISIT_06217,SYN_P_0789,LOC_0036,2025-12-04 01:00:00,delivery
VISIT_06218,SYN_P_0809,LOC_0055,2025-12-11 23:00:00,residence
VISIT_06219,SYN_P_0004,LOC_0060,2025-01-21 01:00:00,travel
VISIT_06220,SYN_P_0773,LOC_0002,2026-06-05 02:00:00,residence
VISIT_06221,SYN_P_0690,LOC_0071,2024-02-11 07:00:00,business
VISIT_06222,SYN_P_0831,LOC_0055,2024-11-05 06:00:00,residence
VISIT_06223,SYN_P_0557,LOC_0050,2026-01-05 00:00:00,travel
VISIT_06224,SYN_P_0233,LOC_0004,2026-05-26 01:00:00,residence
VISIT_06225,SYN_P_0839,LOC_0048,2025-11-03 12:00:00,meeting
VISIT_06226,SYN_P_0282,LOC_0026,2024-12-12 17:00:00,business
VISIT_06227,SYN_P_0452,LOC_0023,2025-05-06 18:00:00,business
VISIT_06228,SYN_P_0277,LOC_0053,2026-01-04 22:00:00,delivery
VISIT_06229,SYN_P_0479,LOC_0010,2024-05-09 20:00:00,meeting
VISIT_06230,SYN_P_0551,LOC_0032,2025-05-24 04:00:00,delivery
VISIT_06231,SYN_P_0360,LOC_0033,2024-03-03 13:00:00,business
VISIT_06232,SYN_P_0392,LOC_0054,2026-04-06 14:00:00,delivery
VISIT_06233,SYN_P_0477,LOC_0063,2024-06-07 06:00:00,meeting
VISIT_06234,SYN_P_0760,LOC_0083,2026-07-23 16:00:00,business
VISIT_06235,SYN_P_0636,LOC_0071,2026-09-29 13:00:00,delivery
VISIT_06236,SYN_P_0732,LOC_0079,2025-10-11 04:00:00,business
VISIT_06237,SYN_P_0900,LOC_0003,2025-01-11 13:00:00,residence
VISIT_06238,SYN_P_0153,LOC_0005,2025-05-01 04:00:00,travel
VISIT_06239,SYN_P_0549,LOC_0059,2025-03-12 07:00:00,business
VISIT_06240,SYN_P_0996,LOC_0054,2026-06-16 07:00:00,delivery
VISIT_06241,SYN_P_0837,LOC_0056,2025-02-15 14:00:00,travel
VISIT_06242,SYN_P_0694,LOC_0071,2024-10-09 19:00:00,travel
VISIT_06243,SYN_P_1016,LOC_0031,2024-08-17 03:00:00,residence
VISIT_06244,SYN_P_0423,LOC_0046,2025-07-17 17:00:00,meeting
VISIT_06245,SYN_P_1030,LOC_0014,2024-07-28 08:00:00,residence
VISIT_06246,SYN_P_0026,LOC_0033,2026-10-28 23:00:00,business
VISIT_06247,SYN_P_1015,LOC_0011,2025-01-30 00:00:00,meeting
VISIT_06248,SYN_P_0928,LOC_0002,2026-08-30 02:00:00,travel
VISIT_06249,SYN_P_0200,LOC_0080,2026-03-01 18:00:00,travel
VISIT_06250,SYN_P_0322,LOC_0081,2026-08-22 15:00:00,meeting
VISIT_06251,SYN_P_0746,LOC_0033,2025-02-27 02:00:00,residence
VISIT_06252,SYN_P_0657,LOC_0081,2024-10-28 07:00:00,residence
VISIT_06253,SYN_P_0433,LOC_0033,2025-08-28 17:00:00,meeting
VISIT_06254,SYN_P_0369,LOC_0059,2024-04-20 18:00:00,meeting
VISIT_06255,SYN_P_0787,LOC_0040,2024-04-13 11:00:00,residence
VISIT_06256,SYN_P_0306,LOC_0031,2025-04-28 08:00:00,travel
VISIT_06257,SYN_P_0089,LOC_0050,2026-03-01 23:00:00,business
VISIT_06258,SYN_P_0460,LOC_0042,2025-04-23 12:00:00,travel
VISIT_06259,SYN_P_0498,LOC_0069,2025-09-06 07:00:00,residence
VISIT_06260,SYN_P_0080,LOC_0056,2024-08-15 01:00:00,delivery
VISIT_06261,SYN_P_0602,LOC_0047,2026-06-28 19:00:00,delivery
VISIT_06262,SYN_P_0549,LOC_0069,2024-12-09 03:00:00,meeting
VISIT_06263,SYN_P_0085,LOC_0033,2024-05-14 09:00:00,delivery
VISIT_06264,SYN_P_0751,LOC_0040,2024-12-24 01:00:00,travel
VISIT_06265,SYN_P_0823,LOC_0019,2025-03-30 07:00:00,residence
VISIT_06266,SYN_P_0286,LOC_0030,2026-05-14 15:00:00,meeting
VISIT_06267,SYN_P_0723,LOC_0018,2025-06-27 18:00:00,business
VISIT_06268,SYN_P_0885,LOC_0008,2026-04-18 08:00:00,meeting
VISIT_06269,SYN_P_0670,LOC_0052,2024-01-13 08:00:00,travel
VISIT_06270,SYN_P_0685,LOC_0049,2025-04-20 06:00:00,delivery
VISIT_06271,SYN_P_0606,LOC_0033,2026-01-20 06:00:00,meeting
VISIT_06272,SYN_P_0436,LOC_0060,2024-04-05 21:00:00,travel
VISIT_06273,SYN_P_0129,LOC_0041,2026-02-19 00:00:00,meeting
VISIT_06274,SYN_P_0288,LOC_0033,2026-09-10 15:00:00,meeting
VISIT_06275,SYN_P_0822,LOC_0041,2025-05-14 10:00:00,business
VISIT_06276,SYN_P_0739,LOC_0027,2026-08-27 20:00:00,delivery
VISIT_06277,SYN_P_0366,LOC_0064,2025-01-23 17:00:00,travel
VISIT_06278,SYN_P_0734,LOC_0074,2025-08-04 13:00:00,delivery
VISIT_06279,SYN_P_0221,LOC_0007,2024-02-27 19:00:00,travel
VISIT_06280,SYN_P_0355,LOC_0071,2026-02-19 00:00:00,meeting
VISIT_06281,SYN_P_0868,LOC_0015,2025-06-09 07:00:00,business
VISIT_06282,SYN_P_0160,LOC_0007,2026-08-20 22:00:00,travel
VISIT_06283,SYN_P_0502,LOC_0045,2024-12-12 03:00:00,travel
VISIT_06284,SYN_P_0539,LOC_0026,2024-05-27 02:00:00,meeting
VISIT_06285,SYN_P_0940,LOC_0040,2026-08-30 09:00:00,delivery
VISIT_06286,SYN_P_0632,LOC_0013,2025-01-15 14:00:00,residence
VISIT_06287,SYN_P_0961,LOC_0005,2026-06-23 12:00:00,travel
VISIT_06288,SYN_P_0737,LOC_0024,2026-03-31 17:00:00,travel
VISIT_06289,SYN_P_0391,LOC_0034,2026-06-01 00:00:00,travel
VISIT_06290,SYN_P_0279,LOC_0027,2026-03-26 19:00:00,residence
VISIT_06291,SYN_P_0246,LOC_0054,2025-04-17 21:00:00,travel
VISIT_06292,SYN_P_0372,LOC_0038,2025-04-30 15:00:00,delivery
VISIT_06293,SYN_P_0525,LOC_0038,2026-08-20 18:00:00,business
VISIT_06294,SYN_P_0130,LOC_0079,2024-10-05 02:00:00,business
VISIT_06295,SYN_P_0635,LOC_0079,2025-02-27 11:00:00,delivery
VISIT_06296,SYN_P_0697,LOC_0053,2024-12-10 17:00:00,business
VISIT_06297,SYN_P_0136,LOC_0028,2024-08-07 17:00:00,business
VISIT_06298,SYN_P_0278,LOC_0052,2025-10-06 10:00:00,travel
VISIT_06299,SYN_P_0927,LOC_0024,2024-04-19 08:00:00,travel
VISIT_06300,SYN_P_0343,LOC_0045,2025-12-23 09:00:00,residence
VISIT_06301,SYN_P_0039,LOC_0054,2024-02-11 21:00:00,delivery
VISIT_06302,SYN_P_0379,LOC_0014,2026-03-26 17:00:00,residence
VISIT_06303,SYN_P_0074,LOC_0064,2024-06-14 16:00:00,meeting
VISIT_06304,SYN_P_0809,LOC_0068,2025-12-09 22:00:00,delivery
VISIT_06305,SYN_P_0978,LOC_0054,2024-04-03 18:00:00,delivery
VISIT_06306,SYN_P_0325,LOC_0008,2026-09-29 21:00:00,delivery
VISIT_06307,SYN_P_0675,LOC_0023,2026-10-03 19:00:00,residence
VISIT_06308,SYN_P_0115,LOC_0071,2024-08-31 10:00:00,business
VISIT_06309,SYN_P_0591,LOC_0014,2025-12-17 19:00:00,business
VISIT_06310,SYN_P_0517,LOC_0027,2026-06-27 02:00:00,residence
VISIT_06311,SYN_P_0815,LOC_0061,2026-07-30 19:00:00,travel
VISIT_06312,SYN_P_0142,LOC_0018,2026-10-15 23:00:00,business
VISIT_06313,SYN_P_0294,LOC_0038,2025-05-13 13:00:00,delivery
VISIT_06314,SYN_P_0335,LOC_0049,2026-03-03 17:00:00,travel
VISIT_06315,SYN_P_0993,LOC_0055,2025-02-21 09:00:00,meeting
VISIT_06316,SYN_P_0220,LOC_0051,2024-06-16 05:00:00,meeting
VISIT_06317,SYN_P_0046,LOC_0080,2025-08-18 07:00:00,business
VISIT_06318,SYN_P_0800,LOC_0079,2025-05-19 14:00:00,business
VISIT_06319,SYN_P_0881,LOC_0028,2024-05-12 07:00:00,residence
VISIT_06320,SYN_P_0534,LOC_0071,2025-03-28 15:00:00,business
VISIT_06321,SYN_P_0624,LOC_0015,2024-11-12 13:00:00,delivery
VISIT_06322,SYN_P_0297,LOC_0056,2026-06-20 14:00:00,delivery
VISIT_06323,SYN_P_0116,LOC_0070,2025-04-02 20:00:00,travel
VISIT_06324,SYN_P_0641,LOC_0029,2025-12-31 10:00:00,meeting
VISIT_06325,SYN_P_0547,LOC_0034,2026-07-09 21:00:00,meeting
VISIT_06326,SYN_P_0982,LOC_0084,2025-11-15 06:00:00,delivery
VISIT_06327,SYN_P_1037,LOC_0048,2024-09-20 10:00:00,meeting
VISIT_06328,SYN_P_0009,LOC_0042,2024-06-23 18:00:00,meeting
VISIT_06329,SYN_P_0501,LOC_0083,2024-10-05 06:00:00,travel
VISIT_06330,SYN_P_0646,LOC_0082,2024-07-14 06:00:00,business
VISIT_06331,SYN_P_0411,LOC_0033,2024-08-04 21:00:00,travel
VISIT_06332,SYN_P_0664,LOC_0041,2025-02-16 01:00:00,residence
VISIT_06333,SYN_P_0038,LOC_0063,2024-10-26 10:00:00,delivery
VISIT_06334,SYN_P_0392,LOC_0079,2025-06-06 16:00:00,residence
VISIT_06335,SYN_P_0460,LOC_0016,2025-10-04 12:00:00,delivery
VISIT_06336,SYN_P_0278,LOC_0024,2025-12-18 17:00:00,travel
VISIT_06337,SYN_P_0952,LOC_0047,2024-08-15 20:00:00,travel
VISIT_06338,SYN_P_0897,LOC_0044,2024-09-08 21:00:00,delivery
VISIT_06339,SYN_P_0774,LOC_0014,2025-03-17 12:00:00,travel
VISIT_06340,SYN_P_0133,LOC_0016,2026-05-16 19:00:00,delivery
VISIT_06341,SYN_P_0138,LOC_0071,2025-12-20 22:00:00,delivery
VISIT_06342,SYN_P_0435,LOC_0012,2024-05-14 04:00:00,travel
VISIT_06343,SYN_P_0485,LOC_0002,2025-05-10 01:00:00,meeting
VISIT_06344,SYN_P_0835,LOC_0046,2026-01-06 21:00:00,delivery
VISIT_06345,SYN_P_0286,LOC_0035,2025-05-21 19:00:00,residence
VISIT_06346,SYN_P_0084,LOC_0003,2026-03-29 14:00:00,travel
VISIT_06347,SYN_P_0773,LOC_0037,2024-07-06 11:00:00,meeting
VISIT_06348,SYN_P_0745,LOC_0050,2024-05-04 00:00:00,travel
VISIT_06349,SYN_P_0131,LOC_0048,2025-06-18 17:00:00,travel
VISIT_06350,SYN_P_0938,LOC_0002,2026-06-27 17:00:00,travel
VISIT_06351,SYN_P_0833,LOC_0073,2026-09-12 04:00:00,meeting
VISIT_06352,SYN_P_0837,LOC_0061,2024-08-27 16:00:00,residence
VISIT_06353,SYN_P_0318,LOC_0064,2025-06-30 11:00:00,delivery
VISIT_06354,SYN_P_0951,LOC_0056,2025-07-30 01:00:00,delivery
VISIT_06355,SYN_P_0204,LOC_0049,2025-11-06 06:00:00,delivery
VISIT_06356,SYN_P_0099,LOC_0007,2024-12-27 06:00:00,meeting
VISIT_06357,SYN_P_0744,LOC_0063,2025-01-30 15:00:00,business
VISIT_06358,SYN_P_0626,LOC_0073,2024-10-18 20:00:00,delivery
VISIT_06359,SYN_P_0144,LOC_0003,2024-04-24 21:00:00,business
VISIT_06360,SYN_P_0606,LOC_0056,2024-11-29 08:00:00,residence
VISIT_06361,SYN_P_0879,LOC_0071,2026-03-20 05:00:00,meeting
VISIT_06362,SYN_P_0067,LOC_0018,2026-04-09 04:00:00,travel
VISIT_06363,SYN_P_0151,LOC_0081,2026-02-22 14:00:00,travel
VISIT_06364,SYN_P_0729,LOC_0057,2025-09-18 07:00:00,business
VISIT_06365,SYN_P_0791,LOC_0019,2025-02-23 18:00:00,residence
VISIT_06366,SYN_P_0923,LOC_0074,2025-01-27 22:00:00,business
VISIT_06367,SYN_P_0576,LOC_0066,2024-08-23 12:00:00,business
VISIT_06368,SYN_P_0900,LOC_0024,2026-07-09 22:00:00,delivery
VISIT_06369,SYN_P_0894,LOC_0032,2025-06-17 22:00:00,meeting
VISIT_06370,SYN_P_0725,LOC_0030,2026-06-02 21:00:00,residence
VISIT_06371,SYN_P_0724,LOC_0010,2026-03-29 12:00:00,delivery
VISIT_06372,SYN_P_0824,LOC_0046,2025-06-01 06:00:00,delivery
VISIT_06373,SYN_P_0181,LOC_0053,2024-05-03 03:00:00,residence
VISIT_06374,SYN_P_0895,LOC_0001,2024-05-12 16:00:00,travel
VISIT_06375,SYN_P_0273,LOC_0019,2026-10-22 15:00:00,travel
VISIT_06376,SYN_P_0787,LOC_0026,2025-10-23 17:00:00,meeting
VISIT_06377,SYN_P_0125,LOC_0066,2024-06-22 15:00:00,business
VISIT_06378,SYN_P_0601,LOC_0060,2025-06-14 00:00:00,delivery
VISIT_06379,SYN_P_0147,LOC_0077,2024-09-09 05:00:00,travel
VISIT_06380,SYN_P_0880,LOC_0058,2025-07-17 22:00:00,residence
VISIT_06381,SYN_P_0083,LOC_0015,2025-11-30 19:00:00,delivery
VISIT_06382,SYN_P_0899,LOC_0062,2025-10-23 15:00:00,business
VISIT_06383,SYN_P_0746,LOC_0055,2024-04-15 15:00:00,delivery
VISIT_06384,SYN_P_0869,LOC_0045,2025-08-15 17:00:00,meeting
VISIT_06385,SYN_P_0402,LOC_0038,2024-10-10 22:00:00,travel
VISIT_06386,SYN_P_0956,LOC_0077,2026-10-14 14:00:00,business
VISIT_06387,SYN_P_0552,LOC_0078,2025-02-19 21:00:00,travel
VISIT_06388,SYN_P_0931,LOC_0006,2026-09-15 05:00:00,residence
VISIT_06389,SYN_P_0600,LOC_0027,2025-10-21 20:00:00,delivery
VISIT_06390,SYN_P_0868,LOC_0035,2025-10-11 04:00:00,business
VISIT_06391,SYN_P_0171,LOC_0024,2026-04-19 03:00:00,travel
VISIT_06392,SYN_P_0903,LOC_0068,2026-01-06 22:00:00,travel
VISIT_06393,SYN_P_0427,LOC_0073,2026-03-07 14:00:00,residence
VISIT_06394,SYN_P_0047,LOC_0024,2025-06-14 10:00:00,travel
VISIT_06395,SYN_P_0442,LOC_0057,2025-03-26 06:00:00,meeting
VISIT_06396,SYN_P_0438,LOC_0005,2024-09-11 01:00:00,travel
VISIT_06397,SYN_P_0001,LOC_0057,2025-04-22 01:00:00,business
VISIT_06398,SYN_P_0704,LOC_0015,2026-01-26 21:00:00,business
VISIT_06399,SYN_P_1004,LOC_0021,2024-07-27 09:00:00,meeting
VISIT_06400,SYN_P_0775,LOC_0030,2024-04-07 14:00:00,delivery
VISIT_06401,SYN_P_0397,LOC_0042,2024-10-27 00:00:00,meeting
VISIT_06402,SYN_P_1026,LOC_0066,2024-01-08 10:00:00,business
VISIT_06403,SYN_P_0809,LOC_0025,2024-07-15 08:00:00,business
VISIT_06404,SYN_P_0786,LOC_0032,2025-06-23 22:00:00,delivery
VISIT_06405,SYN_P_0510,LOC_0029,2024-08-07 17:00:00,residence
VISIT_06406,SYN_P_0248,LOC_0074,2024-05-05 13:00:00,travel
VISIT_06407,SYN_P_0275,LOC_0008,2024-10-19 18:00:00,delivery
VISIT_06408,SYN_P_0829,LOC_0070,2026-09-27 23:00:00,meeting
VISIT_06409,SYN_P_0942,LOC_0011,2024-11-07 06:00:00,travel
VISIT_06410,SYN_P_0235,LOC_0080,2025-03-16 20:00:00,delivery
VISIT_06411,SYN_P_0371,LOC_0056,2025-01-20 15:00:00,business
VISIT_06412,SYN_P_0518,LOC_0055,2026-10-10 19:00:00,meeting
VISIT_06413,SYN_P_0574,LOC_0010,2025-07-07 19:00:00,meeting
VISIT_06414,SYN_P_0517,LOC_0084,2024-06-05 03:00:00,residence
VISIT_06415,SYN_P_0221,LOC_0084,2025-11-16 19:00:00,travel
VISIT_06416,SYN_P_0786,LOC_0065,2025-11-29 08:00:00,residence
VISIT_06417,SYN_P_0712,LOC_0024,2026-08-13 16:00:00,delivery
VISIT_06418,SYN_P_0329,LOC_0078,2026-10-31 05:00:00,business
VISIT_06419,SYN_P_0167,LOC_0037,2024-10-15 18:00:00,residence
VISIT_06420,SYN_P_0400,LOC_0076,2026-02-14 17:00:00,business
VISIT_06421,SYN_P_0035,LOC_0049,2026-05-10 04:00:00,business
VISIT_06422,SYN_P_0780,LOC_0069,2024-10-08 05:00:00,business
VISIT_06423,SYN_P_1022,LOC_0083,2025-01-04 20:00:00,delivery
VISIT_06424,SYN_P_0443,LOC_0063,2025-10-27 10:00:00,delivery
VISIT_06425,SYN_P_0815,LOC_0034,2024-09-07 00:00:00,residence
VISIT_06426,SYN_P_0745,LOC_0066,2026-04-02 10:00:00,residence
VISIT_06427,SYN_P_1030,LOC_0040,2024-11-06 04:00:00,business
VISIT_06428,SYN_P_0824,LOC_0077,2025-10-19 18:00:00,delivery
VISIT_06429,SYN_P_0974,LOC_0023,2024-07-03 07:00:00,delivery
VISIT_06430,SYN_P_0690,LOC_0083,2025-12-03 05:00:00,travel
VISIT_06431,SYN_P_0511,LOC_0037,2024-01-12 20:00:00,travel
VISIT_06432,SYN_P_0389,LOC_0061,2024-06-18 12:00:00,delivery
VISIT_06433,SYN_P_0093,LOC_0047,2024-01-14 05:00:00,meeting
VISIT_06434,SYN_P_0950,LOC_0083,2024-04-10 02:00:00,meeting
VISIT_06435,SYN_P_0198,LOC_0025,2024-04-25 03:00:00,residence
VISIT_06436,SYN_P_0332,LOC_0030,2026-01-21 10:00:00,business
VISIT_06437,SYN_P_0282,LOC_0025,2026-04-30 19:00:00,delivery
VISIT_06438,SYN_P_0676,LOC_0022,2025-05-07 00:00:00,delivery
VISIT_06439,SYN_P_0964,LOC_0075,2026-02-27 12:00:00,travel
VISIT_06440,SYN_P_0637,LOC_0004,2024-04-22 23:00:00,business
VISIT_06441,SYN_P_0717,LOC_0053,2024-05-14 13:00:00,delivery
VISIT_06442,SYN_P_0727,LOC_0080,2024-09-17 16:00:00,delivery
VISIT_06443,SYN_P_0516,LOC_0018,2025-09-20 02:00:00,residence
VISIT_06444,SYN_P_0922,LOC_0011,2025-12-10 02:00:00,meeting
VISIT_06445,SYN_P_0491,LOC_0039,2026-07-07 13:00:00,business
VISIT_06446,SYN_P_0319,LOC_0022,2024-07-19 10:00:00,meeting
VISIT_06447,SYN_P_0736,LOC_0029,2024-02-24 15:00:00,travel
VISIT_06448,SYN_P_0862,LOC_0055,2026-04-30 16:00:00,travel
VISIT_06449,SYN_P_0059,LOC_0023,2025-12-10 10:00:00,delivery
VISIT_06450,SYN_P_1028,LOC_0028,2025-06-24 07:00:00,business
VISIT_06451,SYN_P_0119,LOC_0068,2026-07-08 21:00:00,business
VISIT_06452,SYN_P_0503,LOC_0063,2025-08-04 23:00:00,meeting
VISIT_06453,SYN_P_0120,LOC_0069,2024-09-10 12:00:00,business
VISIT_06454,SYN_P_0337,LOC_0009,2025-04-25 04:00:00,delivery
VISIT_06455,SYN_P_0903,LOC_0033,2024-10-29 20:00:00,residence
VISIT_06456,SYN_P_0841,LOC_0018,2025-11-13 07:00:00,residence
VISIT_06457,SYN_P_0994,LOC_0003,2025-01-02 06:00:00,meeting
VISIT_06458,SYN_P_0556,LOC_0067,2025-04-06 16:00:00,meeting
VISIT_06459,SYN_P_0218,LOC_0069,2025-05-04 05:00:00,business
VISIT_06460,SYN_P_0338,LOC_0047,2024-03-22 16:00:00,meeting
VISIT_06461,SYN_P_0002,LOC_0015,2025-06-18 21:00:00,delivery
VISIT_06462,SYN_P_0442,LOC_0061,2025-05-15 02:00:00,meeting
VISIT_06463,SYN_P_0081,LOC_0059,2025-04-13 19:00:00,travel
VISIT_06464,SYN_P_0917,LOC_0038,2025-06-07 18:00:00,meeting
VISIT_06465,SYN_P_0304,LOC_0034,2026-03-19 19:00:00,residence
VISIT_06466,SYN_P_0557,LOC_0065,2026-04-20 17:00:00,meeting
VISIT_06467,SYN_P_0577,LOC_0027,2024-10-06 12:00:00,delivery
VISIT_06468,SYN_P_0940,LOC_0043,2026-01-18 06:00:00,travel
VISIT_06469,SYN_P_0702,LOC_0081,2024-07-08 16:00:00,delivery
VISIT_06470,SYN_P_0141,LOC_0044,2026-02-12 18:00:00,business
VISIT_06471,SYN_P_0784,LOC_0053,2024-02-15 05:00:00,business
VISIT_06472,SYN_P_0706,LOC_0071,2024-05-21 07:00:00,residence
VISIT_06473,SYN_P_0960,LOC_0082,2026-09-28 14:00:00,travel
VISIT_06474,SYN_P_0980,LOC_0015,2024-10-07 14:00:00,residence
VISIT_06475,SYN_P_1010,LOC_0001,2025-08-08 06:00:00,delivery
VISIT_06476,SYN_P_0338,LOC_0060,2025-02-16 10:00:00,meeting
VISIT_06477,SYN_P_1010,LOC_0073,2025-11-08 11:00:00,meeting
VISIT_06478,SYN_P_0524,LOC_0035,2024-03-16 00:00:00,residence
VISIT_06479,SYN_P_0079,LOC_0069,2024-09-12 05:00:00,residence
VISIT_06480,SYN_P_0847,LOC_0025,2025-01-27 10:00:00,residence
VISIT_06481,SYN_P_0534,LOC_0075,2024-06-29 01:00:00,business
VISIT_06482,SYN_P_0174,LOC_0066,2026-03-13 18:00:00,business
VISIT_06483,SYN_P_0848,LOC_0015,2024-03-22 21:00:00,residence
VISIT_06484,SYN_P_0629,LOC_0033,2025-03-04 18:00:00,meeting
VISIT_06485,SYN_P_0497,LOC_0060,2024-01-05 17:00:00,travel
VISIT_06486,SYN_P_0661,LOC_0041,2024-11-23 11:00:00,residence
VISIT_06487,SYN_P_0805,LOC_0081,2024-07-03 20:00:00,travel
VISIT_06488,SYN_P_0176,LOC_0083,2024-03-10 06:00:00,meeting
VISIT_06489,SYN_P_0526,LOC_0039,2025-09-30 09:00:00,residence
VISIT_06490,SYN_P_0003,LOC_0026,2025-05-18 20:00:00,delivery
VISIT_06491,SYN_P_0052,LOC_0077,2025-12-16 07:00:00,residence
VISIT_06492,SYN_P_0990,LOC_0048,2024-09-17 02:00:00,travel
VISIT_06493,SYN_P_0820,LOC_0012,2024-12-15 02:00:00,delivery
VISIT_06494,SYN_P_0476,LOC_0007,2024-06-06 13:00:00,delivery
VISIT_06495,SYN_P_0803,LOC_0047,2025-01-15 05:00:00,delivery
VISIT_06496,SYN_P_0279,LOC_0022,2026-07-24 03:00:00,business
VISIT_06497,SYN_P_1039,LOC_0039,2026-04-17 14:00:00,meeting
VISIT_06498,SYN_P_0388,LOC_0034,2025-01-20 23:00:00,meeting
VISIT_06499,SYN_P_0666,LOC_0006,2026-03-14 18:00:00,business
VISIT_06500,SYN_P_0373,LOC_0057,2024-07-23 23:00:00,delivery
VISIT_06501,SYN_P_0857,LOC_0003,2025-12-16 08:00:00,residence
VISIT_06502,SYN_P_0748,LOC_0063,2025-11-09 14:00:00,delivery
VISIT_06503,SYN_P_0411,LOC_0019,2024-02-05 22:00:00,residence
VISIT_06504,SYN_P_0100,LOC_0019,2024-12-19 05:00:00,meeting
VISIT_06505,SYN_P_0566,LOC_0053,2024-12-13 20:00:00,business
VISIT_06506,SYN_P_0236,LOC_0001,2024-04-08 01:00:00,residence
VISIT_06507,SYN_P_0569,LOC_0048,2024-07-21 06:00:00,meeting
VISIT_06508,SYN_P_0086,LOC_0058,2024-04-14 20:00:00,residence
VISIT_06509,SYN_P_0999,LOC_0045,2024-09-18 02:00:00,travel
VISIT_06510,SYN_P_0698,LOC_0036,2024-03-09 20:00:00,business
VISIT_06511,SYN_P_0895,LOC_0020,2026-03-16 09:00:00,travel
VISIT_06512,SYN_P_0206,LOC_0034,2024-10-06 21:00:00,business
VISIT_06513,SYN_P_0516,LOC_0017,2024-11-14 06:00:00,residence
VISIT_06514,SYN_P_0949,LOC_0041,2025-11-17 18:00:00,business
VISIT_06515,SYN_P_0080,LOC_0071,2024-07-06 08:00:00,meeting
VISIT_06516,SYN_P_0043,LOC_0007,2024-09-24 14:00:00,travel
VISIT_06517,SYN_P_0470,LOC_0043,2024-04-28 13:00:00,meeting
VISIT_06518,SYN_P_0096,LOC_0080,2024-12-24 16:00:00,meeting
VISIT_06519,SYN_P_0440,LOC_0047,2024-04-25 15:00:00,business
VISIT_06520,SYN_P_0752,LOC_0060,2026-10-19 15:00:00,travel
VISIT_06521,SYN_P_0280,LOC_0012,2025-08-25 13:00:00,business
VISIT_06522,SYN_P_0877,LOC_0039,2024-09-02 20:00:00,residence
VISIT_06523,SYN_P_0304,LOC_0080,2026-03-02 12:00:00,meeting
VISIT_06524,SYN_P_1004,LOC_0083,2025-11-04 18:00:00,meeting
VISIT_06525,SYN_P_0326,LOC_0018,2024-06-02 14:00:00,business
VISIT_06526,SYN_P_0646,LOC_0026,2025-01-29 03:00:00,residence
VISIT_06527,SYN_P_0484,LOC_0035,2024-07-24 10:00:00,travel
VISIT_06528,SYN_P_0955,LOC_0034,2024-01-24 03:00:00,residence
VISIT_06529,SYN_P_0545,LOC_0032,2024-10-11 00:00:00,delivery
VISIT_06530,SYN_P_0539,LOC_0052,2024-01-05 11:00:00,residence
VISIT_06531,SYN_P_0937,LOC_0082,2024-12-30 08:00:00,business
VISIT_06532,SYN_P_1036,LOC_0040,2025-05-04 06:00:00,business
VISIT_06533,SYN_P_0763,LOC_0059,2025-09-15 21:00:00,delivery
VISIT_06534,SYN_P_0035,LOC_0007,2025-11-18 06:00:00,travel
VISIT_06535,SYN_P_0014,LOC_0078,2024-08-19 16:00:00,meeting
VISIT_06536,SYN_P_0617,LOC_0063,2025-06-06 21:00:00,travel
VISIT_06537,SYN_P_0347,LOC_0048,2026-07-16 03:00:00,business
VISIT_06538,SYN_P_0654,LOC_0048,2026-01-31 23:00:00,meeting
VISIT_06539,SYN_P_0616,LOC_0036,2025-03-09 04:00:00,delivery
VISIT_06540,SYN_P_0154,LOC_0076,2025-07-13 13:00:00,delivery
VISIT_06541,SYN_P_0136,LOC_0017,2024-01-08 17:00:00,travel
VISIT_06542,SYN_P_0218,LOC_0007,2024-03-24 13:00:00,delivery
VISIT_06543,SYN_P_0580,LOC_0057,2025-02-05 05:00:00,travel
VISIT_06544,SYN_P_0098,LOC_0082,2025-09-26 23:00:00,meeting
VISIT_06545,SYN_P_0779,LOC_0006,2024-04-27 01:00:00,business
VISIT_06546,SYN_P_0158,LOC_0027,2025-04-19 16:00:00,residence
VISIT_06547,SYN_P_0019,LOC_0012,2026-03-25 02:00:00,delivery
VISIT_06548,SYN_P_0619,LOC_0083,2026-01-09 22:00:00,residence
VISIT_06549,SYN_P_0836,LOC_0011,2024-01-16 14:00:00,residence
VISIT_06550,SYN_P_0760,LOC_0082,2024-09-26 01:00:00,business
VISIT_06551,SYN_P_0135,LOC_0059,2024-01-18 23:00:00,delivery
VISIT_06552,SYN_P_0460,LOC_0074,2025-01-30 15:00:00,business
VISIT_06553,SYN_P_0820,LOC_0030,2024-07-28 18:00:00,business
VISIT_06554,SYN_P_0523,LOC_0039,2026-09-11 05:00:00,delivery
VISIT_06555,SYN_P_0065,LOC_0029,2025-03-24 05:00:00,travel
VISIT_06556,SYN_P_0689,LOC_0067,2025-03-28 11:00:00,delivery
VISIT_06557,SYN_P_0094,LOC_0022,2026-08-06 13:00:00,delivery
VISIT_06558,SYN_P_0721,LOC_0061,2025-10-10 04:00:00,delivery
VISIT_06559,SYN_P_0359,LOC_0079,2024-03-26 01:00:00,travel
VISIT_06560,SYN_P_0266,LOC_0069,2024-06-05 19:00:00,delivery
VISIT_06561,SYN_P_0704,LOC_0047,2024-02-20 01:00:00,meeting
VISIT_06562,SYN_P_0777,LOC_0082,2024-02-10 18:00:00,business
VISIT_06563,SYN_P_0458,LOC_0041,2026-02-20 18:00:00,delivery
VISIT_06564,SYN_P_0126,LOC_0039,2026-03-08 00:00:00,business
VISIT_06565,SYN_P_0992,LOC_0061,2025-12-13 06:00:00,delivery
VISIT_06566,SYN_P_0453,LOC_0026,2024-09-24 14:00:00,business
VISIT_06567,SYN_P_0179,LOC_0016,2025-06-14 01:00:00,delivery
VISIT_06568,SYN_P_0842,LOC_0025,2025-06-20 20:00:00,delivery
VISIT_06569,SYN_P_0385,LOC_0004,2024-07-15 10:00:00,meeting
VISIT_06570,SYN_P_0342,LOC_0041,2025-06-12 19:00:00,meeting
VISIT_06571,SYN_P_0986,LOC_0072,2025-08-31 08:00:00,delivery
VISIT_06572,SYN_P_0372,LOC_0004,2026-10-18 19:00:00,delivery
VISIT_06573,SYN_P_0764,LOC_0025,2025-07-31 15:00:00,delivery
VISIT_06574,SYN_P_0840,LOC_0013,2024-04-12 14:00:00,meeting
VISIT_06575,SYN_P_0097,LOC_0082,2026-01-04 19:00:00,travel
VISIT_06576,SYN_P_0508,LOC_0025,2025-11-22 06:00:00,meeting
VISIT_06577,SYN_P_0143,LOC_0042,2024-03-13 20:00:00,travel
VISIT_06578,SYN_P_0617,LOC_0014,2025-08-29 21:00:00,business
VISIT_06579,SYN_P_0944,LOC_0002,2025-04-17 12:00:00,delivery
VISIT_06580,SYN_P_0298,LOC_0020,2026-06-09 06:00:00,meeting
VISIT_06581,SYN_P_0533,LOC_0027,2025-12-18 05:00:00,business
VISIT_06582,SYN_P_0927,LOC_0079,2025-12-21 11:00:00,travel
VISIT_06583,SYN_P_0653,LOC_0022,2025-08-29 04:00:00,travel
VISIT_06584,SYN_P_1031,LOC_0023,2025-02-13 18:00:00,delivery
VISIT_06585,SYN_P_0713,LOC_0014,2025-12-20 00:00:00,meeting
VISIT_06586,SYN_P_0431,LOC_0003,2026-08-14 08:00:00,residence
VISIT_06587,SYN_P_0560,LOC_0033,2025-09-27 08:00:00,residence
VISIT_06588,SYN_P_0701,LOC_0060,2024-12-27 15:00:00,meeting
VISIT_06589,SYN_P_0746,LOC_0063,2024-01-22 11:00:00,meeting
VISIT_06590,SYN_P_1032,LOC_0074,2026-02-06 19:00:00,delivery
VISIT_06591,SYN_P_0332,LOC_0016,2026-07-22 22:00:00,delivery
VISIT_06592,SYN_P_0280,LOC_0084,2026-03-31 20:00:00,delivery
VISIT_06593,SYN_P_0158,LOC_0059,2025-08-13 15:00:00,travel
VISIT_06594,SYN_P_0623,LOC_0083,2026-03-20 11:00:00,delivery
VISIT_06595,SYN_P_0601,LOC_0064,2026-03-08 16:00:00,delivery
VISIT_06596,SYN_P_0103,LOC_0043,2025-04-11 07:00:00,residence
VISIT_06597,SYN_P_0731,LOC_0047,2025-08-31 03:00:00,business
VISIT_06598,SYN_P_0222,LOC_0049,2025-02-04 03:00:00,residence
VISIT_06599,SYN_P_0982,LOC_0084,2026-07-28 19:00:00,meeting
VISIT_06600,SYN_P_0347,LOC_0062,2026-03-13 13:00:00,business
VISIT_06601,SYN_P_0740,LOC_0005,2024-10-15 07:00:00,business
VISIT_06602,SYN_P_0389,LOC_0040,2024-01-10 07:00:00,residence
VISIT_06603,SYN_P_0269,LOC_0047,2024-10-15 15:00:00,travel
VISIT_06604,SYN_P_0020,LOC_0052,2024-07-08 16:00:00,business
VISIT_06605,SYN_P_0680,LOC_0015,2026-02-05 17:00:00,business
VISIT_06606,SYN_P_0592,LOC_0001,2025-11-24 01:00:00,meeting
VISIT_06607,SYN_P_0946,LOC_0046,2025-09-12 18:00:00,delivery
VISIT_06608,SYN_P_0753,LOC_0028,2025-04-17 22:00:00,travel
VISIT_06609,SYN_P_0919,LOC_0040,2025-06-04 01:00:00,business
VISIT_06610,SYN_P_0821,LOC_0073,2025-12-15 03:00:00,delivery
VISIT_06611,SYN_P_0036,LOC_0058,2025-09-06 06:00:00,meeting
VISIT_06612,SYN_P_0259,LOC_0036,2026-10-28 10:00:00,residence
VISIT_06613,SYN_P_0078,LOC_0031,2024-05-01 02:00:00,residence
VISIT_06614,SYN_P_0117,LOC_0007,2026-10-26 04:00:00,travel
VISIT_06615,SYN_P_0617,LOC_0037,2024-08-16 09:00:00,travel
VISIT_06616,SYN_P_0507,LOC_0078,2025-05-12 18:00:00,meeting
VISIT_06617,SYN_P_0146,LOC_0049,2025-03-06 07:00:00,delivery
VISIT_06618,SYN_P_0548,LOC_0062,2025-12-14 15:00:00,meeting
VISIT_06619,SYN_P_0364,LOC_0079,2026-05-20 22:00:00,meeting
VISIT_06620,SYN_P_0456,LOC_0021,2026-07-23 22:00:00,meeting
VISIT_06621,SYN_P_0683,LOC_0032,2024-04-22 09:00:00,residence
VISIT_06622,SYN_P_0231,LOC_0068,2024-12-06 12:00:00,residence
VISIT_06623,SYN_P_0126,LOC_0082,2026-08-27 18:00:00,residence
VISIT_06624,SYN_P_0852,LOC_0069,2025-06-14 20:00:00,residence
VISIT_06625,SYN_P_0614,LOC_0069,2025-09-25 20:00:00,business
VISIT_06626,SYN_P_0362,LOC_0027,2024-10-08 20:00:00,travel
VISIT_06627,SYN_P_0740,LOC_0040,2024-05-17 05:00:00,travel
VISIT_06628,SYN_P_0298,LOC_0083,2026-03-26 22:00:00,travel
VISIT_06629,SYN_P_0456,LOC_0009,2025-02-03 07:00:00,residence
VISIT_06630,SYN_P_0226,LOC_0057,2026-03-12 00:00:00,residence
VISIT_06631,SYN_P_0020,LOC_0041,2026-02-01 20:00:00,business
VISIT_06632,SYN_P_0521,LOC_0003,2026-05-07 05:00:00,business
VISIT_06633,SYN_P_0064,LOC_0014,2026-09-30 05:00:00,travel
VISIT_06634,SYN_P_0973,LOC_0003,2025-08-17 11:00:00,residence
VISIT_06635,SYN_P_0186,LOC_0002,2025-10-10 00:00:00,meeting
VISIT_06636,SYN_P_0962,LOC_0014,2026-10-03 14:00:00,travel
VISIT_06637,SYN_P_0768,LOC_0069,2025-04-02 12:00:00,meeting
VISIT_06638,SYN_P_0644,LOC_0018,2026-01-05 22:00:00,meeting
VISIT_06639,SYN_P_0222,LOC_0029,2026-01-16 12:00:00,meeting
VISIT_06640,SYN_P_0231,LOC_0080,2026-01-22 03:00:00,meeting
VISIT_06641,SYN_P_0932,LOC_0046,2025-08-23 19:00:00,travel
VISIT_06642,SYN_P_0277,LOC_0024,2024-03-28 06:00:00,delivery
VISIT_06643,SYN_P_1021,LOC_0055,2026-07-11 20:00:00,meeting
VISIT_06644,SYN_P_0937,LOC_0082,2025-10-02 15:00:00,business
VISIT_06645,SYN_P_0968,LOC_0063,2025-10-20 12:00:00,delivery
VISIT_06646,SYN_P_0798,LOC_0057,2026-04-09 10:00:00,travel
VISIT_06647,SYN_P_0842,LOC_0081,2024-05-31 07:00:00,meeting
VISIT_06648,SYN_P_0430,LOC_0056,2024-06-13 14:00:00,delivery
VISIT_06649,SYN_P_0895,LOC_0009,2026-04-19 07:00:00,residence
VISIT_06650,SYN_P_0906,LOC_0015,2026-02-26 19:00:00,travel
VISIT_06651,SYN_P_0765,LOC_0048,2026-01-27 18:00:00,delivery
VISIT_06652,SYN_P_1027,LOC_0070,2025-04-30 04:00:00,meeting
VISIT_06653,SYN_P_0894,LOC_0020,2026-03-06 22:00:00,business
VISIT_06654,SYN_P_0245,LOC_0042,2024-01-08 07:00:00,delivery
VISIT_06655,SYN_P_0118,LOC_0019,2025-10-06 17:00:00,travel
VISIT_06656,SYN_P_0807,LOC_0009,2025-04-15 21:00:00,delivery
VISIT_06657,SYN_P_0153,LOC_0001,2024-04-23 07:00:00,travel
VISIT_06658,SYN_P_0891,LOC_0018,2026-05-05 16:00:00,residence
VISIT_06659,SYN_P_0301,LOC_0028,2024-12-24 12:00:00,business
VISIT_06660,SYN_P_0706,LOC_0046,2025-08-07 05:00:00,delivery
VISIT_06661,SYN_P_0683,LOC_0076,2026-05-25 14:00:00,business
VISIT_06662,SYN_P_0841,LOC_0011,2024-03-12 10:00:00,travel
VISIT_06663,SYN_P_0352,LOC_0026,2025-12-21 21:00:00,delivery
VISIT_06664,SYN_P_0401,LOC_0018,2025-08-05 02:00:00,meeting
VISIT_06665,SYN_P_0660,LOC_0003,2024-12-12 09:00:00,meeting
VISIT_06666,SYN_P_0295,LOC_0043,2024-05-16 17:00:00,meeting
VISIT_06667,SYN_P_0033,LOC_0058,2026-08-07 05:00:00,travel
VISIT_06668,SYN_P_0143,LOC_0031,2024-02-25 15:00:00,meeting
VISIT_06669,SYN_P_0160,LOC_0029,2026-09-16 08:00:00,meeting
VISIT_06670,SYN_P_0189,LOC_0052,2025-09-27 02:00:00,residence
VISIT_06671,SYN_P_0300,LOC_0077,2024-05-17 07:00:00,travel
VISIT_06672,SYN_P_0388,LOC_0024,2024-07-13 20:00:00,travel
VISIT_06673,SYN_P_0216,LOC_0065,2024-06-06 11:00:00,meeting
VISIT_06674,SYN_P_0733,LOC_0053,2024-11-24 08:00:00,residence
VISIT_06675,SYN_P_0734,LOC_0049,2024-02-10 20:00:00,business
VISIT_06676,SYN_P_0716,LOC_0068,2026-06-21 04:00:00,travel
VISIT_06677,SYN_P_0192,LOC_0039,2025-01-25 08:00:00,travel
VISIT_06678,SYN_P_0118,LOC_0023,2026-07-30 06:00:00,delivery
VISIT_06679,SYN_P_0778,LOC_0008,2024-09-16 01:00:00,residence
VISIT_06680,SYN_P_0651,LOC_0028,2025-02-03 19:00:00,delivery
VISIT_06681,SYN_P_0486,LOC_0041,2024-07-14 20:00:00,delivery
VISIT_06682,SYN_P_0781,LOC_0078,2024-05-29 01:00:00,business
VISIT_06683,SYN_P_0008,LOC_0043,2024-01-26 14:00:00,delivery
VISIT_06684,SYN_P_0435,LOC_0037,2026-04-05 14:00:00,meeting
VISIT_06685,SYN_P_0854,LOC_0032,2026-07-25 16:00:00,travel
VISIT_06686,SYN_P_0080,LOC_0010,2025-07-11 13:00:00,delivery
VISIT_06687,SYN_P_0248,LOC_0057,2025-04-20 18:00:00,meeting
VISIT_06688,SYN_P_0179,LOC_0015,2026-08-13 19:00:00,business
VISIT_06689,SYN_P_0333,LOC_0069,2024-01-30 16:00:00,business
VISIT_06690,SYN_P_1027,LOC_0008,2026-10-21 05:00:00,meeting
VISIT_06691,SYN_P_0939,LOC_0077,2024-04-10 11:00:00,delivery
VISIT_06692,SYN_P_0237,LOC_0076,2024-03-31 15:00:00,meeting
VISIT_06693,SYN_P_0423,LOC_0051,2024-04-08 19:00:00,meeting
VISIT_06694,SYN_P_0287,LOC_0017,2025-01-28 13:00:00,business
VISIT_06695,SYN_P_0136,LOC_0014,2024-05-03 02:00:00,residence
VISIT_06696,SYN_P_0184,LOC_0083,2024-03-14 15:00:00,business
VISIT_06697,SYN_P_0682,LOC_0057,2026-10-04 13:00:00,business
VISIT_06698,SYN_P_0152,LOC_0079,2026-05-06 21:00:00,meeting
VISIT_06699,SYN_P_0186,LOC_0073,2026-05-20 15:00:00,travel
VISIT_06700,SYN_P_0330,LOC_0025,2025-01-18 10:00:00,meeting
VISIT_06701,SYN_P_1020,LOC_0051,2024-08-29 20:00:00,residence
VISIT_06702,SYN_P_0616,LOC_0055,2025-11-06 05:00:00,delivery
VISIT_06703,SYN_P_0593,LOC_0002,2026-07-26 06:00:00,residence
VISIT_06704,SYN_P_1018,LOC_0016,2024-02-17 21:00:00,meeting
VISIT_06705,SYN_P_0515,LOC_0065,2026-02-16 04:00:00,meeting
VISIT_06706,SYN_P_0678,LOC_0043,2024-09-25 03:00:00,business
VISIT_06707,SYN_P_0701,LOC_0071,2025-09-11 13:00:00,meeting
VISIT_06708,SYN_P_0896,LOC_0076,2025-06-15 23:00:00,travel
VISIT_06709,SYN_P_0887,LOC_0051,2025-12-22 18:00:00,residence
VISIT_06710,SYN_P_0818,LOC_0032,2026-03-02 14:00:00,business
VISIT_06711,SYN_P_0227,LOC_0033,2026-01-12 22:00:00,meeting
VISIT_06712,SYN_P_0997,LOC_0027,2025-05-20 13:00:00,residence
VISIT_06713,SYN_P_0338,LOC_0031,2024-10-22 22:00:00,residence
VISIT_06714,SYN_P_0650,LOC_0008,2025-08-05 06:00:00,meeting
VISIT_06715,SYN_P_0964,LOC_0057,2025-09-17 01:00:00,residence
VISIT_06716,SYN_P_0157,LOC_0006,2024-09-14 22:00:00,delivery
VISIT_06717,SYN_P_0394,LOC_0048,2024-03-06 12:00:00,delivery
VISIT_06718,SYN_P_0040,LOC_0029,2026-04-28 02:00:00,meeting
VISIT_06719,SYN_P_0793,LOC_0023,2024-11-03 13:00:00,travel
VISIT_06720,SYN_P_0258,LOC_0045,2025-02-27 08:00:00,business
VISIT_06721,SYN_P_0488,LOC_0061,2024-05-27 23:00:00,business
VISIT_06722,SYN_P_0854,LOC_0049,2024-12-03 06:00:00,delivery
VISIT_06723,SYN_P_1026,LOC_0065,2024-07-22 20:00:00,meeting
VISIT_06724,SYN_P_0478,LOC_0025,2025-07-23 16:00:00,delivery
VISIT_06725,SYN_P_0165,LOC_0041,2025-11-24 05:00:00,travel
VISIT_06726,SYN_P_0174,LOC_0060,2024-09-11 00:00:00,travel
VISIT_06727,SYN_P_0621,LOC_0006,2025-07-25 01:00:00,meeting
VISIT_06728,SYN_P_0513,LOC_0038,2026-09-25 16:00:00,business
VISIT_06729,SYN_P_1030,LOC_0052,2024-08-12 04:00:00,meeting
VISIT_06730,SYN_P_0490,LOC_0057,2025-10-29 09:00:00,meeting
VISIT_06731,SYN_P_0616,LOC_0032,2024-02-07 22:00:00,meeting
VISIT_06732,SYN_P_0126,LOC_0057,2025-02-17 10:00:00,meeting
VISIT_06733,SYN_P_0052,LOC_0037,2024-10-17 08:00:00,residence
VISIT_06734,SYN_P_0223,LOC_0074,2024-01-22 15:00:00,travel
VISIT_06735,SYN_P_0483,LOC_0010,2026-10-02 09:00:00,residence
VISIT_06736,SYN_P_0063,LOC_0057,2025-04-03 06:00:00,meeting
VISIT_06737,SYN_P_0359,LOC_0008,2024-04-03 03:00:00,meeting
VISIT_06738,SYN_P_0920,LOC_0042,2024-04-04 14:00:00,residence
VISIT_06739,SYN_P_0649,LOC_0028,2026-05-11 02:00:00,residence
VISIT_06740,SYN_P_0816,LOC_0082,2024-09-01 12:00:00,meeting
VISIT_06741,SYN_P_0366,LOC_0065,2025-11-20 11:00:00,travel
VISIT_06742,SYN_P_1014,LOC_0053,2026-05-22 23:00:00,travel
VISIT_06743,SYN_P_0147,LOC_0020,2025-03-22 06:00:00,business
VISIT_06744,SYN_P_0108,LOC_0055,2024-09-24 11:00:00,business
VISIT_06745,SYN_P_0162,LOC_0060,2024-03-08 10:00:00,delivery
VISIT_06746,SYN_P_0779,LOC_0050,2025-07-12 17:00:00,delivery
VISIT_06747,SYN_P_0835,LOC_0026,2026-10-22 10:00:00,delivery
VISIT_06748,SYN_P_0491,LOC_0001,2024-05-21 09:00:00,delivery
VISIT_06749,SYN_P_0827,LOC_0025,2026-06-24 02:00:00,residence
VISIT_06750,SYN_P_0958,LOC_0045,2025-04-14 01:00:00,business
VISIT_06751,SYN_P_0289,LOC_0039,2024-05-13 07:00:00,delivery
VISIT_06752,SYN_P_0727,LOC_0002,2025-12-19 07:00:00,business
VISIT_06753,SYN_P_0445,LOC_0037,2026-04-09 01:00:00,residence
VISIT_06754,SYN_P_0839,LOC_0008,2026-05-08 18:00:00,travel
VISIT_06755,SYN_P_0441,LOC_0047,2025-07-14 21:00:00,delivery
VISIT_06756,SYN_P_0508,LOC_0072,2024-01-31 16:00:00,business
VISIT_06757,SYN_P_0506,LOC_0054,2024-06-21 15:00:00,business
VISIT_06758,SYN_P_0684,LOC_0059,2026-10-06 18:00:00,residence
VISIT_06759,SYN_P_0308,LOC_0040,2026-09-09 03:00:00,business
VISIT_06760,SYN_P_0585,LOC_0027,2026-05-27 23:00:00,travel
VISIT_06761,SYN_P_0991,LOC_0082,2025-06-13 01:00:00,business
VISIT_06762,SYN_P_0400,LOC_0021,2025-10-21 01:00:00,meeting
VISIT_06763,SYN_P_0544,LOC_0059,2024-11-17 06:00:00,delivery
VISIT_06764,SYN_P_0208,LOC_0035,2026-02-01 06:00:00,travel
VISIT_06765,SYN_P_0755,LOC_0034,2026-07-01 22:00:00,business
VISIT_06766,SYN_P_0345,LOC_0060,2025-05-20 17:00:00,meeting
VISIT_06767,SYN_P_0637,LOC_0058,2024-06-05 23:00:00,business
VISIT_06768,SYN_P_0666,LOC_0084,2024-07-03 01:00:00,residence
VISIT_06769,SYN_P_0388,LOC_0081,2025-01-06 06:00:00,residence
VISIT_06770,SYN_P_0167,LOC_0002,2024-08-24 17:00:00,meeting
VISIT_06771,SYN_P_0336,LOC_0038,2025-09-04 02:00:00,travel
VISIT_06772,SYN_P_0832,LOC_0001,2025-04-20 14:00:00,delivery
VISIT_06773,SYN_P_1004,LOC_0072,2025-12-07 20:00:00,business
VISIT_06774,SYN_P_0361,LOC_0073,2026-08-06 04:00:00,residence
VISIT_06775,SYN_P_0703,LOC_0043,2026-04-27 02:00:00,delivery
VISIT_06776,SYN_P_0695,LOC_0014,2024-10-31 21:00:00,meeting
VISIT_06777,SYN_P_0380,LOC_0052,2024-02-06 06:00:00,residence
VISIT_06778,SYN_P_0272,LOC_0029,2024-08-05 20:00:00,meeting
VISIT_06779,SYN_P_0106,LOC_0013,2024-06-28 04:00:00,travel
VISIT_06780,SYN_P_0740,LOC_0042,2024-12-31 02:00:00,meeting
VISIT_06781,SYN_P_0786,LOC_0080,2024-06-23 08:00:00,residence
VISIT_06782,SYN_P_0861,LOC_0006,2025-11-23 22:00:00,meeting
VISIT_06783,SYN_P_0231,LOC_0023,2024-05-23 02:00:00,travel
VISIT_06784,SYN_P_0176,LOC_0042,2026-09-08 10:00:00,residence
VISIT_06785,SYN_P_0389,LOC_0033,2026-01-11 16:00:00,delivery
VISIT_06786,SYN_P_0937,LOC_0023,2024-12-27 06:00:00,meeting
VISIT_06787,SYN_P_0343,LOC_0004,2026-01-26 19:00:00,business
VISIT_06788,SYN_P_0855,LOC_0034,2024-01-18 01:00:00,business
VISIT_06789,SYN_P_0390,LOC_0063,2024-02-15 01:00:00,travel
VISIT_06790,SYN_P_0093,LOC_0065,2026-01-11 16:00:00,business
VISIT_06791,SYN_P_0696,LOC_0007,2024-11-04 20:00:00,residence
VISIT_06792,SYN_P_0150,LOC_0003,2025-02-14 05:00:00,business
VISIT_06793,SYN_P_0523,LOC_0001,2025-12-20 16:00:00,delivery
VISIT_06794,SYN_P_0956,LOC_0061,2024-05-02 01:00:00,residence
VISIT_06795,SYN_P_0764,LOC_0084,2025-03-21 21:00:00,travel
VISIT_06796,SYN_P_0778,LOC_0049,2025-02-03 01:00:00,meeting
VISIT_06797,SYN_P_0768,LOC_0031,2025-11-05 13:00:00,delivery
VISIT_06798,SYN_P_0466,LOC_0018,2026-08-06 11:00:00,residence
VISIT_06799,SYN_P_1026,LOC_0010,2026-01-02 14:00:00,meeting
VISIT_06800,SYN_P_0440,LOC_0050,2025-09-21 04:00:00,delivery
VISIT_06801,SYN_P_0451,LOC_0060,2026-02-05 18:00:00,business
VISIT_06802,SYN_P_0777,LOC_0049,2025-10-15 15:00:00,travel
VISIT_06803,SYN_P_0053,LOC_0032,2025-09-01 12:00:00,business
VISIT_06804,SYN_P_0461,LOC_0082,2024-01-16 18:00:00,delivery
VISIT_06805,SYN_P_0607,LOC_0057,2024-11-04 08:00:00,travel
VISIT_06806,SYN_P_0170,LOC_0064,2026-04-21 19:00:00,residence
VISIT_06807,SYN_P_0929,LOC_0071,2024-06-24 16:00:00,business
VISIT_06808,SYN_P_0267,LOC_0059,2026-09-26 18:00:00,meeting
VISIT_06809,SYN_P_0088,LOC_0008,2025-09-28 10:00:00,travel
VISIT_06810,SYN_P_0198,LOC_0066,2024-06-15 21:00:00,travel
VISIT_06811,SYN_P_0206,LOC_0021,2026-01-20 04:00:00,meeting
VISIT_06812,SYN_P_0715,LOC_0070,2026-01-28 07:00:00,residence
VISIT_06813,SYN_P_0999,LOC_0016,2026-03-25 15:00:00,delivery
VISIT_06814,SYN_P_0286,LOC_0053,2026-10-11 13:00:00,meeting
VISIT_06815,SYN_P_0436,LOC_0035,2025-08-31 00:00:00,business
VISIT_06816,SYN_P_0427,LOC_0054,2024-06-05 14:00:00,business
VISIT_06817,SYN_P_0375,LOC_0059,2026-02-20 21:00:00,residence
VISIT_06818,SYN_P_0316,LOC_0011,2025-04-18 16:00:00,meeting
VISIT_06819,SYN_P_0758,LOC_0015,2026-02-28 23:00:00,travel
VISIT_06820,SYN_P_0973,LOC_0043,2024-10-04 02:00:00,meeting
VISIT_06821,SYN_P_0663,LOC_0029,2024-10-08 10:00:00,delivery
VISIT_06822,SYN_P_0059,LOC_0061,2024-08-20 14:00:00,meeting
VISIT_06823,SYN_P_1013,LOC_0070,2026-08-07 12:00:00,meeting
VISIT_06824,SYN_P_0363,LOC_0039,2024-08-29 17:00:00,meeting
VISIT_06825,SYN_P_0108,LOC_0051,2025-07-16 02:00:00,meeting
VISIT_06826,SYN_P_0393,LOC_0053,2025-01-26 07:00:00,travel
VISIT_06827,SYN_P_0503,LOC_0004,2025-11-05 20:00:00,travel
VISIT_06828,SYN_P_0905,LOC_0082,2025-03-28 01:00:00,residence
VISIT_06829,SYN_P_0401,LOC_0058,2025-11-28 13:00:00,residence
VISIT_06830,SYN_P_0515,LOC_0025,2026-04-11 14:00:00,travel
VISIT_06831,SYN_P_0131,LOC_0068,2026-10-02 22:00:00,meeting
VISIT_06832,SYN_P_0568,LOC_0007,2026-07-15 23:00:00,travel
VISIT_06833,SYN_P_0877,LOC_0056,2025-04-06 21:00:00,travel
VISIT_06834,SYN_P_0388,LOC_0057,2026-06-30 03:00:00,delivery
VISIT_06835,SYN_P_0033,LOC_0071,2024-09-12 05:00:00,travel
VISIT_06836,SYN_P_0480,LOC_0070,2024-09-13 22:00:00,business
VISIT_06837,SYN_P_0979,LOC_0047,2024-06-21 10:00:00,residence
VISIT_06838,SYN_P_0095,LOC_0052,2025-09-13 05:00:00,meeting
VISIT_06839,SYN_P_0286,LOC_0020,2026-11-07 08:00:00,delivery
VISIT_06840,SYN_P_0271,LOC_0067,2025-10-14 13:00:00,delivery
VISIT_06841,SYN_P_0873,LOC_0074,2026-03-05 22:00:00,meeting
VISIT_06842,SYN_P_1035,LOC_0064,2024-02-27 13:00:00,delivery
VISIT_06843,SYN_P_0608,LOC_0075,2026-08-12 16:00:00,travel
VISIT_06844,SYN_P_0667,LOC_0006,2026-08-19 08:00:00,delivery
VISIT_06845,SYN_P_0153,LOC_0075,2024-10-15 22:00:00,delivery
VISIT_06846,SYN_P_0289,LOC_0044,2025-11-05 22:00:00,travel
VISIT_06847,SYN_P_0156,LOC_0035,2024-07-07 10:00:00,meeting
VISIT_06848,SYN_P_0057,LOC_0072,2025-02-25 16:00:00,meeting
VISIT_06849,SYN_P_0712,LOC_0064,2025-11-08 18:00:00,meeting
VISIT_06850,SYN_P_0016,LOC_0029,2026-05-01 23:00:00,residence
VISIT_06851,SYN_P_0259,LOC_0019,2025-10-20 19:00:00,meeting
VISIT_06852,SYN_P_0504,LOC_0025,2026-10-13 15:00:00,meeting
VISIT_06853,SYN_P_0974,LOC_0033,2026-01-01 05:00:00,delivery
VISIT_06854,SYN_P_0682,LOC_0037,2026-06-27 23:00:00,meeting
VISIT_06855,SYN_P_0065,LOC_0019,2026-03-31 21:00:00,business
VISIT_06856,SYN_P_0004,LOC_0026,2026-03-05 04:00:00,residence
VISIT_06857,SYN_P_0208,LOC_0020,2024-12-02 18:00:00,meeting
VISIT_06858,SYN_P_0153,LOC_0017,2025-05-07 00:00:00,residence
VISIT_06859,SYN_P_0516,LOC_0011,2026-08-15 21:00:00,travel
VISIT_06860,SYN_P_0367,LOC_0047,2026-10-23 19:00:00,meeting
VISIT_06861,SYN_P_0623,LOC_0025,2024-07-14 14:00:00,travel
VISIT_06862,SYN_P_0546,LOC_0009,2026-01-25 07:00:00,residence
VISIT_06863,SYN_P_0192,LOC_0033,2025-03-22 15:00:00,business
VISIT_06864,SYN_P_0101,LOC_0066,2025-12-16 13:00:00,business
VISIT_06865,SYN_P_0061,LOC_0051,2026-07-02 21:00:00,business
VISIT_06866,SYN_P_0574,LOC_0071,2026-10-31 12:00:00,meeting
VISIT_06867,SYN_P_0462,LOC_0029,2024-10-23 22:00:00,meeting
VISIT_06868,SYN_P_0868,LOC_0053,2026-07-30 11:00:00,delivery
VISIT_06869,SYN_P_0282,LOC_0025,2026-07-30 23:00:00,travel
VISIT_06870,SYN_P_0460,LOC_0078,2026-09-02 08:00:00,residence
VISIT_06871,SYN_P_0916,LOC_0042,2026-10-24 18:00:00,meeting
VISIT_06872,SYN_P_0547,LOC_0021,2026-02-25 17:00:00,business
VISIT_06873,SYN_P_0812,LOC_0009,2024-08-11 01:00:00,delivery
VISIT_06874,SYN_P_0741,LOC_0083,2026-05-12 00:00:00,residence
VISIT_06875,SYN_P_0577,LOC_0022,2024-12-03 02:00:00,residence
VISIT_06876,SYN_P_0853,LOC_0077,2025-11-12 17:00:00,residence
VISIT_06877,SYN_P_0877,LOC_0027,2025-04-15 00:00:00,travel
VISIT_06878,SYN_P_0431,LOC_0078,2026-05-11 01:00:00,residence
VISIT_06879,SYN_P_0713,LOC_0013,2025-05-08 09:00:00,delivery
VISIT_06880,SYN_P_0406,LOC_0075,2026-01-12 19:00:00,residence
VISIT_06881,SYN_P_0384,LOC_0055,2026-01-27 23:00:00,delivery
VISIT_06882,SYN_P_0662,LOC_0079,2025-08-03 17:00:00,meeting
VISIT_06883,SYN_P_0962,LOC_0052,2026-05-27 11:00:00,business
VISIT_06884,SYN_P_0496,LOC_0043,2025-03-11 02:00:00,business
VISIT_06885,SYN_P_0731,LOC_0025,2024-06-17 23:00:00,business
VISIT_06886,SYN_P_0376,LOC_0069,2026-04-17 02:00:00,residence
VISIT_06887,SYN_P_0073,LOC_0036,2024-01-25 04:00:00,meeting
VISIT_06888,SYN_P_0899,LOC_0082,2024-12-21 03:00:00,delivery
VISIT_06889,SYN_P_0192,LOC_0083,2025-04-07 19:00:00,meeting
VISIT_06890,SYN_P_0675,LOC_0042,2025-03-02 14:00:00,travel
VISIT_06891,SYN_P_0340,LOC_0070,2025-05-03 01:00:00,business
VISIT_06892,SYN_P_0143,LOC_0029,2026-04-10 02:00:00,residence
VISIT_06893,SYN_P_0415,LOC_0024,2025-07-11 22:00:00,meeting
VISIT_06894,SYN_P_0126,LOC_0034,2024-10-26 07:00:00,business
VISIT_06895,SYN_P_0677,LOC_0044,2025-09-24 11:00:00,business
VISIT_06896,SYN_P_0266,LOC_0008,2026-09-11 15:00:00,travel
VISIT_06897,SYN_P_0279,LOC_0011,2024-06-20 02:00:00,delivery
VISIT_06898,SYN_P_0683,LOC_0023,2026-07-13 10:00:00,meeting
VISIT_06899,SYN_P_0952,LOC_0056,2026-08-29 05:00:00,delivery
VISIT_06900,SYN_P_0563,LOC_0027,2026-02-20 06:00:00,business
VISIT_06901,SYN_P_0793,LOC_0015,2024-06-12 17:00:00,meeting
VISIT_06902,SYN_P_0728,LOC_0047,2026-08-18 00:00:00,travel
VISIT_06903,SYN_P_0930,LOC_0046,2025-06-29 12:00:00,residence
VISIT_06904,SYN_P_0801,LOC_0030,2026-02-17 07:00:00,delivery
VISIT_06905,SYN_P_0857,LOC_0042,2025-12-08 12:00:00,travel
VISIT_06906,SYN_P_0606,LOC_0062,2024-02-09 17:00:00,residence
VISIT_06907,SYN_P_0984,LOC_0061,2026-04-02 19:00:00,meeting
VISIT_06908,SYN_P_0247,LOC_0035,2025-02-12 09:00:00,delivery
VISIT_06909,SYN_P_0963,LOC_0082,2024-08-23 09:00:00,residence
VISIT_06910,SYN_P_0060,LOC_0061,2026-01-04 02:00:00,business
VISIT_06911,SYN_P_0068,LOC_0004,2026-08-30 04:00:00,travel
VISIT_06912,SYN_P_0572,LOC_0074,2024-04-06 06:00:00,delivery
VISIT_06913,SYN_P_0807,LOC_0058,2024-03-30 01:00:00,travel
VISIT_06914,SYN_P_0970,LOC_0020,2026-10-15 03:00:00,delivery
VISIT_06915,SYN_P_0979,LOC_0021,2024-03-18 23:00:00,delivery
VISIT_06916,SYN_P_0022,LOC_0081,2025-08-03 19:00:00,business
VISIT_06917,SYN_P_0018,LOC_0078,2025-07-18 16:00:00,meeting
VISIT_06918,SYN_P_0927,LOC_0054,2024-04-17 21:00:00,business
VISIT_06919,SYN_P_0710,LOC_0006,2024-04-15 03:00:00,meeting
VISIT_06920,SYN_P_0879,LOC_0049,2025-03-31 05:00:00,residence
VISIT_06921,SYN_P_0095,LOC_0081,2026-07-17 09:00:00,business
VISIT_06922,SYN_P_0838,LOC_0055,2026-07-06 13:00:00,business
VISIT_06923,SYN_P_0208,LOC_0068,2026-10-14 04:00:00,travel
VISIT_06924,SYN_P_0519,LOC_0020,2025-04-20 09:00:00,meeting
VISIT_06925,SYN_P_0852,LOC_0010,2025-06-19 22:00:00,meeting
VISIT_06926,SYN_P_0143,LOC_0019,2026-08-29 11:00:00,business
VISIT_06927,SYN_P_1002,LOC_0014,2024-05-14 04:00:00,business
VISIT_06928,SYN_P_0275,LOC_0038,2024-10-29 13:00:00,meeting
VISIT_06929,SYN_P_0351,LOC_0070,2026-05-31 01:00:00,travel
VISIT_06930,SYN_P_0827,LOC_0038,2024-12-11 04:00:00,meeting
VISIT_06931,SYN_P_0924,LOC_0067,2025-11-17 08:00:00,residence
VISIT_06932,SYN_P_0839,LOC_0014,2024-10-06 10:00:00,meeting
VISIT_06933,SYN_P_0368,LOC_0034,2025-11-12 00:00:00,business
VISIT_06934,SYN_P_0731,LOC_0012,2024-08-12 12:00:00,business
VISIT_06935,SYN_P_0439,LOC_0037,2026-05-24 05:00:00,residence
VISIT_06936,SYN_P_0687,LOC_0013,2025-12-16 05:00:00,delivery
VISIT_06937,SYN_P_0549,LOC_0070,2025-11-18 03:00:00,delivery
VISIT_06938,SYN_P_0662,LOC_0053,2026-08-09 05:00:00,travel
VISIT_06939,SYN_P_0155,LOC_0047,2024-12-16 17:00:00,delivery
VISIT_06940,SYN_P_0662,LOC_0067,2024-10-23 14:00:00,residence
VISIT_06941,SYN_P_0884,LOC_0002,2025-06-28 13:00:00,business
VISIT_06942,SYN_P_0571,LOC_0065,2025-01-27 06:00:00,residence
VISIT_06943,SYN_P_0407,LOC_0023,2025-02-12 08:00:00,business
VISIT_06944,SYN_P_0710,LOC_0079,2026-05-16 10:00:00,business
VISIT_06945,SYN_P_0950,LOC_0018,2024-05-09 00:00:00,delivery
VISIT_06946,SYN_P_0851,LOC_0057,2025-09-29 03:00:00,travel
VISIT_06947,SYN_P_0503,LOC_0009,2024-03-26 11:00:00,travel
VISIT_06948,SYN_P_0745,LOC_0015,2024-02-24 01:00:00,meeting
VISIT_06949,SYN_P_0708,LOC_0079,2026-10-24 12:00:00,travel
VISIT_06950,SYN_P_0246,LOC_0009,2026-03-20 02:00:00,residence
VISIT_06951,SYN_P_0580,LOC_0012,2024-07-27 17:00:00,business
VISIT_06952,SYN_P_0120,LOC_0063,2025-03-22 04:00:00,meeting
VISIT_06953,SYN_P_0092,LOC_0059,2024-08-18 12:00:00,business
VISIT_06954,SYN_P_0802,LOC_0031,2024-03-22 20:00:00,meeting
VISIT_06955,SYN_P_0780,LOC_0027,2025-01-01 21:00:00,travel
VISIT_06956,SYN_P_0630,LOC_0076,2026-08-16 22:00:00,travel
VISIT_06957,SYN_P_0277,LOC_0047,2025-11-26 20:00:00,delivery
VISIT_06958,SYN_P_0516,LOC_0059,2025-05-20 05:00:00,delivery
VISIT_06959,SYN_P_0754,LOC_0008,2025-03-26 17:00:00,business
VISIT_06960,SYN_P_0368,LOC_0061,2025-05-30 11:00:00,residence
VISIT_06961,SYN_P_0985,LOC_0050,2025-10-18 17:00:00,residence
VISIT_06962,SYN_P_0959,LOC_0075,2025-08-17 04:00:00,travel
VISIT_06963,SYN_P_0209,LOC_0037,2026-08-28 04:00:00,travel
VISIT_06964,SYN_P_0879,LOC_0047,2024-12-27 22:00:00,business
VISIT_06965,SYN_P_0078,LOC_0047,2026-08-31 13:00:00,residence
VISIT_06966,SYN_P_0166,LOC_0043,2025-10-16 11:00:00,residence
VISIT_06967,SYN_P_0232,LOC_0029,2025-09-29 15:00:00,travel
VISIT_06968,SYN_P_0159,LOC_0006,2026-10-12 11:00:00,delivery
VISIT_06969,SYN_P_0293,LOC_0056,2026-09-19 10:00:00,business
VISIT_06970,SYN_P_0651,LOC_0038,2025-10-14 05:00:00,business
VISIT_06971,SYN_P_0657,LOC_0039,2024-06-06 01:00:00,travel
VISIT_06972,SYN_P_0533,LOC_0064,2024-09-26 16:00:00,travel
VISIT_06973,SYN_P_0729,LOC_0047,2025-07-02 08:00:00,meeting
VISIT_06974,SYN_P_0910,LOC_0082,2026-05-17 21:00:00,business
VISIT_06975,SYN_P_0495,LOC_0083,2026-03-21 07:00:00,business
VISIT_06976,SYN_P_0339,LOC_0045,2024-12-09 02:00:00,delivery
VISIT_06977,SYN_P_0836,LOC_0024,2024-05-23 07:00:00,business
VISIT_06978,SYN_P_0309,LOC_0027,2024-10-26 04:00:00,residence
VISIT_06979,SYN_P_0500,LOC_0024,2026-06-15 22:00:00,residence
VISIT_06980,SYN_P_0796,LOC_0046,2026-01-15 13:00:00,business
VISIT_06981,SYN_P_0959,LOC_0080,2024-01-30 19:00:00,travel
VISIT_06982,SYN_P_0283,LOC_0005,2024-05-23 13:00:00,business
VISIT_06983,SYN_P_0693,LOC_0003,2024-04-22 16:00:00,meeting
VISIT_06984,SYN_P_0496,LOC_0021,2026-08-21 02:00:00,business
VISIT_06985,SYN_P_0241,LOC_0042,2024-10-15 04:00:00,residence
VISIT_06986,SYN_P_0362,LOC_0078,2025-08-25 02:00:00,business
VISIT_06987,SYN_P_0681,LOC_0021,2026-10-30 17:00:00,residence
VISIT_06988,SYN_P_0883,LOC_0080,2026-03-14 15:00:00,meeting
VISIT_06989,SYN_P_0256,LOC_0043,2026-09-02 18:00:00,business
VISIT_06990,SYN_P_0543,LOC_0061,2024-11-20 03:00:00,delivery
VISIT_06991,SYN_P_0328,LOC_0018,2024-02-15 14:00:00,business
VISIT_06992,SYN_P_0535,LOC_0017,2026-06-15 10:00:00,business
VISIT_06993,SYN_P_0722,LOC_0024,2024-09-10 13:00:00,travel
VISIT_06994,SYN_P_0756,LOC_0083,2026-05-05 02:00:00,meeting
VISIT_06995,SYN_P_0781,LOC_0081,2024-03-24 21:00:00,business
VISIT_06996,SYN_P_0384,LOC_0050,2024-08-10 13:00:00,delivery
VISIT_06997,SYN_P_0096,LOC_0038,2024-09-27 16:00:00,delivery
VISIT_06998,SYN_P_0572,LOC_0023,2024-04-06 07:00:00,delivery
VISIT_06999,SYN_P_0589,LOC_0006,2024-09-08 17:00:00,travel
VISIT_07000,SYN_P_0446,LOC_0082,2025-05-25 18:00:00,delivery
VISIT_07001,SYN_P_0905,LOC_0066,2024-10-25 05:00:00,business
VISIT_07002,SYN_P_0246,LOC_0081,2024-01-29 09:00:00,business
VISIT_07003,SYN_P_0416,LOC_0013,2024-08-24 08:00:00,business
VISIT_07004,SYN_P_0923,LOC_0071,2026-10-26 10:00:00,meeting
VISIT_07005,SYN_P_1007,LOC_0022,2025-05-15 17:00:00,business
VISIT_07006,SYN_P_0841,LOC_0074,2026-01-01 15:00:00,travel
VISIT_07007,SYN_P_0110,LOC_0059,2026-06-04 19:00:00,residence
VISIT_07008,SYN_P_0110,LOC_0080,2026-11-02 20:00:00,business
VISIT_07009,SYN_P_0208,LOC_0002,2025-12-19 21:00:00,travel
VISIT_07010,SYN_P_1013,LOC_0032,2024-02-17 14:00:00,residence
VISIT_07011,SYN_P_0013,LOC_0060,2025-11-10 11:00:00,delivery
VISIT_07012,SYN_P_0380,LOC_0035,2026-04-02 10:00:00,business
VISIT_07013,SYN_P_0985,LOC_0045,2026-09-28 22:00:00,meeting
VISIT_07014,SYN_P_0612,LOC_0077,2024-10-30 14:00:00,travel
VISIT_07015,SYN_P_0230,LOC_0016,2026-10-10 13:00:00,travel
VISIT_07016,SYN_P_1009,LOC_0077,2025-09-01 19:00:00,meeting
VISIT_07017,SYN_P_0978,LOC_0027,2026-05-23 10:00:00,travel
VISIT_07018,SYN_P_0366,LOC_0072,2026-03-17 19:00:00,delivery
VISIT_07019,SYN_P_0166,LOC_0067,2025-01-21 21:00:00,travel
VISIT_07020,SYN_P_0487,LOC_0025,2026-09-06 00:00:00,business
VISIT_07021,SYN_P_0017,LOC_0025,2026-08-03 23:00:00,travel
VISIT_07022,SYN_P_0372,LOC_0084,2026-10-02 18:00:00,travel
VISIT_07023,SYN_P_0518,LOC_0057,2024-05-11 21:00:00,delivery
VISIT_07024,SYN_P_0610,LOC_0073,2024-03-09 16:00:00,residence
VISIT_07025,SYN_P_0657,LOC_0054,2024-11-06 07:00:00,residence
VISIT_07026,SYN_P_0678,LOC_0054,2024-05-08 08:00:00,delivery
VISIT_07027,SYN_P_0245,LOC_0058,2025-10-31 00:00:00,business
VISIT_07028,SYN_P_0262,LOC_0024,2024-05-31 08:00:00,residence
VISIT_07029,SYN_P_0768,LOC_0047,2024-09-21 10:00:00,business
VISIT_07030,SYN_P_0607,LOC_0035,2026-03-22 13:00:00,business
VISIT_07031,SYN_P_0013,LOC_0032,2025-05-07 03:00:00,residence
VISIT_07032,SYN_P_0898,LOC_0012,2025-10-07 08:00:00,business
VISIT_07033,SYN_P_0802,LOC_0043,2025-02-14 06:00:00,residence
VISIT_07034,SYN_P_0565,LOC_0040,2025-11-14 15:00:00,business
VISIT_07035,SYN_P_0822,LOC_0050,2025-01-03 05:00:00,meeting
VISIT_07036,SYN_P_0572,LOC_0046,2025-06-11 02:00:00,residence
VISIT_07037,SYN_P_0292,LOC_0034,2025-02-20 00:00:00,meeting
VISIT_07038,SYN_P_0034,LOC_0039,2026-10-13 16:00:00,business
VISIT_07039,SYN_P_0425,LOC_0025,2025-05-16 16:00:00,meeting
VISIT_07040,SYN_P_0787,LOC_0023,2024-07-17 03:00:00,delivery
VISIT_07041,SYN_P_0094,LOC_0015,2026-07-22 08:00:00,meeting
VISIT_07042,SYN_P_0915,LOC_0008,2024-12-29 18:00:00,travel
VISIT_07043,SYN_P_0162,LOC_0069,2025-03-06 00:00:00,business
VISIT_07044,SYN_P_0481,LOC_0017,2024-12-17 11:00:00,residence
VISIT_07045,SYN_P_0870,LOC_0076,2026-02-08 05:00:00,business
VISIT_07046,SYN_P_0883,LOC_0066,2025-03-30 01:00:00,residence
VISIT_07047,SYN_P_0224,LOC_0042,2026-06-09 02:00:00,residence
VISIT_07048,SYN_P_0219,LOC_0014,2024-08-26 04:00:00,delivery
VISIT_07049,SYN_P_0266,LOC_0057,2026-04-16 09:00:00,residence
VISIT_07050,SYN_P_0281,LOC_0054,2025-02-26 23:00:00,meeting
VISIT_07051,SYN_P_0733,LOC_0069,2026-10-12 02:00:00,business
VISIT_07052,SYN_P_0231,LOC_0034,2026-10-16 10:00:00,travel
VISIT_07053,SYN_P_0849,LOC_0076,2025-12-25 02:00:00,meeting
VISIT_07054,SYN_P_0719,LOC_0007,2026-01-12 02:00:00,delivery
VISIT_07055,SYN_P_0127,LOC_0015,2025-12-08 14:00:00,delivery
VISIT_07056,SYN_P_0680,LOC_0052,2024-02-01 07:00:00,meeting
VISIT_07057,SYN_P_0101,LOC_0002,2025-02-12 14:00:00,travel
VISIT_07058,SYN_P_0702,LOC_0065,2024-07-03 09:00:00,delivery
VISIT_07059,SYN_P_0423,LOC_0037,2025-01-09 13:00:00,travel
VISIT_07060,SYN_P_0168,LOC_0072,2025-08-07 07:00:00,meeting
VISIT_07061,SYN_P_0403,LOC_0027,2026-01-08 02:00:00,travel
VISIT_07062,SYN_P_0115,LOC_0050,2025-09-02 20:00:00,meeting
VISIT_07063,SYN_P_0082,LOC_0053,2025-04-17 00:00:00,meeting
VISIT_07064,SYN_P_0547,LOC_0044,2025-12-22 05:00:00,delivery
VISIT_07065,SYN_P_0664,LOC_0070,2025-09-29 21:00:00,residence
VISIT_07066,SYN_P_0290,LOC_0066,2024-11-27 15:00:00,delivery
VISIT_07067,SYN_P_0374,LOC_0040,2024-02-22 15:00:00,meeting
VISIT_07068,SYN_P_0022,LOC_0080,2025-10-13 21:00:00,meeting
VISIT_07069,SYN_P_0793,LOC_0042,2026-04-07 21:00:00,travel
VISIT_07070,SYN_P_0477,LOC_0010,2025-11-25 04:00:00,business
VISIT_07071,SYN_P_0608,LOC_0031,2024-10-01 23:00:00,business
VISIT_07072,SYN_P_0874,LOC_0060,2024-11-04 21:00:00,delivery
VISIT_07073,SYN_P_0934,LOC_0041,2024-11-19 18:00:00,residence
VISIT_07074,SYN_P_0383,LOC_0056,2024-07-12 07:00:00,travel
VISIT_07075,SYN_P_0727,LOC_0074,2026-01-15 07:00:00,meeting
VISIT_07076,SYN_P_0130,LOC_0054,2025-07-20 23:00:00,residence
VISIT_07077,SYN_P_0654,LOC_0006,2024-04-27 21:00:00,residence
VISIT_07078,SYN_P_0882,LOC_0008,2025-09-20 22:00:00,business
VISIT_07079,SYN_P_0203,LOC_0044,2025-08-29 01:00:00,business
VISIT_07080,SYN_P_0783,LOC_0044,2024-04-20 07:00:00,meeting
VISIT_07081,SYN_P_0028,LOC_0035,2026-01-04 10:00:00,delivery
VISIT_07082,SYN_P_0136,LOC_0022,2025-10-23 09:00:00,delivery
VISIT_07083,SYN_P_0187,LOC_0037,2025-01-25 00:00:00,delivery
VISIT_07084,SYN_P_0991,LOC_0025,2024-10-17 06:00:00,residence
VISIT_07085,SYN_P_0329,LOC_0074,2024-11-21 03:00:00,residence
VISIT_07086,SYN_P_0967,LOC_0036,2024-05-26 06:00:00,delivery
VISIT_07087,SYN_P_0228,LOC_0072,2025-01-22 02:00:00,residence
VISIT_07088,SYN_P_0880,LOC_0041,2025-08-03 05:00:00,business
VISIT_07089,SYN_P_0283,LOC_0010,2024-03-14 14:00:00,delivery
VISIT_07090,SYN_P_0959,LOC_0008,2026-06-24 15:00:00,delivery
VISIT_07091,SYN_P_0950,LOC_0065,2026-02-22 22:00:00,delivery
VISIT_07092,SYN_P_0057,LOC_0057,2024-01-15 15:00:00,travel
VISIT_07093,SYN_P_1024,LOC_0004,2026-04-17 16:00:00,business
VISIT_07094,SYN_P_0405,LOC_0041,2024-05-10 06:00:00,travel
VISIT_07095,SYN_P_0411,LOC_0071,2026-09-26 08:00:00,meeting
VISIT_07096,SYN_P_0264,LOC_0001,2024-03-23 01:00:00,travel
VISIT_07097,SYN_P_0245,LOC_0031,2024-07-17 15:00:00,meeting
VISIT_07098,SYN_P_0996,LOC_0064,2025-06-13 09:00:00,delivery
VISIT_07099,SYN_P_0127,LOC_0074,2026-02-10 07:00:00,residence
VISIT_07100,SYN_P_0334,LOC_0018,2025-05-03 01:00:00,residence
VISIT_07101,SYN_P_0964,LOC_0052,2026-01-30 12:00:00,travel
VISIT_07102,SYN_P_0345,LOC_0020,2024-06-12 14:00:00,travel
VISIT_07103,SYN_P_0605,LOC_0041,2024-01-15 09:00:00,business
VISIT_07104,SYN_P_0903,LOC_0017,2024-02-29 08:00:00,business
VISIT_07105,SYN_P_0049,LOC_0082,2026-02-25 05:00:00,business
VISIT_07106,SYN_P_0623,LOC_0028,2026-06-06 09:00:00,residence
VISIT_07107,SYN_P_0951,LOC_0056,2026-11-06 01:00:00,travel
VISIT_07108,SYN_P_0156,LOC_0018,2025-11-19 07:00:00,delivery
VISIT_07109,SYN_P_0164,LOC_0084,2026-07-03 11:00:00,residence
VISIT_07110,SYN_P_0969,LOC_0065,2026-04-01 07:00:00,meeting
VISIT_07111,SYN_P_0815,LOC_0035,2025-02-06 23:00:00,meeting
VISIT_07112,SYN_P_0762,LOC_0047,2024-12-20 08:00:00,residence
VISIT_07113,SYN_P_0990,LOC_0054,2024-03-22 19:00:00,residence
VISIT_07114,SYN_P_0982,LOC_0080,2025-12-12 01:00:00,travel
VISIT_07115,SYN_P_0859,LOC_0041,2024-09-16 12:00:00,business
VISIT_07116,SYN_P_0304,LOC_0046,2024-03-23 21:00:00,travel
VISIT_07117,SYN_P_0540,LOC_0041,2024-02-16 10:00:00,business
VISIT_07118,SYN_P_0060,LOC_0048,2024-03-22 11:00:00,residence
VISIT_07119,SYN_P_0165,LOC_0052,2024-01-13 13:00:00,business
VISIT_07120,SYN_P_1003,LOC_0052,2026-07-13 23:00:00,residence
VISIT_07121,SYN_P_0518,LOC_0033,2024-01-19 12:00:00,residence
VISIT_07122,SYN_P_0341,LOC_0035,2024-09-30 22:00:00,business
VISIT_07123,SYN_P_0437,LOC_0036,2026-04-06 04:00:00,travel
VISIT_07124,SYN_P_0522,LOC_0073,2025-06-13 03:00:00,travel
VISIT_07125,SYN_P_0275,LOC_0006,2024-03-27 07:00:00,meeting
VISIT_07126,SYN_P_0553,LOC_0082,2026-09-29 20:00:00,delivery
VISIT_07127,SYN_P_0290,LOC_0077,2024-11-22 06:00:00,delivery
VISIT_07128,SYN_P_0340,LOC_0066,2026-06-30 17:00:00,meeting
VISIT_07129,SYN_P_0815,LOC_0026,2026-03-05 21:00:00,delivery
VISIT_07130,SYN_P_0791,LOC_0012,2024-12-01 10:00:00,travel
VISIT_07131,SYN_P_1002,LOC_0014,2024-08-25 09:00:00,travel
VISIT_07132,SYN_P_0860,LOC_0017,2026-06-23 15:00:00,delivery
VISIT_07133,SYN_P_0919,LOC_0016,2025-10-04 12:00:00,delivery
VISIT_07134,SYN_P_0319,LOC_0065,2025-06-12 20:00:00,delivery
VISIT_07135,SYN_P_0477,LOC_0059,2026-08-21 18:00:00,business
VISIT_07136,SYN_P_1009,LOC_0056,2025-12-23 23:00:00,meeting
VISIT_07137,SYN_P_0969,LOC_0010,2024-12-02 19:00:00,meeting
VISIT_07138,SYN_P_0300,LOC_0042,2026-07-04 14:00:00,delivery
VISIT_07139,SYN_P_0822,LOC_0014,2025-06-20 15:00:00,delivery
VISIT_07140,SYN_P_0182,LOC_0024,2024-08-03 23:00:00,travel
VISIT_07141,SYN_P_0673,LOC_0016,2026-11-07 12:00:00,residence
VISIT_07142,SYN_P_0108,LOC_0071,2026-01-26 13:00:00,business
VISIT_07143,SYN_P_0582,LOC_0018,2024-12-06 04:00:00,business
VISIT_07144,SYN_P_0138,LOC_0055,2025-10-02 16:00:00,residence
VISIT_07145,SYN_P_0846,LOC_0008,2025-01-29 22:00:00,meeting
VISIT_07146,SYN_P_0729,LOC_0005,2025-02-04 15:00:00,meeting
VISIT_07147,SYN_P_0912,LOC_0028,2026-06-16 23:00:00,business
VISIT_07148,SYN_P_0090,LOC_0030,2026-06-06 00:00:00,delivery
VISIT_07149,SYN_P_0900,LOC_0063,2024-11-27 22:00:00,residence
VISIT_07150,SYN_P_0896,LOC_0003,2024-12-15 14:00:00,meeting
VISIT_07151,SYN_P_0248,LOC_0019,2025-05-17 11:00:00,residence
VISIT_07152,SYN_P_0282,LOC_0083,2024-02-03 20:00:00,residence
VISIT_07153,SYN_P_0930,LOC_0062,2025-02-09 05:00:00,travel
VISIT_07154,SYN_P_0042,LOC_0051,2025-08-09 13:00:00,residence
VISIT_07155,SYN_P_0950,LOC_0016,2025-10-09 11:00:00,travel
VISIT_07156,SYN_P_1023,LOC_0049,2026-02-22 20:00:00,meeting
VISIT_07157,SYN_P_0122,LOC_0068,2025-12-25 03:00:00,business
VISIT_07158,SYN_P_0166,LOC_0075,2025-10-16 12:00:00,business
VISIT_07159,SYN_P_0474,LOC_0020,2024-07-17 09:00:00,delivery
VISIT_07160,SYN_P_0552,LOC_0052,2026-08-09 01:00:00,business
VISIT_07161,SYN_P_0229,LOC_0044,2025-02-19 02:00:00,travel
VISIT_07162,SYN_P_0286,LOC_0014,2026-10-27 20:00:00,business
VISIT_07163,SYN_P_0063,LOC_0022,2026-01-10 03:00:00,residence
VISIT_07164,SYN_P_0937,LOC_0075,2025-11-23 10:00:00,meeting
VISIT_07165,SYN_P_0275,LOC_0083,2026-10-03 05:00:00,residence
VISIT_07166,SYN_P_0677,LOC_0012,2024-05-25 15:00:00,residence
VISIT_07167,SYN_P_0167,LOC_0020,2026-09-25 20:00:00,business
VISIT_07168,SYN_P_0480,LOC_0042,2025-06-06 22:00:00,delivery
VISIT_07169,SYN_P_0522,LOC_0073,2026-03-30 20:00:00,residence
VISIT_07170,SYN_P_0544,LOC_0024,2025-11-28 04:00:00,travel
VISIT_07171,SYN_P_0239,LOC_0017,2024-10-04 00:00:00,business
VISIT_07172,SYN_P_0359,LOC_0080,2024-02-12 23:00:00,residence
VISIT_07173,SYN_P_0299,LOC_0056,2024-01-26 23:00:00,business
VISIT_07174,SYN_P_0047,LOC_0067,2025-12-23 11:00:00,business
VISIT_07175,SYN_P_0978,LOC_0004,2025-03-30 23:00:00,meeting
VISIT_07176,SYN_P_0019,LOC_0020,2024-07-31 15:00:00,travel
VISIT_07177,SYN_P_0629,LOC_0039,2024-01-09 01:00:00,business
VISIT_07178,SYN_P_0255,LOC_0019,2024-07-02 21:00:00,business
VISIT_07179,SYN_P_0965,LOC_0072,2026-06-29 12:00:00,residence
VISIT_07180,SYN_P_0261,LOC_0010,2024-01-08 09:00:00,travel
VISIT_07181,SYN_P_0092,LOC_0052,2024-02-05 17:00:00,travel
VISIT_07182,SYN_P_0495,LOC_0024,2024-05-09 17:00:00,residence
VISIT_07183,SYN_P_0944,LOC_0074,2024-05-25 19:00:00,travel
VISIT_07184,SYN_P_0116,LOC_0080,2024-05-12 19:00:00,travel
VISIT_07185,SYN_P_0794,LOC_0080,2024-05-10 00:00:00,residence
VISIT_07186,SYN_P_0417,LOC_0013,2026-01-06 13:00:00,delivery
VISIT_07187,SYN_P_0771,LOC_0077,2026-01-04 00:00:00,delivery
VISIT_07188,SYN_P_0838,LOC_0028,2026-06-15 08:00:00,delivery
VISIT_07189,SYN_P_0230,LOC_0054,2025-02-08 15:00:00,meeting
VISIT_07190,SYN_P_0466,LOC_0046,2026-02-19 23:00:00,travel
VISIT_07191,SYN_P_0474,LOC_0047,2025-07-15 17:00:00,meeting
VISIT_07192,SYN_P_0765,LOC_0062,2026-07-13 10:00:00,delivery
VISIT_07193,SYN_P_0357,LOC_0045,2025-01-19 22:00:00,travel
VISIT_07194,SYN_P_0833,LOC_0033,2024-09-15 07:00:00,meeting
VISIT_07195,SYN_P_0298,LOC_0076,2025-09-09 13:00:00,meeting
VISIT_07196,SYN_P_0475,LOC_0068,2025-11-21 13:00:00,meeting
VISIT_07197,SYN_P_0762,LOC_0083,2025-09-14 19:00:00,business
VISIT_07198,SYN_P_0731,LOC_0079,2026-02-03 01:00:00,delivery
VISIT_07199,SYN_P_0967,LOC_0073,2024-08-12 09:00:00,meeting
VISIT_07200,SYN_P_0031,LOC_0073,2026-08-08 14:00:00,delivery
VISIT_07201,SYN_P_0522,LOC_0054,2026-03-25 12:00:00,business
VISIT_07202,SYN_P_0668,LOC_0066,2025-12-25 18:00:00,travel
VISIT_07203,SYN_P_0387,LOC_0010,2026-07-16 20:00:00,business
VISIT_07204,SYN_P_0560,LOC_0034,2026-09-25 03:00:00,meeting
VISIT_07205,SYN_P_0135,LOC_0028,2024-03-15 00:00:00,meeting
VISIT_07206,SYN_P_0406,LOC_0072,2026-05-01 04:00:00,delivery
VISIT_07207,SYN_P_0403,LOC_0015,2024-04-28 09:00:00,residence
VISIT_07208,SYN_P_0662,LOC_0035,2026-07-15 04:00:00,business
VISIT_07209,SYN_P_0709,LOC_0058,2026-01-23 16:00:00,residence
VISIT_07210,SYN_P_0190,LOC_0010,2024-01-21 03:00:00,meeting
VISIT_07211,SYN_P_0039,LOC_0032,2026-03-26 01:00:00,residence
VISIT_07212,SYN_P_0627,LOC_0075,2024-09-08 13:00:00,delivery
VISIT_07213,SYN_P_0802,LOC_0065,2026-09-15 11:00:00,travel
VISIT_07214,SYN_P_0550,LOC_0075,2026-06-04 08:00:00,business
VISIT_07215,SYN_P_0937,LOC_0072,2025-03-21 23:00:00,business
VISIT_07216,SYN_P_0980,LOC_0049,2024-06-04 16:00:00,residence
VISIT_07217,SYN_P_0125,LOC_0067,2025-05-10 01:00:00,travel
VISIT_07218,SYN_P_0022,LOC_0053,2024-06-10 22:00:00,residence
VISIT_07219,SYN_P_0456,LOC_0059,2025-07-14 15:00:00,meeting
VISIT_07220,SYN_P_0054,LOC_0059,2024-08-03 14:00:00,delivery
VISIT_07221,SYN_P_0266,LOC_0070,2026-09-30 23:00:00,travel
VISIT_07222,SYN_P_0067,LOC_0016,2024-04-20 13:00:00,travel
VISIT_07223,SYN_P_0729,LOC_0072,2024-01-18 14:00:00,business
VISIT_07224,SYN_P_1025,LOC_0014,2025-06-07 06:00:00,delivery
VISIT_07225,SYN_P_0044,LOC_0001,2026-05-05 06:00:00,meeting
VISIT_07226,SYN_P_0045,LOC_0074,2025-07-25 13:00:00,meeting
VISIT_07227,SYN_P_0846,LOC_0071,2024-03-23 09:00:00,travel
VISIT_07228,SYN_P_0505,LOC_0030,2024-12-11 14:00:00,meeting
VISIT_07229,SYN_P_0093,LOC_0004,2025-12-13 04:00:00,residence
VISIT_07230,SYN_P_0887,LOC_0016,2025-12-30 22:00:00,meeting
VISIT_07231,SYN_P_0815,LOC_0040,2024-12-19 07:00:00,business
VISIT_07232,SYN_P_0043,LOC_0047,2026-10-11 14:00:00,residence
VISIT_07233,SYN_P_0751,LOC_0052,2024-07-03 15:00:00,business
VISIT_07234,SYN_P_0954,LOC_0063,2025-09-11 09:00:00,business
VISIT_07235,SYN_P_0308,LOC_0055,2025-05-04 23:00:00,meeting
VISIT_07236,SYN_P_1025,LOC_0058,2024-08-09 11:00:00,delivery
VISIT_07237,SYN_P_0536,LOC_0068,2024-04-06 19:00:00,business
VISIT_07238,SYN_P_0952,LOC_0003,2025-10-11 14:00:00,business
VISIT_07239,SYN_P_1028,LOC_0037,2025-06-03 14:00:00,residence
VISIT_07240,SYN_P_0132,LOC_0082,2025-07-17 00:00:00,delivery
VISIT_07241,SYN_P_0364,LOC_0034,2026-04-01 22:00:00,meeting
VISIT_07242,SYN_P_0021,LOC_0059,2025-01-16 22:00:00,meeting
VISIT_07243,SYN_P_0716,LOC_0068,2026-01-13 10:00:00,residence
VISIT_07244,SYN_P_0530,LOC_0061,2024-02-29 08:00:00,residence
VISIT_07245,SYN_P_0823,LOC_0058,2026-02-22 00:00:00,meeting
VISIT_07246,SYN_P_0471,LOC_0001,2026-03-11 21:00:00,business
VISIT_07247,SYN_P_0335,LOC_0045,2026-09-10 03:00:00,business
VISIT_07248,SYN_P_0670,LOC_0043,2026-09-16 20:00:00,residence
VISIT_07249,SYN_P_1007,LOC_0063,2026-10-10 07:00:00,delivery
VISIT_07250,SYN_P_0053,LOC_0003,2025-09-24 09:00:00,meeting
VISIT_07251,SYN_P_1006,LOC_0064,2024-12-05 03:00:00,delivery
VISIT_07252,SYN_P_0970,LOC_0021,2026-07-19 17:00:00,business
VISIT_07253,SYN_P_0597,LOC_0038,2024-08-11 07:00:00,meeting
VISIT_07254,SYN_P_0333,LOC_0012,2025-08-08 16:00:00,delivery
VISIT_07255,SYN_P_0457,LOC_0002,2026-09-04 17:00:00,delivery
VISIT_07256,SYN_P_0014,LOC_0038,2026-01-10 22:00:00,delivery
VISIT_07257,SYN_P_0867,LOC_0063,2026-05-03 01:00:00,meeting
VISIT_07258,SYN_P_0500,LOC_0079,2024-02-20 13:00:00,travel
VISIT_07259,SYN_P_0430,LOC_0058,2024-03-02 14:00:00,delivery
VISIT_07260,SYN_P_0208,LOC_0049,2024-10-09 20:00:00,residence
VISIT_07261,SYN_P_0245,LOC_0078,2026-07-26 01:00:00,business
VISIT_07262,SYN_P_0139,LOC_0028,2025-09-26 02:00:00,delivery
VISIT_07263,SYN_P_0867,LOC_0060,2024-10-01 17:00:00,delivery
VISIT_07264,SYN_P_0950,LOC_0048,2026-08-24 01:00:00,business
VISIT_07265,SYN_P_0376,LOC_0082,2025-01-12 23:00:00,travel
VISIT_07266,SYN_P_0805,LOC_0004,2024-09-10 03:00:00,meeting
VISIT_07267,SYN_P_0623,LOC_0029,2026-05-18 00:00:00,business
VISIT_07268,SYN_P_0626,LOC_0061,2026-05-23 23:00:00,delivery
VISIT_07269,SYN_P_0521,LOC_0016,2025-10-17 12:00:00,business
VISIT_07270,SYN_P_0038,LOC_0058,2024-06-01 18:00:00,business
VISIT_07271,SYN_P_0205,LOC_0002,2026-04-20 22:00:00,business
VISIT_07272,SYN_P_0891,LOC_0071,2026-07-19 17:00:00,delivery
VISIT_07273,SYN_P_0090,LOC_0015,2024-10-22 13:00:00,delivery
VISIT_07274,SYN_P_0677,LOC_0044,2025-08-20 03:00:00,travel
VISIT_07275,SYN_P_0601,LOC_0046,2025-05-13 17:00:00,residence
VISIT_07276,SYN_P_0008,LOC_0072,2025-04-22 07:00:00,residence
VISIT_07277,SYN_P_0797,LOC_0021,2026-08-11 11:00:00,delivery
VISIT_07278,SYN_P_0177,LOC_0031,2025-04-08 06:00:00,delivery
VISIT_07279,SYN_P_0281,LOC_0033,2025-05-30 19:00:00,meeting
VISIT_07280,SYN_P_0258,LOC_0049,2024-01-09 07:00:00,business
VISIT_07281,SYN_P_0862,LOC_0074,2026-08-04 12:00:00,delivery
VISIT_07282,SYN_P_0582,LOC_0009,2025-02-22 11:00:00,travel
VISIT_07283,SYN_P_0973,LOC_0081,2025-01-27 17:00:00,residence
VISIT_07284,SYN_P_0168,LOC_0029,2025-05-09 16:00:00,residence
VISIT_07285,SYN_P_0564,LOC_0075,2024-11-09 07:00:00,delivery
VISIT_07286,SYN_P_0820,LOC_0058,2024-05-02 22:00:00,business
VISIT_07287,SYN_P_0428,LOC_0062,2026-10-03 09:00:00,residence
VISIT_07288,SYN_P_0635,LOC_0041,2026-08-05 05:00:00,delivery
VISIT_07289,SYN_P_0216,LOC_0073,2026-07-29 03:00:00,meeting
VISIT_07290,SYN_P_0406,LOC_0036,2026-03-23 20:00:00,delivery
VISIT_07291,SYN_P_0065,LOC_0025,2025-09-17 09:00:00,meeting
VISIT_07292,SYN_P_0279,LOC_0072,2024-03-07 11:00:00,meeting
VISIT_07293,SYN_P_0334,LOC_0071,2024-05-30 00:00:00,meeting
VISIT_07294,SYN_P_0638,LOC_0001,2024-09-04 14:00:00,travel
VISIT_07295,SYN_P_0286,LOC_0038,2026-07-27 09:00:00,delivery
VISIT_07296,SYN_P_0090,LOC_0030,2026-02-15 03:00:00,business
VISIT_07297,SYN_P_1013,LOC_0024,2026-10-02 20:00:00,residence
VISIT_07298,SYN_P_0594,LOC_0051,2024-11-02 18:00:00,business
VISIT_07299,SYN_P_0966,LOC_0056,2025-12-12 23:00:00,business
VISIT_07300,SYN_P_0361,LOC_0062,2026-04-13 23:00:00,residence
VISIT_07301,SYN_P_0322,LOC_0055,2025-01-22 16:00:00,business
VISIT_07302,SYN_P_0863,LOC_0079,2026-03-05 00:00:00,travel
VISIT_07303,SYN_P_0850,LOC_0036,2026-07-26 17:00:00,travel
VISIT_07304,SYN_P_0168,LOC_0036,2026-03-02 16:00:00,travel
VISIT_07305,SYN_P_0752,LOC_0046,2025-08-26 06:00:00,residence
VISIT_07306,SYN_P_0053,LOC_0068,2025-02-09 08:00:00,business
VISIT_07307,SYN_P_0765,LOC_0071,2025-05-26 08:00:00,travel
VISIT_07308,SYN_P_0465,LOC_0006,2024-07-23 22:00:00,residence
VISIT_07309,SYN_P_0785,LOC_0042,2026-02-25 09:00:00,travel
VISIT_07310,SYN_P_0661,LOC_0074,2025-08-12 22:00:00,residence
VISIT_07311,SYN_P_0616,LOC_0027,2024-03-23 00:00:00,residence
VISIT_07312,SYN_P_0645,LOC_0051,2025-07-30 06:00:00,travel
VISIT_07313,SYN_P_0546,LOC_0066,2024-10-26 01:00:00,business
VISIT_07314,SYN_P_0066,LOC_0081,2025-06-02 21:00:00,travel
VISIT_07315,SYN_P_0402,LOC_0010,2026-02-14 20:00:00,business
VISIT_07316,SYN_P_0494,LOC_0015,2025-06-13 15:00:00,residence
VISIT_07317,SYN_P_0542,LOC_0024,2024-03-28 01:00:00,meeting
VISIT_07318,SYN_P_0244,LOC_0023,2024-01-02 13:00:00,meeting
VISIT_07319,SYN_P_0336,LOC_0007,2025-12-04 21:00:00,meeting
VISIT_07320,SYN_P_0133,LOC_0031,2024-05-08 23:00:00,residence
VISIT_07321,SYN_P_0181,LOC_0034,2025-04-08 05:00:00,business
VISIT_07322,SYN_P_0696,LOC_0017,2026-05-22 15:00:00,travel
VISIT_07323,SYN_P_0435,LOC_0042,2025-09-20 01:00:00,delivery
VISIT_07324,SYN_P_0797,LOC_0045,2025-06-17 23:00:00,business
VISIT_07325,SYN_P_0331,LOC_0014,2026-10-18 20:00:00,business
VISIT_07326,SYN_P_0220,LOC_0056,2025-01-02 05:00:00,meeting
VISIT_07327,SYN_P_0438,LOC_0063,2024-01-30 04:00:00,business
VISIT_07328,SYN_P_0947,LOC_0023,2025-11-20 15:00:00,meeting
VISIT_07329,SYN_P_0602,LOC_0080,2025-04-02 09:00:00,travel
VISIT_07330,SYN_P_0278,LOC_0021,2026-08-19 06:00:00,travel
VISIT_07331,SYN_P_0212,LOC_0009,2025-12-08 16:00:00,business
VISIT_07332,SYN_P_0276,LOC_0009,2026-10-08 12:00:00,business
VISIT_07333,SYN_P_0302,LOC_0048,2024-09-16 08:00:00,business
VISIT_07334,SYN_P_0674,LOC_0066,2024-09-21 02:00:00,travel
VISIT_07335,SYN_P_0865,LOC_0056,2026-03-01 02:00:00,meeting
VISIT_07336,SYN_P_0192,LOC_0080,2025-01-13 00:00:00,delivery
VISIT_07337,SYN_P_0601,LOC_0004,2025-05-28 05:00:00,travel
VISIT_07338,SYN_P_0674,LOC_0051,2026-05-27 20:00:00,meeting
VISIT_07339,SYN_P_0196,LOC_0072,2024-02-22 23:00:00,meeting
VISIT_07340,SYN_P_0916,LOC_0070,2024-07-11 20:00:00,meeting
VISIT_07341,SYN_P_1003,LOC_0082,2025-10-08 04:00:00,travel
VISIT_07342,SYN_P_1017,LOC_0024,2025-10-20 23:00:00,travel
VISIT_07343,SYN_P_0663,LOC_0053,2024-07-19 03:00:00,delivery
VISIT_07344,SYN_P_0096,LOC_0073,2025-11-24 03:00:00,travel
VISIT_07345,SYN_P_0275,LOC_0054,2024-07-20 22:00:00,travel
VISIT_07346,SYN_P_0384,LOC_0010,2025-03-21 12:00:00,business
VISIT_07347,SYN_P_0686,LOC_0001,2025-10-23 00:00:00,meeting
VISIT_07348,SYN_P_0372,LOC_0014,2026-03-29 15:00:00,delivery
VISIT_07349,SYN_P_0814,LOC_0054,2024-03-19 01:00:00,delivery
VISIT_07350,SYN_P_0729,LOC_0003,2025-08-25 10:00:00,business
VISIT_07351,SYN_P_0845,LOC_0052,2026-07-24 07:00:00,meeting
VISIT_07352,SYN_P_0168,LOC_0027,2026-02-17 14:00:00,meeting
VISIT_07353,SYN_P_0177,LOC_0036,2026-01-25 04:00:00,delivery
VISIT_07354,SYN_P_0427,LOC_0017,2026-07-24 19:00:00,travel
VISIT_07355,SYN_P_0202,LOC_0054,2024-12-05 15:00:00,residence
VISIT_07356,SYN_P_0714,LOC_0078,2024-04-28 16:00:00,business
VISIT_07357,SYN_P_0565,LOC_0082,2024-12-04 11:00:00,meeting
VISIT_07358,SYN_P_0898,LOC_0049,2026-07-21 19:00:00,travel
VISIT_07359,SYN_P_0951,LOC_0005,2024-03-22 14:00:00,residence
VISIT_07360,SYN_P_0653,LOC_0012,2026-09-23 02:00:00,business
VISIT_07361,SYN_P_0634,LOC_0084,2025-06-01 12:00:00,meeting
VISIT_07362,SYN_P_0068,LOC_0049,2025-11-06 21:00:00,delivery
VISIT_07363,SYN_P_0923,LOC_0054,2024-03-28 11:00:00,travel
VISIT_07364,SYN_P_0533,LOC_0024,2024-11-01 00:00:00,meeting
VISIT_07365,SYN_P_0678,LOC_0048,2025-01-22 17:00:00,meeting
VISIT_07366,SYN_P_0224,LOC_0006,2025-10-10 23:00:00,delivery
VISIT_07367,SYN_P_0372,LOC_0040,2026-04-08 01:00:00,business
VISIT_07368,SYN_P_0958,LOC_0042,2024-03-31 15:00:00,delivery
VISIT_07369,SYN_P_0810,LOC_0002,2026-08-04 05:00:00,business
VISIT_07370,SYN_P_0467,LOC_0042,2024-08-08 07:00:00,business
VISIT_07371,SYN_P_1030,LOC_0013,2026-08-07 03:00:00,residence
VISIT_07372,SYN_P_1012,LOC_0031,2024-10-03 05:00:00,delivery
VISIT_07373,SYN_P_0636,LOC_0083,2024-04-09 04:00:00,residence
VISIT_07374,SYN_P_0128,LOC_0083,2026-07-28 07:00:00,travel
VISIT_07375,SYN_P_0570,LOC_0046,2024-02-14 10:00:00,residence
VISIT_07376,SYN_P_0302,LOC_0071,2024-01-24 02:00:00,delivery
VISIT_07377,SYN_P_0276,LOC_0079,2026-10-17 02:00:00,business
VISIT_07378,SYN_P_0996,LOC_0024,2025-01-02 22:00:00,business
VISIT_07379,SYN_P_0637,LOC_0044,2024-10-03 05:00:00,delivery
VISIT_07380,SYN_P_0352,LOC_0077,2026-08-30 10:00:00,travel
VISIT_07381,SYN_P_0813,LOC_0072,2026-01-22 22:00:00,delivery
VISIT_07382,SYN_P_0346,LOC_0058,2024-01-06 16:00:00,travel
VISIT_07383,SYN_P_0608,LOC_0060,2025-02-19 00:00:00,meeting
VISIT_07384,SYN_P_0463,LOC_0035,2026-06-25 23:00:00,travel
VISIT_07385,SYN_P_0704,LOC_0008,2026-03-04 08:00:00,delivery
VISIT_07386,SYN_P_0321,LOC_0067,2025-01-28 22:00:00,delivery
VISIT_07387,SYN_P_0972,LOC_0068,2024-06-27 16:00:00,delivery
VISIT_07388,SYN_P_0894,LOC_0072,2026-07-12 16:00:00,travel
VISIT_07389,SYN_P_0794,LOC_0030,2026-09-19 17:00:00,residence
VISIT_07390,SYN_P_0599,LOC_0024,2024-10-24 07:00:00,business
VISIT_07391,SYN_P_1021,LOC_0024,2026-04-07 18:00:00,travel
VISIT_07392,SYN_P_0765,LOC_0011,2026-04-26 00:00:00,residence
VISIT_07393,SYN_P_0376,LOC_0043,2026-10-11 12:00:00,meeting
VISIT_07394,SYN_P_0389,LOC_0083,2026-01-17 15:00:00,delivery
VISIT_07395,SYN_P_0965,LOC_0081,2026-02-21 12:00:00,meeting
VISIT_07396,SYN_P_0805,LOC_0043,2024-10-07 21:00:00,delivery
VISIT_07397,SYN_P_0920,LOC_0076,2025-04-23 16:00:00,travel
VISIT_07398,SYN_P_0634,LOC_0057,2025-01-27 06:00:00,business
VISIT_07399,SYN_P_0487,LOC_0026,2026-07-16 11:00:00,meeting
VISIT_07400,SYN_P_0956,LOC_0020,2024-12-21 14:00:00,business
VISIT_07401,SYN_P_0509,LOC_0054,2024-07-22 17:00:00,residence
VISIT_07402,SYN_P_0076,LOC_0013,2026-01-16 03:00:00,residence
VISIT_07403,SYN_P_1029,LOC_0073,2025-09-22 08:00:00,business
VISIT_07404,SYN_P_0805,LOC_0033,2024-01-22 09:00:00,residence
VISIT_07405,SYN_P_0418,LOC_0058,2026-02-19 17:00:00,business
VISIT_07406,SYN_P_0175,LOC_0002,2024-07-16 02:00:00,travel
VISIT_07407,SYN_P_0032,LOC_0002,2026-03-14 08:00:00,residence
VISIT_07408,SYN_P_0827,LOC_0018,2026-09-08 12:00:00,residence
VISIT_07409,SYN_P_0186,LOC_0046,2025-06-14 08:00:00,travel
VISIT_07410,SYN_P_0364,LOC_0079,2026-01-23 13:00:00,residence
VISIT_07411,SYN_P_0104,LOC_0040,2025-06-10 13:00:00,travel
VISIT_07412,SYN_P_0449,LOC_0067,2024-07-06 03:00:00,residence
VISIT_07413,SYN_P_0462,LOC_0021,2024-08-01 10:00:00,travel
VISIT_07414,SYN_P_0238,LOC_0004,2026-05-28 16:00:00,delivery
VISIT_07415,SYN_P_0323,LOC_0027,2026-04-29 02:00:00,delivery
VISIT_07416,SYN_P_0735,LOC_0027,2024-04-10 10:00:00,business
VISIT_07417,SYN_P_0838,LOC_0014,2025-04-11 23:00:00,travel
VISIT_07418,SYN_P_1011,LOC_0070,2025-04-02 18:00:00,meeting
VISIT_07419,SYN_P_0500,LOC_0047,2024-01-29 08:00:00,delivery
VISIT_07420,SYN_P_0142,LOC_0068,2025-05-16 06:00:00,travel
VISIT_07421,SYN_P_0467,LOC_0077,2026-01-25 18:00:00,delivery
VISIT_07422,SYN_P_0213,LOC_0072,2025-02-07 22:00:00,meeting
VISIT_07423,SYN_P_0010,LOC_0025,2026-03-20 02:00:00,travel
VISIT_07424,SYN_P_1023,LOC_0041,2025-04-26 02:00:00,business
VISIT_07425,SYN_P_0247,LOC_0011,2025-02-19 10:00:00,travel
VISIT_07426,SYN_P_0892,LOC_0057,2026-08-19 13:00:00,business
VISIT_07427,SYN_P_0269,LOC_0050,2026-05-20 18:00:00,business
VISIT_07428,SYN_P_0646,LOC_0048,2024-07-11 11:00:00,meeting
VISIT_07429,SYN_P_0371,LOC_0015,2024-04-14 00:00:00,meeting
VISIT_07430,SYN_P_0238,LOC_0046,2025-03-11 04:00:00,meeting
VISIT_07431,SYN_P_0003,LOC_0005,2026-04-08 06:00:00,delivery
VISIT_07432,SYN_P_0518,LOC_0054,2026-10-10 07:00:00,residence
VISIT_07433,SYN_P_0596,LOC_0017,2024-02-16 18:00:00,delivery
VISIT_07434,SYN_P_0013,LOC_0017,2025-09-08 00:00:00,business
VISIT_07435,SYN_P_0997,LOC_0027,2024-11-26 05:00:00,residence
VISIT_07436,SYN_P_0935,LOC_0041,2026-07-21 03:00:00,travel
VISIT_07437,SYN_P_0836,LOC_0048,2026-04-16 14:00:00,residence
VISIT_07438,SYN_P_0429,LOC_0079,2025-12-24 20:00:00,business
VISIT_07439,SYN_P_0634,LOC_0072,2024-01-02 07:00:00,travel
VISIT_07440,SYN_P_0620,LOC_0041,2024-05-01 00:00:00,residence
VISIT_07441,SYN_P_1001,LOC_0079,2025-01-04 07:00:00,meeting
VISIT_07442,SYN_P_0013,LOC_0072,2026-06-05 11:00:00,meeting
VISIT_07443,SYN_P_0724,LOC_0002,2026-02-07 20:00:00,meeting
VISIT_07444,SYN_P_0416,LOC_0007,2024-05-11 13:00:00,travel
VISIT_07445,SYN_P_0631,LOC_0019,2024-09-03 20:00:00,business
VISIT_07446,SYN_P_0965,LOC_0080,2024-01-02 04:00:00,business
VISIT_07447,SYN_P_0732,LOC_0077,2026-02-24 06:00:00,residence
VISIT_07448,SYN_P_0003,LOC_0083,2024-12-30 08:00:00,business
VISIT_07449,SYN_P_0181,LOC_0002,2025-08-31 03:00:00,business
VISIT_07450,SYN_P_0234,LOC_0041,2024-10-21 07:00:00,travel
VISIT_07451,SYN_P_0598,LOC_0010,2024-12-25 17:00:00,travel
VISIT_07452,SYN_P_0783,LOC_0058,2024-10-12 10:00:00,meeting
VISIT_07453,SYN_P_0883,LOC_0056,2025-05-30 20:00:00,delivery
VISIT_07454,SYN_P_0194,LOC_0007,2026-06-01 18:00:00,residence
VISIT_07455,SYN_P_0287,LOC_0039,2026-04-26 12:00:00,delivery
VISIT_07456,SYN_P_0936,LOC_0081,2025-02-20 05:00:00,meeting
VISIT_07457,SYN_P_0700,LOC_0071,2026-03-06 21:00:00,business
VISIT_07458,SYN_P_0944,LOC_0058,2024-09-03 15:00:00,residence
VISIT_07459,SYN_P_0047,LOC_0032,2026-07-18 02:00:00,travel
VISIT_07460,SYN_P_0347,LOC_0063,2025-08-21 23:00:00,travel
VISIT_07461,SYN_P_0806,LOC_0032,2025-05-03 16:00:00,delivery
VISIT_07462,SYN_P_0447,LOC_0047,2025-09-26 18:00:00,residence
VISIT_07463,SYN_P_0638,LOC_0078,2025-03-28 20:00:00,travel
VISIT_07464,SYN_P_0448,LOC_0044,2026-05-09 16:00:00,delivery
VISIT_07465,SYN_P_0988,LOC_0051,2026-04-08 10:00:00,residence
VISIT_07466,SYN_P_0968,LOC_0048,2024-04-06 16:00:00,meeting
VISIT_07467,SYN_P_0159,LOC_0033,2025-02-14 05:00:00,meeting
VISIT_07468,SYN_P_0018,LOC_0032,2026-03-28 19:00:00,meeting
VISIT_07469,SYN_P_0687,LOC_0042,2025-09-15 06:00:00,travel
VISIT_07470,SYN_P_0561,LOC_0040,2025-05-02 00:00:00,delivery
VISIT_07471,SYN_P_0405,LOC_0065,2025-09-14 01:00:00,meeting
VISIT_07472,SYN_P_0408,LOC_0034,2025-05-02 21:00:00,meeting
VISIT_07473,SYN_P_0054,LOC_0049,2025-09-24 15:00:00,business
VISIT_07474,SYN_P_0820,LOC_0014,2025-02-26 23:00:00,meeting
VISIT_07475,SYN_P_0769,LOC_0044,2025-11-28 22:00:00,residence
VISIT_07476,SYN_P_0558,LOC_0020,2024-12-29 11:00:00,delivery
VISIT_07477,SYN_P_0634,LOC_0041,2024-06-30 04:00:00,residence
VISIT_07478,SYN_P_0563,LOC_0048,2024-03-02 16:00:00,meeting
VISIT_07479,SYN_P_0650,LOC_0034,2025-09-20 04:00:00,business
VISIT_07480,SYN_P_0587,LOC_0015,2025-06-21 06:00:00,meeting
VISIT_07481,SYN_P_0505,LOC_0030,2025-09-21 04:00:00,meeting
VISIT_07482,SYN_P_0635,LOC_0021,2025-07-26 14:00:00,delivery
VISIT_07483,SYN_P_0962,LOC_0005,2024-02-16 16:00:00,travel
VISIT_07484,SYN_P_0638,LOC_0074,2026-02-22 17:00:00,meeting
VISIT_07485,SYN_P_0760,LOC_0009,2024-09-21 16:00:00,meeting
VISIT_07486,SYN_P_0078,LOC_0072,2026-07-09 23:00:00,business
VISIT_07487,SYN_P_0016,LOC_0026,2026-07-01 17:00:00,meeting
VISIT_07488,SYN_P_0138,LOC_0011,2025-09-19 21:00:00,business
VISIT_07489,SYN_P_0260,LOC_0038,2025-12-28 05:00:00,residence
VISIT_07490,SYN_P_0439,LOC_0034,2025-10-04 19:00:00,travel
VISIT_07491,SYN_P_0130,LOC_0043,2026-04-20 22:00:00,business
VISIT_07492,SYN_P_0962,LOC_0014,2026-06-19 08:00:00,meeting
VISIT_07493,SYN_P_0636,LOC_0049,2026-10-20 18:00:00,meeting
VISIT_07494,SYN_P_0486,LOC_0079,2024-09-04 03:00:00,travel
VISIT_07495,SYN_P_0033,LOC_0028,2025-10-17 17:00:00,residence
VISIT_07496,SYN_P_0668,LOC_0046,2024-12-26 11:00:00,business
VISIT_07497,SYN_P_0354,LOC_0073,2025-12-15 15:00:00,delivery
VISIT_07498,SYN_P_0900,LOC_0034,2025-07-22 19:00:00,residence
VISIT_07499,SYN_P_0329,LOC_0012,2024-04-27 12:00:00,travel
VISIT_07500,SYN_P_0931,LOC_0048,2024-07-30 11:00:00,delivery
VISIT_07501,SYN_P_0355,LOC_0066,2024-05-07 14:00:00,business
VISIT_07502,SYN_P_0924,LOC_0078,2025-10-31 08:00:00,residence
VISIT_07503,SYN_P_0346,LOC_0007,2025-09-24 19:00:00,business
VISIT_07504,SYN_P_0118,LOC_0070,2025-04-22 09:00:00,meeting
VISIT_07505,SYN_P_0538,LOC_0039,2026-02-14 16:00:00,business
VISIT_07506,SYN_P_0073,LOC_0034,2024-12-17 18:00:00,residence
VISIT_07507,SYN_P_0162,LOC_0030,2024-09-05 17:00:00,delivery
VISIT_07508,SYN_P_0772,LOC_0062,2026-09-29 18:00:00,travel
VISIT_07509,SYN_P_0129,LOC_0014,2025-09-07 04:00:00,meeting
VISIT_07510,SYN_P_0749,LOC_0031,2026-04-25 10:00:00,business
VISIT_07511,SYN_P_0357,LOC_0049,2026-06-15 06:00:00,residence
VISIT_07512,SYN_P_0905,LOC_0030,2024-08-13 08:00:00,meeting
VISIT_07513,SYN_P_0181,LOC_0061,2025-11-24 11:00:00,travel
VISIT_07514,SYN_P_0918,LOC_0055,2025-08-03 11:00:00,residence
VISIT_07515,SYN_P_0785,LOC_0013,2024-05-05 09:00:00,residence
VISIT_07516,SYN_P_0419,LOC_0036,2025-12-21 06:00:00,travel
VISIT_07517,SYN_P_0347,LOC_0029,2024-02-24 13:00:00,delivery
VISIT_07518,SYN_P_0887,LOC_0008,2024-04-16 10:00:00,meeting
VISIT_07519,SYN_P_0374,LOC_0072,2024-02-23 21:00:00,residence
VISIT_07520,SYN_P_0501,LOC_0044,2026-09-29 09:00:00,business
VISIT_07521,SYN_P_0639,LOC_0016,2026-09-26 22:00:00,residence
VISIT_07522,SYN_P_0327,LOC_0018,2024-07-01 14:00:00,delivery
VISIT_07523,SYN_P_0160,LOC_0033,2024-08-08 06:00:00,travel
VISIT_07524,SYN_P_0702,LOC_0083,2026-08-29 21:00:00,business
VISIT_07525,SYN_P_0028,LOC_0064,2025-10-24 21:00:00,business
VISIT_07526,SYN_P_0759,LOC_0066,2024-09-18 01:00:00,business
VISIT_07527,SYN_P_0710,LOC_0080,2025-08-10 21:00:00,travel
VISIT_07528,SYN_P_0119,LOC_0050,2026-06-24 12:00:00,delivery
VISIT_07529,SYN_P_1026,LOC_0072,2025-04-30 17:00:00,delivery
VISIT_07530,SYN_P_0679,LOC_0037,2026-10-14 02:00:00,business
VISIT_07531,SYN_P_0170,LOC_0036,2026-01-29 07:00:00,delivery
VISIT_07532,SYN_P_0738,LOC_0003,2025-07-26 06:00:00,delivery
VISIT_07533,SYN_P_0944,LOC_0008,2024-06-12 06:00:00,delivery
VISIT_07534,SYN_P_1036,LOC_0004,2026-05-27 22:00:00,travel
VISIT_07535,SYN_P_0850,LOC_0049,2025-05-16 19:00:00,delivery
VISIT_07536,SYN_P_0242,LOC_0041,2026-02-20 20:00:00,travel
VISIT_07537,SYN_P_0668,LOC_0055,2026-09-07 23:00:00,meeting
VISIT_07538,SYN_P_0034,LOC_0027,2024-10-28 06:00:00,business
VISIT_07539,SYN_P_0847,LOC_0071,2026-09-11 10:00:00,delivery
VISIT_07540,SYN_P_0388,LOC_0035,2024-10-17 21:00:00,delivery
VISIT_07541,SYN_P_0289,LOC_0012,2024-02-16 01:00:00,business
VISIT_07542,SYN_P_0988,LOC_0082,2024-06-20 00:00:00,business
VISIT_07543,SYN_P_0518,LOC_0043,2025-11-19 12:00:00,business
VISIT_07544,SYN_P_0394,LOC_0040,2024-10-07 06:00:00,business
VISIT_07545,SYN_P_0509,LOC_0048,2024-09-11 15:00:00,delivery
VISIT_07546,SYN_P_0418,LOC_0049,2025-07-26 02:00:00,meeting
VISIT_07547,SYN_P_0640,LOC_0072,2024-09-15 05:00:00,meeting
VISIT_07548,SYN_P_0895,LOC_0027,2026-06-28 21:00:00,residence
VISIT_07549,SYN_P_0515,LOC_0070,2025-10-28 15:00:00,travel
VISIT_07550,SYN_P_0834,LOC_0070,2025-01-23 13:00:00,business
VISIT_07551,SYN_P_0895,LOC_0042,2026-03-07 21:00:00,meeting
VISIT_07552,SYN_P_0036,LOC_0058,2026-02-01 06:00:00,business
VISIT_07553,SYN_P_0600,LOC_0007,2026-10-20 08:00:00,residence
VISIT_07554,SYN_P_0898,LOC_0052,2025-12-16 08:00:00,delivery
VISIT_07555,SYN_P_0934,LOC_0028,2024-11-08 06:00:00,delivery
VISIT_07556,SYN_P_0171,LOC_0079,2026-10-14 14:00:00,meeting
VISIT_07557,SYN_P_0392,LOC_0081,2024-04-09 07:00:00,residence
VISIT_07558,SYN_P_0682,LOC_0061,2024-07-26 18:00:00,meeting
VISIT_07559,SYN_P_0018,LOC_0022,2024-11-06 08:00:00,residence
VISIT_07560,SYN_P_0851,LOC_0066,2024-01-06 21:00:00,business
VISIT_07561,SYN_P_0053,LOC_0040,2024-05-21 09:00:00,travel
VISIT_07562,SYN_P_0522,LOC_0024,2024-09-08 16:00:00,business
VISIT_07563,SYN_P_0630,LOC_0031,2024-08-05 15:00:00,delivery
VISIT_07564,SYN_P_0860,LOC_0015,2024-05-10 08:00:00,travel
VISIT_07565,SYN_P_0276,LOC_0077,2025-12-07 16:00:00,business
VISIT_07566,SYN_P_0344,LOC_0042,2026-08-19 09:00:00,delivery
VISIT_07567,SYN_P_0729,LOC_0039,2026-02-03 22:00:00,meeting
VISIT_07568,SYN_P_0946,LOC_0072,2026-08-13 19:00:00,travel
VISIT_07569,SYN_P_0321,LOC_0070,2026-07-26 03:00:00,travel
VISIT_07570,SYN_P_0395,LOC_0074,2024-09-26 11:00:00,business
VISIT_07571,SYN_P_0378,LOC_0064,2024-11-19 15:00:00,delivery
VISIT_07572,SYN_P_0446,LOC_0067,2024-06-30 20:00:00,residence
VISIT_07573,SYN_P_0139,LOC_0053,2025-09-09 05:00:00,residence
VISIT_07574,SYN_P_0042,LOC_0031,2026-09-09 23:00:00,delivery
VISIT_07575,SYN_P_0960,LOC_0040,2026-06-30 21:00:00,residence
VISIT_07576,SYN_P_0222,LOC_0054,2025-05-31 11:00:00,travel
VISIT_07577,SYN_P_0753,LOC_0070,2026-01-06 10:00:00,meeting
VISIT_07578,SYN_P_0567,LOC_0075,2026-08-19 11:00:00,residence
VISIT_07579,SYN_P_0268,LOC_0066,2025-08-01 15:00:00,travel
VISIT_07580,SYN_P_1032,LOC_0027,2026-09-11 14:00:00,residence
VISIT_07581,SYN_P_0399,LOC_0008,2025-01-13 01:00:00,travel
VISIT_07582,SYN_P_0849,LOC_0084,2026-02-15 20:00:00,residence
VISIT_07583,SYN_P_0010,LOC_0041,2024-06-26 11:00:00,residence
VISIT_07584,SYN_P_0752,LOC_0057,2026-06-30 02:00:00,delivery
VISIT_07585,SYN_P_0901,LOC_0015,2025-06-27 20:00:00,business
VISIT_07586,SYN_P_0513,LOC_0031,2025-06-29 18:00:00,meeting
VISIT_07587,SYN_P_0663,LOC_0003,2026-03-21 04:00:00,residence
VISIT_07588,SYN_P_0493,LOC_0037,2026-08-09 03:00:00,meeting
VISIT_07589,SYN_P_0206,LOC_0071,2024-12-01 14:00:00,residence
VISIT_07590,SYN_P_0349,LOC_0051,2025-12-06 15:00:00,residence
VISIT_07591,SYN_P_0657,LOC_0007,2024-02-17 09:00:00,business
VISIT_07592,SYN_P_0453,LOC_0047,2026-08-16 20:00:00,meeting
VISIT_07593,SYN_P_0171,LOC_0084,2025-04-17 07:00:00,business
VISIT_07594,SYN_P_0377,LOC_0025,2024-07-07 04:00:00,delivery
VISIT_07595,SYN_P_0741,LOC_0047,2025-11-19 16:00:00,business
VISIT_07596,SYN_P_0277,LOC_0055,2026-05-14 14:00:00,meeting
VISIT_07597,SYN_P_0925,LOC_0074,2024-02-10 22:00:00,residence
VISIT_07598,SYN_P_0713,LOC_0038,2024-05-21 12:00:00,meeting
VISIT_07599,SYN_P_0338,LOC_0036,2026-10-03 23:00:00,residence
VISIT_07600,SYN_P_0205,LOC_0042,2024-12-18 03:00:00,business
VISIT_07601,SYN_P_0460,LOC_0006,2026-09-20 02:00:00,residence
VISIT_07602,SYN_P_0338,LOC_0059,2026-05-23 23:00:00,meeting
VISIT_07603,SYN_P_0498,LOC_0053,2025-01-16 12:00:00,business
VISIT_07604,SYN_P_0451,LOC_0004,2026-10-01 16:00:00,business
VISIT_07605,SYN_P_1003,LOC_0004,2024-10-28 00:00:00,residence
VISIT_07606,SYN_P_0832,LOC_0052,2026-08-21 11:00:00,residence
VISIT_07607,SYN_P_0376,LOC_0010,2025-05-31 09:00:00,delivery
VISIT_07608,SYN_P_0335,LOC_0020,2025-09-30 06:00:00,business
VISIT_07609,SYN_P_0053,LOC_0007,2025-03-11 20:00:00,business
VISIT_07610,SYN_P_0896,LOC_0067,2024-02-18 23:00:00,meeting
VISIT_07611,SYN_P_0592,LOC_0072,2026-07-10 03:00:00,residence
VISIT_07612,SYN_P_0593,LOC_0042,2025-04-03 05:00:00,business
VISIT_07613,SYN_P_0480,LOC_0030,2024-03-18 04:00:00,meeting
VISIT_07614,SYN_P_0508,LOC_0052,2026-05-08 05:00:00,residence
VISIT_07615,SYN_P_0617,LOC_0059,2024-01-27 00:00:00,business
VISIT_07616,SYN_P_0842,LOC_0017,2024-04-27 07:00:00,residence
VISIT_07617,SYN_P_0185,LOC_0073,2024-09-25 07:00:00,meeting
VISIT_07618,SYN_P_0678,LOC_0073,2025-09-14 17:00:00,meeting
VISIT_07619,SYN_P_0633,LOC_0080,2025-01-10 09:00:00,meeting
VISIT_07620,SYN_P_0201,LOC_0069,2025-10-03 12:00:00,meeting
VISIT_07621,SYN_P_0732,LOC_0016,2024-05-17 03:00:00,travel
VISIT_07622,SYN_P_0955,LOC_0070,2026-10-15 11:00:00,travel
VISIT_07623,SYN_P_0444,LOC_0054,2025-06-21 00:00:00,meeting
VISIT_07624,SYN_P_1033,LOC_0023,2026-02-16 23:00:00,travel
VISIT_07625,SYN_P_0962,LOC_0023,2026-01-12 00:00:00,meeting
VISIT_07626,SYN_P_0346,LOC_0033,2026-06-18 18:00:00,travel
VISIT_07627,SYN_P_0110,LOC_0011,2026-03-28 03:00:00,residence
VISIT_07628,SYN_P_0834,LOC_0036,2026-03-03 17:00:00,travel
VISIT_07629,SYN_P_0427,LOC_0083,2025-05-08 10:00:00,business
VISIT_07630,SYN_P_0741,LOC_0015,2024-01-23 15:00:00,delivery
VISIT_07631,SYN_P_0509,LOC_0045,2026-05-08 08:00:00,delivery
VISIT_07632,SYN_P_0968,LOC_0073,2026-03-11 05:00:00,meeting
VISIT_07633,SYN_P_0779,LOC_0012,2024-01-08 19:00:00,residence
VISIT_07634,SYN_P_0024,LOC_0010,2025-10-03 15:00:00,business
VISIT_07635,SYN_P_0614,LOC_0019,2025-12-20 16:00:00,business
VISIT_07636,SYN_P_0422,LOC_0038,2025-05-27 21:00:00,residence
VISIT_07637,SYN_P_0551,LOC_0063,2024-11-04 23:00:00,meeting
VISIT_07638,SYN_P_0481,LOC_0041,2024-09-04 05:00:00,business
VISIT_07639,SYN_P_0103,LOC_0008,2026-10-29 15:00:00,business
VISIT_07640,SYN_P_0934,LOC_0046,2025-10-25 20:00:00,travel
VISIT_07641,SYN_P_0222,LOC_0077,2024-01-21 04:00:00,meeting
VISIT_07642,SYN_P_0086,LOC_0034,2026-01-18 01:00:00,residence
VISIT_07643,SYN_P_0242,LOC_0068,2025-05-19 03:00:00,meeting
VISIT_07644,SYN_P_0586,LOC_0012,2025-08-16 23:00:00,meeting
VISIT_07645,SYN_P_0756,LOC_0038,2024-03-20 02:00:00,meeting
VISIT_07646,SYN_P_0596,LOC_0037,2025-08-03 11:00:00,meeting
VISIT_07647,SYN_P_0524,LOC_0016,2025-12-31 08:00:00,meeting
VISIT_07648,SYN_P_0755,LOC_0040,2024-05-02 04:00:00,business
VISIT_07649,SYN_P_0520,LOC_0065,2026-08-04 05:00:00,business
VISIT_07650,SYN_P_0385,LOC_0001,2025-05-05 20:00:00,residence
VISIT_07651,SYN_P_0206,LOC_0038,2026-10-05 07:00:00,meeting
VISIT_07652,SYN_P_0513,LOC_0039,2024-09-13 22:00:00,business
VISIT_07653,SYN_P_1004,LOC_0074,2026-04-14 23:00:00,residence
VISIT_07654,SYN_P_0936,LOC_0023,2026-07-28 08:00:00,delivery
VISIT_07655,SYN_P_0982,LOC_0082,2024-12-26 16:00:00,travel
VISIT_07656,SYN_P_0372,LOC_0080,2024-03-21 19:00:00,meeting
VISIT_07657,SYN_P_0379,LOC_0064,2024-12-17 14:00:00,delivery
VISIT_07658,SYN_P_0728,LOC_0053,2026-10-16 02:00:00,travel
VISIT_07659,SYN_P_0450,LOC_0011,2024-04-16 18:00:00,travel
VISIT_07660,SYN_P_0363,LOC_0048,2026-03-05 06:00:00,business
VISIT_07661,SYN_P_0926,LOC_0083,2025-11-25 07:00:00,meeting
VISIT_07662,SYN_P_0880,LOC_0075,2025-04-04 03:00:00,residence
VISIT_07663,SYN_P_0647,LOC_0056,2024-04-28 17:00:00,business
VISIT_07664,SYN_P_0438,LOC_0020,2024-07-14 00:00:00,travel
VISIT_07665,SYN_P_0899,LOC_0052,2024-06-26 06:00:00,residence
VISIT_07666,SYN_P_0999,LOC_0020,2024-03-05 21:00:00,business
VISIT_07667,SYN_P_0596,LOC_0065,2024-07-15 11:00:00,meeting
VISIT_07668,SYN_P_0938,LOC_0006,2025-04-30 11:00:00,business
VISIT_07669,SYN_P_0940,LOC_0041,2025-01-22 09:00:00,business
VISIT_07670,SYN_P_0509,LOC_0048,2025-10-08 10:00:00,business
VISIT_07671,SYN_P_0303,LOC_0045,2026-07-24 14:00:00,travel
VISIT_07672,SYN_P_0038,LOC_0079,2024-02-14 23:00:00,travel
VISIT_07673,SYN_P_0607,LOC_0006,2025-05-25 10:00:00,delivery
VISIT_07674,SYN_P_0820,LOC_0051,2025-02-14 13:00:00,residence
VISIT_07675,SYN_P_0956,LOC_0012,2026-04-03 18:00:00,delivery
VISIT_07676,SYN_P_0954,LOC_0023,2025-07-24 01:00:00,business
VISIT_07677,SYN_P_0246,LOC_0063,2026-07-04 04:00:00,meeting
VISIT_07678,SYN_P_0916,LOC_0037,2024-05-09 14:00:00,delivery
VISIT_07679,SYN_P_0035,LOC_0018,2026-02-11 15:00:00,travel
VISIT_07680,SYN_P_0261,LOC_0010,2025-07-09 13:00:00,meeting
VISIT_07681,SYN_P_0062,LOC_0083,2026-08-11 12:00:00,residence
VISIT_07682,SYN_P_0294,LOC_0032,2026-06-27 08:00:00,meeting
VISIT_07683,SYN_P_0287,LOC_0048,2024-01-29 20:00:00,business
VISIT_07684,SYN_P_0966,LOC_0048,2024-02-28 09:00:00,business
VISIT_07685,SYN_P_0230,LOC_0003,2025-04-26 01:00:00,delivery
VISIT_07686,SYN_P_0661,LOC_0011,2026-10-06 01:00:00,delivery
VISIT_07687,SYN_P_0117,LOC_0019,2024-02-20 11:00:00,delivery
VISIT_07688,SYN_P_0994,LOC_0045,2025-04-18 05:00:00,delivery
VISIT_07689,SYN_P_0989,LOC_0016,2026-06-11 04:00:00,travel
VISIT_07690,SYN_P_0423,LOC_0004,2024-11-01 20:00:00,residence
VISIT_07691,SYN_P_0228,LOC_0042,2024-03-30 04:00:00,travel
VISIT_07692,SYN_P_0255,LOC_0074,2025-06-09 04:00:00,business
VISIT_07693,SYN_P_0727,LOC_0011,2026-04-04 00:00:00,travel
VISIT_07694,SYN_P_0182,LOC_0018,2025-02-12 13:00:00,residence
VISIT_07695,SYN_P_0651,LOC_0024,2025-07-20 02:00:00,residence
VISIT_07696,SYN_P_1036,LOC_0034,2026-10-24 15:00:00,delivery
VISIT_07697,SYN_P_0457,LOC_0077,2025-11-07 16:00:00,travel
VISIT_07698,SYN_P_1019,LOC_0002,2024-07-06 01:00:00,residence
VISIT_07699,SYN_P_0167,LOC_0041,2024-06-09 14:00:00,delivery
VISIT_07700,SYN_P_0328,LOC_0048,2026-01-07 07:00:00,travel
VISIT_07701,SYN_P_0192,LOC_0072,2025-01-02 07:00:00,meeting
VISIT_07702,SYN_P_0939,LOC_0019,2026-09-23 06:00:00,residence
VISIT_07703,SYN_P_0283,LOC_0014,2024-01-28 00:00:00,delivery
VISIT_07704,SYN_P_0322,LOC_0043,2025-03-26 15:00:00,delivery
VISIT_07705,SYN_P_0868,LOC_0037,2025-08-30 12:00:00,delivery
VISIT_07706,SYN_P_0626,LOC_0077,2026-06-08 16:00:00,delivery
VISIT_07707,SYN_P_0087,LOC_0052,2025-03-10 20:00:00,business
VISIT_07708,SYN_P_0285,LOC_0055,2026-01-17 22:00:00,travel
VISIT_07709,SYN_P_0054,LOC_0008,2026-07-29 01:00:00,travel
VISIT_07710,SYN_P_0535,LOC_0039,2026-10-06 19:00:00,business
VISIT_07711,SYN_P_0676,LOC_0042,2025-02-07 10:00:00,residence
VISIT_07712,SYN_P_0737,LOC_0070,2024-08-24 10:00:00,business
VISIT_07713,SYN_P_0667,LOC_0005,2026-07-20 11:00:00,business
VISIT_07714,SYN_P_0136,LOC_0004,2025-07-03 18:00:00,travel
VISIT_07715,SYN_P_0403,LOC_0028,2026-03-30 00:00:00,business
VISIT_07716,SYN_P_0984,LOC_0054,2024-12-29 09:00:00,delivery
VISIT_07717,SYN_P_1034,LOC_0080,2026-04-23 03:00:00,delivery
VISIT_07718,SYN_P_0247,LOC_0058,2024-11-07 22:00:00,business
VISIT_07719,SYN_P_0778,LOC_0082,2026-01-21 10:00:00,delivery
VISIT_07720,SYN_P_0440,LOC_0033,2026-06-26 20:00:00,travel
VISIT_07721,SYN_P_0130,LOC_0058,2025-05-12 20:00:00,meeting
VISIT_07722,SYN_P_0018,LOC_0075,2024-10-21 20:00:00,meeting
VISIT_07723,SYN_P_0367,LOC_0066,2024-11-24 03:00:00,meeting
VISIT_07724,SYN_P_0709,LOC_0008,2026-03-31 17:00:00,business
VISIT_07725,SYN_P_0528,LOC_0041,2026-06-08 04:00:00,travel
VISIT_07726,SYN_P_0104,LOC_0035,2025-06-19 12:00:00,business
VISIT_07727,SYN_P_0619,LOC_0081,2026-06-08 04:00:00,meeting
VISIT_07728,SYN_P_0292,LOC_0017,2024-01-25 18:00:00,meeting
VISIT_07729,SYN_P_0763,LOC_0011,2024-10-08 22:00:00,residence
VISIT_07730,SYN_P_0139,LOC_0049,2024-10-17 18:00:00,delivery
VISIT_07731,SYN_P_0891,LOC_0060,2025-02-06 21:00:00,meeting
VISIT_07732,SYN_P_0199,LOC_0035,2026-10-03 12:00:00,business
VISIT_07733,SYN_P_0817,LOC_0014,2024-09-17 13:00:00,delivery
VISIT_07734,SYN_P_0354,LOC_0005,2025-03-12 14:00:00,delivery
VISIT_07735,SYN_P_0082,LOC_0015,2024-06-26 06:00:00,travel
VISIT_07736,SYN_P_1000,LOC_0075,2025-06-21 15:00:00,travel
VISIT_07737,SYN_P_0038,LOC_0065,2026-06-05 21:00:00,delivery
VISIT_07738,SYN_P_0335,LOC_0015,2024-06-15 20:00:00,meeting
VISIT_07739,SYN_P_0164,LOC_0083,2024-11-04 08:00:00,business
VISIT_07740,SYN_P_0533,LOC_0078,2025-02-18 06:00:00,meeting
VISIT_07741,SYN_P_0328,LOC_0082,2024-10-29 10:00:00,delivery
VISIT_07742,SYN_P_0926,LOC_0011,2024-06-20 13:00:00,travel
VISIT_07743,SYN_P_0485,LOC_0037,2025-10-01 09:00:00,meeting
VISIT_07744,SYN_P_0389,LOC_0074,2024-11-18 11:00:00,travel
VISIT_07745,SYN_P_0370,LOC_0057,2024-12-29 10:00:00,business
VISIT_07746,SYN_P_0661,LOC_0010,2024-05-09 18:00:00,meeting
VISIT_07747,SYN_P_0429,LOC_0005,2024-04-23 10:00:00,residence
VISIT_07748,SYN_P_0793,LOC_0061,2025-04-29 23:00:00,travel
VISIT_07749,SYN_P_0358,LOC_0037,2025-02-16 13:00:00,travel
VISIT_07750,SYN_P_0184,LOC_0062,2024-12-25 22:00:00,residence
VISIT_07751,SYN_P_0419,LOC_0011,2025-05-22 03:00:00,delivery
VISIT_07752,SYN_P_0462,LOC_0060,2026-09-25 05:00:00,business
VISIT_07753,SYN_P_0063,LOC_0049,2024-06-10 01:00:00,delivery
VISIT_07754,SYN_P_0235,LOC_0084,2024-09-23 15:00:00,business
VISIT_07755,SYN_P_0992,LOC_0058,2024-01-14 11:00:00,meeting
VISIT_07756,SYN_P_0117,LOC_0075,2024-07-23 18:00:00,meeting
VISIT_07757,SYN_P_0707,LOC_0061,2025-11-15 16:00:00,travel
VISIT_07758,SYN_P_0977,LOC_0068,2025-12-05 10:00:00,business
VISIT_07759,SYN_P_0640,LOC_0010,2025-12-28 19:00:00,delivery
VISIT_07760,SYN_P_0582,LOC_0012,2024-08-06 16:00:00,meeting
VISIT_07761,SYN_P_0871,LOC_0080,2026-06-05 17:00:00,residence
VISIT_07762,SYN_P_0537,LOC_0023,2025-07-20 20:00:00,meeting
VISIT_07763,SYN_P_0782,LOC_0001,2026-03-29 11:00:00,business
VISIT_07764,SYN_P_0726,LOC_0016,2026-03-30 15:00:00,meeting
VISIT_07765,SYN_P_0913,LOC_0046,2026-04-10 21:00:00,delivery
VISIT_07766,SYN_P_0313,LOC_0081,2026-03-02 04:00:00,residence
VISIT_07767,SYN_P_0149,LOC_0064,2026-04-20 05:00:00,residence
VISIT_07768,SYN_P_0708,LOC_0015,2026-10-03 05:00:00,business
VISIT_07769,SYN_P_0867,LOC_0022,2026-04-03 09:00:00,travel
VISIT_07770,SYN_P_0920,LOC_0082,2025-06-04 17:00:00,business
VISIT_07771,SYN_P_0601,LOC_0050,2024-06-14 22:00:00,meeting
VISIT_07772,SYN_P_0085,LOC_0067,2025-01-06 18:00:00,residence
VISIT_07773,SYN_P_0563,LOC_0016,2024-04-21 21:00:00,residence
VISIT_07774,SYN_P_0344,LOC_0046,2024-09-16 00:00:00,delivery
VISIT_07775,SYN_P_0839,LOC_0053,2024-01-05 00:00:00,meeting
VISIT_07776,SYN_P_0302,LOC_0037,2025-12-19 04:00:00,business
VISIT_07777,SYN_P_0372,LOC_0064,2024-04-17 22:00:00,residence
VISIT_07778,SYN_P_0211,LOC_0053,2024-11-10 22:00:00,delivery
VISIT_07779,SYN_P_0264,LOC_0034,2025-01-07 18:00:00,travel
VISIT_07780,SYN_P_1014,LOC_0015,2024-12-16 19:00:00,business
VISIT_07781,SYN_P_0387,LOC_0055,2024-08-15 10:00:00,travel
VISIT_07782,SYN_P_0063,LOC_0012,2026-02-19 09:00:00,business
VISIT_07783,SYN_P_0577,LOC_0071,2025-07-11 20:00:00,meeting
VISIT_07784,SYN_P_0503,LOC_0044,2024-12-20 08:00:00,meeting
VISIT_07785,SYN_P_1029,LOC_0054,2024-02-04 16:00:00,meeting
VISIT_07786,SYN_P_0125,LOC_0024,2025-12-14 21:00:00,business
VISIT_07787,SYN_P_0547,LOC_0072,2025-07-19 17:00:00,meeting
VISIT_07788,SYN_P_0457,LOC_0064,2026-04-24 04:00:00,delivery
VISIT_07789,SYN_P_0096,LOC_0057,2025-06-18 20:00:00,delivery
VISIT_07790,SYN_P_0642,LOC_0022,2025-03-17 16:00:00,residence
VISIT_07791,SYN_P_0968,LOC_0038,2026-10-12 07:00:00,meeting
VISIT_07792,SYN_P_0808,LOC_0029,2024-03-14 07:00:00,meeting
VISIT_07793,SYN_P_0505,LOC_0054,2026-04-01 21:00:00,residence
VISIT_07794,SYN_P_0664,LOC_0033,2025-07-25 10:00:00,meeting
VISIT_07795,SYN_P_0039,LOC_0059,2026-02-26 10:00:00,residence
VISIT_07796,SYN_P_0459,LOC_0068,2026-07-08 23:00:00,business
VISIT_07797,SYN_P_0526,LOC_0008,2026-07-27 00:00:00,meeting
VISIT_07798,SYN_P_0195,LOC_0012,2025-07-23 13:00:00,meeting
VISIT_07799,SYN_P_0582,LOC_0025,2024-10-01 18:00:00,meeting
VISIT_07800,SYN_P_0822,LOC_0041,2026-06-11 14:00:00,delivery
VISIT_07801,SYN_P_0947,LOC_0062,2025-03-24 10:00:00,business
VISIT_07802,SYN_P_0245,LOC_0025,2026-06-15 23:00:00,travel
VISIT_07803,SYN_P_0583,LOC_0049,2024-07-22 10:00:00,delivery
VISIT_07804,SYN_P_0109,LOC_0060,2026-10-17 23:00:00,residence
VISIT_07805,SYN_P_0877,LOC_0016,2026-05-03 04:00:00,delivery
VISIT_07806,SYN_P_0900,LOC_0033,2024-12-23 23:00:00,delivery
VISIT_07807,SYN_P_0959,LOC_0035,2026-06-29 19:00:00,business
VISIT_07808,SYN_P_0963,LOC_0018,2025-12-09 10:00:00,meeting
VISIT_07809,SYN_P_0902,LOC_0019,2025-02-24 22:00:00,delivery
VISIT_07810,SYN_P_0840,LOC_0017,2024-08-26 15:00:00,business
VISIT_07811,SYN_P_0726,LOC_0019,2026-02-27 17:00:00,residence
VISIT_07812,SYN_P_0466,LOC_0080,2026-02-28 20:00:00,meeting
VISIT_07813,SYN_P_0222,LOC_0056,2026-08-10 19:00:00,meeting
VISIT_07814,SYN_P_0535,LOC_0060,2025-09-04 19:00:00,residence
VISIT_07815,SYN_P_0565,LOC_0033,2026-08-28 21:00:00,delivery
VISIT_07816,SYN_P_0037,LOC_0073,2026-08-29 06:00:00,business
VISIT_07817,SYN_P_0247,LOC_0025,2026-04-02 04:00:00,residence
VISIT_07818,SYN_P_0944,LOC_0066,2024-02-10 13:00:00,travel
VISIT_07819,SYN_P_0986,LOC_0013,2025-04-03 17:00:00,residence
VISIT_07820,SYN_P_0316,LOC_0061,2024-07-06 18:00:00,business
VISIT_07821,SYN_P_0538,LOC_0012,2026-02-05 21:00:00,travel
VISIT_07822,SYN_P_0581,LOC_0080,2025-09-14 10:00:00,delivery
VISIT_07823,SYN_P_0399,LOC_0044,2025-11-26 14:00:00,meeting
VISIT_07824,SYN_P_1026,LOC_0073,2025-10-07 12:00:00,travel
VISIT_07825,SYN_P_0669,LOC_0066,2024-07-03 06:00:00,business
VISIT_07826,SYN_P_0643,LOC_0048,2026-03-15 16:00:00,travel
VISIT_07827,SYN_P_0113,LOC_0001,2024-08-21 14:00:00,meeting
VISIT_07828,SYN_P_0989,LOC_0012,2026-04-11 03:00:00,residence
VISIT_07829,SYN_P_0545,LOC_0007,2025-05-23 21:00:00,travel
VISIT_07830,SYN_P_0494,LOC_0076,2026-10-13 23:00:00,delivery
VISIT_07831,SYN_P_0881,LOC_0016,2025-03-03 01:00:00,business
VISIT_07832,SYN_P_0918,LOC_0066,2026-01-18 20:00:00,meeting
VISIT_07833,SYN_P_0800,LOC_0056,2026-05-12 19:00:00,travel
VISIT_07834,SYN_P_0791,LOC_0043,2026-11-05 05:00:00,business
VISIT_07835,SYN_P_0933,LOC_0007,2025-12-23 20:00:00,delivery
VISIT_07836,SYN_P_0167,LOC_0042,2026-05-20 18:00:00,travel
VISIT_07837,SYN_P_0353,LOC_0069,2025-10-12 07:00:00,travel
VISIT_07838,SYN_P_0382,LOC_0022,2025-02-02 21:00:00,delivery
VISIT_07839,SYN_P_0186,LOC_0030,2024-06-05 07:00:00,residence
VISIT_07840,SYN_P_0939,LOC_0030,2025-09-09 04:00:00,delivery
VISIT_07841,SYN_P_0067,LOC_0004,2024-12-26 11:00:00,residence
VISIT_07842,SYN_P_0107,LOC_0077,2025-07-17 08:00:00,business
VISIT_07843,SYN_P_0982,LOC_0070,2024-09-02 05:00:00,travel
VISIT_07844,SYN_P_0751,LOC_0055,2026-10-12 01:00:00,meeting
VISIT_07845,SYN_P_0579,LOC_0073,2024-07-09 13:00:00,business
VISIT_07846,SYN_P_0040,LOC_0025,2025-11-01 17:00:00,delivery
VISIT_07847,SYN_P_0019,LOC_0030,2026-03-18 08:00:00,delivery
VISIT_07848,SYN_P_1010,LOC_0066,2024-12-21 00:00:00,meeting
VISIT_07849,SYN_P_0707,LOC_0030,2025-08-30 00:00:00,delivery
VISIT_07850,SYN_P_0643,LOC_0082,2025-01-20 03:00:00,business
VISIT_07851,SYN_P_0578,LOC_0076,2026-02-16 17:00:00,meeting
VISIT_07852,SYN_P_0817,LOC_0026,2026-04-18 19:00:00,meeting
VISIT_07853,SYN_P_0277,LOC_0003,2025-02-07 14:00:00,residence
VISIT_07854,SYN_P_0461,LOC_0020,2024-04-17 04:00:00,delivery
VISIT_07855,SYN_P_0255,LOC_0044,2024-07-15 20:00:00,travel
VISIT_07856,SYN_P_0602,LOC_0020,2024-02-20 16:00:00,delivery
VISIT_07857,SYN_P_0486,LOC_0008,2024-07-01 04:00:00,meeting
VISIT_07858,SYN_P_0709,LOC_0072,2025-12-04 04:00:00,residence
VISIT_07859,SYN_P_0053,LOC_0030,2025-01-07 10:00:00,residence
VISIT_07860,SYN_P_0832,LOC_0072,2025-06-07 03:00:00,business
VISIT_07861,SYN_P_0788,LOC_0049,2025-09-23 17:00:00,residence
VISIT_07862,SYN_P_0434,LOC_0004,2025-08-23 04:00:00,business
VISIT_07863,SYN_P_0892,LOC_0004,2024-05-21 16:00:00,travel
VISIT_07864,SYN_P_0888,LOC_0017,2025-05-29 07:00:00,delivery
VISIT_07865,SYN_P_0385,LOC_0017,2026-04-10 18:00:00,business
VISIT_07866,SYN_P_0905,LOC_0002,2025-04-07 17:00:00,business
VISIT_07867,SYN_P_0442,LOC_0025,2025-11-22 19:00:00,business
VISIT_07868,SYN_P_0312,LOC_0037,2026-03-23 18:00:00,residence
VISIT_07869,SYN_P_0379,LOC_0032,2024-07-14 16:00:00,residence
VISIT_07870,SYN_P_0998,LOC_0072,2024-11-06 05:00:00,business
VISIT_07871,SYN_P_0174,LOC_0002,2026-07-18 11:00:00,business
VISIT_07872,SYN_P_0244,LOC_0036,2025-12-24 05:00:00,meeting
VISIT_07873,SYN_P_0476,LOC_0041,2024-01-29 07:00:00,business
VISIT_07874,SYN_P_0056,LOC_0082,2026-09-04 12:00:00,business
VISIT_07875,SYN_P_0754,LOC_0071,2026-01-12 00:00:00,travel
VISIT_07876,SYN_P_0245,LOC_0078,2025-07-01 15:00:00,residence
VISIT_07877,SYN_P_0813,LOC_0071,2024-11-02 13:00:00,meeting
VISIT_07878,SYN_P_0797,LOC_0069,2026-08-28 11:00:00,business
VISIT_07879,SYN_P_0172,LOC_0030,2024-12-30 23:00:00,meeting
VISIT_07880,SYN_P_0124,LOC_0080,2024-07-17 16:00:00,residence
VISIT_07881,SYN_P_0231,LOC_0072,2025-03-15 22:00:00,delivery
VISIT_07882,SYN_P_0012,LOC_0031,2026-01-13 02:00:00,meeting
VISIT_07883,SYN_P_0221,LOC_0073,2024-06-14 01:00:00,business
VISIT_07884,SYN_P_0080,LOC_0045,2024-01-29 20:00:00,meeting
VISIT_07885,SYN_P_0590,LOC_0038,2026-04-06 22:00:00,travel
VISIT_07886,SYN_P_0934,LOC_0077,2026-06-06 16:00:00,business
VISIT_07887,SYN_P_0442,LOC_0045,2024-01-18 01:00:00,travel
VISIT_07888,SYN_P_0985,LOC_0021,2025-08-02 16:00:00,residence
VISIT_07889,SYN_P_1022,LOC_0016,2026-07-06 20:00:00,business
VISIT_07890,SYN_P_0063,LOC_0048,2024-02-14 02:00:00,business
VISIT_07891,SYN_P_0591,LOC_0017,2024-05-04 19:00:00,business
VISIT_07892,SYN_P_0379,LOC_0042,2025-02-28 23:00:00,travel
VISIT_07893,SYN_P_0627,LOC_0080,2024-12-23 15:00:00,travel
VISIT_07894,SYN_P_0993,LOC_0027,2025-01-13 01:00:00,delivery
VISIT_07895,SYN_P_0864,LOC_0003,2024-05-14 07:00:00,travel
VISIT_07896,SYN_P_0043,LOC_0051,2024-11-15 19:00:00,travel
VISIT_07897,SYN_P_0194,LOC_0008,2025-12-02 03:00:00,business
VISIT_07898,SYN_P_0431,LOC_0011,2024-07-03 12:00:00,residence
VISIT_07899,SYN_P_0828,LOC_0046,2025-03-25 03:00:00,meeting
VISIT_07900,SYN_P_0525,LOC_0021,2024-06-16 06:00:00,travel
VISIT_07901,SYN_P_1022,LOC_0069,2025-07-30 20:00:00,meeting
VISIT_07902,SYN_P_0874,LOC_0009,2024-02-11 17:00:00,residence
VISIT_07903,SYN_P_0344,LOC_0023,2024-12-25 20:00:00,travel
VISIT_07904,SYN_P_0533,LOC_0013,2024-03-12 00:00:00,travel
VISIT_07905,SYN_P_0367,LOC_0073,2025-04-26 07:00:00,travel
VISIT_07906,SYN_P_0180,LOC_0051,2026-03-16 08:00:00,delivery
VISIT_07907,SYN_P_0063,LOC_0066,2026-03-11 16:00:00,delivery
VISIT_07908,SYN_P_0407,LOC_0010,2024-01-30 18:00:00,travel
VISIT_07909,SYN_P_0882,LOC_0031,2025-08-12 09:00:00,business
VISIT_07910,SYN_P_0408,LOC_0052,2024-11-27 09:00:00,residence
VISIT_07911,SYN_P_0121,LOC_0043,2026-09-14 11:00:00,travel
VISIT_07912,SYN_P_1003,LOC_0011,2024-02-04 17:00:00,residence
VISIT_07913,SYN_P_0472,LOC_0058,2026-01-30 00:00:00,meeting
VISIT_07914,SYN_P_0887,LOC_0069,2024-09-02 19:00:00,meeting
VISIT_07915,SYN_P_0013,LOC_0068,2026-07-18 19:00:00,business
VISIT_07916,SYN_P_0114,LOC_0029,2024-05-01 23:00:00,business
VISIT_07917,SYN_P_0528,LOC_0012,2024-06-28 14:00:00,business
VISIT_07918,SYN_P_0975,LOC_0017,2026-05-20 06:00:00,residence
VISIT_07919,SYN_P_0466,LOC_0045,2025-10-31 02:00:00,travel
VISIT_07920,SYN_P_0311,LOC_0031,2024-11-09 21:00:00,delivery
VISIT_07921,SYN_P_0700,LOC_0020,2026-06-02 02:00:00,delivery
VISIT_07922,SYN_P_0972,LOC_0030,2026-07-28 12:00:00,meeting
VISIT_07923,SYN_P_0767,LOC_0003,2024-11-19 06:00:00,residence
VISIT_07924,SYN_P_0127,LOC_0006,2026-04-04 07:00:00,residence
VISIT_07925,SYN_P_0172,LOC_0064,2024-03-22 19:00:00,residence
VISIT_07926,SYN_P_0936,LOC_0012,2025-05-28 22:00:00,business
VISIT_07927,SYN_P_0199,LOC_0038,2026-06-28 18:00:00,residence
VISIT_07928,SYN_P_0931,LOC_0082,2024-02-05 03:00:00,travel
VISIT_07929,SYN_P_0731,LOC_0018,2026-04-03 04:00:00,delivery
VISIT_07930,SYN_P_1003,LOC_0052,2026-08-27 02:00:00,delivery
VISIT_07931,SYN_P_0263,LOC_0007,2024-02-09 22:00:00,delivery
VISIT_07932,SYN_P_0487,LOC_0051,2024-10-20 07:00:00,business
VISIT_07933,SYN_P_0128,LOC_0022,2026-11-02 06:00:00,business
VISIT_07934,SYN_P_0391,LOC_0014,2026-07-09 23:00:00,travel
VISIT_07935,SYN_P_0817,LOC_0066,2025-10-09 12:00:00,delivery
VISIT_07936,SYN_P_0859,LOC_0041,2024-06-28 18:00:00,residence
VISIT_07937,SYN_P_0345,LOC_0048,2026-05-29 21:00:00,residence
VISIT_07938,SYN_P_0099,LOC_0017,2024-07-08 23:00:00,travel
VISIT_07939,SYN_P_0091,LOC_0073,2024-03-19 19:00:00,travel
VISIT_07940,SYN_P_0909,LOC_0027,2024-05-11 07:00:00,travel
VISIT_07941,SYN_P_0759,LOC_0044,2026-01-06 05:00:00,delivery
VISIT_07942,SYN_P_1032,LOC_0046,2025-12-04 02:00:00,business
VISIT_07943,SYN_P_1026,LOC_0032,2026-06-19 19:00:00,travel
VISIT_07944,SYN_P_0163,LOC_0043,2024-12-05 23:00:00,residence
VISIT_07945,SYN_P_0541,LOC_0080,2026-10-12 01:00:00,travel
VISIT_07946,SYN_P_0698,LOC_0010,2024-06-03 03:00:00,meeting
VISIT_07947,SYN_P_0931,LOC_0031,2026-11-03 17:00:00,meeting
VISIT_07948,SYN_P_0001,LOC_0082,2026-10-05 07:00:00,travel
VISIT_07949,SYN_P_0621,LOC_0004,2024-04-18 08:00:00,travel
VISIT_07950,SYN_P_0268,LOC_0039,2026-09-21 08:00:00,travel
VISIT_07951,SYN_P_0738,LOC_0026,2024-01-30 05:00:00,business
VISIT_07952,SYN_P_0374,LOC_0045,2025-03-05 05:00:00,travel
VISIT_07953,SYN_P_0357,LOC_0048,2026-05-30 09:00:00,delivery
VISIT_07954,SYN_P_0657,LOC_0043,2024-10-07 14:00:00,travel
VISIT_07955,SYN_P_0847,LOC_0080,2026-03-30 01:00:00,business
VISIT_07956,SYN_P_0966,LOC_0029,2024-08-23 16:00:00,delivery
VISIT_07957,SYN_P_0791,LOC_0013,2025-11-16 02:00:00,delivery
VISIT_07958,SYN_P_0457,LOC_0083,2026-09-06 21:00:00,business
VISIT_07959,SYN_P_0392,LOC_0065,2025-01-06 13:00:00,business
VISIT_07960,SYN_P_0266,LOC_0004,2025-12-30 01:00:00,business
VISIT_07961,SYN_P_0203,LOC_0015,2024-02-18 08:00:00,delivery
VISIT_07962,SYN_P_0489,LOC_0048,2024-04-29 00:00:00,travel
VISIT_07963,SYN_P_0328,LOC_0021,2024-02-11 23:00:00,meeting
VISIT_07964,SYN_P_0635,LOC_0003,2024-05-06 12:00:00,residence
VISIT_07965,SYN_P_0119,LOC_0039,2025-04-14 04:00:00,meeting
VISIT_07966,SYN_P_1001,LOC_0027,2024-11-07 14:00:00,delivery
VISIT_07967,SYN_P_0414,LOC_0038,2025-02-01 18:00:00,travel
VISIT_07968,SYN_P_0773,LOC_0081,2025-06-07 05:00:00,business
VISIT_07969,SYN_P_0914,LOC_0015,2024-02-14 02:00:00,residence
VISIT_07970,SYN_P_0785,LOC_0060,2025-03-24 01:00:00,delivery
VISIT_07971,SYN_P_0312,LOC_0016,2024-01-31 23:00:00,delivery
VISIT_07972,SYN_P_0254,LOC_0035,2024-12-05 10:00:00,travel
VISIT_07973,SYN_P_0374,LOC_0052,2025-06-14 11:00:00,business
VISIT_07974,SYN_P_0714,LOC_0077,2025-06-12 05:00:00,business
VISIT_07975,SYN_P_0467,LOC_0007,2026-07-03 11:00:00,delivery
VISIT_07976,SYN_P_0760,LOC_0071,2026-09-04 09:00:00,business
VISIT_07977,SYN_P_0148,LOC_0038,2024-01-27 11:00:00,delivery
VISIT_07978,SYN_P_0704,LOC_0073,2024-02-18 03:00:00,business
VISIT_07979,SYN_P_0603,LOC_0019,2024-02-17 22:00:00,travel
VISIT_07980,SYN_P_0724,LOC_0023,2024-03-31 03:00:00,business
VISIT_07981,SYN_P_0524,LOC_0008,2024-01-22 17:00:00,business
VISIT_07982,SYN_P_0214,LOC_0071,2026-06-26 13:00:00,residence
VISIT_07983,SYN_P_0890,LOC_0023,2026-10-07 17:00:00,delivery
VISIT_07984,SYN_P_0996,LOC_0028,2025-06-26 06:00:00,business
VISIT_07985,SYN_P_0179,LOC_0031,2025-11-28 00:00:00,delivery
VISIT_07986,SYN_P_0218,LOC_0005,2025-09-19 21:00:00,meeting
VISIT_07987,SYN_P_0633,LOC_0059,2025-11-10 02:00:00,meeting
VISIT_07988,SYN_P_0673,LOC_0072,2026-05-17 08:00:00,delivery
VISIT_07989,SYN_P_0218,LOC_0013,2024-03-06 03:00:00,residence
VISIT_07990,SYN_P_0655,LOC_0053,2026-05-07 01:00:00,delivery
VISIT_07991,SYN_P_0823,LOC_0071,2025-03-23 01:00:00,travel
VISIT_07992,SYN_P_0973,LOC_0031,2024-09-08 21:00:00,business
VISIT_07993,SYN_P_0613,LOC_0083,2024-07-10 20:00:00,meeting
VISIT_07994,SYN_P_0326,LOC_0013,2025-05-02 00:00:00,business
VISIT_07995,SYN_P_0129,LOC_0014,2024-01-28 09:00:00,business
VISIT_07996,SYN_P_0017,LOC_0005,2025-07-05 10:00:00,delivery
VISIT_07997,SYN_P_0382,LOC_0003,2024-09-10 04:00:00,residence
VISIT_07998,SYN_P_0006,LOC_0058,2025-12-17 12:00:00,residence
VISIT_07999,SYN_P_0864,LOC_0071,2024-12-23 13:00:00,delivery
VISIT_08000,SYN_P_0881,LOC_0028,2024-03-08 05:00:00,meeting
